instance,n_activities,n_resources,mean_duration,std_duration,total_duration,n_precedence_edges,precedence_density,order_strength,unordered_pair_ratio,critical_path_length,resource_factor,max_resource_pressure,mean_resource_pressure,n_conflict_pairs,conflict_density,resource_lower_bound,heuristic_ub,ub_lb_gap,nodes,y,solved
AD_inst1.rcp,30.0,4.0,6.166666666666667,3.1313823713426556,185.0,80.0,0.1839080459770115,0.496551724137931,0.503448275862069,40.0,0.5,0.5916666666666667,0.5370326976944624,15.0,0.0684931506849315,24.0,49.0,9.0,9603,9.169934957341145,1
AD_inst100001.rcp,30.0,4.0,6.166666666666667,3.1313823713426556,185.0,80.0,0.1839080459770115,0.496551724137931,0.503448275862069,40.0,0.5,1.2803571428571427,1.1771416083916084,87.0,0.3972602739726027,52.0,90.0,38.0,35507,10.47751330218821,0
AD_inst10001.rcp,30.0,2.0,5.633333333333334,2.7505554994501664,169.0,58.0,0.13333333333333333,0.8988505747126436,0.10114942528735638,92.0,0.5,0.2294050343249428,0.21169248371765537,4.0,0.09090909090909087,22.0,99.0,7.0,93,4.543294782270004,1
AD_inst1001.rcp,30.0,4.0,5.133333333333334,2.963481436119049,154.0,24.0,0.05517241379310345,0.09655172413793103,0.903448275862069,33.0,0.5,0.682983682983683,0.6024501813975498,32.0,0.08142493638676845,23.0,51.0,18.0,25667,10.153000358870406,0
AD_inst101001.rcp,30.0,4.0,5.133333333333334,2.963481436119049,154.0,24.0,0.05517241379310345,0.09655172413793103,0.903448275862069,33.0,0.5,1.1945773524720893,1.1375056402146186,173.0,0.4402035623409669,40.0,73.0,33.0,36706,10.510722751549745,0
AD_inst102001.rcp,30.0,4.0,5.633333333333334,2.7505554994501664,169.0,58.0,0.13333333333333333,0.8988505747126436,0.10114942528735638,92.0,0.5,0.5008361204013378,0.4765170184506569,19.0,0.4318181818181816,47.0,138.0,46.0,10378,9.24753981296529,1
AD_inst103001.rcp,30.0,4.0,5.7,2.9793735359411824,171.0,22.0,0.05057471264367816,0.3333333333333333,0.6666666666666667,71.0,0.5,0.6945885841363973,0.621490011306542,128.0,0.4413793103448275,50.0,124.0,53.0,30991,10.341484385646778,0
AD_inst104001.rcp,30.0,4.0,6.166666666666667,3.1313823713426556,185.0,80.0,0.1839080459770115,0.496551724137931,0.503448275862069,40.0,0.5,1.3833333333333333,1.1671502976190478,81.0,0.3698630136986301,56.0,85.0,29.0,46160,10.739890564725489,0
AD_inst105001.rcp,30.0,4.0,5.133333333333334,2.963481436119049,154.0,24.0,0.05517241379310345,0.09655172413793103,0.903448275862069,33.0,0.5,1.3476874003189792,1.1035529462562954,164.0,0.4173027989821883,45.0,73.0,28.0,40228,10.602343407563055,0
AD_inst106001.rcp,30.0,4.0,5.633333333333334,2.7505554994501664,169.0,58.0,0.13333333333333333,0.8988505747126436,0.10114942528735638,92.0,0.5,0.4722826086956522,0.4590918432590428,17.0,0.3863636363636362,44.0,139.0,47.0,7957,8.981932990986873,1
AD_inst107001.rcp,30.0,4.0,5.7,2.9793735359411824,171.0,22.0,0.05057471264367816,0.3333333333333333,0.6666666666666667,71.0,0.5,0.795774647887324,0.6513057733024593,128.0,0.4413793103448275,57.0,122.0,51.0,28128,10.244556351616321,0
AD_inst108001.rcp,30.0,4.0,6.166666666666667,3.1313823713426556,185.0,80.0,0.1839080459770115,0.496551724137931,0.503448275862069,40.0,0.5,1.2583333333333333,1.1743850447797817,91.0,0.4155251141552511,51.0,104.0,53.0,43106,10.671440675897315,0
AD_inst109001.rcp,30.0,4.0,5.133333333333334,2.963481436119049,154.0,24.0,0.05517241379310345,0.09655172413793103,0.903448275862069,33.0,0.5,1.5384615384615385,1.1698148052927464,174.0,0.44274809160305345,51.0,70.0,19.0,40570,10.610808804651954,0
AD_inst110001.rcp,30.0,4.0,5.633333333333334,2.7505554994501664,169.0,58.0,0.13333333333333333,0.8988505747126436,0.10114942528735638,92.0,0.5,0.5108695652173914,0.44537695094760316,22.0,0.4999999999999998,47.0,125.0,33.0,1285,7.1592919047975645,1
AD_inst11001.rcp,30.0,4.0,5.7,2.9793735359411824,171.0,22.0,0.05057471264367816,0.3333333333333333,0.6666666666666667,71.0,0.5,0.3302034428794992,0.3184039807771166,9.0,0.031034482758620682,24.0,79.0,8.0,32,3.4965075614664802,1
AD_inst111001.rcp,30.0,4.0,5.7,2.9793735359411824,171.0,22.0,0.05057471264367816,0.3333333333333333,0.6666666666666667,71.0,0.5,0.6169014084507042,0.5939500640204866,129.0,0.44482758620689644,44.0,132.0,61.0,32781,10.397634863249305,0
AD_inst112001.rcp,30.0,4.0,6.166666666666667,3.1313823713426556,185.0,80.0,0.1839080459770115,0.496551724137931,0.503448275862069,40.0,0.5,1.49625,1.2294310897435896,91.0,0.4155251141552511,60.0,120.0,60.0,48547,10.790308278226252,0
AD_inst113001.rcp,30.0,4.0,5.133333333333334,2.963481436119049,154.0,24.0,0.05517241379310345,0.09655172413793103,0.903448275862069,33.0,0.5,1.2067736185383244,1.1377203406615173,171.0,0.4351145038167939,40.0,69.0,29.0,39426,10.582206139777275,0
AD_inst114001.rcp,30.0,4.0,5.633333333333334,2.7505554994501664,169.0,58.0,0.13333333333333333,0.8988505747126436,0.10114942528735638,92.0,0.5,0.49335748792270534,0.46370569723151245,15.0,0.3409090909090907,46.0,128.0,36.0,11523,9.35218709620442,1
AD_inst115001.rcp,30.0,4.0,5.7,2.9793735359411824,171.0,22.0,0.05057471264367816,0.3333333333333333,0.6666666666666667,71.0,0.5,0.7063921993499458,0.5949390984602252,122.0,0.4206896551724137,51.0,114.0,43.0,32045,10.374927649567825,0
AD_inst116001.rcp,30.0,4.0,6.166666666666667,3.1313823713426556,185.0,80.0,0.1839080459770115,0.496551724137931,0.503448275862069,40.0,0.5,1.315,1.1758997252747252,92.0,0.4200913242009132,53.0,89.0,36.0,47947,10.77787236932699,0
AD_inst117001.rcp,30.0,4.0,5.133333333333334,2.963481436119049,154.0,24.0,0.05517241379310345,0.09655172413793103,0.903448275862069,33.0,0.5,1.6363636363636365,1.3008240297713982,162.0,0.4122137404580153,54.0,93.0,39.0,45692,10.729700392283613,0
AD_inst118001.rcp,30.0,4.0,5.633333333333334,2.7505554994501664,169.0,58.0,0.13333333333333333,0.8988505747126436,0.10114942528735638,92.0,0.5,0.5232919254658385,0.45700051759834365,18.0,0.4090909090909089,49.0,119.0,27.0,8696,9.070733417589766,1
AD_inst119001.rcp,30.0,4.0,5.7,2.9793735359411824,171.0,22.0,0.05057471264367816,0.3333333333333333,0.6666666666666667,71.0,0.5,0.706338028169014,0.636177851422259,127.0,0.43793103448275855,51.0,114.0,43.0,31688,10.363724896491272,0
AD_inst120001.rcp,30.0,4.0,6.166666666666667,3.1313823713426556,185.0,80.0,0.1839080459770115,0.496551724137931,0.503448275862069,40.0,0.5,1.395,1.1766173245614036,87.0,0.3972602739726027,56.0,88.0,32.0,43423,10.678767562634595,0
AD_inst12001.rcp,30.0,4.0,6.166666666666667,3.1313823713426556,185.0,80.0,0.1839080459770115,0.496551724137931,0.503448275862069,40.0,0.5,0.7294117647058823,0.5658756684491979,7.0,0.0319634703196347,30.0,51.0,11.0,34682,10.454004932343432,0
AD_inst121001.rcp,30.0,4.0,5.133333333333334,2.963481436119049,154.0,24.0,0.05517241379310345,0.09655172413793103,0.903448275862069,33.0,0.5,1.3636363636363635,1.1554144385026737,155.0,0.3944020356234097,45.0,75.0,30.0,43248,10.674729390705439,0
AD_inst122001.rcp,30.0,4.0,5.633333333333334,2.7505554994501664,169.0,58.0,0.13333333333333333,0.8988505747126436,0.10114942528735638,92.0,0.5,0.5869565217391305,0.47257420754863216,23.0,0.5227272727272725,54.0,133.0,41.0,60038,11.002749630045734,1
AD_inst123001.rcp,30.0,4.0,5.7,2.9793735359411824,171.0,22.0,0.05057471264367816,0.3333333333333333,0.6666666666666667,71.0,0.5,0.7280606717226435,0.6104956663055254,120.0,0.4137931034482758,52.0,111.0,40.0,31105,10.345156005604505,0
AD_inst124001.rcp,30.0,4.0,6.166666666666667,3.1313823713426556,185.0,80.0,0.1839080459770115,0.496551724137931,0.503448275862069,40.0,0.5,1.1423076923076922,1.0450562075791856,94.0,0.4292237442922374,46.0,77.0,31.0,47400,10.766398604507042,0
AD_inst125001.rcp,30.0,4.0,5.133333333333334,2.963481436119049,154.0,24.0,0.05517241379310345,0.09655172413793103,0.903448275862069,33.0,0.5,1.2525252525252526,1.1533864234398994,167.0,0.42493638676844786,42.0,72.0,30.0,38506,10.558595321930772,0
AD_inst126001.rcp,30.0,4.0,5.633333333333334,2.7505554994501664,169.0,58.0,0.13333333333333333,0.8988505747126436,0.10114942528735638,92.0,0.5,0.5081521739130435,0.46777269260106785,15.0,0.3409090909090907,47.0,121.0,29.0,2462,7.809135398120538,1
AD_inst127001.rcp,30.0,4.0,5.7,2.9793735359411824,171.0,22.0,0.05057471264367816,0.3333333333333333,0.6666666666666667,71.0,0.5,0.6530089628681178,0.6233330050231458,121.0,0.4172413793103448,47.0,111.0,40.0,31014,10.342226237407218,0
AD_inst128001.rcp,30.0,4.0,6.166666666666667,3.1313823713426556,185.0,80.0,0.1839080459770115,0.496551724137931,0.503448275862069,40.0,0.5,1.3875,1.1782858455882352,79.0,0.3607305936073059,56.0,93.0,37.0,42081,10.647375374799257,0
AD_inst129001.rcp,30.0,4.0,5.133333333333334,2.963481436119049,154.0,24.0,0.05517241379310345,0.09655172413793103,0.903448275862069,33.0,0.5,1.3397129186602872,1.187423773337086,164.0,0.4173027989821883,45.0,76.0,31.0,36876,10.515343329459467,0
AD_inst130001.rcp,30.0,4.0,5.633333333333334,2.7505554994501664,169.0,58.0,0.13333333333333333,0.8988505747126436,0.10114942528735638,92.0,0.5,0.5016304347826087,0.44704410082110646,17.0,0.3863636363636362,47.0,127.0,35.0,2228,7.709308333385869,1
AD_inst13001.rcp,30.0,4.0,5.133333333333334,2.963481436119049,154.0,24.0,0.05517241379310345,0.09655172413793103,0.903448275862069,33.0,0.5,0.7785547785547785,0.6066934527460843,20.0,0.05089058524173028,26.0,40.0,7.0,3522,8.167068178341237,1
AD_inst131001.rcp,30.0,4.0,5.7,2.9793735359411824,171.0,22.0,0.05057471264367816,0.3333333333333333,0.6666666666666667,71.0,0.5,0.6349765258215962,0.5800704700537911,137.0,0.47241379310344817,46.0,146.0,75.0,25384,10.141913727381494,0
AD_inst132001.rcp,30.0,4.0,6.166666666666667,3.1313823713426556,185.0,80.0,0.1839080459770115,0.496551724137931,0.503448275862069,40.0,0.5,1.2416666666666667,1.14625,95.0,0.4337899543378995,50.0,89.0,39.0,47270,10.763652278630156,0
AD_inst133001.rcp,30.0,4.0,5.133333333333334,2.963481436119049,154.0,24.0,0.05517241379310345,0.09655172413793103,0.903448275862069,33.0,0.5,1.2549019607843137,1.1695967023172906,155.0,0.3944020356234097,42.0,72.0,30.0,34002,10.434204034999912,0
AD_inst134001.rcp,30.0,4.0,5.633333333333334,2.7505554994501664,169.0,58.0,0.13333333333333333,0.8988505747126436,0.10114942528735638,92.0,0.5,0.5029644268774703,0.4407999835309618,20.0,0.4545454545454543,47.0,141.0,49.0,9989,9.2093398716426,1
AD_inst135001.rcp,30.0,4.0,5.7,2.9793735359411824,171.0,22.0,0.05057471264367816,0.3333333333333333,0.6666666666666667,71.0,0.5,0.7154929577464789,0.6173663777537017,130.0,0.4482758620689654,51.0,125.0,54.0,28775,10.26729698537546,0
AD_inst136001.rcp,30.0,4.0,6.166666666666667,3.1313823713426556,185.0,80.0,0.1839080459770115,0.496551724137931,0.503448275862069,40.0,0.5,1.303125,1.1814630681818181,91.0,0.4155251141552511,53.0,96.0,43.0,43370,10.677546293976553,0
AD_inst137001.rcp,30.0,4.0,5.133333333333334,2.963481436119049,154.0,24.0,0.05517241379310345,0.09655172413793103,0.903448275862069,33.0,0.5,1.2373737373737375,1.171225969670946,174.0,0.44274809160305345,41.0,68.0,27.0,46493,10.747078550992006,0
AD_inst138001.rcp,30.0,4.0,5.633333333333334,2.7505554994501664,169.0,58.0,0.13333333333333333,0.8988505747126436,0.10114942528735638,92.0,0.5,0.5160183066361556,0.4709429824561403,23.0,0.5227272727272725,48.0,159.0,67.0,33137,10.408435939129243,1
AD_inst139001.rcp,30.0,4.0,5.7,2.9793735359411824,171.0,22.0,0.05057471264367816,0.3333333333333333,0.6666666666666667,71.0,0.5,0.6871227364185111,0.6141711379387436,124.0,0.42758620689655163,49.0,107.0,36.0,29981,10.30835248057226,0
AD_inst140001.rcp,30.0,4.0,6.166666666666667,3.1313823713426556,185.0,80.0,0.1839080459770115,0.496551724137931,0.503448275862069,40.0,0.5,1.5403846153846155,1.2245695710539461,90.0,0.410958904109589,62.0,113.0,51.0,43718,10.685538069201806,0
AD_inst14001.rcp,30.0,4.0,5.633333333333334,2.7505554994501664,169.0,58.0,0.13333333333333333,0.8988505747126436,0.10114942528735638,92.0,0.5,0.2625858123569794,0.23561927917620137,0.0,0.0,25.0,92.0,0.0,32,3.4965075614664802,1
AD_inst141001.rcp,30.0,4.0,5.133333333333334,2.963481436119049,154.0,24.0,0.05517241379310345,0.09655172413793103,0.903448275862069,33.0,0.5,1.4166666666666667,1.1947786690433748,167.0,0.42493638676844786,47.0,84.0,37.0,44694,10.707616917521953,0
AD_inst142001.rcp,30.0,4.0,5.633333333333334,2.7505554994501664,169.0,58.0,0.13333333333333333,0.8988505747126436,0.10114942528735638,92.0,0.5,0.5258152173913043,0.4443267796248934,14.0,0.318181818181818,49.0,121.0,29.0,662,6.4967749901858625,1
AD_inst143001.rcp,30.0,4.0,5.7,2.9793735359411824,171.0,22.0,0.05057471264367816,0.3333333333333333,0.6666666666666667,71.0,0.5,0.647887323943662,0.5967576291079812,130.0,0.4482758620689654,46.0,114.0,43.0,33710,10.425579472576013,0
AD_inst144001.rcp,30.0,4.0,6.166666666666667,3.1313823713426556,185.0,80.0,0.1839080459770115,0.496551724137931,0.503448275862069,40.0,0.5,1.4272727272727272,1.1778598484848484,99.0,0.4520547945205479,58.0,99.0,41.0,46972,10.757328247537078,0
AD_inst145001.rcp,30.0,4.0,5.133333333333334,2.963481436119049,154.0,24.0,0.05517241379310345,0.09655172413793103,0.903448275862069,33.0,0.5,1.4261363636363635,1.237847222222222,168.0,0.42748091603053434,48.0,87.0,39.0,45885,10.733915338630107,0
AD_inst146001.rcp,30.0,4.0,5.633333333333334,2.7505554994501664,169.0,58.0,0.13333333333333333,0.8988505747126436,0.10114942528735638,92.0,0.5,0.522883295194508,0.48446637426900585,16.0,0.3636363636363635,49.0,135.0,43.0,1230,7.115582126184454,1
AD_inst147001.rcp,30.0,4.0,5.7,2.9793735359411824,171.0,22.0,0.05057471264367816,0.3333333333333333,0.6666666666666667,71.0,0.5,0.6403033586132177,0.5881340881340882,130.0,0.4482758620689654,46.0,118.0,47.0,31176,10.347435922459987,0
AD_inst148001.rcp,30.0,4.0,6.166666666666667,3.1313823713426556,185.0,80.0,0.1839080459770115,0.496551724137931,0.503448275862069,40.0,0.5,1.2383333333333333,1.1269811698717949,100.0,0.45662100456621,50.0,92.0,42.0,41190,10.625975064872742,0
AD_inst149001.rcp,30.0,4.0,5.133333333333334,2.963481436119049,154.0,24.0,0.05517241379310345,0.09655172413793103,0.903448275862069,33.0,0.5,1.2467532467532467,1.1056802647113653,167.0,0.42493638676844786,42.0,80.0,38.0,35697,10.482849943789454,0
AD_inst150001.rcp,30.0,4.0,5.633333333333334,2.7505554994501664,169.0,58.0,0.13333333333333333,0.8988505747126436,0.10114942528735638,92.0,0.5,0.48478260869565215,0.4542012299771167,17.0,0.3863636363636362,45.0,128.0,36.0,3972,8.287276755814599,1
AD_inst15001.rcp,30.0,4.0,5.7,2.9793735359411824,171.0,22.0,0.05057471264367816,0.3333333333333333,0.6666666666666667,71.0,0.5,0.4107981220657277,0.3323951383741043,9.0,0.031034482758620682,30.0,84.0,13.0,32,3.4965075614664802,1
AD_inst151001.rcp,30.0,4.0,5.7,2.9793735359411824,171.0,22.0,0.05057471264367816,0.3333333333333333,0.6666666666666667,71.0,0.5,0.8036971830985915,0.6501025383067636,117.0,0.4034482758620689,58.0,113.0,42.0,26965,10.20233209219402,0
AD_inst152001.rcp,30.0,4.0,6.166666666666667,3.1313823713426556,185.0,80.0,0.1839080459770115,0.496551724137931,0.503448275862069,40.0,0.5,1.221875,1.161546444235589,81.0,0.3698630136986301,49.0,92.0,43.0,43072,10.67065162967397,0
AD_inst153001.rcp,30.0,4.0,5.133333333333334,2.963481436119049,154.0,24.0,0.05517241379310345,0.09655172413793103,0.903448275862069,33.0,0.5,1.384469696969697,1.2570651366607248,162.0,0.4122137404580153,46.0,75.0,29.0,43532,10.681274550159202,0
AD_inst154001.rcp,30.0,4.0,5.633333333333334,2.7505554994501664,169.0,58.0,0.13333333333333333,0.8988505747126436,0.10114942528735638,92.0,0.5,0.5377237851662404,0.45315830136402385,21.0,0.477272727272727,50.0,128.0,36.0,912,6.816735880594968,1
AD_inst155001.rcp,30.0,4.0,5.7,2.9793735359411824,171.0,22.0,0.05057471264367816,0.3333333333333333,0.6666666666666667,71.0,0.5,0.6985915492957746,0.6145677709984605,131.0,0.4517241379310344,50.0,128.0,57.0,29618,10.296171326279559,0
AD_inst156001.rcp,30.0,4.0,6.166666666666667,3.1313823713426556,185.0,80.0,0.1839080459770115,0.496551724137931,0.503448275862069,40.0,0.5,1.3333333333333333,1.1354947916666667,90.0,0.410958904109589,54.0,92.0,38.0,42070,10.647113946209364,0
AD_inst157001.rcp,30.0,4.0,5.133333333333334,2.963481436119049,154.0,24.0,0.05517241379310345,0.09655172413793103,0.903448275862069,33.0,0.5,1.2258953168044078,1.1255739210284665,168.0,0.42748091603053434,41.0,75.0,34.0,44025,10.692535647473276,0
AD_inst158001.rcp,30.0,4.0,5.633333333333334,2.7505554994501664,169.0,58.0,0.13333333333333333,0.8988505747126436,0.10114942528735638,92.0,0.5,0.4969806763285024,0.46652324879227053,19.0,0.4318181818181816,46.0,129.0,37.0,1606,7.382124365737512,1
AD_inst159001.rcp,30.0,4.0,5.7,2.9793735359411824,171.0,22.0,0.05057471264367816,0.3333333333333333,0.6666666666666667,71.0,0.5,0.677336747759283,0.6194545673418912,108.0,0.3724137931034482,49.0,125.0,54.0,25273,10.137531478318627,0
AD_inst160001.rcp,30.0,4.0,6.166666666666667,3.1313823713426556,185.0,80.0,0.1839080459770115,0.496551724137931,0.503448275862069,40.0,0.5,1.9183333333333332,1.7949890350877193,163.0,0.7442922374429224,77.0,140.0,63.0,51169,10.842908701799137,0
AD_inst16001.rcp,30.0,4.0,6.166666666666667,3.1313823713426556,185.0,80.0,0.1839080459770115,0.496551724137931,0.503448275862069,40.0,0.5,0.6986111111111111,0.5696180555555556,5.0,0.0228310502283105,28.0,46.0,6.0,9700,9.179984251961283,1
AD_inst161001.rcp,30.0,4.0,5.133333333333334,2.963481436119049,154.0,24.0,0.05517241379310345,0.09655172413793103,0.903448275862069,33.0,0.5,1.8703703703703705,1.7804082491582491,275.0,0.6997455470737913,62.0,95.0,33.0,44312,10.69903336670871,0
AD_inst162001.rcp,30.0,4.0,5.633333333333334,2.7505554994501664,169.0,58.0,0.13333333333333333,0.8988505747126436,0.10114942528735638,92.0,0.5,0.7373188405797102,0.6915253225035835,32.0,0.727272727272727,68.0,147.0,55.0,74550,11.21923873391915,0
AD_inst163001.rcp,30.0,4.0,5.7,2.9793735359411824,171.0,22.0,0.05057471264367816,0.3333333333333333,0.6666666666666667,71.0,0.5,0.9122426868905742,0.881072492648197,211.0,0.7275862068965516,65.0,123.0,52.0,38872,10.568055201212758,0
AD_inst164001.rcp,30.0,4.0,6.166666666666667,3.1313823713426556,185.0,80.0,0.1839080459770115,0.496551724137931,0.503448275862069,40.0,0.5,1.825,1.7546463815789473,158.0,0.7214611872146118,73.0,134.0,61.0,60977,11.018268422365821,0
AD_inst165001.rcp,30.0,4.0,5.133333333333334,2.963481436119049,154.0,24.0,0.05517241379310345,0.09655172413793103,0.903448275862069,33.0,0.5,1.7685950413223142,1.641012396694215,281.0,0.7150127226463104,59.0,107.0,48.0,42449,10.656082191739493,0
AD_inst166001.rcp,30.0,4.0,5.633333333333334,2.7505554994501664,169.0,58.0,0.13333333333333333,0.8988505747126436,0.10114942528735638,92.0,0.5,0.8379446640316206,0.7068172995482778,32.0,0.727272727272727,78.0,150.0,58.0,88644,11.39239490833248,0
AD_inst167001.rcp,30.0,4.0,5.7,2.9793735359411824,171.0,22.0,0.05057471264367816,0.3333333333333333,0.6666666666666667,71.0,0.5,1.0010060362173039,0.8925876531116523,218.0,0.7517241379310343,72.0,142.0,70.0,36813,10.513633486592667,0
AD_inst168001.rcp,30.0,4.0,6.166666666666667,3.1313823713426556,185.0,80.0,0.1839080459770115,0.496551724137931,0.503448275862069,40.0,0.5,1.8772727272727272,1.6927385114885114,166.0,0.7579908675799086,76.0,144.0,68.0,59019,10.98563164849693,0
AD_inst169001.rcp,30.0,4.0,5.133333333333334,2.963481436119049,154.0,24.0,0.05517241379310345,0.09655172413793103,0.903448275862069,33.0,0.5,2.1262626262626263,1.7190941368572947,290.0,0.7379134860050891,71.0,119.0,48.0,46862,10.754983730499118,0
AD_inst170001.rcp,30.0,4.0,5.633333333333334,2.7505554994501664,169.0,58.0,0.13333333333333333,0.8988505747126436,0.10114942528735638,92.0,0.5,0.7666666666666667,0.6787643861892583,33.0,0.7499999999999997,71.0,155.0,63.0,86570,11.368720165488835,0
AD_inst17001.rcp,30.0,4.0,5.133333333333334,2.963481436119049,154.0,24.0,0.05517241379310345,0.09655172413793103,0.903448275862069,33.0,0.5,0.7592592592592593,0.5407555407555408,17.0,0.043256997455470736,26.0,44.0,11.0,2778,7.929846429742503,1
AD_inst171001.rcp,30.0,4.0,5.7,2.9793735359411824,171.0,22.0,0.05057471264367816,0.3333333333333333,0.6666666666666667,71.0,0.5,1.0492957746478873,0.904911793996301,221.0,0.7620689655172412,75.0,151.0,76.0,39875,10.593529918142595,0
AD_inst172001.rcp,30.0,4.0,6.166666666666667,3.1313823713426556,185.0,80.0,0.1839080459770115,0.496551724137931,0.503448275862069,40.0,0.5,1.975,1.7978273809523808,172.0,0.7853881278538812,79.0,143.0,64.0,60620,11.012396646681605,0
AD_inst173001.rcp,30.0,4.0,5.133333333333334,2.963481436119049,154.0,24.0,0.05517241379310345,0.09655172413793103,0.903448275862069,33.0,0.5,1.9696969696969697,1.7385215794306703,291.0,0.7404580152671756,65.0,103.0,38.0,53168,10.88123079872325,0
AD_inst174001.rcp,30.0,4.0,5.633333333333334,2.7505554994501664,169.0,58.0,0.13333333333333333,0.8988505747126436,0.10114942528735638,92.0,0.5,0.7355072463768116,0.6795854603062841,28.0,0.636363636363636,68.0,136.0,44.0,42334,10.653369446076377,1
AD_inst175001.rcp,30.0,4.0,5.7,2.9793735359411824,171.0,22.0,0.05057471264367816,0.3333333333333333,0.6666666666666667,71.0,0.5,1.075839653304442,0.9340601300108343,214.0,0.7379310344827584,77.0,146.0,69.0,37678,10.536858189059995,0
AD_inst176001.rcp,30.0,4.0,6.166666666666667,3.1313823713426556,185.0,80.0,0.1839080459770115,0.496551724137931,0.503448275862069,40.0,0.5,1.9453125,1.8332950367647056,164.0,0.7488584474885844,78.0,136.0,58.0,49732,10.814423975648358,0
AD_inst177001.rcp,30.0,4.0,5.133333333333334,2.963481436119049,154.0,24.0,0.05517241379310345,0.09655172413793103,0.903448275862069,33.0,0.5,2.0964187327823693,1.7369146005509644,291.0,0.7404580152671756,70.0,98.0,28.0,52476,10.868130257349865,0
AD_inst178001.rcp,30.0,4.0,5.633333333333334,2.7505554994501664,169.0,58.0,0.13333333333333333,0.8988505747126436,0.10114942528735638,92.0,0.5,0.7025691699604744,0.6694305715317124,36.0,0.8181818181818178,65.0,157.0,65.0,87639,11.380992793709403,0
AD_inst179001.rcp,30.0,4.0,5.7,2.9793735359411824,171.0,22.0,0.05057471264367816,0.3333333333333333,0.6666666666666667,71.0,0.5,1.1519114688128773,0.9036293786108465,206.0,0.7103448275862068,82.0,142.0,60.0,30391,10.321934694867462,0
AD_inst180001.rcp,30.0,4.0,6.166666666666667,3.1313823713426556,185.0,80.0,0.1839080459770115,0.496551724137931,0.503448275862069,40.0,0.5,2.091666666666667,1.7282976827094474,173.0,0.7899543378995434,84.0,129.0,45.0,51589,10.851083134238696,0
AD_inst18001.rcp,30.0,4.0,5.633333333333334,2.7505554994501664,169.0,58.0,0.13333333333333333,0.8988505747126436,0.10114942528735638,92.0,0.5,0.27865612648221344,0.23418697848045675,3.0,0.06818181818181815,26.0,100.0,8.0,212,5.3612921657094255,1
AD_inst181001.rcp,30.0,4.0,5.133333333333334,2.963481436119049,154.0,24.0,0.05517241379310345,0.09655172413793103,0.903448275862069,33.0,0.5,1.9834710743801653,1.7448576675849403,294.0,0.7480916030534351,66.0,100.0,34.0,46098,10.738546536775496,0
AD_inst182001.rcp,30.0,4.0,5.633333333333334,2.7505554994501664,169.0,58.0,0.13333333333333333,0.8988505747126436,0.10114942528735638,92.0,0.5,0.8056265984654731,0.6895859974424552,30.0,0.6818181818181814,75.0,147.0,55.0,74489,11.218420167170322,0
AD_inst183001.rcp,30.0,4.0,5.7,2.9793735359411824,171.0,22.0,0.05057471264367816,0.3333333333333333,0.6666666666666667,71.0,0.5,1.1144366197183098,0.9158450704225352,218.0,0.7517241379310343,80.0,144.0,64.0,35219,10.469369382050196,0
AD_inst184001.rcp,30.0,4.0,6.166666666666667,3.1313823713426556,185.0,80.0,0.1839080459770115,0.496551724137931,0.503448275862069,40.0,0.5,1.9979166666666666,1.7366517857142858,169.0,0.771689497716895,80.0,134.0,54.0,56603,10.943834933072262,0
AD_inst185001.rcp,30.0,4.0,5.133333333333334,2.963481436119049,154.0,24.0,0.05517241379310345,0.09655172413793103,0.903448275862069,33.0,0.5,1.8434343434343434,1.6580322455322454,293.0,0.7455470737913485,61.0,99.0,38.0,45462,10.724654087310103,0
AD_inst186001.rcp,30.0,4.0,5.633333333333334,2.7505554994501664,169.0,58.0,0.13333333333333333,0.8988505747126436,0.10114942528735638,92.0,0.5,0.7898550724637681,0.6761732578380176,35.0,0.7954545454545451,73.0,144.0,52.0,73060,11.199049987635837,0
AD_inst187001.rcp,30.0,4.0,5.7,2.9793735359411824,171.0,22.0,0.05057471264367816,0.3333333333333333,0.6666666666666667,71.0,0.5,1.0674573758339512,0.9045313717663607,226.0,0.7793103448275861,76.0,153.0,77.0,45278,10.720598627827538,0
AD_inst188001.rcp,30.0,4.0,6.166666666666667,3.1313823713426556,185.0,80.0,0.1839080459770115,0.496551724137931,0.503448275862069,40.0,0.5,2.1838235294117645,1.738403799019608,173.0,0.7899543378995434,88.0,142.0,54.0,53752,10.892154758385857,0
AD_inst189001.rcp,30.0,4.0,5.133333333333334,2.963481436119049,154.0,24.0,0.05517241379310345,0.09655172413793103,0.903448275862069,33.0,0.5,2.1363636363636362,1.6854959854959857,295.0,0.7506361323155216,71.0,105.0,34.0,51520,10.849744770527753,0
AD_inst190001.rcp,30.0,4.0,5.633333333333334,2.7505554994501664,169.0,58.0,0.13333333333333333,0.8988505747126436,0.10114942528735638,92.0,0.5,0.7282608695652174,0.6963979241582217,28.0,0.636363636363636,67.0,153.0,61.0,4837,8.484256691169973,1
AD_inst19001.rcp,30.0,4.0,5.7,2.9793735359411824,171.0,22.0,0.05057471264367816,0.3333333333333333,0.6666666666666667,71.0,0.5,0.3905249679897567,0.3394086107554417,11.0,0.03793103448275861,28.0,77.0,6.0,32,3.4965075614664802,1
AD_inst191001.rcp,30.0,4.0,5.7,2.9793735359411824,171.0,22.0,0.05057471264367816,0.3333333333333333,0.6666666666666667,71.0,0.5,0.9756722151088348,0.8994147595017521,216.0,0.7448275862068964,70.0,140.0,69.0,41790,10.640436284325322,0
AD_inst192001.rcp,30.0,4.0,6.166666666666667,3.1313823713426556,185.0,80.0,0.1839080459770115,0.496551724137931,0.503448275862069,40.0,0.5,1.9019230769230768,1.7857002517606233,165.0,0.7534246575342466,77.0,130.0,53.0,49457,10.808879103541283,0
AD_inst193001.rcp,30.0,4.0,5.133333333333334,2.963481436119049,154.0,24.0,0.05517241379310345,0.09655172413793103,0.903448275862069,33.0,0.5,1.9035812672176309,1.6789256198347107,289.0,0.7353689567430025,63.0,100.0,37.0,51837,10.855878750035005,0
AD_inst194001.rcp,30.0,4.0,5.633333333333334,2.7505554994501664,169.0,58.0,0.13333333333333333,0.8988505747126436,0.10114942528735638,92.0,0.5,0.7213438735177866,0.6713103472614342,36.0,0.8181818181818178,67.0,158.0,66.0,86648,11.369620754396259,0
AD_inst195001.rcp,30.0,4.0,5.7,2.9793735359411824,171.0,22.0,0.05057471264367816,0.3333333333333333,0.6666666666666667,71.0,0.5,0.9696071163825055,0.8875811888877122,200.0,0.6896551724137929,69.0,130.0,59.0,34395,10.445695557530787,0
AD_inst196001.rcp,30.0,4.0,6.166666666666667,3.1313823713426556,185.0,80.0,0.1839080459770115,0.496551724137931,0.503448275862069,40.0,0.5,2.0069444444444446,1.7095288147310206,162.0,0.7397260273972602,81.0,148.0,67.0,60278,11.006739063352663,0
AD_inst197001.rcp,30.0,4.0,5.133333333333334,2.963481436119049,154.0,24.0,0.05517241379310345,0.09655172413793103,0.903448275862069,33.0,0.5,1.7692307692307692,1.7315336842848805,279.0,0.7099236641221374,59.0,104.0,45.0,50951,10.838639292051202,0
AD_inst198001.rcp,30.0,4.0,5.633333333333334,2.7505554994501664,169.0,58.0,0.13333333333333333,0.8988505747126436,0.10114942528735638,92.0,0.5,0.836231884057971,0.6807924563359347,34.0,0.7727272727272724,77.0,157.0,65.0,83159,11.328521741971949,0
AD_inst199001.rcp,30.0,4.0,5.7,2.9793735359411824,171.0,22.0,0.05057471264367816,0.3333333333333333,0.6666666666666667,71.0,0.5,1.0026408450704225,0.9499217527386541,222.0,0.7655172413793102,72.0,142.0,70.0,36073,10.493327663230145,0
AD_inst200001.rcp,30.0,4.0,6.166666666666667,3.1313823713426556,185.0,80.0,0.1839080459770115,0.496551724137931,0.503448275862069,40.0,0.5,2.015625,1.6904258578431373,170.0,0.776255707762557,81.0,135.0,54.0,52026,10.859518093579142,0
AD_inst20001.rcp,30.0,4.0,6.166666666666667,3.1313823713426556,185.0,80.0,0.1839080459770115,0.496551724137931,0.503448275862069,40.0,0.5,0.6552631578947369,0.5799616228070176,8.0,0.0365296803652968,27.0,49.0,9.0,3843,8.254268770090183,1
AD_inst2001.rcp,30.0,3.0,5.633333333333334,2.7505554994501664,169.0,58.0,0.13333333333333333,0.8988505747126436,0.10114942528735638,92.0,0.5,0.2940821256038647,0.2380636070853462,2.0,0.045454545454545435,28.0,102.0,10.0,157,5.062595033026967,1
AD_inst201001.rcp,30.0,4.0,5.133333333333334,2.963481436119049,154.0,24.0,0.05517241379310345,0.09655172413793103,0.903448275862069,33.0,0.5,2.1645021645021645,1.7776390276390277,300.0,0.7633587786259542,72.0,107.0,35.0,57338,10.956736299452707,0
AD_inst202001.rcp,30.0,4.0,5.633333333333334,2.7505554994501664,169.0,58.0,0.13333333333333333,0.8988505747126436,0.10114942528735638,92.0,0.5,0.7494279176201373,0.6918318523581681,33.0,0.7499999999999997,69.0,153.0,61.0,88545,11.391277469971598,0
AD_inst203001.rcp,30.0,4.0,5.7,2.9793735359411824,171.0,22.0,0.05057471264367816,0.3333333333333333,0.6666666666666667,71.0,0.5,1.012072434607646,0.8914436913880945,221.0,0.7620689655172412,72.0,144.0,72.0,36704,10.510668264544881,0
AD_inst204001.rcp,30.0,4.0,6.166666666666667,3.1313823713426556,185.0,80.0,0.1839080459770115,0.496551724137931,0.503448275862069,40.0,0.5,1.9705882352941178,1.7581320028011205,170.0,0.776255707762557,79.0,121.0,42.0,51628,10.851838809101965,0
AD_inst205001.rcp,30.0,4.0,5.133333333333334,2.963481436119049,154.0,24.0,0.05517241379310345,0.09655172413793103,0.903448275862069,33.0,0.5,2.1742424242424243,1.6946608946608945,299.0,0.7608142493638677,72.0,106.0,34.0,48379,10.786841784164018,0
AD_inst206001.rcp,30.0,4.0,5.633333333333334,2.7505554994501664,169.0,58.0,0.13333333333333333,0.8988505747126436,0.10114942528735638,92.0,0.5,0.8103260869565218,0.699648132664437,33.0,0.7499999999999997,75.0,147.0,55.0,70982,11.17019569073421,0
AD_inst207001.rcp,30.0,4.0,5.7,2.9793735359411824,171.0,22.0,0.05057471264367816,0.3333333333333333,0.6666666666666667,71.0,0.5,0.9333333333333333,0.8782863849765259,216.0,0.7448275862068964,67.0,154.0,83.0,34122,10.437726922711134,0
AD_inst208001.rcp,30.0,4.0,6.166666666666667,3.1313823713426556,185.0,80.0,0.1839080459770115,0.496551724137931,0.503448275862069,40.0,0.5,1.8875,1.6739583333333332,162.0,0.7397260273972602,76.0,122.0,46.0,59136,10.987612065031541,0
AD_inst209001.rcp,30.0,4.0,5.133333333333334,2.963481436119049,154.0,24.0,0.05517241379310345,0.09655172413793103,0.903448275862069,33.0,0.5,1.884469696969697,1.770859348984349,282.0,0.7175572519083969,63.0,90.0,27.0,46980,10.757498543639837,0
AD_inst210001.rcp,30.0,4.0,5.633333333333334,2.7505554994501664,169.0,58.0,0.13333333333333333,0.8988505747126436,0.10114942528735638,92.0,0.5,0.7203557312252964,0.6739348407347128,33.0,0.7499999999999997,67.0,155.0,63.0,81160,11.304190115204406,0
AD_inst21001.rcp,30.0,4.0,5.133333333333334,2.963481436119049,154.0,24.0,0.05517241379310345,0.09655172413793103,0.903448275862069,33.0,0.5,0.6082251082251082,0.5688281625781626,12.0,0.030534351145038167,21.0,44.0,11.0,32,3.4965075614664802,1
AD_inst211001.rcp,30.0,4.0,5.7,2.9793735359411824,171.0,22.0,0.05057471264367816,0.3333333333333333,0.6666666666666667,71.0,0.5,0.9642470205850487,0.9018313066659063,214.0,0.7379310344827584,69.0,152.0,81.0,30958,10.340419027440413,0
AD_inst212001.rcp,30.0,4.0,6.166666666666667,3.1313823713426556,185.0,80.0,0.1839080459770115,0.496551724137931,0.503448275862069,40.0,0.5,2.05625,1.8230427631578945,154.0,0.7031963470319634,83.0,141.0,58.0,53379,10.885191422958515,0
AD_inst213001.rcp,30.0,4.0,5.133333333333334,2.963481436119049,154.0,24.0,0.05517241379310345,0.09655172413793103,0.903448275862069,33.0,0.5,1.9177489177489178,1.7400603782182729,298.0,0.7582697201017812,64.0,99.0,35.0,57123,10.952979622572824,0
AD_inst214001.rcp,30.0,4.0,5.633333333333334,2.7505554994501664,169.0,58.0,0.13333333333333333,0.8988505747126436,0.10114942528735638,92.0,0.5,0.7536231884057971,0.666556150752375,29.0,0.6590909090909087,70.0,133.0,41.0,67740,11.123446888589344,1
AD_inst215001.rcp,30.0,4.0,5.7,2.9793735359411824,171.0,22.0,0.05057471264367816,0.3333333333333333,0.6666666666666667,71.0,0.5,0.9246064623032312,0.9004246064623032,215.0,0.7413793103448274,66.0,151.0,80.0,28128,10.244556351616321,0
AD_inst216001.rcp,30.0,4.0,6.166666666666667,3.1313823713426556,185.0,80.0,0.1839080459770115,0.496551724137931,0.503448275862069,40.0,0.5,1.845,1.7254294786096256,164.0,0.7488584474885844,74.0,135.0,61.0,52855,10.875326513709721,0
AD_inst217001.rcp,30.0,4.0,5.133333333333334,2.963481436119049,154.0,24.0,0.05517241379310345,0.09655172413793103,0.903448275862069,33.0,0.5,1.8323232323232324,1.7331366550116551,289.0,0.7353689567430025,61.0,96.0,35.0,49878,10.817355351477529,0
AD_inst218001.rcp,30.0,4.0,5.633333333333334,2.7505554994501664,169.0,58.0,0.13333333333333333,0.8988505747126436,0.10114942528735638,92.0,0.5,0.7222826086956522,0.6787137681159421,30.0,0.6818181818181814,67.0,146.0,54.0,58298,10.973340219532814,1
AD_inst219001.rcp,30.0,4.0,5.7,2.9793735359411824,171.0,22.0,0.05057471264367816,0.3333333333333333,0.6666666666666667,71.0,0.5,1.171830985915493,0.9102552816901409,213.0,0.7344827586206895,84.0,142.0,58.0,37868,10.54188811442097,0
AD_inst220001.rcp,30.0,4.0,6.166666666666667,3.1313823713426556,185.0,80.0,0.1839080459770115,0.496551724137931,0.503448275862069,40.0,0.5,2.05,1.721766425868593,166.0,0.7579908675799086,82.0,139.0,57.0,59439,10.99272267939164,0
AD_inst22001.rcp,30.0,3.0,5.633333333333334,2.7505554994501664,169.0,58.0,0.13333333333333333,0.8988505747126436,0.10114942528735638,92.0,0.5,0.2644927536231884,0.23046974319857616,3.0,0.06818181818181815,25.0,101.0,9.0,126,4.844187086458591,1
AD_inst221001.rcp,30.0,4.0,5.133333333333334,2.963481436119049,154.0,24.0,0.05517241379310345,0.09655172413793103,0.903448275862069,33.0,0.5,2.1616161616161618,1.736405723905724,290.0,0.7379134860050891,72.0,101.0,29.0,52699,10.872370734529454,0
AD_inst222001.rcp,30.0,4.0,5.633333333333334,2.7505554994501664,169.0,58.0,0.13333333333333333,0.8988505747126436,0.10114942528735638,92.0,0.5,0.7241847826086957,0.6852603318995583,30.0,0.6818181818181814,67.0,143.0,51.0,47463,10.767726807938478,1
AD_inst223001.rcp,30.0,4.0,5.7,2.9793735359411824,171.0,22.0,0.05057471264367816,0.3333333333333333,0.6666666666666667,71.0,0.5,1.0261569416498995,0.9363514419852448,221.0,0.7620689655172412,73.0,148.0,75.0,43167,10.672854759007482,0
AD_inst224001.rcp,30.0,4.0,6.166666666666667,3.1313823713426556,185.0,80.0,0.1839080459770115,0.496551724137931,0.503448275862069,40.0,0.5,1.8479166666666667,1.7385547969187674,166.0,0.7579908675799086,74.0,132.0,58.0,60846,11.016117795639095,0
AD_inst225001.rcp,30.0,4.0,5.133333333333334,2.963481436119049,154.0,24.0,0.05517241379310345,0.09655172413793103,0.903448275862069,33.0,0.5,1.9261363636363635,1.7762070105820105,284.0,0.72264631043257,64.0,90.0,26.0,47813,10.775073762625803,0
AD_inst226001.rcp,30.0,4.0,5.633333333333334,2.7505554994501664,169.0,58.0,0.13333333333333333,0.8988505747126436,0.10114942528735638,92.0,0.5,0.8561872909698997,0.6975839604236342,33.0,0.7499999999999997,79.0,138.0,46.0,74450,11.217896469855393,0
AD_inst227001.rcp,30.0,4.0,5.7,2.9793735359411824,171.0,22.0,0.05057471264367816,0.3333333333333333,0.6666666666666667,71.0,0.5,0.927920463960232,0.8700710501870402,209.0,0.7206896551724137,66.0,142.0,71.0,31322,10.352107930958221,0
AD_inst228001.rcp,30.0,4.0,6.166666666666667,3.1313823713426556,185.0,80.0,0.1839080459770115,0.496551724137931,0.503448275862069,40.0,0.5,1.8764705882352941,1.7487009803921567,163.0,0.7442922374429224,76.0,131.0,55.0,57714,10.963272384049013,0
AD_inst229001.rcp,30.0,4.0,5.133333333333334,2.963481436119049,154.0,24.0,0.05517241379310345,0.09655172413793103,0.903448275862069,33.0,0.5,1.9507575757575757,1.8145021645021646,284.0,0.72264631043257,65.0,99.0,34.0,43015,10.669327418489514,0
AD_inst230001.rcp,30.0,4.0,5.633333333333334,2.7505554994501664,169.0,58.0,0.13333333333333333,0.8988505747126436,0.10114942528735638,92.0,0.5,0.8494565217391304,0.694532867494824,28.0,0.636363636363636,79.0,135.0,43.0,71290,11.174525371226087,1
AD_inst23001.rcp,30.0,4.0,5.7,2.9793735359411824,171.0,22.0,0.05057471264367816,0.3333333333333333,0.6666666666666667,71.0,0.5,0.3607800650054171,0.3165827544452234,10.0,0.03448275862068965,26.0,72.0,1.0,32,3.4965075614664802,1
AD_inst231001.rcp,30.0,4.0,5.7,2.9793735359411824,171.0,22.0,0.05057471264367816,0.3333333333333333,0.6666666666666667,71.0,0.5,1.1971830985915493,0.9123022448415986,210.0,0.7241379310344827,85.0,154.0,69.0,38373,10.555135425918044,0
AD_inst232001.rcp,30.0,4.0,6.166666666666667,3.1313823713426556,185.0,80.0,0.1839080459770115,0.496551724137931,0.503448275862069,40.0,0.5,1.8823529411764706,1.6958672531512604,159.0,0.726027397260274,76.0,120.0,44.0,67057,11.1133131955373,0
AD_inst233001.rcp,30.0,4.0,5.133333333333334,2.963481436119049,154.0,24.0,0.05517241379310345,0.09655172413793103,0.903448275862069,33.0,0.5,1.9787878787878788,1.736534176607706,289.0,0.7353689567430025,66.0,109.0,43.0,50579,10.831311520223956,0
AD_inst234001.rcp,30.0,4.0,5.633333333333334,2.7505554994501664,169.0,58.0,0.13333333333333333,0.8988505747126436,0.10114942528735638,92.0,0.5,0.7974308300395256,0.6867058856475332,33.0,0.7499999999999997,74.0,159.0,67.0,76393,11.24365943803924,0
AD_inst235001.rcp,30.0,4.0,5.7,2.9793735359411824,171.0,22.0,0.05057471264367816,0.3333333333333333,0.6666666666666667,71.0,0.5,0.9743164871582436,0.8751172139790615,215.0,0.7413793103448274,70.0,144.0,73.0,37823,10.54069910076577,0
AD_inst236001.rcp,30.0,4.0,6.166666666666667,3.1313823713426556,185.0,80.0,0.1839080459770115,0.496551724137931,0.503448275862069,40.0,0.5,1.8903846153846153,1.7860829959514168,168.0,0.7671232876712328,76.0,130.0,54.0,56827,10.947784440991967,0
AD_inst237001.rcp,30.0,4.0,5.133333333333334,2.963481436119049,154.0,24.0,0.05517241379310345,0.09655172413793103,0.903448275862069,33.0,0.5,1.9186602870813396,1.8039960438285796,290.0,0.7379134860050891,64.0,96.0,32.0,46565,10.748625940082194,0
AD_inst238001.rcp,30.0,4.0,5.633333333333334,2.7505554994501664,169.0,58.0,0.13333333333333333,0.8988505747126436,0.10114942528735638,92.0,0.5,0.7110507246376812,0.6924304183135704,34.0,0.7727272727272724,66.0,146.0,54.0,77202,11.25419359536146,0
AD_inst239001.rcp,30.0,4.0,5.7,2.9793735359411824,171.0,22.0,0.05057471264367816,0.3333333333333333,0.6666666666666667,71.0,0.5,1.0778790389395194,0.9064484948909142,215.0,0.7413793103448274,77.0,156.0,79.0,41129,10.62449306122447,0
AD_inst240001.rcp,30.0,4.0,6.166666666666667,3.1313823713426556,185.0,80.0,0.1839080459770115,0.496551724137931,0.503448275862069,40.0,1.0,1.2568181818181818,1.130456349206349,41.0,0.1872146118721461,51.0,83.0,32.0,47065,10.759306150966905,0
AD_inst24001.rcp,30.0,4.0,6.166666666666667,3.1313823713426556,185.0,80.0,0.1839080459770115,0.496551724137931,0.503448275862069,40.0,0.5,0.61875,0.5456907894736842,5.0,0.0228310502283105,25.0,56.0,16.0,6209,8.733916174927524,1
AD_inst241001.rcp,30.0,4.0,5.133333333333334,2.963481436119049,154.0,24.0,0.05517241379310345,0.09655172413793103,0.903448275862069,33.0,1.0,1.2518939393939394,1.1483155417814508,79.0,0.2010178117048346,42.0,70.0,28.0,44264,10.697949576045149,0
AD_inst242001.rcp,30.0,4.0,5.633333333333334,2.7505554994501664,169.0,58.0,0.13333333333333333,0.8988505747126436,0.10114942528735638,92.0,1.0,0.5144927536231884,0.45804512516469037,9.0,0.20454545454545445,48.0,121.0,29.0,133,4.897839799950911,1
AD_inst243001.rcp,30.0,4.0,5.7,2.9793735359411824,171.0,22.0,0.05057471264367816,0.3333333333333333,0.6666666666666667,71.0,1.0,0.6629778672032193,0.5931505700871897,55.0,0.18965517241379307,48.0,108.0,37.0,11936,9.387398099095039,1
AD_inst244001.rcp,30.0,4.0,6.166666666666667,3.1313823713426556,185.0,80.0,0.1839080459770115,0.496551724137931,0.503448275862069,40.0,1.0,1.31,1.169326923076923,46.0,0.2100456621004566,53.0,77.0,24.0,42328,10.653227709328526,0
AD_inst245001.rcp,30.0,4.0,5.133333333333334,2.963481436119049,154.0,24.0,0.05517241379310345,0.09655172413793103,0.903448275862069,33.0,1.0,1.2214452214452214,1.1257341514694457,99.0,0.25190839694656486,41.0,71.0,30.0,40582,10.611104538690634,0
AD_inst246001.rcp,30.0,4.0,5.633333333333334,2.7505554994501664,169.0,58.0,0.13333333333333333,0.8988505747126436,0.10114942528735638,92.0,1.0,0.5419254658385093,0.4598534843779409,7.0,0.159090909090909,50.0,110.0,18.0,367,5.908082938168931,1
AD_inst247001.rcp,30.0,4.0,5.7,2.9793735359411824,171.0,22.0,0.05057471264367816,0.3333333333333333,0.6666666666666667,71.0,1.0,0.625,0.5704324632002542,85.0,0.293103448275862,45.0,101.0,30.0,28755,10.266601720103763,0
AD_inst248001.rcp,30.0,4.0,6.166666666666667,3.1313823713426556,185.0,80.0,0.1839080459770115,0.496551724137931,0.503448275862069,40.0,1.0,1.1541666666666666,1.0938536096256684,30.0,0.136986301369863,47.0,79.0,32.0,43396,10.67814559327533,0
AD_inst249001.rcp,30.0,4.0,5.133333333333334,2.963481436119049,154.0,24.0,0.05517241379310345,0.09655172413793103,0.903448275862069,33.0,1.0,1.2787878787878788,1.1784561299267182,86.0,0.21882951653944022,43.0,70.0,27.0,40206,10.60179638880159,0
AD_inst250001.rcp,30.0,4.0,5.633333333333334,2.7505554994501664,169.0,58.0,0.13333333333333333,0.8988505747126436,0.10114942528735638,92.0,1.0,0.45893719806763283,0.4311874568668047,7.0,0.159090909090909,43.0,106.0,14.0,1649,7.408530566894626,1
AD_inst25001.rcp,30.0,4.0,5.133333333333334,2.963481436119049,154.0,24.0,0.05517241379310345,0.09655172413793103,0.903448275862069,33.0,0.5,0.6645021645021645,0.5539843928001822,25.0,0.06361323155216285,22.0,47.0,14.0,32538,10.390194648893312,0
AD_inst251001.rcp,30.0,4.0,5.7,2.9793735359411824,171.0,22.0,0.05057471264367816,0.3333333333333333,0.6666666666666667,71.0,1.0,0.6505281690140845,0.6007122279129322,85.0,0.293103448275862,47.0,103.0,32.0,31412,10.354977098955573,0
AD_inst252001.rcp,30.0,4.0,6.166666666666667,3.1313823713426556,185.0,80.0,0.1839080459770115,0.496551724137931,0.503448275862069,40.0,1.0,1.35,1.1461397058823528,50.0,0.228310502283105,54.0,84.0,30.0,44180,10.696050111394271,0
AD_inst253001.rcp,30.0,4.0,5.133333333333334,2.963481436119049,154.0,24.0,0.05517241379310345,0.09655172413793103,0.903448275862069,33.0,1.0,1.303030303030303,1.2226827094474153,65.0,0.16539440203562342,43.0,71.0,28.0,36615,10.508240582333478,0
AD_inst254001.rcp,30.0,4.0,5.633333333333334,2.7505554994501664,169.0,58.0,0.13333333333333333,0.8988505747126436,0.10114942528735638,92.0,1.0,0.4697204968944099,0.4474436531162075,4.0,0.09090909090909087,44.0,106.0,14.0,510,6.236369590203704,1
AD_inst255001.rcp,30.0,4.0,5.7,2.9793735359411824,171.0,22.0,0.05057471264367816,0.3333333333333333,0.6666666666666667,71.0,1.0,0.644131455399061,0.5787444501094046,56.0,0.19310344827586204,46.0,92.0,21.0,5943,8.690137586397595,1
AD_inst256001.rcp,30.0,4.0,6.166666666666667,3.1313823713426556,185.0,80.0,0.1839080459770115,0.496551724137931,0.503448275862069,40.0,1.0,1.3642857142857143,1.1718796992481202,74.0,0.3378995433789954,55.0,95.0,40.0,42987,10.668676285961045,0
AD_inst257001.rcp,30.0,4.0,5.133333333333334,2.963481436119049,154.0,24.0,0.05517241379310345,0.09655172413793103,0.903448275862069,33.0,1.0,1.1645021645021645,1.126795070645338,75.0,0.19083969465648856,39.0,80.0,41.0,34080,10.436495323235768,0
AD_inst258001.rcp,30.0,4.0,5.633333333333334,2.7505554994501664,169.0,58.0,0.13333333333333333,0.8988505747126436,0.10114942528735638,92.0,1.0,0.4982837528604119,0.46297124563714953,4.0,0.09090909090909087,46.0,99.0,7.0,120,4.795790545596741,1
AD_inst259001.rcp,30.0,4.0,5.7,2.9793735359411824,171.0,22.0,0.05057471264367816,0.3333333333333333,0.6666666666666667,71.0,1.0,0.7147887323943662,0.633720055374985,96.0,0.33103448275862063,51.0,108.0,37.0,31361,10.353352247940977,0
AD_inst260001.rcp,30.0,4.0,6.166666666666667,3.1313823713426556,185.0,80.0,0.1839080459770115,0.496551724137931,0.503448275862069,40.0,1.0,1.2153846153846153,1.159426510989011,40.0,0.182648401826484,49.0,76.0,27.0,48640,10.792222075639238,0
AD_inst26001.rcp,30.0,4.0,5.633333333333334,2.7505554994501664,169.0,58.0,0.13333333333333333,0.8988505747126436,0.10114942528735638,92.0,0.5,0.2858695652173913,0.2373943236714976,2.0,0.045454545454545435,27.0,101.0,9.0,86,4.465908118654584,1
AD_inst261001.rcp,30.0,4.0,5.133333333333334,2.963481436119049,154.0,24.0,0.05517241379310345,0.09655172413793103,0.903448275862069,33.0,1.0,1.3535353535353536,1.226238780998843,62.0,0.15776081424936386,45.0,82.0,37.0,49703,10.813840691743529,0
AD_inst262001.rcp,30.0,4.0,5.633333333333334,2.7505554994501664,169.0,58.0,0.13333333333333333,0.8988505747126436,0.10114942528735638,92.0,1.0,0.510230179028133,0.4781929648289522,11.0,0.2499999999999999,47.0,116.0,24.0,3258,8.089175678837561,1
AD_inst263001.rcp,30.0,4.0,5.7,2.9793735359411824,171.0,22.0,0.05057471264367816,0.3333333333333333,0.6666666666666667,71.0,1.0,0.6197183098591549,0.5980827650670235,51.0,0.1758620689655172,44.0,96.0,25.0,35766,10.484780959571744,0
AD_inst264001.rcp,30.0,4.0,6.166666666666667,3.1313823713426556,185.0,80.0,0.1839080459770115,0.496551724137931,0.503448275862069,40.0,1.0,1.2923076923076924,1.231323450854701,48.0,0.2191780821917808,52.0,91.0,39.0,45319,10.721503715141942,0
AD_inst265001.rcp,30.0,4.0,5.133333333333334,2.963481436119049,154.0,24.0,0.05517241379310345,0.09655172413793103,0.903448275862069,33.0,1.0,1.2583732057416268,1.167326853533932,87.0,0.22137404580152673,42.0,71.0,29.0,37833,10.54096344822561,0
AD_inst266001.rcp,30.0,4.0,5.633333333333334,2.7505554994501664,169.0,58.0,0.13333333333333333,0.8988505747126436,0.10114942528735638,92.0,1.0,0.49665551839464883,0.4363444669365722,13.0,0.2954545454545453,46.0,116.0,24.0,2225,7.70796153183549,1
AD_inst267001.rcp,30.0,4.0,5.7,2.9793735359411824,171.0,22.0,0.05057471264367816,0.3333333333333333,0.6666666666666667,71.0,1.0,0.747887323943662,0.6412078531796842,87.0,0.29999999999999993,54.0,121.0,50.0,29064,10.277289980135452,0
AD_inst268001.rcp,30.0,4.0,6.166666666666667,3.1313823713426556,185.0,80.0,0.1839080459770115,0.496551724137931,0.503448275862069,40.0,1.0,1.3357142857142856,1.2566220238095238,62.0,0.2831050228310502,54.0,104.0,50.0,46595,10.749269979519667,0
AD_inst269001.rcp,30.0,4.0,5.133333333333334,2.963481436119049,154.0,24.0,0.05517241379310345,0.09655172413793103,0.903448275862069,33.0,1.0,1.2248803827751196,1.1254595683423434,106.0,0.2697201017811705,41.0,63.0,22.0,46888,10.755538385347368,0
AD_inst270001.rcp,30.0,4.0,5.633333333333334,2.7505554994501664,169.0,58.0,0.13333333333333333,0.8988505747126436,0.10114942528735638,92.0,1.0,0.4815217391304348,0.458525699129246,9.0,0.20454545454545445,45.0,111.0,19.0,507,6.230481447578482,1
AD_inst27001.rcp,30.0,4.0,5.7,2.9793735359411824,171.0,22.0,0.05057471264367816,0.3333333333333333,0.6666666666666667,71.0,0.5,0.37715179968701096,0.30222283996375915,8.0,0.02758620689655172,27.0,71.0,0.0,32,3.4965075614664802,1
AD_inst271001.rcp,30.0,4.0,5.7,2.9793735359411824,171.0,22.0,0.05057471264367816,0.3333333333333333,0.6666666666666667,71.0,1.0,0.6628003314001657,0.6180294436301064,54.0,0.1862068965517241,48.0,113.0,42.0,8419,9.038365107236372,1
AD_inst272001.rcp,30.0,4.0,6.166666666666667,3.1313823713426556,185.0,80.0,0.1839080459770115,0.496551724137931,0.503448275862069,40.0,1.0,1.2618421052631579,1.1916242931045562,48.0,0.2191780821917808,51.0,87.0,36.0,48636,10.792139837106326,0
AD_inst273001.rcp,30.0,4.0,5.133333333333334,2.963481436119049,154.0,24.0,0.05517241379310345,0.09655172413793103,0.903448275862069,33.0,1.0,1.3797979797979798,1.1971493783993785,96.0,0.24427480916030533,46.0,71.0,25.0,38224,10.551245030797263,0
AD_inst274001.rcp,30.0,4.0,5.633333333333334,2.7505554994501664,169.0,58.0,0.13333333333333333,0.8988505747126436,0.10114942528735638,92.0,1.0,0.47681159420289854,0.46676818324583835,15.0,0.3409090909090907,44.0,124.0,32.0,1316,7.183111701743281,1
AD_inst275001.rcp,30.0,4.0,5.7,2.9793735359411824,171.0,22.0,0.05057471264367816,0.3333333333333333,0.6666666666666667,71.0,1.0,0.6044600938967136,0.5869802146210596,56.0,0.19310344827586204,43.0,109.0,38.0,37446,10.530681878927565,0
AD_inst276001.rcp,30.0,4.0,6.166666666666667,3.1313823713426556,185.0,80.0,0.1839080459770115,0.496551724137931,0.503448275862069,40.0,1.0,1.0942307692307693,1.0793292234081708,52.0,0.2374429223744292,44.0,77.0,33.0,39927,10.594833111149445,0
AD_inst277001.rcp,30.0,4.0,5.133333333333334,2.963481436119049,154.0,24.0,0.05517241379310345,0.09655172413793103,0.903448275862069,33.0,1.0,1.298989898989899,1.1244528619528618,99.0,0.25190839694656486,43.0,64.0,21.0,32970,10.403383666209391,0
AD_inst278001.rcp,30.0,4.0,5.633333333333334,2.7505554994501664,169.0,58.0,0.13333333333333333,0.8988505747126436,0.10114942528735638,92.0,1.0,0.4614624505928854,0.43815767803897093,10.0,0.22727272727272715,43.0,101.0,9.0,648,6.47543271670409,1
AD_inst279001.rcp,30.0,4.0,5.7,2.9793735359411824,171.0,22.0,0.05057471264367816,0.3333333333333333,0.6666666666666667,71.0,1.0,0.6649899396378269,0.6427313883299799,39.0,0.13448275862068962,48.0,95.0,24.0,34928,10.461072708705126,0
AD_inst280001.rcp,30.0,4.0,6.166666666666667,3.1313823713426556,185.0,80.0,0.1839080459770115,0.496551724137931,0.503448275862069,40.0,1.0,1.25125,1.1897608805668016,39.0,0.1780821917808219,51.0,80.0,29.0,48754,10.794563035269219,0
AD_inst28001.rcp,30.0,4.0,6.166666666666667,3.1313823713426556,185.0,80.0,0.1839080459770115,0.496551724137931,0.503448275862069,40.0,0.5,0.675,0.5640686274509804,12.0,0.0547945205479452,27.0,54.0,14.0,36754,10.512029549808188,0
AD_inst281001.rcp,30.0,4.0,5.133333333333334,2.963481436119049,154.0,24.0,0.05517241379310345,0.09655172413793103,0.903448275862069,33.0,1.0,1.3006993006993006,1.1814903846153846,92.0,0.2340966921119593,43.0,73.0,30.0,36234,10.497780781543382,0
AD_inst282001.rcp,30.0,4.0,5.633333333333334,2.7505554994501664,169.0,58.0,0.13333333333333333,0.8988505747126436,0.10114942528735638,92.0,1.0,0.5048309178743962,0.4527519393348198,15.0,0.3409090909090907,47.0,123.0,31.0,896,6.799055862058796,1
AD_inst283001.rcp,30.0,4.0,5.7,2.9793735359411824,171.0,22.0,0.05057471264367816,0.3333333333333333,0.6666666666666667,71.0,1.0,0.6384976525821596,0.5955600211373824,56.0,0.19310344827586204,46.0,93.0,22.0,30363,10.321012975136659,0
AD_inst284001.rcp,30.0,4.0,6.166666666666667,3.1313823713426556,185.0,80.0,0.1839080459770115,0.496551724137931,0.503448275862069,40.0,1.0,1.2520833333333334,1.119940476190476,32.0,0.1461187214611872,51.0,85.0,34.0,45881,10.73382816227228,0
AD_inst285001.rcp,30.0,4.0,5.133333333333334,2.963481436119049,154.0,24.0,0.05517241379310345,0.09655172413793103,0.903448275862069,33.0,1.0,1.2404040404040404,1.1354965092097444,99.0,0.25190839694656486,41.0,67.0,26.0,43162,10.672738925760894,0
AD_inst286001.rcp,30.0,4.0,5.633333333333334,2.7505554994501664,169.0,58.0,0.13333333333333333,0.8988505747126436,0.10114942528735638,92.0,1.0,0.49301242236024845,0.4478002070393375,10.0,0.22727272727272715,46.0,109.0,17.0,507,6.230481447578482,1
AD_inst287001.rcp,30.0,4.0,5.7,2.9793735359411824,171.0,22.0,0.05057471264367816,0.3333333333333333,0.6666666666666667,71.0,1.0,0.6222791293213829,0.5989855215207328,45.0,0.15517241379310343,45.0,99.0,28.0,33736,10.426350436912623,0
AD_inst288001.rcp,30.0,4.0,6.166666666666667,3.1313823713426556,185.0,80.0,0.1839080459770115,0.496551724137931,0.503448275862069,40.0,1.0,1.3068181818181819,1.228775623885918,61.0,0.2785388127853881,53.0,94.0,41.0,41819,10.641129972982625,0
AD_inst289001.rcp,30.0,4.0,5.133333333333334,2.963481436119049,154.0,24.0,0.05517241379310345,0.09655172413793103,0.903448275862069,33.0,1.0,1.3588516746411483,1.1428429027113238,118.0,0.30025445292620867,45.0,80.0,35.0,41610,10.636119834372657,0
AD_inst290001.rcp,30.0,4.0,5.633333333333334,2.7505554994501664,169.0,58.0,0.13333333333333333,0.8988505747126436,0.10114942528735638,92.0,1.0,0.484472049689441,0.46586438923395446,12.0,0.2727272727272726,45.0,110.0,18.0,2004,7.60339933974067,1
AD_inst29001.rcp,30.0,4.0,5.133333333333334,2.963481436119049,154.0,24.0,0.05517241379310345,0.09655172413793103,0.903448275862069,33.0,0.5,0.5989304812834224,0.5142026797669916,18.0,0.04580152671755725,20.0,40.0,7.0,32,3.4965075614664802,1
AD_inst291001.rcp,30.0,4.0,5.7,2.9793735359411824,171.0,22.0,0.05057471264367816,0.3333333333333333,0.6666666666666667,71.0,1.0,0.6509054325955734,0.5904363427528735,60.0,0.2068965517241379,47.0,107.0,36.0,36484,10.50465649619972,0
AD_inst292001.rcp,30.0,4.0,6.166666666666667,3.1313823713426556,185.0,80.0,0.1839080459770115,0.496551724137931,0.503448275862069,40.0,1.0,1.2625,1.1755212550607288,48.0,0.2191780821917808,51.0,91.0,40.0,49053,10.800677011107881,0
AD_inst293001.rcp,30.0,4.0,5.133333333333334,2.963481436119049,154.0,24.0,0.05517241379310345,0.09655172413793103,0.903448275862069,33.0,1.0,1.303030303030303,1.187937062937063,73.0,0.18575063613231552,43.0,72.0,29.0,38203,10.550695501154628,0
AD_inst294001.rcp,30.0,4.0,5.633333333333334,2.7505554994501664,169.0,58.0,0.13333333333333333,0.8988505747126436,0.10114942528735638,92.0,1.0,0.5239130434782608,0.4570199275362319,12.0,0.2727272727272726,49.0,111.0,19.0,289,5.66988092298052,1
AD_inst295001.rcp,30.0,4.0,5.7,2.9793735359411824,171.0,22.0,0.05057471264367816,0.3333333333333333,0.6666666666666667,71.0,1.0,0.7378716744913928,0.6282403571757342,67.0,0.23103448275862065,53.0,117.0,46.0,27797,10.232719354644704,0
AD_inst296001.rcp,30.0,4.0,6.166666666666667,3.1313823713426556,185.0,80.0,0.1839080459770115,0.496551724137931,0.503448275862069,40.0,1.0,1.2916666666666667,1.1923441142191142,40.0,0.182648401826484,52.0,87.0,35.0,45394,10.723157245805858,0
AD_inst297001.rcp,30.0,4.0,5.133333333333334,2.963481436119049,154.0,24.0,0.05517241379310345,0.09655172413793103,0.903448275862069,33.0,1.0,1.2703962703962703,1.176076701076701,70.0,0.178117048346056,42.0,66.0,24.0,39254,10.577834103632355,0
AD_inst298001.rcp,30.0,4.0,5.633333333333334,2.7505554994501664,169.0,58.0,0.13333333333333333,0.8988505747126436,0.10114942528735638,92.0,1.0,0.5268542199488491,0.503040763406812,10.0,0.22727272727272715,49.0,126.0,34.0,7040,8.859505484519133,1
AD_inst299001.rcp,30.0,4.0,5.7,2.9793735359411824,171.0,22.0,0.05057471264367816,0.3333333333333333,0.6666666666666667,71.0,1.0,0.6485915492957747,0.5908728687916975,84.0,0.28965517241379307,47.0,104.0,33.0,26745,10.194140208432742,0
AD_inst300001.rcp,30.0,4.0,6.166666666666667,3.1313823713426556,185.0,80.0,0.1839080459770115,0.496551724137931,0.503448275862069,40.0,1.0,1.29375,1.220513980263158,56.0,0.2557077625570776,52.0,88.0,36.0,44803,10.71005270013163,0
AD_inst30001.rcp,30.0,4.0,5.633333333333334,2.7505554994501664,169.0,58.0,0.13333333333333333,0.8988505747126436,0.10114942528735638,92.0,0.5,0.2519762845849802,0.2238313317117665,4.0,0.09090909090909087,24.0,106.0,14.0,143,4.969813299576001,1
AD_inst3001.rcp,30.0,4.0,5.7,2.9793735359411824,171.0,22.0,0.05057471264367816,0.3333333333333333,0.6666666666666667,71.0,0.5,0.322663252240717,0.2962143675449828,7.0,0.024137931034482755,23.0,75.0,4.0,32,3.4965075614664802,1
AD_inst301001.rcp,30.0,4.0,5.133333333333334,2.963481436119049,154.0,24.0,0.05517241379310345,0.09655172413793103,0.903448275862069,33.0,1.0,1.2312599681020733,1.0708200425305687,70.0,0.178117048346056,41.0,65.0,24.0,36507,10.505286693636767,0
AD_inst302001.rcp,30.0,4.0,5.633333333333334,2.7505554994501664,169.0,58.0,0.13333333333333333,0.8988505747126436,0.10114942528735638,92.0,1.0,0.4492753623188406,0.4228672053775744,6.0,0.1363636363636363,42.0,106.0,14.0,319,5.768320995793772,1
AD_inst303001.rcp,30.0,4.0,5.7,2.9793735359411824,171.0,22.0,0.05057471264367816,0.3333333333333333,0.6666666666666667,71.0,1.0,0.6555697823303457,0.6104353393085787,59.0,0.20344827586206893,47.0,100.0,29.0,33286,10.412922209355978,0
AD_inst304001.rcp,30.0,4.0,6.166666666666667,3.1313823713426556,185.0,80.0,0.1839080459770115,0.496551724137931,0.503448275862069,40.0,1.0,1.38875,1.2335389957264957,62.0,0.2831050228310502,56.0,91.0,35.0,47196,10.762085610231633,0
AD_inst305001.rcp,30.0,4.0,5.133333333333334,2.963481436119049,154.0,24.0,0.05517241379310345,0.09655172413793103,0.903448275862069,33.0,1.0,1.3181818181818181,1.198504481258492,62.0,0.15776081424936386,44.0,65.0,21.0,39254,10.577834103632355,0
AD_inst306001.rcp,30.0,4.0,5.633333333333334,2.7505554994501664,169.0,58.0,0.13333333333333333,0.8988505747126436,0.10114942528735638,92.0,1.0,0.47360248447204967,0.4478812427981226,7.0,0.159090909090909,44.0,109.0,17.0,676,6.517671272912275,1
AD_inst307001.rcp,30.0,4.0,5.7,2.9793735359411824,171.0,22.0,0.05057471264367816,0.3333333333333333,0.6666666666666667,71.0,1.0,0.6530763528539659,0.617176848500705,54.0,0.1862068965517241,47.0,106.0,35.0,43,3.784189633918261,1
AD_inst308001.rcp,30.0,4.0,6.166666666666667,3.1313823713426556,185.0,80.0,0.1839080459770115,0.496551724137931,0.503448275862069,40.0,1.0,1.2823529411764707,1.1442307692307692,48.0,0.2191780821917808,52.0,89.0,37.0,44494,10.703132102290963,0
AD_inst309001.rcp,30.0,4.0,5.133333333333334,2.963481436119049,154.0,24.0,0.05517241379310345,0.09655172413793103,0.903448275862069,33.0,1.0,1.3085399449035813,1.1952276778479987,53.0,0.13486005089058525,44.0,68.0,24.0,36362,10.501307053138621,0
AD_inst310001.rcp,30.0,4.0,5.633333333333334,2.7505554994501664,169.0,58.0,0.13333333333333333,0.8988505747126436,0.10114942528735638,92.0,1.0,0.5093167701863354,0.46117501634521085,11.0,0.2499999999999999,47.0,116.0,24.0,527,6.269096283706261,1
AD_inst31001.rcp,30.0,4.0,5.7,2.9793735359411824,171.0,22.0,0.05057471264367816,0.3333333333333333,0.6666666666666667,71.0,0.5,0.3393085787451985,0.2849959045718159,13.0,0.044827586206896544,25.0,76.0,5.0,32,3.4965075614664802,1
AD_inst311001.rcp,30.0,4.0,5.7,2.9793735359411824,171.0,22.0,0.05057471264367816,0.3333333333333333,0.6666666666666667,71.0,1.0,0.6247484909456741,0.5980452892795368,84.0,0.28965517241379307,45.0,112.0,41.0,32996,10.404171927225226,0
AD_inst312001.rcp,30.0,4.0,6.166666666666667,3.1313823713426556,185.0,80.0,0.1839080459770115,0.496551724137931,0.503448275862069,40.0,1.0,1.34375,1.2001420454545455,35.0,0.1598173515981735,54.0,87.0,33.0,54001,10.896776361897594,0
AD_inst313001.rcp,30.0,4.0,5.133333333333334,2.963481436119049,154.0,24.0,0.05517241379310345,0.09655172413793103,0.903448275862069,33.0,1.0,1.2178030303030303,1.1408670033670034,77.0,0.19592875318066158,41.0,73.0,32.0,42843,10.66532089088452,0
AD_inst314001.rcp,30.0,4.0,5.633333333333334,2.7505554994501664,169.0,58.0,0.13333333333333333,0.8988505747126436,0.10114942528735638,92.0,1.0,0.5187747035573123,0.4556022178304787,10.0,0.22727272727272715,48.0,116.0,24.0,516,6.248042874508429,1
AD_inst315001.rcp,30.0,4.0,5.7,2.9793735359411824,171.0,22.0,0.05057471264367816,0.3333333333333333,0.6666666666666667,71.0,1.0,0.6880281690140845,0.6398138832997988,63.0,0.2172413793103448,49.0,106.0,35.0,32225,10.380528859133515,0
AD_inst316001.rcp,30.0,4.0,6.166666666666667,3.1313823713426556,185.0,80.0,0.1839080459770115,0.496551724137931,0.503448275862069,40.0,1.0,1.31875,1.2160506221719456,37.0,0.1689497716894977,53.0,75.0,22.0,41827,10.64132125071848,0
AD_inst317001.rcp,30.0,4.0,5.133333333333334,2.963481436119049,154.0,24.0,0.05517241379310345,0.09655172413793103,0.903448275862069,33.0,1.0,1.2708333333333333,1.1731861888111887,115.0,0.2926208651399491,42.0,80.0,38.0,38828,10.566922669110548,0
AD_inst318001.rcp,30.0,4.0,5.633333333333334,2.7505554994501664,169.0,58.0,0.13333333333333333,0.8988505747126436,0.10114942528735638,92.0,1.0,0.5031055900621118,0.4767636063402653,12.0,0.2727272727272726,47.0,108.0,16.0,1248,7.130098510125578,1
AD_inst319001.rcp,30.0,4.0,5.7,2.9793735359411824,171.0,22.0,0.05057471264367816,0.3333333333333333,0.6666666666666667,71.0,1.0,0.6554712892741061,0.6201348361663191,50.0,0.17241379310344823,47.0,110.0,39.0,32431,10.38690086869178,0
AD_inst320001.rcp,30.0,4.0,6.166666666666667,3.1313823713426556,185.0,80.0,0.1839080459770115,0.496551724137931,0.503448275862069,40.0,1.0,2.4942307692307693,2.2891483516483517,197.0,0.8995433789954338,100.0,156.0,56.0,63430,11.057707979914358,0
AD_inst32001.rcp,30.0,4.0,6.166666666666667,3.1313823713426556,185.0,80.0,0.1839080459770115,0.496551724137931,0.503448275862069,40.0,0.5,0.6421052631578947,0.5668196058327638,10.0,0.045662100456621,26.0,49.0,9.0,22569,10.024376869811581,1
AD_inst321001.rcp,30.0,4.0,5.133333333333334,2.963481436119049,154.0,24.0,0.05517241379310345,0.09655172413793103,0.903448275862069,33.0,1.0,2.513368983957219,2.416493815156917,357.0,0.9083969465648855,83.0,140.0,57.0,60226,11.005876035732005,0
AD_inst322001.rcp,30.0,4.0,5.633333333333334,2.7505554994501664,169.0,58.0,0.13333333333333333,0.8988505747126436,0.10114942528735638,92.0,1.0,1.0150501672240804,0.9920971691352126,37.0,0.8409090909090905,94.0,164.0,70.0,86787,11.371223642243262,0
AD_inst323001.rcp,30.0,4.0,5.7,2.9793735359411824,171.0,22.0,0.05057471264367816,0.3333333333333333,0.6666666666666667,71.0,1.0,1.2268346923647147,1.1643106954819333,247.0,0.8517241379310343,88.0,155.0,67.0,45282,10.720686965099299,0
AD_inst324001.rcp,30.0,4.0,6.166666666666667,3.1313823713426556,185.0,80.0,0.1839080459770115,0.496551724137931,0.503448275862069,40.0,1.0,2.4431818181818183,2.3797937465495034,207.0,0.9452054794520548,98.0,176.0,78.0,70974,11.170082981341173,0
AD_inst325001.rcp,30.0,4.0,5.133333333333334,2.963481436119049,154.0,24.0,0.05517241379310345,0.09655172413793103,0.903448275862069,33.0,1.0,2.511111111111111,2.4142800182273865,357.0,0.9083969465648855,83.0,132.0,49.0,57416,10.958095705706183,0
AD_inst326001.rcp,30.0,4.0,5.633333333333334,2.7505554994501664,169.0,58.0,0.13333333333333333,0.8988505747126436,0.10114942528735638,92.0,1.0,0.9372909698996655,0.9049447231512449,39.0,0.8863636363636359,87.0,163.0,71.0,74878,11.223628756361444,0
AD_inst327001.rcp,30.0,4.0,5.7,2.9793735359411824,171.0,22.0,0.05057471264367816,0.3333333333333333,0.6666666666666667,71.0,1.0,1.2134344528710725,1.1759353816433133,273.0,0.9413793103448274,87.0,171.0,84.0,33221,10.410967586051022,0
AD_inst328001.rcp,30.0,4.0,6.166666666666667,3.1313823713426556,185.0,80.0,0.1839080459770115,0.496551724137931,0.503448275862069,40.0,1.0,2.2958333333333334,2.237594696969697,207.0,0.9452054794520548,92.0,169.0,77.0,60979,11.018301220542245,0
AD_inst329001.rcp,30.0,4.0,5.133333333333334,2.963481436119049,154.0,24.0,0.05517241379310345,0.09655172413793103,0.903448275862069,33.0,1.0,2.5259740259740258,2.4392955529319162,334.0,0.8498727735368957,84.0,127.0,43.0,49983,10.819458233199358,0
AD_inst330001.rcp,30.0,4.0,5.633333333333334,2.7505554994501664,169.0,58.0,0.13333333333333333,0.8988505747126436,0.10114942528735638,92.0,1.0,0.9690635451505016,0.9551362675637056,42.0,0.954545454545454,90.0,162.0,70.0,78939,11.276443349216837,0
AD_inst33001.rcp,30.0,4.0,5.133333333333334,2.963481436119049,154.0,24.0,0.05517241379310345,0.09655172413793103,0.903448275862069,33.0,0.5,0.6774891774891775,0.6181518859537436,5.0,0.01272264631043257,23.0,45.0,12.0,32,3.4965075614664802,1
AD_inst331001.rcp,30.0,4.0,5.7,2.9793735359411824,171.0,22.0,0.05057471264367816,0.3333333333333333,0.6666666666666667,71.0,1.0,1.2802816901408451,1.2446875030084814,259.0,0.8931034482758619,91.0,168.0,77.0,48964,10.798861036154895,0
AD_inst332001.rcp,30.0,4.0,6.166666666666667,3.1313823713426556,185.0,80.0,0.1839080459770115,0.496551724137931,0.503448275862069,40.0,1.0,2.3625,2.1869010416666668,216.0,0.9863013698630136,95.0,185.0,90.0,56892,10.948927589699391,0
AD_inst333001.rcp,30.0,4.0,5.133333333333334,2.963481436119049,154.0,24.0,0.05517241379310345,0.09655172413793103,0.903448275862069,33.0,1.0,2.533333333333333,2.3924043062200955,363.0,0.9236641221374046,84.0,133.0,49.0,65938,11.096485351208939,0
AD_inst334001.rcp,30.0,4.0,5.633333333333334,2.7505554994501664,169.0,58.0,0.13333333333333333,0.8988505747126436,0.10114942528735638,92.0,1.0,0.9846014492753623,0.919571772501907,38.0,0.8636363636363632,91.0,168.0,76.0,76525,11.245385831353191,0
AD_inst335001.rcp,30.0,4.0,5.7,2.9793735359411824,171.0,22.0,0.05057471264367816,0.3333333333333333,0.6666666666666667,71.0,1.0,1.232394366197183,1.1914008561170946,272.0,0.9379310344827584,88.0,171.0,83.0,44298,10.698717382415014,0
AD_inst336001.rcp,30.0,4.0,6.166666666666667,3.1313823713426556,185.0,80.0,0.1839080459770115,0.496551724137931,0.503448275862069,40.0,1.0,2.3430555555555554,2.2950324328449327,204.0,0.9315068493150684,94.0,166.0,72.0,65243,11.085889366933921,0
AD_inst337001.rcp,30.0,4.0,5.133333333333334,2.963481436119049,154.0,24.0,0.05517241379310345,0.09655172413793103,0.903448275862069,33.0,1.0,2.451178451178451,2.3695004269166953,363.0,0.9236641221374046,81.0,143.0,62.0,60621,11.012413142479302,0
AD_inst338001.rcp,30.0,4.0,5.633333333333334,2.7505554994501664,169.0,58.0,0.13333333333333333,0.8988505747126436,0.10114942528735638,92.0,1.0,0.9533248081841432,0.9129899106381683,41.0,0.9318181818181813,88.0,162.0,70.0,84362,11.342884195838069,0
AD_inst339001.rcp,30.0,4.0,5.7,2.9793735359411824,171.0,22.0,0.05057471264367816,0.3333333333333333,0.6666666666666667,71.0,1.0,1.295774647887324,1.2414388290527478,278.0,0.9586206896551722,92.0,168.0,76.0,39807,10.59182317609885,0
AD_inst340001.rcp,30.0,4.0,6.166666666666667,3.1313823713426556,185.0,80.0,0.1839080459770115,0.496551724137931,0.503448275862069,40.0,1.0,2.2589285714285716,2.2364248511904763,189.0,0.863013698630137,91.0,148.0,57.0,69238,11.145319566667077,0
AD_inst34001.rcp,30.0,3.0,5.633333333333334,2.7505554994501664,169.0,58.0,0.13333333333333333,0.8988505747126436,0.10114942528735638,92.0,0.5000000000000001,0.2980072463768116,0.2632850241545894,0.0,0.0,28.0,92.0,0.0,32,3.4965075614664802,1
AD_inst341001.rcp,30.0,4.0,5.133333333333334,2.963481436119049,154.0,24.0,0.05517241379310345,0.09655172413793103,0.903448275862069,33.0,1.0,2.5629984051036683,2.4553183658446818,363.0,0.9236641221374046,85.0,142.0,57.0,60425,11.0091747548762,0
AD_inst342001.rcp,30.0,4.0,5.633333333333334,2.7505554994501664,169.0,58.0,0.13333333333333333,0.8988505747126436,0.10114942528735638,92.0,1.0,0.9483695652173914,0.9002871529046401,44.0,0.9999999999999996,88.0,169.0,77.0,78699,11.273398434405495,0
AD_inst343001.rcp,30.0,4.0,5.7,2.9793735359411824,171.0,22.0,0.05057471264367816,0.3333333333333333,0.6666666666666667,71.0,1.0,1.2550037064492217,1.1993348982785603,267.0,0.9206896551724136,90.0,165.0,75.0,45936,10.735026171542216,0
AD_inst344001.rcp,30.0,4.0,6.166666666666667,3.1313823713426556,185.0,80.0,0.1839080459770115,0.496551724137931,0.503448275862069,40.0,1.0,2.328125,2.209306891025641,208.0,0.9497716894977168,94.0,160.0,66.0,63132,11.052998891221021,0
AD_inst345001.rcp,30.0,4.0,5.133333333333334,2.963481436119049,154.0,24.0,0.05517241379310345,0.09655172413793103,0.903448275862069,33.0,1.0,2.494949494949495,2.3247021497021496,369.0,0.9389312977099237,83.0,133.0,50.0,54286,10.902040066577316,0
AD_inst346001.rcp,30.0,4.0,5.633333333333334,2.7505554994501664,169.0,58.0,0.13333333333333333,0.8988505747126436,0.10114942528735638,92.0,1.0,0.9369565217391305,0.9161231884057971,39.0,0.8863636363636359,87.0,151.0,59.0,74362,11.216713785292686,0
AD_inst347001.rcp,30.0,4.0,5.7,2.9793735359411824,171.0,22.0,0.05057471264367816,0.3333333333333333,0.6666666666666667,71.0,1.0,1.3954496208017335,1.3067459213896664,269.0,0.9275862068965516,100.0,166.0,66.0,44009,10.692172159805137,0
AD_inst348001.rcp,30.0,4.0,6.166666666666667,3.1313823713426556,185.0,80.0,0.1839080459770115,0.496551724137931,0.503448275862069,40.0,1.0,2.4794117647058824,2.318667711475616,212.0,0.9680365296803652,100.0,173.0,73.0,56818,10.947626055816489,0
AD_inst349001.rcp,30.0,4.0,5.133333333333334,2.963481436119049,154.0,24.0,0.05517241379310345,0.09655172413793103,0.903448275862069,33.0,1.0,2.57397504456328,2.4466724781353264,331.0,0.8422391857506362,85.0,132.0,47.0,61835,11.032240998116224,0
AD_inst350001.rcp,30.0,4.0,5.633333333333334,2.7505554994501664,169.0,58.0,0.13333333333333333,0.8988505747126436,0.10114942528735638,92.0,1.0,0.9862700228832952,0.9400597019304113,41.0,0.9318181818181813,91.0,168.0,76.0,82877,11.325124925928014,0
AD_inst35001.rcp,30.0,4.0,5.7,2.9793735359411824,171.0,22.0,0.05057471264367816,0.3333333333333333,0.6666666666666667,71.0,0.5,0.3873239436619718,0.31762634631317316,11.0,0.03793103448275861,28.0,88.0,17.0,32,3.4965075614664802,1
AD_inst351001.rcp,30.0,4.0,5.7,2.9793735359411824,171.0,22.0,0.05057471264367816,0.3333333333333333,0.6666666666666667,71.0,1.0,1.2230046948356808,1.1362969483568075,273.0,0.9413793103448274,87.0,165.0,78.0,42051,10.646662226695721,0
AD_inst352001.rcp,30.0,4.0,6.166666666666667,3.1313823713426556,185.0,80.0,0.1839080459770115,0.496551724137931,0.503448275862069,40.0,1.0,2.521153846153846,2.4240384615384616,197.0,0.8995433789954338,101.0,161.0,60.0,59571,10.994940944005759,0
AD_inst353001.rcp,30.0,4.0,5.133333333333334,2.963481436119049,154.0,24.0,0.05517241379310345,0.09655172413793103,0.903448275862069,33.0,1.0,2.5353535353535355,2.407070707070707,362.0,0.9211195928753181,84.0,142.0,58.0,60092,11.003648641194088,0
AD_inst354001.rcp,30.0,4.0,5.633333333333334,2.7505554994501664,169.0,58.0,0.13333333333333333,0.8988505747126436,0.10114942528735638,92.0,1.0,0.9679633867276888,0.9446176582761251,38.0,0.8636363636363632,90.0,163.0,71.0,73389,11.203542965539109,0
AD_inst355001.rcp,30.0,4.0,5.7,2.9793735359411824,171.0,22.0,0.05057471264367816,0.3333333333333333,0.6666666666666667,71.0,1.0,1.2300469483568075,1.185476104490189,266.0,0.9172413793103447,88.0,169.0,81.0,45391,10.723091157048632,0
AD_inst356001.rcp,30.0,4.0,6.166666666666667,3.1313823713426556,185.0,80.0,0.1839080459770115,0.496551724137931,0.503448275862069,40.0,1.0,2.4910714285714284,2.4031140581232493,205.0,0.9360730593607306,100.0,170.0,70.0,63851,11.064323184384369,0
AD_inst357001.rcp,30.0,4.0,5.133333333333334,2.963481436119049,154.0,24.0,0.05517241379310345,0.09655172413793103,0.903448275862069,33.0,1.0,2.4722222222222223,2.321915421180127,356.0,0.905852417302799,82.0,134.0,52.0,54410,10.904321618285532,0
AD_inst358001.rcp,30.0,4.0,5.633333333333334,2.7505554994501664,169.0,58.0,0.13333333333333333,0.8988505747126436,0.10114942528735638,92.0,1.0,1.061381074168798,0.9481493321966469,42.0,0.954545454545454,98.0,167.0,69.0,90459,11.412663043031834,0
AD_inst359001.rcp,30.0,4.0,5.7,2.9793735359411824,171.0,22.0,0.05057471264367816,0.3333333333333333,0.6666666666666667,71.0,1.0,1.2996158770806658,1.2092563979447783,278.0,0.9586206896551722,93.0,161.0,68.0,41356,10.629996972702473,0
AD_inst360001.rcp,30.0,4.0,6.166666666666667,3.1313823713426556,185.0,80.0,0.1839080459770115,0.496551724137931,0.503448275862069,40.0,1.0,2.4857142857142858,2.375360863095238,197.0,0.8995433789954338,100.0,164.0,64.0,73688,11.207608813306638,0
AD_inst36001.rcp,30.0,4.0,6.166666666666667,3.1313823713426556,185.0,80.0,0.1839080459770115,0.496551724137931,0.503448275862069,40.0,0.5,0.5775,0.5363199300699301,5.0,0.0228310502283105,24.0,44.0,4.0,11422,9.343384145733948,1
AD_inst361001.rcp,30.0,4.0,5.133333333333334,2.963481436119049,154.0,24.0,0.05517241379310345,0.09655172413793103,0.903448275862069,33.0,1.0,2.4338118022328548,2.3095566713987767,351.0,0.8931297709923665,81.0,129.0,48.0,51400,10.847412906506923,0
AD_inst362001.rcp,30.0,4.0,5.633333333333334,2.7505554994501664,169.0,58.0,0.13333333333333333,0.8988505747126436,0.10114942528735638,92.0,1.0,1.0058528428093645,0.913136074928123,41.0,0.9318181818181813,93.0,163.0,70.0,77857,11.26264193370378,0
AD_inst363001.rcp,30.0,4.0,5.7,2.9793735359411824,171.0,22.0,0.05057471264367816,0.3333333333333333,0.6666666666666667,71.0,1.0,1.2928094885100074,1.199747892334994,278.0,0.9586206896551722,92.0,159.0,67.0,48794,10.795383127575562,0
AD_inst364001.rcp,30.0,4.0,6.166666666666667,3.1313823713426556,185.0,80.0,0.1839080459770115,0.496551724137931,0.503448275862069,40.0,1.0,2.6176470588235294,2.407396214466648,204.0,0.9315068493150684,105.0,174.0,69.0,51030,10.840188570181905,0
AD_inst365001.rcp,30.0,4.0,5.133333333333334,2.963481436119049,154.0,24.0,0.05517241379310345,0.09655172413793103,0.903448275862069,33.0,1.0,2.4606060606060605,2.2927239427239425,342.0,0.8702290076335878,82.0,119.0,37.0,57899,10.966472663561087,0
AD_inst366001.rcp,30.0,4.0,5.633333333333334,2.7505554994501664,169.0,58.0,0.13333333333333333,0.8988505747126436,0.10114942528735638,92.0,1.0,0.984472049689441,0.9468102062159136,36.0,0.8181818181818178,91.0,156.0,64.0,74552,11.21926556083191,0
AD_inst367001.rcp,30.0,4.0,5.7,2.9793735359411824,171.0,22.0,0.05057471264367816,0.3333333333333333,0.6666666666666667,71.0,1.0,1.276056338028169,1.191422033331209,255.0,0.8793103448275861,91.0,166.0,75.0,49721,10.814202770077097,0
AD_inst368001.rcp,30.0,4.0,6.166666666666667,3.1313823713426556,185.0,80.0,0.1839080459770115,0.496551724137931,0.503448275862069,40.0,1.0,2.4514705882352943,2.2411368778280547,205.0,0.9360730593607306,99.0,171.0,72.0,60332,11.007634496702712,0
AD_inst369001.rcp,30.0,4.0,5.133333333333334,2.963481436119049,154.0,24.0,0.05517241379310345,0.09655172413793103,0.903448275862069,33.0,1.0,2.574074074074074,2.3633733164983166,375.0,0.9541984732824428,85.0,144.0,59.0,52060,10.86017138696953,0
AD_inst370001.rcp,30.0,4.0,5.633333333333334,2.7505554994501664,169.0,58.0,0.13333333333333333,0.8988505747126436,0.10114942528735638,92.0,1.0,0.9380434782608695,0.9104586514239563,42.0,0.954545454545454,87.0,169.0,77.0,77723,11.260919368970917,0
AD_inst37001.rcp,30.0,4.0,5.133333333333334,2.963481436119049,154.0,24.0,0.05517241379310345,0.09655172413793103,0.903448275862069,33.0,0.5,0.6531986531986532,0.5700854700854701,21.0,0.05343511450381679,22.0,51.0,18.0,32,3.4965075614664802,1
AD_inst371001.rcp,30.0,4.0,5.7,2.9793735359411824,171.0,22.0,0.05057471264367816,0.3333333333333333,0.6666666666666667,71.0,1.0,1.3380281690140845,1.1661189358372457,262.0,0.9034482758620688,95.0,161.0,66.0,47270,10.763652278630156,0
AD_inst372001.rcp,30.0,4.0,6.166666666666667,3.1313823713426556,185.0,80.0,0.1839080459770115,0.496551724137931,0.503448275862069,40.0,1.0,2.3644736842105263,2.3153476640318744,200.0,0.91324200913242,95.0,157.0,62.0,61377,11.024806743739308,0
AD_inst373001.rcp,30.0,4.0,5.133333333333334,2.963481436119049,154.0,24.0,0.05517241379310345,0.09655172413793103,0.903448275862069,33.0,1.0,2.512987012987013,2.3877200749808405,360.0,0.916030534351145,83.0,145.0,62.0,51444,10.848268554809911,0
AD_inst374001.rcp,30.0,4.0,5.633333333333334,2.7505554994501664,169.0,58.0,0.13333333333333333,0.8988505747126436,0.10114942528735638,92.0,1.0,0.9479813664596274,0.9092232495765105,40.0,0.9090909090909086,88.0,165.0,73.0,75513,11.232073348510589,0
AD_inst375001.rcp,30.0,4.0,5.7,2.9793735359411824,171.0,22.0,0.05057471264367816,0.3333333333333333,0.6666666666666667,71.0,1.0,1.2942920681986656,1.2356854945462248,276.0,0.9517241379310343,92.0,171.0,79.0,45850,10.733152287697589,0
AD_inst376001.rcp,30.0,4.0,6.166666666666667,3.1313823713426556,185.0,80.0,0.1839080459770115,0.496551724137931,0.503448275862069,40.0,1.0,2.464583333333333,2.313990800865801,210.0,0.958904109589041,99.0,176.0,77.0,63022,11.051255018113492,0
AD_inst377001.rcp,30.0,4.0,5.133333333333334,2.963481436119049,154.0,24.0,0.05517241379310345,0.09655172413793103,0.903448275862069,33.0,1.0,2.4272727272727272,2.2644716394716395,356.0,0.905852417302799,81.0,143.0,62.0,59201,10.988710604085222,0
AD_inst378001.rcp,30.0,4.0,5.633333333333334,2.7505554994501664,169.0,58.0,0.13333333333333333,0.8988505747126436,0.10114942528735638,92.0,1.0,0.9881422924901185,0.9111482154620741,42.0,0.954545454545454,91.0,169.0,77.0,77269,11.255061060927629,0
AD_inst379001.rcp,30.0,4.0,5.7,2.9793735359411824,171.0,22.0,0.05057471264367816,0.3333333333333333,0.6666666666666667,71.0,1.0,1.3113417346182357,1.2551345223041033,262.0,0.9034482758620688,94.0,166.0,72.0,49102,10.801675411712429,0
AD_inst380001.rcp,30.0,4.0,6.166666666666667,3.1313823713426556,185.0,80.0,0.1839080459770115,0.496551724137931,0.503448275862069,40.0,1.0,2.4477272727272728,2.3398164335664333,198.0,0.9041095890410958,98.0,162.0,64.0,51459,10.848560085835736,0
AD_inst38001.rcp,30.0,4.0,5.633333333333334,2.7505554994501664,169.0,58.0,0.13333333333333333,0.8988505747126436,0.10114942528735638,92.0,0.5,0.2591973244147157,0.20528846153846153,4.0,0.09090909090909087,24.0,94.0,2.0,135,4.912654885736052,1
AD_inst381001.rcp,30.0,4.0,5.133333333333334,2.963481436119049,154.0,24.0,0.05517241379310345,0.09655172413793103,0.903448275862069,33.0,1.0,2.4484848484848483,2.31133627294618,370.0,0.9414758269720102,81.0,139.0,58.0,55243,10.919515016197819,0
AD_inst382001.rcp,30.0,4.0,5.633333333333334,2.7505554994501664,169.0,58.0,0.13333333333333333,0.8988505747126436,0.10114942528735638,92.0,1.0,0.9251207729468599,0.8780506222961466,41.0,0.9318181818181813,86.0,160.0,68.0,71168,11.172812609330474,0
AD_inst383001.rcp,30.0,4.0,5.7,2.9793735359411824,171.0,22.0,0.05057471264367816,0.3333333333333333,0.6666666666666667,71.0,1.0,1.3131731565865783,1.2650273297539245,252.0,0.8689655172413792,94.0,160.0,66.0,62464,11.04236167886593,0
AD_inst384001.rcp,30.0,4.0,6.166666666666667,3.1313823713426556,185.0,80.0,0.1839080459770115,0.496551724137931,0.503448275862069,40.0,1.0,2.5921875,2.278752660603715,195.0,0.8904109589041096,104.0,169.0,65.0,61137,11.02088888310082,0
AD_inst385001.rcp,30.0,4.0,5.133333333333334,2.963481436119049,154.0,24.0,0.05517241379310345,0.09655172413793103,0.903448275862069,33.0,1.0,2.456060606060606,2.254545454545455,348.0,0.8854961832061069,82.0,133.0,51.0,64734,11.078057292492748,0
AD_inst386001.rcp,30.0,4.0,5.633333333333334,2.7505554994501664,169.0,58.0,0.13333333333333333,0.8988505747126436,0.10114942528735638,92.0,1.0,0.9341032608695652,0.9105182955986184,43.0,0.9772727272727268,86.0,169.0,77.0,75729,11.234929662107868,0
AD_inst387001.rcp,30.0,4.0,5.7,2.9793735359411824,171.0,22.0,0.05057471264367816,0.3333333333333333,0.6666666666666667,71.0,1.0,1.2612676056338028,1.1932624593716143,275.0,0.9482758620689653,90.0,159.0,69.0,39862,10.593203854356613,0
AD_inst388001.rcp,30.0,4.0,6.166666666666667,3.1313823713426556,185.0,80.0,0.1839080459770115,0.496551724137931,0.503448275862069,40.0,1.0,2.5052631578947366,2.403406954887218,203.0,0.9269406392694064,101.0,175.0,74.0,58021,10.968577527953402,0
AD_inst389001.rcp,30.0,4.0,5.133333333333334,2.963481436119049,154.0,24.0,0.05517241379310345,0.09655172413793103,0.903448275862069,33.0,1.0,2.3682983682983685,2.306342268842269,344.0,0.8753180661577609,79.0,130.0,51.0,61317,11.023828716667804,0
AD_inst390001.rcp,30.0,4.0,5.633333333333334,2.7505554994501664,169.0,58.0,0.13333333333333333,0.8988505747126436,0.10114942528735638,92.0,1.0,0.9717391304347827,0.9134057971014493,40.0,0.9090909090909086,90.0,164.0,72.0,80671,11.298146829987646,0
AD_inst39001.rcp,30.0,4.0,5.7,2.9793735359411824,171.0,22.0,0.05057471264367816,0.3333333333333333,0.6666666666666667,71.0,0.5,0.34820031298904536,0.3086463223787167,16.0,0.05517241379310344,25.0,86.0,15.0,32,3.4965075614664802,1
AD_inst391001.rcp,30.0,4.0,5.7,2.9793735359411824,171.0,22.0,0.05057471264367816,0.3333333333333333,0.6666666666666667,71.0,1.0,1.3153364632237872,1.241168167965796,270.0,0.9310344827586206,94.0,162.0,68.0,44823,10.71049898924512,0
AD_inst392001.rcp,30.0,4.0,6.166666666666667,3.1313823713426556,185.0,80.0,0.1839080459770115,0.496551724137931,0.503448275862069,40.0,1.0,2.3808823529411764,2.2646833075335397,193.0,0.8812785388127854,96.0,151.0,55.0,68115,11.128967413146496,0
AD_inst393001.rcp,30.0,4.0,5.133333333333334,2.963481436119049,154.0,24.0,0.05517241379310345,0.09655172413793103,0.903448275862069,33.0,1.0,2.403263403263403,2.3141490491089423,365.0,0.9287531806615776,80.0,139.0,59.0,56265,10.93784572406446,0
AD_inst394001.rcp,30.0,4.0,5.633333333333334,2.7505554994501664,169.0,58.0,0.13333333333333333,0.8988505747126436,0.10114942528735638,92.0,1.0,0.9463315217391305,0.9056869647562582,42.0,0.954545454545454,88.0,162.0,70.0,78817,11.274896676156573,0
AD_inst395001.rcp,30.0,4.0,5.7,2.9793735359411824,171.0,22.0,0.05057471264367816,0.3333333333333333,0.6666666666666667,71.0,1.0,1.289906103286385,1.252699530516432,277.0,0.9551724137931032,92.0,168.0,76.0,49184,10.803343977946858,0
AD_inst396001.rcp,30.0,4.0,6.166666666666667,3.1313823713426556,185.0,80.0,0.1839080459770115,0.496551724137931,0.503448275862069,40.0,1.0,2.5454545454545454,2.340299934440559,206.0,0.9406392694063926,102.0,176.0,74.0,54595,10.907715898976086,0
AD_inst397001.rcp,30.0,4.0,5.133333333333334,2.963481436119049,154.0,24.0,0.05517241379310345,0.09655172413793103,0.903448275862069,33.0,1.0,2.4343434343434343,2.313315038934234,385.0,0.9796437659033079,81.0,148.0,67.0,56447,10.941075139366463,0
AD_inst398001.rcp,30.0,4.0,5.633333333333334,2.7505554994501664,169.0,58.0,0.13333333333333333,0.8988505747126436,0.10114942528735638,92.0,1.0,0.9717391304347827,0.9372362531969309,40.0,0.9090909090909086,90.0,168.0,76.0,85513,11.356435384210538,0
AD_inst399001.rcp,30.0,4.0,5.7,2.9793735359411824,171.0,22.0,0.05057471264367816,0.3333333333333333,0.6666666666666667,71.0,1.0,1.2336371168185585,1.1898496307154136,264.0,0.9103448275862067,88.0,165.0,77.0,44661,10.706878307194833,0
AD_inst400001.rcp,30.0,4.0,6.166666666666667,3.1313823713426556,185.0,80.0,0.1839080459770115,0.496551724137931,0.503448275862069,40.0,1.0,3.5096153846153846,3.4338608759661393,219.0,1.0,141.0,185.0,44.0,62530,11.043417712757153,0
AD_inst40001.rcp,30.0,4.0,6.166666666666667,3.1313823713426556,185.0,80.0,0.1839080459770115,0.496551724137931,0.503448275862069,40.0,0.5,0.675,0.5991054417718504,3.0,0.0136986301369863,27.0,50.0,10.0,21490,9.975389521825207,1
AD_inst4001.rcp,30.0,4.0,6.166666666666667,3.1313823713426556,185.0,80.0,0.1839080459770115,0.496551724137931,0.503448275862069,40.0,0.5,0.6535714285714286,0.5890376984126984,11.0,0.0502283105022831,27.0,53.0,13.0,40192,10.601448130091603,0
AD_inst401001.rcp,30.0,4.0,5.133333333333334,2.963481436119049,154.0,24.0,0.05517241379310345,0.09655172413793103,0.903448275862069,33.0,1.0,3.608815426997245,3.4922246138559814,393.0,1.0,120.0,154.0,34.0,65734,11.093386787130704,0
AD_inst402001.rcp,30.0,4.0,5.633333333333334,2.7505554994501664,169.0,58.0,0.13333333333333333,0.8988505747126436,0.10114942528735638,92.0,1.0,1.4710144927536233,1.4174294431731504,44.0,0.9999999999999996,136.0,169.0,33.0,79705,11.286100144253393,0
AD_inst403001.rcp,30.0,4.0,5.7,2.9793735359411824,171.0,22.0,0.05057471264367816,0.3333333333333333,0.6666666666666667,71.0,1.0,1.8967136150234742,1.863096120583148,290.0,0.9999999999999998,135.0,171.0,36.0,49823,10.816252074633725,0
AD_inst404001.rcp,30.0,4.0,6.166666666666667,3.1313823713426556,185.0,80.0,0.1839080459770115,0.496551724137931,0.503448275862069,40.0,1.0,3.6363636363636362,3.547076509581105,219.0,1.0,146.0,185.0,39.0,63365,11.05668271897453,0
AD_inst405001.rcp,30.0,4.0,5.133333333333334,2.963481436119049,154.0,24.0,0.05517241379310345,0.09655172413793103,0.903448275862069,33.0,1.0,3.828877005347594,3.5902579718756185,393.0,1.0,127.0,154.0,27.0,65675,11.09248884093192,0
AD_inst406001.rcp,30.0,4.0,5.633333333333334,2.7505554994501664,169.0,58.0,0.13333333333333333,0.8988505747126436,0.10114942528735638,92.0,1.0,1.4384057971014492,1.4258646245059288,44.0,0.9999999999999996,133.0,169.0,36.0,78761,11.274185926031462,0
AD_inst407001.rcp,30.0,4.0,5.7,2.9793735359411824,171.0,22.0,0.05057471264367816,0.3333333333333333,0.6666666666666667,71.0,1.0,1.8739807264640473,1.7543331259486745,290.0,0.9999999999999998,134.0,171.0,37.0,49539,10.810535703043351,0
AD_inst408001.rcp,30.0,4.0,6.166666666666667,3.1313823713426556,185.0,80.0,0.1839080459770115,0.496551724137931,0.503448275862069,40.0,1.0,3.61,3.4932300420168065,219.0,1.0,145.0,185.0,40.0,62799,11.04771035245629,0
AD_inst409001.rcp,30.0,4.0,5.133333333333334,2.963481436119049,154.0,24.0,0.05517241379310345,0.09655172413793103,0.903448275862069,33.0,1.0,3.67003367003367,3.5804260554260554,393.0,1.0,122.0,154.0,32.0,65220,11.08553678194579,0
AD_inst410001.rcp,30.0,4.0,5.633333333333334,2.7505554994501664,169.0,58.0,0.13333333333333333,0.8988505747126436,0.10114942528735638,92.0,1.0,1.3661684782608696,1.3395477264902618,44.0,0.9999999999999996,126.0,169.0,43.0,78933,11.276367339234158,0
AD_inst41001.rcp,30.0,4.0,5.133333333333334,2.963481436119049,154.0,24.0,0.05517241379310345,0.09655172413793103,0.903448275862069,33.0,0.5,0.6991341991341992,0.626074209881028,18.0,0.04580152671755725,24.0,48.0,15.0,27141,10.208837622641315,0
AD_inst411001.rcp,30.0,4.0,5.7,2.9793735359411824,171.0,22.0,0.05057471264367816,0.3333333333333333,0.6666666666666667,71.0,1.0,1.8838028169014085,1.8485475352112675,290.0,0.9999999999999998,134.0,171.0,37.0,50241,10.824606609266924,0
AD_inst412001.rcp,30.0,4.0,6.166666666666667,3.1313823713426556,185.0,80.0,0.1839080459770115,0.496551724137931,0.503448275862069,40.0,1.0,3.6076923076923078,3.472806013431013,219.0,1.0,145.0,185.0,40.0,63444,11.057928667831016,0
AD_inst413001.rcp,30.0,4.0,5.133333333333334,2.963481436119049,154.0,24.0,0.05517241379310345,0.09655172413793103,0.903448275862069,33.0,1.0,3.6306818181818183,3.5096715580171467,393.0,1.0,120.0,154.0,34.0,65903,11.095954416675863,0
AD_inst414001.rcp,30.0,4.0,5.633333333333334,2.7505554994501664,169.0,58.0,0.13333333333333333,0.8988505747126436,0.10114942528735638,92.0,1.0,1.3541666666666667,1.3281181379007467,44.0,0.9999999999999996,125.0,169.0,44.0,79170,11.279365349132823,0
AD_inst415001.rcp,30.0,4.0,5.7,2.9793735359411824,171.0,22.0,0.05057471264367816,0.3333333333333333,0.6666666666666667,71.0,1.0,1.8783610755441742,1.7731709234674395,290.0,0.9999999999999998,134.0,171.0,37.0,50110,10.821995823851237,0
AD_inst416001.rcp,30.0,4.0,6.166666666666667,3.1313823713426556,185.0,80.0,0.1839080459770115,0.496551724137931,0.503448275862069,40.0,1.0,3.6483333333333334,3.500955882352941,219.0,1.0,146.0,185.0,39.0,63637,11.060966055182279,0
AD_inst417001.rcp,30.0,4.0,5.133333333333334,2.963481436119049,154.0,24.0,0.05517241379310345,0.09655172413793103,0.903448275862069,33.0,1.0,3.7545454545454544,3.5319444444444446,393.0,1.0,124.0,154.0,30.0,65675,11.09248884093192,0
AD_inst418001.rcp,30.0,4.0,5.633333333333334,2.7505554994501664,169.0,58.0,0.13333333333333333,0.8988505747126436,0.10114942528735638,92.0,1.0,1.4315217391304347,1.3630444283976892,44.0,0.9999999999999996,132.0,169.0,37.0,79270,11.280627640864537,0
AD_inst419001.rcp,30.0,4.0,5.7,2.9793735359411824,171.0,22.0,0.05057471264367816,0.3333333333333333,0.6666666666666667,71.0,1.0,1.8905742145178766,1.8414484885018614,290.0,0.9999999999999998,135.0,171.0,36.0,50596,10.831647564980372,0
AD_inst420001.rcp,30.0,4.0,6.166666666666667,3.1313823713426556,185.0,80.0,0.1839080459770115,0.496551724137931,0.503448275862069,40.0,1.0,3.5533333333333332,3.4599314692982452,219.0,1.0,143.0,185.0,42.0,63535,11.059361953371033,0
AD_inst42001.rcp,30.0,4.0,5.633333333333334,2.7505554994501664,169.0,58.0,0.13333333333333333,0.8988505747126436,0.10114942528735638,92.0,0.5,0.26679841897233203,0.23791596578142546,1.0,0.022727272727272717,25.0,94.0,2.0,98,4.59511985013459,1
AD_inst421001.rcp,30.0,4.0,5.133333333333334,2.963481436119049,154.0,24.0,0.05517241379310345,0.09655172413793103,0.903448275862069,33.0,1.0,3.633608815426997,3.4468243510250263,393.0,1.0,120.0,154.0,34.0,65367,11.087788121064543,0
AD_inst422001.rcp,30.0,4.0,5.633333333333334,2.7505554994501664,169.0,58.0,0.13333333333333333,0.8988505747126436,0.10114942528735638,92.0,1.0,1.4494884910485935,1.3927904363326358,44.0,0.9999999999999996,134.0,169.0,35.0,79453,11.28293351682718,0
AD_inst423001.rcp,30.0,4.0,5.7,2.9793735359411824,171.0,22.0,0.05057471264367816,0.3333333333333333,0.6666666666666667,71.0,1.0,1.8090766823161188,1.7165205686332448,290.0,0.9999999999999998,129.0,171.0,42.0,50902,10.837677139898041,0
AD_inst424001.rcp,30.0,4.0,6.166666666666667,3.1313823713426556,185.0,80.0,0.1839080459770115,0.496551724137931,0.503448275862069,40.0,1.0,3.5483333333333333,3.485568181818182,219.0,1.0,142.0,185.0,43.0,63331,11.056146009621324,0
AD_inst425001.rcp,30.0,4.0,5.133333333333334,2.963481436119049,154.0,24.0,0.05517241379310345,0.09655172413793103,0.903448275862069,33.0,1.0,3.4696969696969697,3.4184025260580286,393.0,1.0,115.0,154.0,39.0,63573,11.05995986071321,0
AD_inst426001.rcp,30.0,4.0,5.633333333333334,2.7505554994501664,169.0,58.0,0.13333333333333333,0.8988505747126436,0.10114942528735638,92.0,1.0,1.3987414187643021,1.3402370566361554,44.0,0.9999999999999996,129.0,169.0,40.0,79612,11.284932675080688,0
AD_inst427001.rcp,30.0,4.0,5.7,2.9793735359411824,171.0,22.0,0.05057471264367816,0.3333333333333333,0.6666666666666667,71.0,1.0,1.8279678068410463,1.8006539235412475,290.0,0.9999999999999998,130.0,171.0,41.0,50833,10.836320701029594,0
AD_inst428001.rcp,30.0,4.0,6.166666666666667,3.1313823713426556,185.0,80.0,0.1839080459770115,0.496551724137931,0.503448275862069,40.0,1.0,3.6333333333333333,3.491796875,219.0,1.0,146.0,185.0,39.0,63459,11.058165065137187,0
AD_inst429001.rcp,30.0,4.0,5.133333333333334,2.963481436119049,154.0,24.0,0.05517241379310345,0.09655172413793103,0.903448275862069,33.0,1.0,3.529505582137161,3.3891547049441786,393.0,1.0,117.0,154.0,37.0,65127,11.084109843253813,0
AD_inst430001.rcp,30.0,4.0,5.633333333333334,2.7505554994501664,169.0,58.0,0.13333333333333333,0.8988505747126436,0.10114942528735638,92.0,1.0,1.4202898550724639,1.4010180995475114,44.0,0.9999999999999996,131.0,169.0,38.0,78688,11.273258653353224,0
AD_inst43001.rcp,30.0,4.0,5.7,2.9793735359411824,171.0,22.0,0.05057471264367816,0.3333333333333333,0.6666666666666667,71.0,0.5,0.3543365455893254,0.29890431811244617,13.0,0.044827586206896544,26.0,84.0,13.0,32,3.4965075614664802,1
AD_inst431001.rcp,30.0,4.0,5.7,2.9793735359411824,171.0,22.0,0.05057471264367816,0.3333333333333333,0.6666666666666667,71.0,1.0,1.9154929577464788,1.8536746117732033,290.0,0.9999999999999998,136.0,171.0,35.0,50839,10.83643872530339,0
AD_inst432001.rcp,30.0,4.0,6.166666666666667,3.1313823713426556,185.0,80.0,0.1839080459770115,0.496551724137931,0.503448275862069,40.0,1.0,3.6645833333333333,3.5570449561403508,219.0,1.0,147.0,185.0,38.0,63069,11.052000499657696,0
AD_inst433001.rcp,30.0,4.0,5.133333333333334,2.963481436119049,154.0,24.0,0.05517241379310345,0.09655172413793103,0.903448275862069,33.0,1.0,3.5509641873278235,3.4893910609045706,393.0,1.0,118.0,154.0,36.0,65964,11.096879577317877,0
AD_inst434001.rcp,30.0,4.0,5.633333333333334,2.7505554994501664,169.0,58.0,0.13333333333333333,0.8988505747126436,0.10114942528735638,92.0,1.0,1.4230072463768115,1.3664528168246703,44.0,0.9999999999999996,131.0,169.0,38.0,78942,11.276481352041719,0
AD_inst435001.rcp,30.0,4.0,5.7,2.9793735359411824,171.0,22.0,0.05057471264367816,0.3333333333333333,0.6666666666666667,71.0,1.0,1.8152444076222038,1.795609527175393,290.0,0.9999999999999998,129.0,171.0,42.0,50148,10.822753853011813,0
AD_inst436001.rcp,30.0,4.0,6.166666666666667,3.1313823713426556,185.0,80.0,0.1839080459770115,0.496551724137931,0.503448275862069,40.0,1.0,3.4057692307692307,3.3567769036519035,219.0,1.0,137.0,185.0,48.0,63445,11.05794442939015,0
AD_inst437001.rcp,30.0,4.0,5.133333333333334,2.963481436119049,154.0,24.0,0.05517241379310345,0.09655172413793103,0.903448275862069,33.0,1.0,3.617424242424242,3.375473484848485,393.0,1.0,120.0,154.0,34.0,64426,11.073288078888153,0
AD_inst438001.rcp,30.0,4.0,5.633333333333334,2.7505554994501664,169.0,58.0,0.13333333333333333,0.8988505747126436,0.10114942528735638,92.0,1.0,1.4207161125319694,1.3779838022165387,44.0,0.9999999999999996,131.0,169.0,38.0,79032,11.2776207657468,0
AD_inst439001.rcp,30.0,4.0,5.7,2.9793735359411824,171.0,22.0,0.05057471264367816,0.3333333333333333,0.6666666666666667,71.0,1.0,1.8985915492957746,1.8611794586683392,290.0,0.9999999999999998,135.0,171.0,36.0,50933,10.838285955966024,0
AD_inst440001.rcp,30.0,4.0,6.166666666666667,3.1313823713426556,185.0,80.0,0.1839080459770115,0.496551724137931,0.503448275862069,40.0,1.0,3.501315789473684,3.364041068580542,219.0,1.0,141.0,185.0,44.0,63087,11.052285856117408,0
AD_inst44001.rcp,30.0,4.0,6.166666666666667,3.1313823713426556,185.0,80.0,0.1839080459770115,0.496551724137931,0.503448275862069,40.0,0.5,0.7470588235294118,0.5434298480157613,2.0,0.0091324200913242,30.0,47.0,7.0,1784,7.487173694213739,1
AD_inst441001.rcp,30.0,4.0,5.133333333333334,2.963481436119049,154.0,24.0,0.05517241379310345,0.09655172413793103,0.903448275862069,33.0,1.0,3.474747474747475,3.428002973457519,392.0,0.9974554707379135,115.0,154.0,39.0,65608,11.09146816064374,0
AD_inst442001.rcp,30.0,4.0,5.633333333333334,2.7505554994501664,169.0,58.0,0.13333333333333333,0.8988505747126436,0.10114942528735638,92.0,1.0,1.4980237154150198,1.4018920391203,44.0,0.9999999999999996,138.0,169.0,31.0,78979,11.27694993484064,0
AD_inst443001.rcp,30.0,4.0,5.7,2.9793735359411824,171.0,22.0,0.05057471264367816,0.3333333333333333,0.6666666666666667,71.0,1.0,1.8853118712273642,1.8093937959306643,290.0,0.9999999999999998,134.0,171.0,37.0,50886,10.837362767167287,0
AD_inst444001.rcp,30.0,4.0,6.166666666666667,3.1313823713426556,185.0,80.0,0.1839080459770115,0.496551724137931,0.503448275862069,40.0,1.0,3.551470588235294,3.4973025323489715,219.0,1.0,143.0,185.0,42.0,63545,11.059519332071725,0
AD_inst445001.rcp,30.0,4.0,5.133333333333334,2.963481436119049,154.0,24.0,0.05517241379310345,0.09655172413793103,0.903448275862069,33.0,1.0,3.772727272727273,3.5033581428318272,393.0,1.0,125.0,154.0,29.0,64874,11.08021762046819,0
AD_inst446001.rcp,30.0,4.0,5.633333333333334,2.7505554994501664,169.0,58.0,0.13333333333333333,0.8988505747126436,0.10114942528735638,92.0,1.0,1.4633152173913044,1.439610562254298,44.0,0.9999999999999996,135.0,169.0,34.0,78926,11.276278653618272,0
AD_inst447001.rcp,30.0,4.0,5.7,2.9793735359411824,171.0,22.0,0.05057471264367816,0.3333333333333333,0.6666666666666667,71.0,1.0,1.8973843058350102,1.8336267605633803,290.0,0.9999999999999998,135.0,171.0,36.0,49146,10.802571086072563,0
AD_inst448001.rcp,30.0,4.0,6.166666666666667,3.1313823713426556,185.0,80.0,0.1839080459770115,0.496551724137931,0.503448275862069,40.0,1.0,3.5808823529411766,3.4424938725490195,219.0,1.0,144.0,185.0,41.0,63752,11.06277152073697,0
AD_inst449001.rcp,30.0,4.0,5.133333333333334,2.963481436119049,154.0,24.0,0.05517241379310345,0.09655172413793103,0.903448275862069,33.0,1.0,3.799043062200957,3.576949317738791,393.0,1.0,126.0,154.0,28.0,65459,11.089194548055172,0
AD_inst450001.rcp,30.0,4.0,5.633333333333334,2.7505554994501664,169.0,58.0,0.13333333333333333,0.8988505747126436,0.10114942528735638,92.0,1.0,1.423913043478261,1.3657910628019323,44.0,0.9999999999999996,131.0,169.0,38.0,77489,11.257904174757996,0
AD_inst45001.rcp,30.0,4.0,5.133333333333334,2.963481436119049,154.0,24.0,0.05517241379310345,0.09655172413793103,0.903448275862069,33.0,0.5,0.7575757575757576,0.6690539852304558,19.0,0.04834605597964377,25.0,47.0,14.0,1313,7.1808311990445555,1
AD_inst451001.rcp,30.0,4.0,5.7,2.9793735359411824,171.0,22.0,0.05057471264367816,0.3333333333333333,0.6666666666666667,71.0,1.0,1.8668373879641484,1.8156849407496674,290.0,0.9999999999999998,133.0,171.0,38.0,50395,10.82766708583052,0
AD_inst452001.rcp,30.0,4.0,6.166666666666667,3.1313823713426556,185.0,80.0,0.1839080459770115,0.496551724137931,0.503448275862069,40.0,1.0,3.6607142857142856,3.5118233082706767,219.0,1.0,147.0,185.0,38.0,63452,11.058054753348685,0
AD_inst453001.rcp,30.0,4.0,5.133333333333334,2.963481436119049,154.0,24.0,0.05517241379310345,0.09655172413793103,0.903448275862069,33.0,1.0,3.709090909090909,3.55821314751796,393.0,1.0,123.0,154.0,31.0,65844,11.09505877414432,0
AD_inst454001.rcp,30.0,4.0,5.633333333333334,2.7505554994501664,169.0,58.0,0.13333333333333333,0.8988505747126436,0.10114942528735638,92.0,1.0,1.3858695652173914,1.355661231884058,44.0,0.9999999999999996,128.0,169.0,41.0,79404,11.282316617544748,0
AD_inst455001.rcp,30.0,4.0,5.7,2.9793735359411824,171.0,22.0,0.05057471264367816,0.3333333333333333,0.6666666666666667,71.0,1.0,1.9119718309859155,1.7996706198730847,290.0,0.9999999999999998,136.0,171.0,35.0,49515,10.8100511286517,0
AD_inst456001.rcp,30.0,4.0,6.166666666666667,3.1313823713426556,185.0,80.0,0.1839080459770115,0.496551724137931,0.503448275862069,40.0,1.0,3.5546875,3.4516214364035083,219.0,1.0,143.0,185.0,42.0,59558,10.994722696865189,0
AD_inst457001.rcp,30.0,4.0,5.133333333333334,2.963481436119049,154.0,24.0,0.05517241379310345,0.09655172413793103,0.903448275862069,33.0,1.0,3.7183600713012477,3.4453728461081403,393.0,1.0,123.0,154.0,31.0,65371,11.087849311212949,0
AD_inst458001.rcp,30.0,4.0,5.633333333333334,2.7505554994501664,169.0,58.0,0.13333333333333333,0.8988505747126436,0.10114942528735638,92.0,1.0,1.4429347826086956,1.3707045219273482,44.0,0.9999999999999996,133.0,169.0,36.0,79213,11.27990832985772,0
AD_inst459001.rcp,30.0,4.0,5.7,2.9793735359411824,171.0,22.0,0.05057471264367816,0.3333333333333333,0.6666666666666667,71.0,1.0,1.8976525821596244,1.8242886612604923,290.0,0.9999999999999998,135.0,171.0,36.0,50132,10.822434752871493,0
AD_inst460001.rcp,30.0,4.0,6.166666666666667,3.1313823713426556,185.0,80.0,0.1839080459770115,0.496551724137931,0.503448275862069,40.0,1.0,3.5763157894736843,3.458974598592197,219.0,1.0,144.0,185.0,41.0,63747,11.062693089979524,0
AD_inst46001.rcp,30.0,2.0,5.633333333333334,2.7505554994501664,169.0,58.0,0.13333333333333333,0.8988505747126436,0.10114942528735638,92.0,0.5,0.22916666666666666,0.21092720685111987,0.0,0.0,22.0,92.0,0.0,32,3.4965075614664802,1
AD_inst461001.rcp,30.0,4.0,5.133333333333334,2.963481436119049,154.0,24.0,0.05517241379310345,0.09655172413793103,0.903448275862069,33.0,1.0,3.606060606060606,3.575036075036075,393.0,1.0,119.0,154.0,35.0,65912,11.09609096962448,0
AD_inst462001.rcp,30.0,4.0,5.633333333333334,2.7505554994501664,169.0,58.0,0.13333333333333333,0.8988505747126436,0.10114942528735638,92.0,1.0,1.407114624505929,1.375808920406107,44.0,0.9999999999999996,130.0,169.0,39.0,79763,11.286827553829582,0
AD_inst463001.rcp,30.0,4.0,5.7,2.9793735359411824,171.0,22.0,0.05057471264367816,0.3333333333333333,0.6666666666666667,71.0,1.0,1.9072079536039768,1.8028583264291633,290.0,0.9999999999999998,136.0,171.0,35.0,49650,10.8127738102574,0
AD_inst464001.rcp,30.0,4.0,6.166666666666667,3.1313823713426556,185.0,80.0,0.1839080459770115,0.496551724137931,0.503448275862069,40.0,1.0,3.6266666666666665,3.477079613095238,219.0,1.0,146.0,185.0,39.0,63354,11.056509109233009,0
AD_inst465001.rcp,30.0,4.0,5.133333333333334,2.963481436119049,154.0,24.0,0.05517241379310345,0.09655172413793103,0.903448275862069,33.0,1.0,3.6893939393939394,3.568680094415388,393.0,1.0,122.0,154.0,32.0,66176,11.100088249532442,0
AD_inst466001.rcp,30.0,4.0,5.633333333333334,2.7505554994501664,169.0,58.0,0.13333333333333333,0.8988505747126436,0.10114942528735638,92.0,1.0,1.4662471395881007,1.380035516781083,44.0,0.9999999999999996,135.0,169.0,34.0,79322,11.28128340340112,0
AD_inst467001.rcp,30.0,4.0,5.7,2.9793735359411824,171.0,22.0,0.05057471264367816,0.3333333333333333,0.6666666666666667,71.0,1.0,1.8849765258215962,1.8200298605357634,290.0,0.9999999999999998,134.0,171.0,37.0,50828,10.836222336826216,0
AD_inst468001.rcp,30.0,4.0,6.166666666666667,3.1313823713426556,185.0,80.0,0.1839080459770115,0.496551724137931,0.503448275862069,40.0,1.0,3.54375,3.4252728174603178,219.0,1.0,142.0,185.0,43.0,63242,11.054739728528418,0
AD_inst469001.rcp,30.0,4.0,5.133333333333334,2.963481436119049,154.0,24.0,0.05517241379310345,0.09655172413793103,0.903448275862069,33.0,1.0,3.6787878787878787,3.492917814508724,393.0,1.0,122.0,154.0,32.0,64639,11.076588693194976,0
AD_inst470001.rcp,30.0,4.0,5.633333333333334,2.7505554994501664,169.0,58.0,0.13333333333333333,0.8988505747126436,0.10114942528735638,92.0,1.0,1.3718944099378882,1.367785237859966,44.0,0.9999999999999996,127.0,169.0,42.0,79556,11.284229024866319,0
AD_inst47001.rcp,30.0,4.0,5.7,2.9793735359411824,171.0,22.0,0.05057471264367816,0.3333333333333333,0.6666666666666667,71.0,0.5,0.3174431202600217,0.27840655616132004,9.0,0.031034482758620682,23.0,73.0,2.0,32,3.4965075614664802,1
AD_inst471001.rcp,30.0,4.0,5.7,2.9793735359411824,171.0,22.0,0.05057471264367816,0.3333333333333333,0.6666666666666667,71.0,1.0,1.8914664457332229,1.8295819810503893,290.0,0.9999999999999998,135.0,171.0,36.0,51558,10.85048206198529,0
AD_inst472001.rcp,30.0,4.0,6.166666666666667,3.1313823713426556,185.0,80.0,0.1839080459770115,0.496551724137931,0.503448275862069,40.0,1.0,3.541176470588235,3.3291360294117647,219.0,1.0,142.0,185.0,43.0,63238,11.054676478421662,0
AD_inst473001.rcp,30.0,4.0,5.133333333333334,2.963481436119049,154.0,24.0,0.05517241379310345,0.09655172413793103,0.903448275862069,33.0,1.0,3.574074074074074,3.5168788702879614,393.0,1.0,118.0,154.0,36.0,65847,11.09510433465248,0
AD_inst474001.rcp,30.0,4.0,5.633333333333334,2.7505554994501664,169.0,58.0,0.13333333333333333,0.8988505747126436,0.10114942528735638,92.0,1.0,1.3869565217391304,1.3499798470979822,44.0,0.9999999999999996,128.0,169.0,41.0,78801,11.274693656234545,0
AD_inst475001.rcp,30.0,4.0,5.7,2.9793735359411824,171.0,22.0,0.05057471264367816,0.3333333333333333,0.6666666666666667,71.0,1.0,1.941101152368758,1.8882628406002202,290.0,0.9999999999999998,138.0,171.0,33.0,51180,10.843123648405275,0
AD_inst476001.rcp,30.0,4.0,6.166666666666667,3.1313823713426556,185.0,80.0,0.1839080459770115,0.496551724137931,0.503448275862069,40.0,1.0,3.6,3.5329229797979798,219.0,1.0,144.0,185.0,41.0,63564,11.059818283384223,0
AD_inst477001.rcp,30.0,4.0,5.133333333333334,2.963481436119049,154.0,24.0,0.05517241379310345,0.09655172413793103,0.903448275862069,33.0,1.0,3.6418732782369148,3.523941317078279,393.0,1.0,121.0,154.0,33.0,65508,11.089942816764351,0
AD_inst478001.rcp,30.0,4.0,5.633333333333334,2.7505554994501664,169.0,58.0,0.13333333333333333,0.8988505747126436,0.10114942528735638,92.0,1.0,1.4466403162055337,1.3764592052235913,44.0,0.9999999999999996,134.0,169.0,35.0,80229,11.292652788747702,0
AD_inst479001.rcp,30.0,4.0,5.7,2.9793735359411824,171.0,22.0,0.05057471264367816,0.3333333333333333,0.6666666666666667,71.0,1.0,1.8791697553743514,1.8397336771827135,290.0,0.9999999999999998,134.0,171.0,37.0,50738,10.834450124642151,0
AD_inst48001.rcp,30.0,4.0,6.166666666666667,3.1313823713426556,185.0,80.0,0.1839080459770115,0.496551724137931,0.503448275862069,40.0,0.5,0.5779411764705882,0.5513034759358288,10.0,0.045662100456621,24.0,51.0,11.0,36927,10.516725349867771,0
AD_inst49001.rcp,30.0,4.0,5.133333333333334,2.963481436119049,154.0,24.0,0.05517241379310345,0.09655172413793103,0.903448275862069,33.0,0.5,0.6505050505050505,0.579967567835215,23.0,0.058524173027989825,22.0,47.0,14.0,31007,10.342000514690493,0
AD_inst50001.rcp,30.0,3.0,5.633333333333334,2.7505554994501664,169.0,58.0,0.13333333333333333,0.8988505747126436,0.10114942528735638,92.0,0.5,0.27759197324414714,0.22699623745819397,1.0,0.022727272727272717,26.0,94.0,2.0,32,3.4965075614664802,1
AD_inst5001.rcp,30.0,4.0,5.133333333333334,2.963481436119049,154.0,24.0,0.05517241379310345,0.09655172413793103,0.903448275862069,33.0,0.5,0.5757575757575758,0.5468281718281718,26.0,0.06615776081424936,19.0,41.0,8.0,32,3.4965075614664802,1
AD_inst51001.rcp,30.0,4.0,5.7,2.9793735359411824,171.0,22.0,0.05057471264367816,0.3333333333333333,0.6666666666666667,71.0,0.5,0.3701095461658842,0.3170455481426571,13.0,0.044827586206896544,27.0,85.0,14.0,32,3.4965075614664802,1
AD_inst52001.rcp,30.0,4.0,6.166666666666667,3.1313823713426556,185.0,80.0,0.1839080459770115,0.496551724137931,0.503448275862069,40.0,0.5,0.6545454545454545,0.6010765550239235,8.0,0.0365296803652968,27.0,51.0,11.0,41290,10.628399837526073,0
AD_inst53001.rcp,30.0,4.0,5.133333333333334,2.963481436119049,154.0,24.0,0.05517241379310345,0.09655172413793103,0.903448275862069,33.0,0.5,0.7337662337662337,0.5795589826839826,24.0,0.061068702290076333,25.0,38.0,5.0,32208,10.380001195584374,0
AD_inst54001.rcp,30.0,4.0,5.633333333333334,2.7505554994501664,169.0,58.0,0.13333333333333333,0.8988505747126436,0.10114942528735638,92.0,0.5,0.26793478260869563,0.24339415113871635,0.0,0.0,25.0,92.0,0.0,32,3.4965075614664802,1
AD_inst55001.rcp,30.0,4.0,5.7,2.9793735359411824,171.0,22.0,0.05057471264367816,0.3333333333333333,0.6666666666666667,71.0,0.5,0.3628831814415907,0.33676962545296385,11.0,0.03793103448275861,26.0,76.0,5.0,32,3.4965075614664802,1
AD_inst56001.rcp,30.0,4.0,6.166666666666667,3.1313823713426556,185.0,80.0,0.1839080459770115,0.496551724137931,0.503448275862069,40.0,0.5,0.6357142857142857,0.5451264880952381,19.0,0.0867579908675799,26.0,48.0,8.0,37899,10.542706391070517,0
AD_inst57001.rcp,30.0,4.0,5.133333333333334,2.963481436119049,154.0,24.0,0.05517241379310345,0.09655172413793103,0.903448275862069,33.0,0.5,0.6577540106951871,0.5626641805047378,28.0,0.07124681933842239,22.0,33.0,0.0,11393,9.34084218004034,1
AD_inst58001.rcp,30.0,4.0,5.633333333333334,2.7505554994501664,169.0,58.0,0.13333333333333333,0.8988505747126436,0.10114942528735638,92.0,0.5,0.31068840579710144,0.24024895696091347,5.0,0.11363636363636358,29.0,97.0,5.0,159,5.075173815233827,1
AD_inst59001.rcp,30.0,4.0,5.7,2.9793735359411824,171.0,22.0,0.05057471264367816,0.3333333333333333,0.6666666666666667,71.0,0.5,0.30689399555226093,0.26821953392179704,21.0,0.07241379310344827,22.0,91.0,20.0,32,3.4965075614664802,1
AD_inst60001.rcp,30.0,4.0,6.166666666666667,3.1313823713426556,185.0,80.0,0.1839080459770115,0.496551724137931,0.503448275862069,40.0,0.5,0.6942307692307692,0.6160567248154323,8.0,0.0365296803652968,28.0,58.0,18.0,39317,10.579437708267552,0
AD_inst6001.rcp,30.0,4.0,5.633333333333334,2.7505554994501664,169.0,58.0,0.13333333333333333,0.8988505747126436,0.10114942528735638,92.0,0.5,0.25854037267080743,0.21745209881651528,4.0,0.09090909090909087,24.0,99.0,7.0,52,3.970291913552122,1
AD_inst61001.rcp,30.0,4.0,5.133333333333334,2.963481436119049,154.0,24.0,0.05517241379310345,0.09655172413793103,0.903448275862069,33.0,0.5,0.6734006734006734,0.5773722069176614,26.0,0.06615776081424936,23.0,45.0,12.0,210,5.351858133476067,1
AD_inst62001.rcp,30.0,3.0,5.633333333333334,2.7505554994501664,169.0,58.0,0.13333333333333333,0.8988505747126436,0.10114942528735638,92.0,0.5,0.2028985507246377,0.19240059457450762,2.0,0.045454545454545435,19.0,100.0,8.0,32,3.4965075614664802,1
AD_inst63001.rcp,30.0,4.0,5.7,2.9793735359411824,171.0,22.0,0.05057471264367816,0.3333333333333333,0.6666666666666667,71.0,0.5,0.36454018227009116,0.29861604266119596,10.0,0.03448275862068965,26.0,78.0,7.0,32,3.4965075614664802,1
AD_inst64001.rcp,30.0,4.0,6.166666666666667,3.1313823713426556,185.0,80.0,0.1839080459770115,0.496551724137931,0.503448275862069,40.0,0.5,0.65375,0.5394160353535353,14.0,0.0639269406392694,27.0,46.0,6.0,34522,10.449381047562612,0
AD_inst65001.rcp,30.0,4.0,5.133333333333334,2.963481436119049,154.0,24.0,0.05517241379310345,0.09655172413793103,0.903448275862069,33.0,0.5,0.6414141414141414,0.5819654882154882,29.0,0.0737913486005089,22.0,46.0,13.0,32,3.4965075614664802,1
AD_inst66001.rcp,30.0,3.0,5.633333333333334,2.7505554994501664,169.0,58.0,0.13333333333333333,0.8988505747126436,0.10114942528735638,92.0,0.5,0.266304347826087,0.23796113306982872,1.0,0.022727272727272717,25.0,92.0,0.0,32,3.4965075614664802,1
AD_inst67001.rcp,30.0,4.0,5.7,2.9793735359411824,171.0,22.0,0.05057471264367816,0.3333333333333333,0.6666666666666667,71.0,0.5,0.26961770623742454,0.2576943017755657,21.0,0.07241379310344827,20.0,81.0,10.0,32,3.4965075614664802,1
AD_inst68001.rcp,30.0,4.0,6.166666666666667,3.1313823713426556,185.0,80.0,0.1839080459770115,0.496551724137931,0.503448275862069,40.0,0.5,0.685,0.5809474206349207,9.0,0.0410958904109589,28.0,49.0,9.0,36774,10.512573545469639,0
AD_inst69001.rcp,30.0,4.0,5.133333333333334,2.963481436119049,154.0,24.0,0.05517241379310345,0.09655172413793103,0.903448275862069,33.0,0.5,0.6121212121212121,0.576334197590882,19.0,0.04834605597964377,21.0,42.0,9.0,32,3.4965075614664802,1
AD_inst70001.rcp,30.0,4.0,5.633333333333334,2.7505554994501664,169.0,58.0,0.13333333333333333,0.8988505747126436,0.10114942528735638,92.0,0.5,0.29545454545454547,0.24841451196750108,2.0,0.045454545454545435,28.0,93.0,1.0,42,3.7612001156935624,1
AD_inst7001.rcp,30.0,4.0,5.7,2.9793735359411824,171.0,22.0,0.05057471264367816,0.3333333333333333,0.6666666666666667,71.0,0.5,0.37269772481040087,0.29439215420729503,10.0,0.03448275862068965,27.0,73.0,2.0,32,3.4965075614664802,1
AD_inst71001.rcp,30.0,4.0,5.7,2.9793735359411824,171.0,22.0,0.05057471264367816,0.3333333333333333,0.6666666666666667,71.0,0.5,0.3373239436619718,0.29577464788732394,13.0,0.044827586206896544,24.0,89.0,18.0,32,3.4965075614664802,1
AD_inst72001.rcp,30.0,4.0,6.166666666666667,3.1313823713426556,185.0,80.0,0.1839080459770115,0.496551724137931,0.503448275862069,40.0,0.5,0.6326923076923077,0.5989729020979021,18.0,0.0821917808219178,26.0,62.0,22.0,38608,10.561240688896971,0
AD_inst73001.rcp,30.0,4.0,5.133333333333334,2.963481436119049,154.0,24.0,0.05517241379310345,0.09655172413793103,0.903448275862069,33.0,0.5,0.6414141414141414,0.5491898148148148,23.0,0.058524173027989825,22.0,45.0,12.0,32,3.4965075614664802,1
AD_inst74001.rcp,30.0,4.0,5.633333333333334,2.7505554994501664,169.0,58.0,0.13333333333333333,0.8988505747126436,0.10114942528735638,92.0,0.5,0.2511441647597254,0.21648268045042932,2.0,0.045454545454545435,24.0,95.0,3.0,85,4.454347296253507,1
AD_inst75001.rcp,30.0,4.0,5.7,2.9793735359411824,171.0,22.0,0.05057471264367816,0.3333333333333333,0.6666666666666667,71.0,0.5,0.30985915492957744,0.2666275430359937,3.0,0.010344827586206895,22.0,73.0,2.0,32,3.4965075614664802,1
AD_inst76001.rcp,30.0,4.0,6.166666666666667,3.1313823713426556,185.0,80.0,0.1839080459770115,0.496551724137931,0.503448275862069,40.0,0.5,0.6333333333333333,0.5420668859649123,12.0,0.0547945205479452,26.0,46.0,6.0,8803,9.082961442646353,1
AD_inst77001.rcp,30.0,4.0,5.133333333333334,2.963481436119049,154.0,24.0,0.05517241379310345,0.09655172413793103,0.903448275862069,33.0,0.5,0.722488038277512,0.5900181096071893,22.0,0.05597964376590331,24.0,47.0,14.0,32,3.4965075614664802,1
AD_inst78001.rcp,30.0,4.0,5.633333333333334,2.7505554994501664,169.0,58.0,0.13333333333333333,0.8988505747126436,0.10114942528735638,92.0,0.5,0.27301790281329924,0.22979082937522838,0.0,0.0,26.0,92.0,0.0,32,3.4965075614664802,1
AD_inst79001.rcp,30.0,4.0,5.7,2.9793735359411824,171.0,22.0,0.05057471264367816,0.3333333333333333,0.6666666666666667,71.0,0.5,0.3438967136150235,0.2861081807986923,6.0,0.02068965517241379,25.0,76.0,5.0,32,3.4965075614664802,1
AD_inst80001.rcp,30.0,4.0,6.166666666666667,3.1313823713426556,185.0,80.0,0.1839080459770115,0.496551724137931,0.503448275862069,40.0,0.5,1.273611111111111,1.1416824494949496,89.0,0.4063926940639269,51.0,90.0,39.0,43610,10.683064691094435,0
AD_inst8001.rcp,30.0,4.0,6.166666666666667,3.1313823713426556,185.0,80.0,0.1839080459770115,0.496551724137931,0.503448275862069,40.0,0.5,0.6821428571428572,0.5957783315755452,1.0,0.0045662100456621,28.0,53.0,13.0,32,3.4965075614664802,1
AD_inst81001.rcp,30.0,4.0,5.133333333333334,2.963481436119049,154.0,24.0,0.05517241379310345,0.09655172413793103,0.903448275862069,33.0,0.5,1.5494949494949495,1.131556637806638,164.0,0.4173027989821883,52.0,77.0,25.0,39875,10.593529918142595,0
AD_inst82001.rcp,30.0,4.0,5.633333333333334,2.7505554994501664,169.0,58.0,0.13333333333333333,0.8988505747126436,0.10114942528735638,92.0,0.5,0.4611801242236025,0.4276577890708325,20.0,0.4545454545454543,43.0,117.0,25.0,2424,7.793586803371584,1
AD_inst83001.rcp,30.0,4.0,5.7,2.9793735359411824,171.0,22.0,0.05057471264367816,0.3333333333333333,0.6666666666666667,71.0,0.5,0.685807150595883,0.6268555285419629,132.0,0.45517241379310336,49.0,102.0,31.0,27608,10.225897085506967,0
AD_inst84001.rcp,30.0,4.0,6.166666666666667,3.1313823713426556,185.0,80.0,0.1839080459770115,0.496551724137931,0.503448275862069,40.0,0.5,1.3014705882352942,1.1278676470588236,88.0,0.4018264840182648,53.0,90.0,37.0,46926,10.756348481750502,0
AD_inst85001.rcp,30.0,4.0,5.133333333333334,2.963481436119049,154.0,24.0,0.05517241379310345,0.09655172413793103,0.903448275862069,33.0,0.5,1.5373737373737373,1.2330622400475342,173.0,0.4402035623409669,51.0,79.0,28.0,45208,10.7190514610438,0
AD_inst86001.rcp,30.0,4.0,5.633333333333334,2.7505554994501664,169.0,58.0,0.13333333333333333,0.8988505747126436,0.10114942528735638,92.0,0.5,0.5100931677018633,0.4601076007326007,17.0,0.3863636363636362,47.0,140.0,48.0,3810,8.24564690087386,1
AD_inst87001.rcp,30.0,4.0,5.7,2.9793735359411824,171.0,22.0,0.05057471264367816,0.3333333333333333,0.6666666666666667,71.0,0.5,0.7338028169014085,0.6046465064899199,106.0,0.3655172413793103,53.0,121.0,50.0,26665,10.191144624675404,0
AD_inst88001.rcp,30.0,4.0,6.166666666666667,3.1313823713426556,185.0,80.0,0.1839080459770115,0.496551724137931,0.503448275862069,40.0,0.5,1.286764705882353,1.1119255514705881,103.0,0.4703196347031963,52.0,99.0,47.0,49421,10.808150948169304,0
AD_inst89001.rcp,30.0,4.0,5.133333333333334,2.963481436119049,154.0,24.0,0.05517241379310345,0.09655172413793103,0.903448275862069,33.0,0.5,1.2861952861952861,1.2191900061218242,161.0,0.40966921119592875,43.0,83.0,40.0,35234,10.469795185761123,0
AD_inst90001.rcp,30.0,4.0,5.633333333333334,2.7505554994501664,169.0,58.0,0.13333333333333333,0.8988505747126436,0.10114942528735638,92.0,0.5,0.5138339920948617,0.46542435146375366,20.0,0.4545454545454543,48.0,126.0,34.0,15802,9.667955074409104,1
AD_inst9001.rcp,30.0,4.0,5.133333333333334,2.963481436119049,154.0,24.0,0.05517241379310345,0.09655172413793103,0.903448275862069,33.0,0.5,0.7177033492822966,0.5864188443135812,18.0,0.04580152671755725,24.0,46.0,13.0,32834,10.399250298625073,0
AD_inst91001.rcp,30.0,4.0,5.7,2.9793735359411824,171.0,22.0,0.05057471264367816,0.3333333333333333,0.6666666666666667,71.0,0.5,0.6722151088348272,0.5549395995652482,116.0,0.3999999999999999,48.0,103.0,32.0,27434,10.219574849493076,0
AD_inst92001.rcp,30.0,4.0,6.166666666666667,3.1313823713426556,185.0,80.0,0.1839080459770115,0.496551724137931,0.503448275862069,40.0,0.5,1.235,1.1461596736596738,94.0,0.4292237442922374,50.0,92.0,42.0,50779,10.83525785525867,0
AD_inst93001.rcp,30.0,4.0,5.133333333333334,2.963481436119049,154.0,24.0,0.05517241379310345,0.09655172413793103,0.903448275862069,33.0,0.5,1.2176308539944904,1.1690472019771203,163.0,0.41475826972010177,41.0,61.0,20.0,38119,10.548494357768138,0
AD_inst94001.rcp,30.0,4.0,5.633333333333334,2.7505554994501664,169.0,58.0,0.13333333333333333,0.8988505747126436,0.10114942528735638,92.0,0.5,0.5666666666666667,0.4697009600941826,20.0,0.4545454545454543,53.0,127.0,35.0,2843,7.952966790923131,1
AD_inst95001.rcp,30.0,4.0,5.7,2.9793735359411824,171.0,22.0,0.05057471264367816,0.3333333333333333,0.6666666666666667,71.0,0.5,0.6091549295774648,0.5743624543961394,137.0,0.47241379310344817,44.0,122.0,51.0,30546,10.32702176010517,0
AD_inst96001.rcp,30.0,4.0,6.166666666666667,3.1313823713426556,185.0,80.0,0.1839080459770115,0.496551724137931,0.503448275862069,40.0,0.5,1.2125,1.11625,87.0,0.3972602739726027,49.0,94.0,45.0,40986,10.621010222237388,0
AD_inst97001.rcp,30.0,4.0,5.133333333333334,2.963481436119049,154.0,24.0,0.05517241379310345,0.09655172413793103,0.903448275862069,33.0,0.5,1.40829346092504,1.1918886301802147,151.0,0.3842239185750636,47.0,81.0,34.0,37808,10.540302448505601,0
AD_inst98001.rcp,30.0,4.0,5.633333333333334,2.7505554994501664,169.0,58.0,0.13333333333333333,0.8988505747126436,0.10114942528735638,92.0,0.5,0.5040045766590389,0.4624408287342397,18.0,0.4090909090909089,47.0,122.0,30.0,3049,8.022896869601457,1
AD_inst99001.rcp,30.0,4.0,5.7,2.9793735359411824,171.0,22.0,0.05057471264367816,0.3333333333333333,0.6666666666666667,71.0,0.5,0.7661971830985915,0.5952073552425665,128.0,0.4413793103448275,55.0,121.0,50.0,38221,10.551166545048927,0
LA_inst1.rcp,30.0,4.0,5.933333333333334,2.7194770739161522,178.0,83.0,0.19080459770114944,0.5310344827586206,0.46896551724137936,44.0,0.5,0.5821678321678322,0.5247171129524071,16.0,0.07843137254901959,26.0,57.0,13.0,8473,9.044757931186505,1
LA_inst100001.rcp,30.0,4.0,6.233333333333333,2.812867259971971,187.0,51.0,0.11724137931034483,0.8390804597701149,0.16091954022988508,96.0,0.5,0.31180555555555556,0.2571812017021721,4.0,0.057142857142857134,30.0,106.0,10.0,66,4.204692619390966,1
LA_inst10001.rcp,30.0,4.0,6.233333333333333,2.812867259971971,187.0,51.0,0.11724137931034483,0.8390804597701149,0.16091954022988508,96.0,0.5,0.2669270833333333,0.2451819970776772,5.0,0.07142857142857141,26.0,96.0,0.0,32,3.4965075614664802,1
LA_inst1001.rcp,30.0,0.0,4.8,2.9143323992525856,144.0,35.0,0.08045977011494253,0.9770114942528736,0.02298850574712641,128.0,0.0,0.0,0.0,0.0,0.0,0.0,128.0,0.0,32,3.4965075614664802,1
LA_inst101001.rcp,30.0,4.0,5.533333333333333,2.985892756874492,166.0,113.0,0.2597701149425287,0.6068965517241379,0.3931034482758621,47.0,0.5,0.5790273556231003,0.4332396327077178,5.0,0.029239766081871343,28.0,61.0,14.0,27947,10.238100919672341,0
LA_inst102001.rcp,30.0,4.0,5.933333333333334,2.7194770739161522,178.0,83.0,0.19080459770114944,0.5310344827586206,0.46896551724137936,44.0,0.5,0.5698051948051948,0.5182088744588744,8.0,0.039215686274509796,26.0,48.0,4.0,2510,7.828436359157585,1
LA_inst103001.rcp,30.0,0.0,4.8,2.9143323992525856,144.0,35.0,0.08045977011494253,0.9770114942528736,0.02298850574712641,128.0,0.0,0.0,0.0,0.0,0.0,0.0,128.0,0.0,32,3.4965075614664802,1
LA_inst104001.rcp,30.0,4.0,6.1,2.8676354952004157,183.0,36.0,0.08275862068965517,0.9287356321839081,0.07126436781609191,144.0,0.5,0.1856060606060606,0.17333279692348322,0.0,0.0,27.0,144.0,0.0,32,3.4965075614664802,1
LA_inst105001.rcp,30.0,4.0,4.766666666666667,2.4857370916669543,143.0,50.0,0.11494252873563218,0.9195402298850575,0.08045977011494254,85.0,0.5,0.23058823529411765,0.21450051990493166,2.0,0.057142857142857134,20.0,85.0,0.0,32,3.4965075614664802,1
LA_inst106001.rcp,30.0,4.0,6.233333333333333,2.812867259971971,187.0,51.0,0.11724137931034483,0.8390804597701149,0.16091954022988508,96.0,0.5,0.32217261904761907,0.23687996031746034,3.0,0.04285714285714285,31.0,96.0,0.0,32,3.4965075614664802,1
LA_inst107001.rcp,30.0,4.0,5.533333333333333,2.985892756874492,166.0,113.0,0.2597701149425287,0.6068965517241379,0.3931034482758621,47.0,0.5,0.6396276595744681,0.4696612329906003,3.0,0.017543859649122806,31.0,57.0,10.0,36476,10.504437203964528,0
LA_inst108001.rcp,30.0,4.0,5.933333333333334,2.7194770739161522,178.0,83.0,0.19080459770114944,0.5310344827586206,0.46896551724137936,44.0,0.5,0.6207386363636364,0.5001465154164018,18.0,0.08823529411764705,28.0,56.0,12.0,28012,10.240423967124363,1
LA_inst109001.rcp,30.0,3.0,4.8,2.9143323992525856,144.0,35.0,0.08045977011494253,0.9770114942528736,0.02298850574712641,128.0,0.5,0.14963942307692307,0.13025386072261072,2.0,0.20000000000000026,20.0,131.0,3.0,38,3.6635616461296463,1
LA_inst110001.rcp,30.0,3.0,6.1,2.8676354952004157,183.0,36.0,0.08275862068965517,0.9287356321839081,0.07126436781609191,144.0,0.49999999999999994,0.16145833333333334,0.15579989711934158,4.0,0.1290322580645162,24.0,146.0,2.0,32,3.4965075614664802,1
LA_inst11001.rcp,30.0,4.0,5.533333333333333,2.985892756874492,166.0,113.0,0.2597701149425287,0.6068965517241379,0.3931034482758621,47.0,0.5,0.5183752417794971,0.4448098001289491,5.0,0.029239766081871343,25.0,58.0,11.0,32899,10.401227936753463,0
LA_inst111001.rcp,30.0,3.0,4.766666666666667,2.4857370916669543,143.0,50.0,0.11494252873563218,0.9195402298850575,0.08045977011494254,85.0,0.5,0.27239819004524884,0.22689617457419317,0.0,0.0,24.0,88.0,3.0,32,3.4965075614664802,1
LA_inst112001.rcp,30.0,4.0,6.233333333333333,2.812867259971971,187.0,51.0,0.11724137931034483,0.8390804597701149,0.16091954022988508,96.0,0.5,0.27719907407407407,0.25831492003367007,1.0,0.014285714285714284,27.0,96.0,0.0,32,3.4965075614664802,1
LA_inst113001.rcp,30.0,4.0,5.533333333333333,2.985892756874492,166.0,113.0,0.2597701149425287,0.6068965517241379,0.3931034482758621,47.0,0.5,0.45592705167173253,0.42998353596757855,2.0,0.011695906432748537,22.0,52.0,5.0,29614,10.296036268711065,0
LA_inst114001.rcp,30.0,4.0,5.933333333333334,2.7194770739161522,178.0,83.0,0.19080459770114944,0.5310344827586206,0.46896551724137936,44.0,0.5,0.5829545454545455,0.48693227127736693,11.0,0.053921568627450976,26.0,47.0,3.0,3361,8.120291313968561,1
LA_inst115001.rcp,30.0,1.0,4.8,2.9143323992525856,144.0,35.0,0.08045977011494253,0.9770114942528736,0.02298850574712641,128.0,0.5,0.14103618421052633,0.14103618421052633,0.0,0.0,19.0,128.0,0.0,32,3.4965075614664802,1
LA_inst116001.rcp,30.0,2.0,6.1,2.8676354952004157,183.0,36.0,0.08275862068965517,0.9287356321839081,0.07126436781609191,144.0,0.5,0.15314327485380116,0.1513401559454191,0.0,0.0,23.0,144.0,0.0,32,3.4965075614664802,1
LA_inst117001.rcp,30.0,3.0,4.766666666666667,2.4857370916669543,143.0,50.0,0.11494252873563218,0.9195402298850575,0.08045977011494254,85.0,0.49999999999999994,0.22521008403361345,0.19859943977591035,1.0,0.028571428571428567,20.0,85.0,0.0,32,3.4965075614664802,1
LA_inst118001.rcp,30.0,4.0,6.233333333333333,2.812867259971971,187.0,51.0,0.11724137931034483,0.8390804597701149,0.16091954022988508,96.0,0.5,0.24114583333333334,0.21920915570175437,6.0,0.0857142857142857,24.0,110.0,14.0,609,6.413458957167357,1
LA_inst119001.rcp,30.0,4.0,5.533333333333333,2.985892756874492,166.0,113.0,0.2597701149425287,0.6068965517241379,0.3931034482758621,47.0,0.5,0.573404255319149,0.46554025865665416,19.0,0.1111111111111111,27.0,63.0,16.0,44831,10.710677449136734,0
LA_inst120001.rcp,30.0,4.0,5.933333333333334,2.7194770739161522,178.0,83.0,0.19080459770114944,0.5310344827586206,0.46896551724137936,44.0,0.5,1.2727272727272727,1.0187959136822773,84.0,0.41176470588235287,56.0,97.0,41.0,41274,10.628012268788328,0
LA_inst12001.rcp,30.0,4.0,5.933333333333334,2.7194770739161522,178.0,83.0,0.19080459770114944,0.5310344827586206,0.46896551724137936,44.0,0.5,0.6136363636363636,0.5180670722466388,2.0,0.009803921568627449,27.0,52.0,8.0,38691,10.563388139302438,0
LA_inst121001.rcp,30.0,2.0,4.8,2.9143323992525856,144.0,35.0,0.08045977011494253,0.9770114942528736,0.02298850574712641,128.0,0.5,0.3051215277777778,0.2983940972222222,3.0,0.3000000000000004,40.0,132.0,4.0,69,4.248495242049359,1
LA_inst122001.rcp,30.0,4.0,6.1,2.8676354952004157,183.0,36.0,0.08275862068965517,0.9287356321839081,0.07126436781609191,144.0,0.5,0.3800925925925926,0.31049830522486777,9.0,0.2903225806451615,55.0,156.0,12.0,32,3.4965075614664802,1
LA_inst123001.rcp,30.0,4.0,4.766666666666667,2.4857370916669543,143.0,50.0,0.11494252873563218,0.9195402298850575,0.08045977011494254,85.0,0.5,0.4394957983193277,0.38689415160003393,13.0,0.37142857142857133,38.0,101.0,16.0,599,6.396929655216146,1
LA_inst124001.rcp,30.0,4.0,6.233333333333333,2.812867259971971,187.0,51.0,0.11724137931034483,0.8390804597701149,0.16091954022988508,96.0,0.5,0.5600961538461539,0.4659595171519514,26.0,0.37142857142857133,54.0,127.0,31.0,855,6.752270376141742,1
LA_inst125001.rcp,30.0,4.0,5.533333333333333,2.985892756874492,166.0,113.0,0.2597701149425287,0.6068965517241379,0.3931034482758621,47.0,0.5,1.0585106382978724,0.8917933130699088,80.0,0.4678362573099415,50.0,98.0,48.0,52242,10.863661189560236,0
LA_inst126001.rcp,30.0,4.0,5.933333333333334,2.7194770739161522,178.0,83.0,0.19080459770114944,0.5310344827586206,0.46896551724137936,44.0,0.5,1.1483957219251337,1.007648172905526,82.0,0.40196078431372545,51.0,82.0,31.0,41259,10.627648786625242,0
LA_inst127001.rcp,30.0,3.0,4.8,2.9143323992525856,144.0,35.0,0.08045977011494253,0.9770114942528736,0.02298850574712641,128.0,0.49999999999999994,0.29549632352941174,0.25817759395424833,4.0,0.4000000000000005,38.0,136.0,8.0,38,3.6635616461296463,1
LA_inst128001.rcp,30.0,4.0,6.1,2.8676354952004157,183.0,36.0,0.08275862068965517,0.9287356321839081,0.07126436781609191,144.0,0.5,0.38981481481481484,0.3202490979030501,17.0,0.5483870967741938,57.0,159.0,15.0,32,3.4965075614664802,1
LA_inst129001.rcp,30.0,4.0,4.766666666666667,2.4857370916669543,143.0,50.0,0.11494252873563218,0.9195402298850575,0.08045977011494254,85.0,0.5,0.5411764705882353,0.45560224089635853,16.0,0.4571428571428571,46.0,118.0,33.0,935,6.841615476477592,1
LA_inst130001.rcp,30.0,4.0,6.233333333333333,2.812867259971971,187.0,51.0,0.11724137931034483,0.8390804597701149,0.16091954022988508,96.0,0.5,0.5328125,0.5022620506535949,25.0,0.3571428571428571,52.0,143.0,47.0,21765,9.988104398256008,1
LA_inst13001.rcp,30.0,0.0,4.8,2.9143323992525856,144.0,35.0,0.08045977011494253,0.9770114942528736,0.02298850574712641,128.0,0.0,0.0,0.0,0.0,0.0,0.0,128.0,0.0,32,3.4965075614664802,1
LA_inst131001.rcp,30.0,4.0,5.533333333333333,2.985892756874492,166.0,113.0,0.2597701149425287,0.6068965517241379,0.3931034482758621,47.0,0.5,1.1534954407294833,0.9502637225102808,89.0,0.52046783625731,55.0,115.0,60.0,55406,10.92246121854402,0
LA_inst132001.rcp,30.0,4.0,5.933333333333334,2.7194770739161522,178.0,83.0,0.19080459770114944,0.5310344827586206,0.46896551724137936,44.0,0.5,1.0340909090909092,0.9819261620732209,92.0,0.4509803921568627,46.0,89.0,43.0,42135,10.648657761163225,0
LA_inst133001.rcp,30.0,3.0,4.8,2.9143323992525856,144.0,35.0,0.08045977011494253,0.9770114942528736,0.02298850574712641,128.0,0.5,0.2858455882352941,0.26965252246732024,5.0,0.5000000000000007,37.0,134.0,6.0,49,3.912023005428146,1
LA_inst134001.rcp,30.0,4.0,6.1,2.8676354952004157,183.0,36.0,0.08275862068965517,0.9287356321839081,0.07126436781609191,144.0,0.5,0.3869949494949495,0.3296528654601571,10.0,0.3225806451612905,56.0,158.0,14.0,173,5.159055299214529,1
LA_inst135001.rcp,30.0,4.0,4.766666666666667,2.4857370916669543,143.0,50.0,0.11494252873563218,0.9195402298850575,0.08045977011494254,85.0,0.5,0.46951871657754013,0.4192057942057942,15.0,0.4285714285714285,40.0,114.0,29.0,2380,7.7752758464868625,1
LA_inst136001.rcp,30.0,4.0,6.233333333333333,2.812867259971971,187.0,51.0,0.11724137931034483,0.8390804597701149,0.16091954022988508,96.0,0.5,0.5375,0.52124758465219,35.0,0.4999999999999999,52.0,145.0,49.0,80956,11.301673428498757,0
LA_inst137001.rcp,30.0,4.0,5.533333333333333,2.985892756874492,166.0,113.0,0.2597701149425287,0.6068965517241379,0.3931034482758621,47.0,0.5,0.9410801963993454,0.8595144881714032,93.0,0.543859649122807,45.0,88.0,41.0,50446,10.828678559197003,0
LA_inst138001.rcp,30.0,4.0,5.933333333333334,2.7194770739161522,178.0,83.0,0.19080459770114944,0.5310344827586206,0.46896551724137936,44.0,0.5,1.1859504132231404,0.9894071837253655,87.0,0.42647058823529405,53.0,87.0,34.0,42602,10.659679952313123,0
LA_inst139001.rcp,30.0,4.0,4.8,2.9143323992525856,144.0,35.0,0.08045977011494253,0.9770114942528736,0.02298850574712641,128.0,0.5,0.30052083333333335,0.26837576486013986,4.0,0.4000000000000005,39.0,137.0,9.0,43,3.784189633918261,1
LA_inst140001.rcp,30.0,4.0,6.1,2.8676354952004157,183.0,36.0,0.08275862068965517,0.9287356321839081,0.07126436781609191,144.0,0.5,0.33974358974358976,0.31973942809856126,17.0,0.5483870967741938,49.0,161.0,17.0,78,4.3694478524670215,1
LA_inst14001.rcp,30.0,3.0,6.1,2.8676354952004157,183.0,36.0,0.08275862068965517,0.9287356321839081,0.07126436781609191,144.0,0.5,0.17434210526315788,0.14466139976008396,1.0,0.03225806451612905,26.0,144.0,0.0,32,3.4965075614664802,1
LA_inst141001.rcp,30.0,4.0,4.766666666666667,2.4857370916669543,143.0,50.0,0.11494252873563218,0.9195402298850575,0.08045977011494254,85.0,0.5,0.5336134453781513,0.44400889767671775,15.0,0.4285714285714285,46.0,104.0,19.0,69,4.248495242049359,1
LA_inst142001.rcp,30.0,4.0,6.233333333333333,2.812867259971971,187.0,51.0,0.11724137931034483,0.8390804597701149,0.16091954022988508,96.0,0.5,0.5638020833333334,0.4788149429179567,30.0,0.4285714285714285,55.0,153.0,57.0,85346,11.354480578219947,0
LA_inst143001.rcp,30.0,4.0,5.533333333333333,2.985892756874492,166.0,113.0,0.2597701149425287,0.6068965517241379,0.3931034482758621,47.0,0.5,0.9969604863221885,0.919554988848843,81.0,0.47368421052631576,47.0,93.0,46.0,47822,10.775261974301756,0
LA_inst144001.rcp,30.0,4.0,5.933333333333334,2.7194770739161522,178.0,83.0,0.19080459770114944,0.5310344827586206,0.46896551724137936,44.0,0.5,1.1477272727272727,1.083198051948052,84.0,0.41176470588235287,51.0,100.0,49.0,39993,10.596484721844948,0
LA_inst145001.rcp,30.0,3.0,4.8,2.9143323992525856,144.0,35.0,0.08045977011494253,0.9770114942528736,0.02298850574712641,128.0,0.5,0.3098958333333333,0.2639012896825397,3.0,0.3000000000000004,40.0,129.0,1.0,49,3.912023005428146,1
LA_inst146001.rcp,30.0,4.0,6.1,2.8676354952004157,183.0,36.0,0.08275862068965517,0.9287356321839081,0.07126436781609191,144.0,0.5,0.37436868686868685,0.3203454826906839,9.0,0.2903225806451615,54.0,154.0,10.0,70,4.2626798770413155,1
LA_inst147001.rcp,30.0,4.0,4.766666666666667,2.4857370916669543,143.0,50.0,0.11494252873563218,0.9195402298850575,0.08045977011494254,85.0,0.5,0.4852941176470588,0.4459140715109573,15.0,0.4285714285714285,42.0,103.0,18.0,2001,7.601901959875166,1
LA_inst148001.rcp,30.0,4.0,6.233333333333333,2.812867259971971,187.0,51.0,0.11724137931034483,0.8390804597701149,0.16091954022988508,96.0,0.5,0.5734953703703703,0.45738110269360266,26.0,0.37142857142857133,56.0,132.0,36.0,10610,9.269646477873591,1
LA_inst149001.rcp,30.0,4.0,5.533333333333333,2.985892756874492,166.0,113.0,0.2597701149425287,0.6068965517241379,0.3931034482758621,47.0,0.5,0.9574468085106383,0.8644603530101851,75.0,0.43859649122807015,45.0,93.0,46.0,56557,10.943021939266325,0
LA_inst150001.rcp,30.0,4.0,5.933333333333334,2.7194770739161522,178.0,83.0,0.19080459770114944,0.5310344827586206,0.46896551724137936,44.0,0.5,1.2024793388429753,1.037195758786668,86.0,0.42156862745098034,53.0,89.0,36.0,41676,10.637704696869411,0
LA_inst15001.rcp,30.0,4.0,4.766666666666667,2.4857370916669543,143.0,50.0,0.11494252873563218,0.9195402298850575,0.08045977011494254,85.0,0.5,0.23450980392156862,0.2024712233071366,4.0,0.11428571428571427,20.0,91.0,6.0,74,4.31748811353631,1
LA_inst151001.rcp,30.0,4.0,4.8,2.9143323992525856,144.0,35.0,0.08045977011494253,0.9770114942528736,0.02298850574712641,128.0,0.5,0.34263392857142855,0.2958008788086913,4.0,0.4000000000000005,44.0,132.0,4.0,64,4.174387269895637,1
LA_inst152001.rcp,30.0,4.0,6.1,2.8676354952004157,183.0,36.0,0.08275862068965517,0.9287356321839081,0.07126436781609191,144.0,0.5,0.3872549019607843,0.31615185669784485,12.0,0.3870967741935486,56.0,167.0,23.0,106,4.672828834461906,1
LA_inst153001.rcp,30.0,4.0,4.766666666666667,2.4857370916669543,143.0,50.0,0.11494252873563218,0.9195402298850575,0.08045977011494254,85.0,0.5,0.40748663101604277,0.40419760837717494,17.0,0.4857142857142856,35.0,108.0,23.0,3633,8.198089248956116,1
LA_inst154001.rcp,30.0,4.0,6.233333333333333,2.812867259971971,187.0,51.0,0.11724137931034483,0.8390804597701149,0.16091954022988508,96.0,0.5,0.5989583333333334,0.47942957535885167,27.0,0.3857142857142856,58.0,133.0,37.0,4167,8.335191583433202,1
LA_inst155001.rcp,30.0,4.0,5.533333333333333,2.985892756874492,166.0,113.0,0.2597701149425287,0.6068965517241379,0.3931034482758621,47.0,0.5,1.08628841607565,0.8894370691539026,70.0,0.4093567251461988,52.0,103.0,51.0,53426,10.886071515144115,0
LA_inst156001.rcp,30.0,4.0,5.933333333333334,2.7194770739161522,178.0,83.0,0.19080459770114944,0.5310344827586206,0.46896551724137936,44.0,0.5,1.2542613636363635,1.0255389733372688,79.0,0.38725490196078427,56.0,83.0,27.0,41754,10.63957448358733,0
LA_inst157001.rcp,30.0,4.0,4.8,2.9143323992525856,144.0,35.0,0.08045977011494253,0.9770114942528736,0.02298850574712641,128.0,0.5,0.3366477272727273,0.2939368574134199,4.0,0.4000000000000005,44.0,132.0,4.0,38,3.6635616461296463,1
LA_inst158001.rcp,30.0,4.0,6.1,2.8676354952004157,183.0,36.0,0.08275862068965517,0.9287356321839081,0.07126436781609191,144.0,0.5,0.36904761904761907,0.34028873173610014,8.0,0.2580645161290324,54.0,164.0,20.0,113,4.736198448394496,1
LA_inst159001.rcp,30.0,4.0,4.766666666666667,2.4857370916669543,143.0,50.0,0.11494252873563218,0.9195402298850575,0.08045977011494254,85.0,0.5,0.5142857142857142,0.41219599604547696,12.0,0.3428571428571428,44.0,97.0,12.0,773,6.651571873589727,1
LA_inst160001.rcp,30.0,4.0,6.233333333333333,2.812867259971971,187.0,51.0,0.11724137931034483,0.8390804597701149,0.16091954022988508,96.0,0.5,0.5337009803921569,0.4504380210951902,28.0,0.3999999999999999,52.0,129.0,33.0,12211,9.410174353854769,1
LA_inst16001.rcp,30.0,4.0,6.233333333333333,2.812867259971971,187.0,51.0,0.11724137931034483,0.8390804597701149,0.16091954022988508,96.0,0.5,0.24131944444444445,0.22025894282902556,3.0,0.04285714285714285,24.0,96.0,0.0,32,3.4965075614664802,1
LA_inst161001.rcp,30.0,4.0,5.533333333333333,2.985892756874492,166.0,113.0,0.2597701149425287,0.6068965517241379,0.3931034482758621,47.0,0.5,1.0137672090112642,0.8856500312891115,65.0,0.38011695906432746,48.0,91.0,43.0,50402,10.827805976097512,0
LA_inst162001.rcp,30.0,4.0,5.933333333333334,2.7194770739161522,178.0,83.0,0.19080459770114944,0.5310344827586206,0.46896551724137936,44.0,0.5,1.1632231404958677,1.0395655231929155,91.0,0.44607843137254893,52.0,79.0,27.0,38582,10.560567043934196,0
LA_inst163001.rcp,30.0,4.0,4.8,2.9143323992525856,144.0,35.0,0.08045977011494253,0.9770114942528736,0.02298850574712641,128.0,0.5,0.287109375,0.2724021712251564,4.0,0.4000000000000005,37.0,132.0,4.0,37,3.6375861597263857,1
LA_inst164001.rcp,30.0,4.0,6.1,2.8676354952004157,183.0,36.0,0.08275862068965517,0.9287356321839081,0.07126436781609191,144.0,0.5,0.3579059829059829,0.3107259851055807,13.0,0.41935483870967766,52.0,156.0,12.0,84,4.442651256490317,1
LA_inst165001.rcp,30.0,4.0,4.766666666666667,2.4857370916669543,143.0,50.0,0.11494252873563218,0.9195402298850575,0.08045977011494254,85.0,0.5,0.4760180995475113,0.42444570135746607,13.0,0.37142857142857133,41.0,95.0,10.0,520,6.255750041753367,1
LA_inst166001.rcp,30.0,4.0,6.233333333333333,2.812867259971971,187.0,51.0,0.11724137931034483,0.8390804597701149,0.16091954022988508,96.0,0.5,0.5552083333333333,0.5106297348484848,36.0,0.5142857142857142,54.0,146.0,50.0,82972,11.326270532652002,0
LA_inst167001.rcp,30.0,4.0,5.533333333333333,2.985892756874492,166.0,113.0,0.2597701149425287,0.6068965517241379,0.3931034482758621,47.0,0.5,0.9208037825059102,0.817821436151915,60.0,0.3508771929824561,44.0,92.0,45.0,44804,10.71007501931832,0
LA_inst168001.rcp,30.0,4.0,5.933333333333334,2.7194770739161522,178.0,83.0,0.19080459770114944,0.5310344827586206,0.46896551724137936,44.0,0.5,1.062937062937063,0.9630973193473193,85.0,0.41666666666666663,47.0,84.0,37.0,43183,10.673225335257786,0
LA_inst169001.rcp,30.0,4.0,4.8,2.9143323992525856,144.0,35.0,0.08045977011494253,0.9770114942528736,0.02298850574712641,128.0,0.5,0.32421875,0.2848056891025641,4.0,0.4000000000000005,42.0,138.0,10.0,93,4.543294782270004,1
LA_inst170001.rcp,30.0,4.0,6.1,2.8676354952004157,183.0,36.0,0.08275862068965517,0.9287356321839081,0.07126436781609191,144.0,0.5,0.32060185185185186,0.2909671160130719,15.0,0.4838709677419358,47.0,163.0,19.0,270,5.602118820879701,1
LA_inst17001.rcp,30.0,4.0,5.533333333333333,2.985892756874492,166.0,113.0,0.2597701149425287,0.6068965517241379,0.3931034482758621,47.0,0.5,0.5397536394176932,0.42726997013811124,1.0,0.005847953216374269,26.0,55.0,8.0,33075,10.406563222842058,0
LA_inst171001.rcp,30.0,4.0,4.766666666666667,2.4857370916669543,143.0,50.0,0.11494252873563218,0.9195402298850575,0.08045977011494254,85.0,0.5,0.4995475113122172,0.39307598039215685,14.0,0.3999999999999999,43.0,99.0,14.0,2819,7.944492163932159,1
LA_inst172001.rcp,30.0,4.0,6.233333333333333,2.812867259971971,187.0,51.0,0.11724137931034483,0.8390804597701149,0.16091954022988508,96.0,0.5,0.5520833333333334,0.49837163704351206,34.0,0.4857142857142856,53.0,148.0,52.0,83560,11.333332183047432,0
LA_inst173001.rcp,30.0,4.0,5.533333333333333,2.985892756874492,166.0,113.0,0.2597701149425287,0.6068965517241379,0.3931034482758621,47.0,0.5,0.9675251959686451,0.8888814554377182,54.0,0.3157894736842105,46.0,92.0,45.0,45393,10.723135216705415,0
LA_inst174001.rcp,30.0,4.0,5.933333333333334,2.7194770739161522,178.0,83.0,0.19080459770114944,0.5310344827586206,0.46896551724137936,44.0,0.5,1.1723484848484849,1.0414866383616384,85.0,0.41666666666666663,52.0,86.0,34.0,46439,10.745916435811829,0
LA_inst175001.rcp,30.0,3.0,4.8,2.9143323992525856,144.0,35.0,0.08045977011494253,0.9770114942528736,0.02298850574712641,128.0,0.5,0.3196614583333333,0.28919270833333327,3.0,0.3000000000000004,41.0,137.0,9.0,33,3.5263605246161616,1
LA_inst176001.rcp,30.0,4.0,6.1,2.8676354952004157,183.0,36.0,0.08275862068965517,0.9287356321839081,0.07126436781609191,144.0,0.5,0.38998538011695905,0.33426756601098706,9.0,0.2903225806451615,57.0,158.0,14.0,32,3.4965075614664802,1
LA_inst177001.rcp,30.0,4.0,4.766666666666667,2.4857370916669543,143.0,50.0,0.11494252873563218,0.9195402298850575,0.08045977011494254,85.0,0.5,0.46176470588235297,0.418578431372549,16.0,0.4571428571428571,40.0,103.0,18.0,958,6.8658910748834385,1
LA_inst178001.rcp,30.0,4.0,6.233333333333333,2.812867259971971,187.0,51.0,0.11724137931034483,0.8390804597701149,0.16091954022988508,96.0,0.5,0.5030637254901961,0.45003493722050225,35.0,0.4999999999999999,49.0,153.0,57.0,7353,8.902999661861218,1
LA_inst179001.rcp,30.0,4.0,5.533333333333333,2.985892756874492,166.0,113.0,0.2597701149425287,0.6068965517241379,0.3931034482758621,47.0,0.5,1.047872340425532,0.934058197747184,67.0,0.391812865497076,50.0,93.0,43.0,52898,10.876139714076032,0
LA_inst180001.rcp,30.0,4.0,5.933333333333334,2.7194770739161522,178.0,83.0,0.19080459770114944,0.5310344827586206,0.46896551724137936,44.0,0.5,1.115530303030303,0.9584778708133972,82.0,0.40196078431372545,50.0,86.0,36.0,39224,10.577069577601234,0
LA_inst18001.rcp,30.0,4.0,5.933333333333334,2.7194770739161522,178.0,83.0,0.19080459770114944,0.5310344827586206,0.46896551724137936,44.0,0.5,0.5681818181818182,0.4986352495543672,9.0,0.044117647058823525,25.0,48.0,4.0,498,6.212606095751519,1
LA_inst181001.rcp,30.0,4.0,4.8,2.9143323992525856,144.0,35.0,0.08045977011494253,0.9770114942528736,0.02298850574712641,128.0,0.5,0.3145559210526316,0.2898368969298245,5.0,0.5000000000000007,41.0,135.0,7.0,147,4.997212273764115,1
LA_inst182001.rcp,30.0,4.0,6.1,2.8676354952004157,183.0,36.0,0.08275862068965517,0.9287356321839081,0.07126436781609191,144.0,0.5,0.353125,0.30730806028551777,11.0,0.35483870967741954,51.0,157.0,13.0,201,5.308267697401205,1
LA_inst183001.rcp,30.0,4.0,4.766666666666667,2.4857370916669543,143.0,50.0,0.11494252873563218,0.9195402298850575,0.08045977011494254,85.0,0.5,0.4449826989619377,0.4132640485235641,21.0,0.5999999999999999,38.0,114.0,29.0,1572,7.360739903058278,1
LA_inst184001.rcp,30.0,4.0,6.233333333333333,2.812867259971971,187.0,51.0,0.11724137931034483,0.8390804597701149,0.16091954022988508,96.0,0.5,0.5232371794871795,0.4684294871794872,35.0,0.4999999999999999,51.0,137.0,41.0,12482,9.432122997651051,1
LA_inst185001.rcp,30.0,4.0,5.533333333333333,2.985892756874492,166.0,113.0,0.2597701149425287,0.6068965517241379,0.3931034482758621,47.0,0.5,0.9929078014184397,0.8072695035460993,75.0,0.43859649122807015,47.0,85.0,38.0,47050,10.758987398772785,0
LA_inst186001.rcp,30.0,4.0,5.933333333333334,2.7194770739161522,178.0,83.0,0.19080459770114944,0.5310344827586206,0.46896551724137936,44.0,0.5,1.0823863636363635,0.9703600627313862,88.0,0.4313725490196078,48.0,80.0,32.0,43698,10.685080497526661,0
LA_inst187001.rcp,30.0,3.0,4.8,2.9143323992525856,144.0,35.0,0.08045977011494253,0.9770114942528736,0.02298850574712641,128.0,0.5,0.3467548076923077,0.2912034254807692,3.0,0.3000000000000004,45.0,131.0,3.0,34,3.5553480614894135,1
LA_inst188001.rcp,30.0,4.0,6.1,2.8676354952004157,183.0,36.0,0.08275862068965517,0.9287356321839081,0.07126436781609191,144.0,0.5,0.3725198412698413,0.3286079014939309,14.0,0.4516129032258067,54.0,154.0,10.0,32,3.4965075614664802,1
LA_inst189001.rcp,30.0,4.0,4.766666666666667,2.4857370916669543,143.0,50.0,0.11494252873563218,0.9195402298850575,0.08045977011494254,85.0,0.5,0.5064705882352941,0.4223735810113519,13.0,0.37142857142857133,44.0,106.0,21.0,2926,7.9817332866918855,1
LA_inst190001.rcp,30.0,4.0,6.233333333333333,2.812867259971971,187.0,51.0,0.11724137931034483,0.8390804597701149,0.16091954022988508,96.0,0.5,0.5905448717948718,0.48865184294871794,28.0,0.3999999999999999,57.0,128.0,32.0,6641,8.801168401936692,1
LA_inst19001.rcp,30.0,1.0,4.8,2.9143323992525856,144.0,35.0,0.08045977011494253,0.9770114942528736,0.02298850574712641,128.0,0.5,0.11328125,0.11328125,0.0,0.0,15.0,128.0,0.0,32,3.4965075614664802,1
LA_inst191001.rcp,30.0,4.0,5.533333333333333,2.985892756874492,166.0,113.0,0.2597701149425287,0.6068965517241379,0.3931034482758621,47.0,0.5,0.9652855543113102,0.8754669350943065,85.0,0.49707602339181284,46.0,101.0,54.0,49670,10.813176540775721,0
LA_inst192001.rcp,30.0,4.0,5.933333333333334,2.7194770739161522,178.0,83.0,0.19080459770114944,0.5310344827586206,0.46896551724137936,44.0,0.5,1.1751336898395721,1.0256039915966386,78.0,0.38235294117647056,52.0,88.0,36.0,42972,10.668327290482809,0
LA_inst193001.rcp,30.0,4.0,4.8,2.9143323992525856,144.0,35.0,0.08045977011494253,0.9770114942528736,0.02298850574712641,128.0,0.5,0.31138392857142855,0.2833262211134454,5.0,0.5000000000000007,40.0,140.0,12.0,72,4.290459441148391,1
LA_inst194001.rcp,30.0,4.0,6.1,2.8676354952004157,183.0,36.0,0.08275862068965517,0.9287356321839081,0.07126436781609191,144.0,0.5,0.324537037037037,0.3162099232968041,19.0,0.612903225806452,47.0,158.0,14.0,81,4.406719247264253,1
LA_inst195001.rcp,30.0,4.0,4.766666666666667,2.4857370916669543,143.0,50.0,0.11494252873563218,0.9195402298850575,0.08045977011494254,85.0,0.5,0.47294117647058825,0.42157712620651977,15.0,0.4285714285714285,41.0,101.0,16.0,711,6.568077911411976,1
LA_inst196001.rcp,30.0,4.0,6.233333333333333,2.812867259971971,187.0,51.0,0.11724137931034483,0.8390804597701149,0.16091954022988508,96.0,0.5,0.5240384615384616,0.49175294506297795,33.0,0.4714285714285713,51.0,136.0,40.0,87369,11.37790725329214,0
LA_inst197001.rcp,30.0,4.0,5.533333333333333,2.985892756874492,166.0,113.0,0.2597701149425287,0.6068965517241379,0.3931034482758621,47.0,0.5,0.975177304964539,0.8842802635238493,70.0,0.4093567251461988,46.0,99.0,52.0,47228,10.762763389682739,0
LA_inst198001.rcp,30.0,4.0,5.933333333333334,2.7194770739161522,178.0,83.0,0.19080459770114944,0.5310344827586206,0.46896551724137936,44.0,0.5,1.10479797979798,0.9879419191919192,88.0,0.4313725490196078,49.0,88.0,39.0,45895,10.734133246281708,0
LA_inst199001.rcp,30.0,3.0,4.8,2.9143323992525856,144.0,35.0,0.08045977011494253,0.9770114942528736,0.02298850574712641,128.0,0.5,0.3692708333333333,0.29791666666666666,4.0,0.4000000000000005,48.0,134.0,6.0,39,3.6888794541139363,1
LA_inst200001.rcp,30.0,4.0,6.1,2.8676354952004157,183.0,36.0,0.08275862068965517,0.9287356321839081,0.07126436781609191,144.0,0.5,0.3463541666666667,0.3220448796505782,15.0,0.4838709677419358,50.0,167.0,23.0,84,4.442651256490317,1
LA_inst20001.rcp,30.0,4.0,6.1,2.8676354952004157,183.0,36.0,0.08275862068965517,0.9287356321839081,0.07126436781609191,144.0,0.5,0.15138888888888888,0.1435134812190733,0.0,0.0,22.0,144.0,0.0,32,3.4965075614664802,1
LA_inst2001.rcp,30.0,3.0,6.1,2.8676354952004157,183.0,36.0,0.08275862068965517,0.9287356321839081,0.07126436781609191,144.0,0.4999999999999999,0.18482905982905984,0.1488721135102714,1.0,0.03225806451612905,27.0,144.0,0.0,32,3.4965075614664802,1
LA_inst201001.rcp,30.0,4.0,4.766666666666667,2.4857370916669543,143.0,50.0,0.11494252873563218,0.9195402298850575,0.08045977011494254,85.0,0.5,0.48470588235294115,0.4225635026737968,14.0,0.3999999999999999,42.0,99.0,14.0,1452,7.2813856635702825,1
LA_inst202001.rcp,30.0,4.0,6.233333333333333,2.812867259971971,187.0,51.0,0.11724137931034483,0.8390804597701149,0.16091954022988508,96.0,0.5,0.5475260416666666,0.4697908319978633,24.0,0.3428571428571428,53.0,139.0,43.0,4369,8.382518288089635,1
LA_inst203001.rcp,30.0,4.0,5.533333333333333,2.985892756874492,166.0,113.0,0.2597701149425287,0.6068965517241379,0.3931034482758621,47.0,0.5,1.082066869300912,0.8516451043046789,68.0,0.39766081871345027,51.0,90.0,39.0,59665,10.996517622908005,0
LA_inst204001.rcp,30.0,4.0,5.933333333333334,2.7194770739161522,178.0,83.0,0.19080459770114944,0.5310344827586206,0.46896551724137936,44.0,0.5,1.0944055944055944,1.0107850246344565,82.0,0.40196078431372545,49.0,87.0,38.0,48623,10.791872515156575,0
LA_inst205001.rcp,30.0,3.0,4.8,2.9143323992525856,144.0,35.0,0.08045977011494253,0.9770114942528736,0.02298850574712641,128.0,0.4999999999999999,0.33052884615384615,0.2935184932255245,5.0,0.5000000000000007,43.0,137.0,9.0,89,4.499809670330265,1
LA_inst206001.rcp,30.0,4.0,6.1,2.8676354952004157,183.0,36.0,0.08275862068965517,0.9287356321839081,0.07126436781609191,144.0,0.5,0.3519736842105263,0.30054259063305117,14.0,0.4516129032258067,51.0,154.0,10.0,293,5.683579767338681,1
LA_inst207001.rcp,30.0,4.0,4.766666666666667,2.4857370916669543,143.0,50.0,0.11494252873563218,0.9195402298850575,0.08045977011494254,85.0,0.5,0.5095588235294117,0.4407894736842105,9.0,0.2571428571428571,44.0,85.0,0.0,32,3.4965075614664802,1
LA_inst208001.rcp,30.0,4.0,6.233333333333333,2.812867259971971,187.0,51.0,0.11724137931034483,0.8390804597701149,0.16091954022988508,96.0,0.5,0.5856481481481481,0.4797763723544973,26.0,0.37142857142857133,57.0,114.0,18.0,6768,8.820108644508608,1
LA_inst209001.rcp,30.0,4.0,5.533333333333333,2.985892756874492,166.0,113.0,0.2597701149425287,0.6068965517241379,0.3931034482758621,47.0,0.5,1.0785597381342062,0.8390785465778468,76.0,0.4444444444444444,51.0,90.0,39.0,42462,10.656388387495186,0
LA_inst210001.rcp,30.0,4.0,5.933333333333334,2.7194770739161522,178.0,83.0,0.19080459770114944,0.5310344827586206,0.46896551724137936,44.0,0.5,1.1996753246753247,1.0193194589501406,79.0,0.38725490196078427,53.0,86.0,33.0,41924,10.64363758669141,0
LA_inst21001.rcp,30.0,3.0,4.766666666666667,2.4857370916669543,143.0,50.0,0.11494252873563218,0.9195402298850575,0.08045977011494254,85.0,0.5,0.26666666666666666,0.20400201106083457,2.0,0.057142857142857134,23.0,93.0,8.0,100,4.61512051684126,1
LA_inst211001.rcp,30.0,3.0,4.8,2.9143323992525856,144.0,35.0,0.08045977011494253,0.9770114942528736,0.02298850574712641,128.0,0.49999999999999994,0.32211538461538464,0.2779785318847819,6.0,0.6000000000000008,42.0,142.0,14.0,87,4.477336814478207,1
LA_inst212001.rcp,30.0,4.0,6.1,2.8676354952004157,183.0,36.0,0.08275862068965517,0.9287356321839081,0.07126436781609191,144.0,0.5,0.38842592592592595,0.3254816857298475,11.0,0.35483870967741954,56.0,144.0,0.0,32,3.4965075614664802,1
LA_inst213001.rcp,30.0,4.0,4.766666666666667,2.4857370916669543,143.0,50.0,0.11494252873563218,0.9195402298850575,0.08045977011494254,85.0,0.5,0.5300653594771242,0.424593906189927,15.0,0.4285714285714285,46.0,103.0,18.0,501,6.218600119691729,1
LA_inst214001.rcp,30.0,4.0,6.233333333333333,2.812867259971971,187.0,51.0,0.11724137931034483,0.8390804597701149,0.16091954022988508,96.0,0.5,0.5558712121212122,0.47821476483585856,31.0,0.4428571428571428,54.0,137.0,41.0,17369,9.76249985923515,1
LA_inst215001.rcp,30.0,4.0,5.533333333333333,2.985892756874492,166.0,113.0,0.2597701149425287,0.6068965517241379,0.3931034482758621,47.0,0.5,1.0223404255319148,0.8676558417319895,67.0,0.391812865497076,49.0,91.0,42.0,54608,10.907953983314009,0
LA_inst216001.rcp,30.0,4.0,5.933333333333334,2.7194770739161522,178.0,83.0,0.19080459770114944,0.5310344827586206,0.46896551724137936,44.0,0.5,1.0437062937062938,0.9660746450519178,90.0,0.4411764705882352,46.0,87.0,41.0,45801,10.732083037271122,0
LA_inst217001.rcp,30.0,4.0,4.8,2.9143323992525856,144.0,35.0,0.08045977011494253,0.9770114942528736,0.02298850574712641,128.0,0.5,0.376953125,0.26836870811480185,6.0,0.6000000000000008,49.0,136.0,8.0,78,4.3694478524670215,1
LA_inst218001.rcp,30.0,4.0,6.1,2.8676354952004157,183.0,36.0,0.08275862068965517,0.9287356321839081,0.07126436781609191,144.0,0.5,0.3927083333333333,0.32862895447530865,12.0,0.3870967741935486,57.0,161.0,17.0,213,5.365976015021851,1
LA_inst219001.rcp,30.0,4.0,4.766666666666667,2.4857370916669543,143.0,50.0,0.11494252873563218,0.9195402298850575,0.08045977011494254,85.0,0.5,0.5026143790849673,0.43219814241486065,15.0,0.4285714285714285,43.0,109.0,24.0,682,6.52649485957079,1
LA_inst220001.rcp,30.0,4.0,6.233333333333333,2.812867259971971,187.0,51.0,0.11724137931034483,0.8390804597701149,0.16091954022988508,96.0,0.5,0.521780303030303,0.48755613599363595,31.0,0.4428571428571428,51.0,148.0,52.0,25401,10.142583190064265,1
LA_inst22001.rcp,30.0,4.0,6.233333333333333,2.812867259971971,187.0,51.0,0.11724137931034483,0.8390804597701149,0.16091954022988508,96.0,0.5,0.2807017543859649,0.240921966374269,1.0,0.014285714285714284,27.0,98.0,2.0,282,5.645446897643238,1
LA_inst221001.rcp,30.0,4.0,5.533333333333333,2.985892756874492,166.0,113.0,0.2597701149425287,0.6068965517241379,0.3931034482758621,47.0,0.5,1.0638297872340425,0.8863781794912814,79.0,0.4619883040935672,50.0,98.0,48.0,36112,10.494408190299962,0
LA_inst222001.rcp,30.0,4.0,5.933333333333334,2.7194770739161522,178.0,83.0,0.19080459770114944,0.5310344827586206,0.46896551724137936,44.0,0.5,1.1727272727272726,0.9863727418414918,87.0,0.42647058823529405,52.0,89.0,37.0,43065,10.670489101666554,0
LA_inst223001.rcp,30.0,3.0,4.8,2.9143323992525856,144.0,35.0,0.08045977011494253,0.9770114942528736,0.02298850574712641,128.0,0.49999999999999994,0.29931640625,0.2815963875534188,4.0,0.4000000000000005,39.0,133.0,5.0,37,3.6375861597263857,1
LA_inst224001.rcp,30.0,4.0,6.1,2.8676354952004157,183.0,36.0,0.08275862068965517,0.9287356321839081,0.07126436781609191,144.0,0.5,0.3570906432748538,0.29970060093415357,12.0,0.3870967741935486,52.0,166.0,22.0,100,4.61512051684126,1
LA_inst225001.rcp,30.0,4.0,4.766666666666667,2.4857370916669543,143.0,50.0,0.11494252873563218,0.9195402298850575,0.08045977011494254,85.0,0.5,0.4875,0.4394640092879257,17.0,0.4857142857142856,42.0,104.0,19.0,619,6.429719478039138,1
LA_inst226001.rcp,30.0,4.0,6.233333333333333,2.812867259971971,187.0,51.0,0.11724137931034483,0.8390804597701149,0.16091954022988508,96.0,0.5,0.4934895833333333,0.477857429029304,31.0,0.4428571428571428,48.0,117.0,21.0,6395,8.763428073953845,1
LA_inst227001.rcp,30.0,4.0,5.533333333333333,2.985892756874492,166.0,113.0,0.2597701149425287,0.6068965517241379,0.3931034482758621,47.0,0.5,1.0066489361702127,0.9206618607689436,79.0,0.4619883040935672,48.0,93.0,45.0,49539,10.810535703043351,0
LA_inst228001.rcp,30.0,4.0,5.933333333333334,2.7194770739161522,178.0,83.0,0.19080459770114944,0.5310344827586206,0.46896551724137936,44.0,0.5,1.2443181818181819,1.0689534560833902,87.0,0.42647058823529405,55.0,95.0,40.0,40896,10.618811989707426,0
LA_inst229001.rcp,30.0,3.0,4.8,2.9143323992525856,144.0,35.0,0.08045977011494253,0.9770114942528736,0.02298850574712641,128.0,0.5,0.3020833333333333,0.28345114087301587,5.0,0.5000000000000007,39.0,132.0,4.0,88,4.48863636973214,1
LA_inst230001.rcp,30.0,4.0,6.1,2.8676354952004157,183.0,36.0,0.08275862068965517,0.9287356321839081,0.07126436781609191,144.0,0.5,0.38643790849673204,0.3330822780501089,15.0,0.4838709677419358,56.0,159.0,15.0,120,4.795790545596741,1
LA_inst23001.rcp,30.0,4.0,5.533333333333333,2.985892756874492,166.0,113.0,0.2597701149425287,0.6068965517241379,0.3931034482758621,47.0,0.5,0.4921985815602837,0.43200892985327477,6.0,0.03508771929824561,24.0,53.0,6.0,29861,10.304342048086609,0
LA_inst231001.rcp,30.0,4.0,4.766666666666667,2.4857370916669543,143.0,50.0,0.11494252873563218,0.9195402298850575,0.08045977011494254,85.0,0.5,0.43823529411764706,0.4169730392156863,12.0,0.3428571428571428,38.0,103.0,18.0,904,6.807934943699926,1
LA_inst232001.rcp,30.0,4.0,6.233333333333333,2.812867259971971,187.0,51.0,0.11724137931034483,0.8390804597701149,0.16091954022988508,96.0,0.5,0.5646929824561403,0.4759021451866846,27.0,0.3857142857142856,55.0,147.0,51.0,19734,9.890148988096948,1
LA_inst233001.rcp,30.0,4.0,5.533333333333333,2.985892756874492,166.0,113.0,0.2597701149425287,0.6068965517241379,0.3931034482758621,47.0,0.5,1.028723404255319,0.9021030752726622,74.0,0.4327485380116959,49.0,96.0,47.0,45980,10.735983546667017,0
LA_inst234001.rcp,30.0,4.0,5.933333333333334,2.7194770739161522,178.0,83.0,0.19080459770114944,0.5310344827586206,0.46896551724137936,44.0,0.5,1.1609848484848484,1.0811789772727272,85.0,0.41666666666666663,52.0,94.0,42.0,43265,10.675122386144814,0
LA_inst235001.rcp,30.0,4.0,4.8,2.9143323992525856,144.0,35.0,0.08045977011494253,0.9770114942528736,0.02298850574712641,128.0,0.5,0.35260416666666666,0.28993326822916665,4.0,0.4000000000000005,46.0,136.0,8.0,38,3.6635616461296463,1
LA_inst236001.rcp,30.0,4.0,6.1,2.8676354952004157,183.0,36.0,0.08275862068965517,0.9287356321839081,0.07126436781609191,144.0,0.5,0.35542929292929293,0.3182394862082362,9.0,0.2903225806451615,52.0,156.0,12.0,84,4.442651256490317,1
LA_inst237001.rcp,30.0,4.0,4.766666666666667,2.4857370916669543,143.0,50.0,0.11494252873563218,0.9195402298850575,0.08045977011494254,85.0,0.5,0.4843137254901961,0.3765318627450981,14.0,0.3999999999999999,42.0,108.0,23.0,768,6.645090969505644,1
LA_inst238001.rcp,30.0,4.0,6.233333333333333,2.812867259971971,187.0,51.0,0.11724137931034483,0.8390804597701149,0.16091954022988508,96.0,0.5,0.5160256410256411,0.49704881345506347,30.0,0.4285714285714285,50.0,127.0,31.0,595,6.39024066706535,1
LA_inst239001.rcp,30.0,4.0,5.533333333333333,2.985892756874492,166.0,113.0,0.2597701149425287,0.6068965517241379,0.3931034482758621,47.0,0.5,1.0540098199672667,0.8915009340541254,77.0,0.4502923976608187,50.0,94.0,44.0,36122,10.494685060560329,0
LA_inst240001.rcp,30.0,4.0,5.933333333333334,2.7194770739161522,178.0,83.0,0.19080459770114944,0.5310344827586206,0.46896551724137936,44.0,0.5,1.5984848484848484,1.4834679027113238,149.0,0.730392156862745,71.0,111.0,40.0,53748,10.892080341165677,0
LA_inst24001.rcp,30.0,4.0,5.933333333333334,2.7194770739161522,178.0,83.0,0.19080459770114944,0.5310344827586206,0.46896551724137936,44.0,0.5,0.6199494949494949,0.5065160533910533,5.0,0.024509803921568624,28.0,46.0,2.0,32,3.4965075614664802,1
LA_inst241001.rcp,30.0,4.0,4.8,2.9143323992525856,144.0,35.0,0.08045977011494253,0.9770114942528736,0.02298850574712641,128.0,0.5,0.4791666666666667,0.42582408168859653,7.0,0.7000000000000008,62.0,137.0,9.0,149,5.0106352940962555,1
LA_inst242001.rcp,30.0,4.0,6.1,2.8676354952004157,183.0,36.0,0.08275862068965517,0.9287356321839081,0.07126436781609191,144.0,0.5,0.5833333333333334,0.4827353395061728,24.0,0.7741935483870972,84.0,179.0,35.0,1619,7.3901814282264295,1
LA_inst243001.rcp,30.0,4.0,4.766666666666667,2.4857370916669543,143.0,50.0,0.11494252873563218,0.9195402298850575,0.08045977011494254,85.0,0.5,0.7934640522875817,0.6605595058536234,27.0,0.7714285714285712,68.0,128.0,43.0,98801,11.500873126446054,0
LA_inst244001.rcp,30.0,4.0,6.233333333333333,2.812867259971971,187.0,51.0,0.11724137931034483,0.8390804597701149,0.16091954022988508,96.0,0.5,0.8267045454545454,0.7367367333187645,47.0,0.6714285714285713,80.0,165.0,69.0,82149,11.316302123465414,0
LA_inst245001.rcp,30.0,4.0,5.533333333333333,2.985892756874492,166.0,113.0,0.2597701149425287,0.6068965517241379,0.3931034482758621,47.0,0.5,1.4738878143133463,1.3794605825269155,119.0,0.695906432748538,70.0,109.0,39.0,57202,10.954361623545012,0
LA_inst246001.rcp,30.0,4.0,5.933333333333334,2.7194770739161522,178.0,83.0,0.19080459770114944,0.5310344827586206,0.46896551724137936,44.0,0.5,1.8277511961722488,1.5589646784136915,152.0,0.7450980392156862,81.0,126.0,45.0,53559,10.888557799805108,0
LA_inst247001.rcp,30.0,4.0,4.8,2.9143323992525856,144.0,35.0,0.08045977011494253,0.9770114942528736,0.02298850574712641,128.0,0.5,0.481640625,0.43499523579832994,7.0,0.7000000000000008,62.0,139.0,11.0,193,5.267858159063328,1
LA_inst248001.rcp,30.0,4.0,6.1,2.8676354952004157,183.0,36.0,0.08275862068965517,0.9287356321839081,0.07126436781609191,144.0,0.5,0.48674242424242425,0.4742259451128936,23.0,0.7419354838709682,71.0,169.0,25.0,2813,7.942362237674335,1
LA_inst249001.rcp,30.0,4.0,4.766666666666667,2.4857370916669543,143.0,50.0,0.11494252873563218,0.9195402298850575,0.08045977011494254,85.0,0.5,0.7735294117647059,0.6560900496562262,22.0,0.6285714285714284,66.0,114.0,29.0,5456,8.604654467186231,1
LA_inst250001.rcp,30.0,4.0,6.233333333333333,2.812867259971971,187.0,51.0,0.11724137931034483,0.8390804597701149,0.16091954022988508,96.0,0.5,0.7747395833333334,0.739945730210944,51.0,0.7285714285714284,75.0,156.0,60.0,83249,11.32960340784269,0
LA_inst25001.rcp,30.0,1.0,4.8,2.9143323992525856,144.0,35.0,0.08045977011494253,0.9770114942528736,0.02298850574712641,128.0,0.5,0.13020833333333334,0.13020833333333334,0.0,0.0,17.0,128.0,0.0,32,3.4965075614664802,1
LA_inst251001.rcp,30.0,4.0,5.533333333333333,2.985892756874492,166.0,113.0,0.2597701149425287,0.6068965517241379,0.3931034482758621,47.0,0.5,1.5059101654846336,1.3832364599441869,130.0,0.7602339181286549,71.0,112.0,41.0,54670,10.909088683289344,0
LA_inst252001.rcp,30.0,4.0,5.933333333333334,2.7194770739161522,178.0,83.0,0.19080459770114944,0.5310344827586206,0.46896551724137936,44.0,0.5,1.7727272727272727,1.5893793706293706,149.0,0.730392156862745,78.0,121.0,43.0,44319,10.699191321421166,0
LA_inst253001.rcp,30.0,4.0,4.8,2.9143323992525856,144.0,35.0,0.08045977011494253,0.9770114942528736,0.02298850574712641,128.0,0.5,0.48579545454545453,0.42952750374625376,9.0,0.9000000000000011,63.0,141.0,13.0,465,6.144185634125646,1
LA_inst254001.rcp,30.0,4.0,6.1,2.8676354952004157,183.0,36.0,0.08275862068965517,0.9287356321839081,0.07126436781609191,144.0,0.5,0.4699074074074074,0.46238643483709274,24.0,0.7741935483870972,68.0,172.0,28.0,414,6.028278520230698,1
LA_inst255001.rcp,30.0,4.0,4.766666666666667,2.4857370916669543,143.0,50.0,0.11494252873563218,0.9195402298850575,0.08045977011494254,85.0,0.5,0.6494117647058824,0.626219723183391,29.0,0.8285714285714284,56.0,132.0,47.0,94690,11.458374237699054,0
LA_inst256001.rcp,30.0,4.0,6.233333333333333,2.812867259971971,187.0,51.0,0.11724137931034483,0.8390804597701149,0.16091954022988508,96.0,0.5,0.8368055555555556,0.7151594065656566,49.0,0.6999999999999998,81.0,171.0,75.0,86636,11.369482255036596,0
LA_inst257001.rcp,30.0,4.0,5.533333333333333,2.985892756874492,166.0,113.0,0.2597701149425287,0.6068965517241379,0.3931034482758621,47.0,0.5,1.4191489361702128,1.270267321331151,121.0,0.7076023391812866,67.0,119.0,52.0,53576,10.888875150489609,0
LA_inst258001.rcp,30.0,4.0,5.933333333333334,2.7194770739161522,178.0,83.0,0.19080459770114944,0.5310344827586206,0.46896551724137936,44.0,0.5,1.7742424242424242,1.5482286096256686,168.0,0.8235294117647057,79.0,142.0,63.0,52204,10.862933554724211,0
LA_inst259001.rcp,30.0,4.0,4.8,2.9143323992525856,144.0,35.0,0.08045977011494253,0.9770114942528736,0.02298850574712641,128.0,0.5,0.49776785714285715,0.42423707764355745,10.0,1.0000000000000013,64.0,144.0,16.0,924,6.829793737512425,1
LA_inst260001.rcp,30.0,4.0,6.1,2.8676354952004157,183.0,36.0,0.08275862068965517,0.9287356321839081,0.07126436781609191,144.0,0.5,0.5731837606837606,0.4794688336355003,22.0,0.7096774193548391,83.0,168.0,24.0,348,5.855071922202427,1
LA_inst26001.rcp,30.0,3.0,6.1,2.8676354952004157,183.0,36.0,0.08275862068965517,0.9287356321839081,0.07126436781609191,144.0,0.4999999999999999,0.18108974358974358,0.15238632252521142,0.0,0.0,27.0,144.0,0.0,32,3.4965075614664802,1
LA_inst261001.rcp,30.0,4.0,4.766666666666667,2.4857370916669543,143.0,50.0,0.11494252873563218,0.9195402298850575,0.08045977011494254,85.0,0.5,0.6964705882352941,0.5882731338149294,26.0,0.7428571428571427,60.0,123.0,38.0,49805,10.815890737683091,1
LA_inst262001.rcp,30.0,4.0,6.233333333333333,2.812867259971971,187.0,51.0,0.11724137931034483,0.8390804597701149,0.16091954022988508,96.0,0.5,0.775,0.7376201923076924,51.0,0.7285714285714284,75.0,163.0,67.0,87546,11.379931070993262,0
LA_inst263001.rcp,30.0,4.0,5.533333333333333,2.985892756874492,166.0,113.0,0.2597701149425287,0.6068965517241379,0.3931034482758621,47.0,0.5,1.5118898623279098,1.37983035013863,126.0,0.7368421052631579,72.0,123.0,51.0,70608,11.164912894110149,0
LA_inst264001.rcp,30.0,4.0,5.933333333333334,2.7194770739161522,178.0,83.0,0.19080459770114944,0.5310344827586206,0.46896551724137936,44.0,0.5,1.7769886363636365,1.5208681483957218,159.0,0.7794117647058822,79.0,138.0,59.0,51977,10.858575831118195,0
LA_inst265001.rcp,30.0,4.0,4.8,2.9143323992525856,144.0,35.0,0.08045977011494253,0.9770114942528736,0.02298850574712641,128.0,0.5,0.48876953125,0.4445010914522059,8.0,0.800000000000001,63.0,141.0,13.0,263,5.575949103146316,1
LA_inst266001.rcp,30.0,4.0,6.1,2.8676354952004157,183.0,36.0,0.08275862068965517,0.9287356321839081,0.07126436781609191,144.0,0.5,0.5157828282828283,0.47269570707070707,20.0,0.645161290322581,75.0,165.0,21.0,291,5.676753802268282,1
LA_inst267001.rcp,30.0,4.0,4.766666666666667,2.4857370916669543,143.0,50.0,0.11494252873563218,0.9195402298850575,0.08045977011494254,85.0,0.5,0.7436532507739938,0.6585359927815764,29.0,0.8285714285714284,64.0,135.0,50.0,95916,11.471238513148904,0
LA_inst268001.rcp,30.0,4.0,6.233333333333333,2.812867259971971,187.0,51.0,0.11724137931034483,0.8390804597701149,0.16091954022988508,96.0,0.5,0.8003472222222222,0.7348318713450293,46.0,0.657142857142857,77.0,153.0,57.0,40461,10.60811854103736,1
LA_inst269001.rcp,30.0,4.0,5.533333333333333,2.985892756874492,166.0,113.0,0.2597701149425287,0.6068965517241379,0.3931034482758621,47.0,0.5,1.4561170212765957,1.2881194008958565,134.0,0.783625730994152,69.0,124.0,55.0,58673,10.97975197754033,0
LA_inst270001.rcp,30.0,4.0,5.933333333333334,2.7194770739161522,178.0,83.0,0.19080459770114944,0.5310344827586206,0.46896551724137936,44.0,0.5,1.608288770053476,1.501218738183979,162.0,0.7941176470588234,71.0,126.0,55.0,50575,10.8312324344554,0
LA_inst27001.rcp,30.0,4.0,4.766666666666667,2.4857370916669543,143.0,50.0,0.11494252873563218,0.9195402298850575,0.08045977011494254,85.0,0.5,0.25947712418300656,0.2338265002970885,2.0,0.057142857142857134,23.0,89.0,4.0,35,3.58351893845611,1
LA_inst271001.rcp,30.0,4.0,4.8,2.9143323992525856,144.0,35.0,0.08045977011494253,0.9770114942528736,0.02298850574712641,128.0,0.5,0.4600694444444444,0.43357518196672606,7.0,0.7000000000000008,59.0,135.0,7.0,76,4.343805421853684,1
LA_inst272001.rcp,30.0,4.0,6.1,2.8676354952004157,183.0,36.0,0.08275862068965517,0.9287356321839081,0.07126436781609191,144.0,0.5,0.5397727272727273,0.48372790404040406,24.0,0.7741935483870972,78.0,170.0,26.0,1005,6.913737350659685,1
LA_inst273001.rcp,30.0,4.0,4.766666666666667,2.4857370916669543,143.0,50.0,0.11494252873563218,0.9195402298850575,0.08045977011494254,85.0,0.5,0.6923529411764706,0.6512543252595155,24.0,0.6857142857142856,59.0,120.0,35.0,18022,9.799403998992805,1
LA_inst274001.rcp,30.0,4.0,6.233333333333333,2.812867259971971,187.0,51.0,0.11724137931034483,0.8390804597701149,0.16091954022988508,96.0,0.5,0.8923611111111112,0.7377387152777778,49.0,0.6999999999999998,86.0,145.0,49.0,90279,11.410671230931472,0
LA_inst275001.rcp,30.0,4.0,5.533333333333333,2.985892756874492,166.0,113.0,0.2597701149425287,0.6068965517241379,0.3931034482758621,47.0,0.5,1.3404255319148937,1.2804767979204774,127.0,0.7426900584795322,63.0,114.0,51.0,60123,11.004164375253117,0
LA_inst276001.rcp,30.0,4.0,5.933333333333334,2.7194770739161522,178.0,83.0,0.19080459770114944,0.5310344827586206,0.46896551724137936,44.0,0.5,1.5924242424242425,1.4801542207792209,157.0,0.7696078431372548,71.0,128.0,57.0,43774,10.686818157154052,0
LA_inst277001.rcp,30.0,4.0,4.8,2.9143323992525856,144.0,35.0,0.08045977011494253,0.9770114942528736,0.02298850574712641,128.0,0.5,0.5520833333333334,0.44920944940476193,7.0,0.7000000000000008,71.0,143.0,15.0,135,4.912654885736052,1
LA_inst278001.rcp,30.0,4.0,6.1,2.8676354952004157,183.0,36.0,0.08275862068965517,0.9287356321839081,0.07126436781609191,144.0,0.5,0.5413194444444445,0.4604055377492878,20.0,0.645161290322581,78.0,163.0,19.0,154,5.043425116919247,1
LA_inst279001.rcp,30.0,4.0,4.766666666666667,2.4857370916669543,143.0,50.0,0.11494252873563218,0.9195402298850575,0.08045977011494254,85.0,0.5,0.7003095975232199,0.6496852425180598,27.0,0.7714285714285712,60.0,135.0,50.0,86465,11.367506552066416,1
LA_inst280001.rcp,30.0,4.0,6.233333333333333,2.812867259971971,187.0,51.0,0.11724137931034483,0.8390804597701149,0.16091954022988508,96.0,0.5,0.813301282051282,0.7244160247038537,49.0,0.6999999999999998,79.0,159.0,63.0,69193,11.144669432644335,1
LA_inst28001.rcp,30.0,4.0,6.233333333333333,2.812867259971971,187.0,51.0,0.11724137931034483,0.8390804597701149,0.16091954022988508,96.0,0.5,0.2708333333333333,0.23677201704545453,2.0,0.028571428571428567,26.0,97.0,1.0,199,5.298317366548036,1
LA_inst281001.rcp,30.0,4.0,5.533333333333333,2.985892756874492,166.0,113.0,0.2597701149425287,0.6068965517241379,0.3931034482758621,47.0,0.5,1.5435203094777563,1.3725983236621535,129.0,0.7543859649122807,73.0,110.0,37.0,57446,10.958618062592278,0
LA_inst282001.rcp,30.0,4.0,5.933333333333334,2.7194770739161522,178.0,83.0,0.19080459770114944,0.5310344827586206,0.46896551724137936,44.0,0.5,1.6954545454545455,1.4497409759358288,155.0,0.7598039215686273,75.0,131.0,56.0,65040,11.082773119257247,0
LA_inst283001.rcp,30.0,4.0,4.8,2.9143323992525856,144.0,35.0,0.08045977011494253,0.9770114942528736,0.02298850574712641,128.0,0.5,0.486328125,0.43499157475490197,8.0,0.800000000000001,63.0,139.0,11.0,135,4.912654885736052,1
LA_inst284001.rcp,30.0,4.0,6.1,2.8676354952004157,183.0,36.0,0.08275862068965517,0.9287356321839081,0.07126436781609191,144.0,0.5,0.5530753968253969,0.48241949023199027,25.0,0.8064516129032263,80.0,174.0,30.0,699,6.551080335043404,1
LA_inst285001.rcp,30.0,4.0,4.766666666666667,2.4857370916669543,143.0,50.0,0.11494252873563218,0.9195402298850575,0.08045977011494254,85.0,0.5,0.6705882352941176,0.622664409893512,24.0,0.6857142857142856,57.0,121.0,36.0,5389,8.592300663903043,1
LA_inst286001.rcp,30.0,4.0,6.233333333333333,2.812867259971971,187.0,51.0,0.11724137931034483,0.8390804597701149,0.16091954022988508,96.0,0.5,0.7696078431372549,0.7482252607482387,52.0,0.7428571428571427,74.0,156.0,60.0,87048,11.374226457479576,0
LA_inst287001.rcp,30.0,4.0,5.533333333333333,2.985892756874492,166.0,113.0,0.2597701149425287,0.6068965517241379,0.3931034482758621,47.0,0.5,1.425531914893617,1.3114309553608678,128.0,0.7485380116959064,67.0,110.0,43.0,56787,10.947080314783465,0
LA_inst288001.rcp,30.0,4.0,5.933333333333334,2.7194770739161522,178.0,83.0,0.19080459770114944,0.5310344827586206,0.46896551724137936,44.0,0.5,1.780844155844156,1.5521466729864561,159.0,0.7794117647058822,79.0,144.0,65.0,53178,10.881418860558535,0
LA_inst289001.rcp,30.0,4.0,4.8,2.9143323992525856,144.0,35.0,0.08045977011494253,0.9770114942528736,0.02298850574712641,128.0,0.5,0.48943014705882354,0.4167157279156602,9.0,0.9000000000000011,63.0,141.0,13.0,478,6.171700597410915,1
LA_inst290001.rcp,30.0,4.0,6.1,2.8676354952004157,183.0,36.0,0.08275862068965517,0.9287356321839081,0.07126436781609191,144.0,0.5,0.5625,0.4677109638047138,22.0,0.7096774193548391,81.0,165.0,21.0,1434,7.268920128193722,1
LA_inst29001.rcp,30.0,4.0,5.533333333333333,2.985892756874492,166.0,113.0,0.2597701149425287,0.6068965517241379,0.3931034482758621,47.0,0.5,0.5243161094224924,0.45873860182370824,15.0,0.08771929824561403,25.0,58.0,11.0,33020,10.4048990016915,0
LA_inst291001.rcp,30.0,4.0,4.766666666666667,2.4857370916669543,143.0,50.0,0.11494252873563218,0.9195402298850575,0.08045977011494254,85.0,0.5,0.6481283422459893,0.5954774637127578,31.0,0.8857142857142856,56.0,134.0,49.0,96784,11.480247302579645,0
LA_inst292001.rcp,30.0,4.0,6.233333333333333,2.812867259971971,187.0,51.0,0.11724137931034483,0.8390804597701149,0.16091954022988508,96.0,0.5,0.8824404761904762,0.7192943295739348,50.0,0.7142857142857142,85.0,164.0,68.0,81646,11.310160355531316,0
LA_inst293001.rcp,30.0,4.0,5.533333333333333,2.985892756874492,166.0,113.0,0.2597701149425287,0.6068965517241379,0.3931034482758621,47.0,0.5,1.4633569739952719,1.3322399527186761,130.0,0.7602339181286549,69.0,128.0,59.0,68014,11.12748354806753,0
LA_inst294001.rcp,30.0,4.0,5.933333333333334,2.7194770739161522,178.0,83.0,0.19080459770114944,0.5310344827586206,0.46896551724137936,44.0,0.5,1.6643356643356644,1.4589296528634763,150.0,0.7352941176470588,74.0,120.0,46.0,43860,10.68878082152957,0
LA_inst295001.rcp,30.0,4.0,4.8,2.9143323992525856,144.0,35.0,0.08045977011494253,0.9770114942528736,0.02298850574712641,128.0,0.5,0.565625,0.42898156658496733,7.0,0.7000000000000008,73.0,139.0,11.0,193,5.267858159063328,1
LA_inst296001.rcp,30.0,4.0,6.1,2.8676354952004157,183.0,36.0,0.08275862068965517,0.9287356321839081,0.07126436781609191,144.0,0.5,0.5572916666666666,0.4759648931112747,21.0,0.6774193548387101,81.0,176.0,32.0,385,5.955837369464831,1
LA_inst297001.rcp,30.0,4.0,4.766666666666667,2.4857370916669543,143.0,50.0,0.11494252873563218,0.9195402298850575,0.08045977011494254,85.0,0.5,0.6986928104575163,0.6274132730015083,26.0,0.7428571428571427,60.0,127.0,42.0,18459,9.823361508056843,1
LA_inst298001.rcp,30.0,4.0,6.233333333333333,2.812867259971971,187.0,51.0,0.11724137931034483,0.8390804597701149,0.16091954022988508,96.0,0.5,0.8038194444444444,0.72412109375,53.0,0.757142857142857,78.0,161.0,65.0,89562,11.402697567248595,0
LA_inst299001.rcp,30.0,4.0,5.533333333333333,2.985892756874492,166.0,113.0,0.2597701149425287,0.6068965517241379,0.3931034482758621,47.0,0.5,1.470449172576832,1.3445032633162532,125.0,0.7309941520467836,70.0,119.0,49.0,51157,10.842674161887187,0
LA_inst300001.rcp,30.0,4.0,5.933333333333334,2.7194770739161522,178.0,83.0,0.19080459770114944,0.5310344827586206,0.46896551724137936,44.0,0.5,1.7301136363636365,1.5406268568033274,155.0,0.7598039215686273,77.0,132.0,55.0,53313,10.883954239828848,0
LA_inst30001.rcp,30.0,4.0,5.933333333333334,2.7194770739161522,178.0,83.0,0.19080459770114944,0.5310344827586206,0.46896551724137936,44.0,0.5,0.5909090909090909,0.550311918527379,9.0,0.044117647058823525,26.0,47.0,3.0,960,6.8679744089702925,1
LA_inst3001.rcp,30.0,3.0,4.766666666666667,2.4857370916669543,143.0,50.0,0.11494252873563218,0.9195402298850575,0.08045977011494254,85.0,0.4999999999999999,0.2511764705882353,0.22173453996983408,0.0,0.0,22.0,85.0,0.0,32,3.4965075614664802,1
LA_inst301001.rcp,30.0,4.0,4.8,2.9143323992525856,144.0,35.0,0.08045977011494253,0.9770114942528736,0.02298850574712641,128.0,0.5,0.50390625,0.429650799121732,7.0,0.7000000000000008,65.0,138.0,10.0,135,4.912654885736052,1
LA_inst302001.rcp,30.0,4.0,6.1,2.8676354952004157,183.0,36.0,0.08275862068965517,0.9287356321839081,0.07126436781609191,144.0,0.5,0.5163690476190477,0.4706387362637363,26.0,0.8387096774193553,75.0,179.0,35.0,1604,7.380879035564116,1
LA_inst303001.rcp,30.0,4.0,4.766666666666667,2.4857370916669543,143.0,50.0,0.11494252873563218,0.9195402298850575,0.08045977011494254,85.0,0.5,0.6470588235294118,0.6274961802902979,25.0,0.7142857142857142,55.0,129.0,44.0,40157,10.600576952328698,1
LA_inst304001.rcp,30.0,4.0,6.233333333333333,2.812867259971971,187.0,51.0,0.11724137931034483,0.8390804597701149,0.16091954022988508,96.0,0.5,0.8519736842105263,0.7407918668198273,58.0,0.8285714285714284,82.0,171.0,75.0,87489,11.37927978010031,0
LA_inst305001.rcp,30.0,4.0,5.533333333333333,2.985892756874492,166.0,113.0,0.2597701149425287,0.6068965517241379,0.3931034482758621,47.0,0.5,1.4986702127659575,1.3356873253814743,125.0,0.7309941520467836,71.0,112.0,41.0,63349,11.056430185749285,0
LA_inst306001.rcp,30.0,4.0,5.933333333333334,2.7194770739161522,178.0,83.0,0.19080459770114944,0.5310344827586206,0.46896551724137936,44.0,0.5,1.7433155080213905,1.5036645339954164,157.0,0.7696078431372548,77.0,128.0,51.0,51301,10.845485016753688,0
LA_inst307001.rcp,30.0,4.0,4.8,2.9143323992525856,144.0,35.0,0.08045977011494253,0.9770114942528736,0.02298850574712641,128.0,0.5,0.4227941176470588,0.39699727547268904,6.0,0.6000000000000008,55.0,136.0,8.0,147,4.997212273764115,1
LA_inst308001.rcp,30.0,4.0,6.1,2.8676354952004157,183.0,36.0,0.08275862068965517,0.9287356321839081,0.07126436781609191,144.0,0.5,0.5464409722222222,0.4728029927248677,22.0,0.7096774193548391,79.0,174.0,30.0,84,4.442651256490317,1
LA_inst309001.rcp,30.0,4.0,4.766666666666667,2.4857370916669543,143.0,50.0,0.11494252873563218,0.9195402298850575,0.08045977011494254,85.0,0.5,0.7241176470588235,0.6329499748617395,26.0,0.7428571428571427,62.0,128.0,43.0,68597,11.136018658770025,1
LA_inst310001.rcp,30.0,4.0,6.233333333333333,2.812867259971971,187.0,51.0,0.11724137931034483,0.8390804597701149,0.16091954022988508,96.0,0.5,0.8535879629629629,0.7479188924501424,56.0,0.7999999999999998,82.0,162.0,66.0,94271,11.453939499822303,0
LA_inst31001.rcp,30.0,0.0,4.8,2.9143323992525856,144.0,35.0,0.08045977011494253,0.9770114942528736,0.02298850574712641,128.0,0.0,0.0,0.0,0.0,0.0,0.0,128.0,0.0,32,3.4965075614664802,1
LA_inst311001.rcp,30.0,4.0,5.533333333333333,2.985892756874492,166.0,113.0,0.2597701149425287,0.6068965517241379,0.3931034482758621,47.0,0.5,1.541371158392435,1.3868654690463202,128.0,0.7485380116959064,73.0,124.0,51.0,51026,10.840110183382201,0
LA_inst312001.rcp,30.0,4.0,5.933333333333334,2.7194770739161522,178.0,83.0,0.19080459770114944,0.5310344827586206,0.46896551724137936,44.0,0.5,1.8011363636363635,1.5710858585858585,148.0,0.7254901960784312,80.0,115.0,35.0,47840,10.775638291416081,0
LA_inst313001.rcp,30.0,4.0,4.8,2.9143323992525856,144.0,35.0,0.08045977011494253,0.9770114942528736,0.02298850574712641,128.0,0.5,0.50390625,0.4209743923611111,8.0,0.800000000000001,65.0,138.0,10.0,255,5.545177444479562,1
LA_inst314001.rcp,30.0,4.0,6.1,2.8676354952004157,183.0,36.0,0.08275862068965517,0.9287356321839081,0.07126436781609191,144.0,0.5,0.5158730158730159,0.46893720428876684,24.0,0.7741935483870972,75.0,175.0,31.0,1167,7.0630481633881725,1
LA_inst315001.rcp,30.0,4.0,4.766666666666667,2.4857370916669543,143.0,50.0,0.11494252873563218,0.9195402298850575,0.08045977011494254,85.0,0.5,0.6737967914438503,0.6162973812519661,25.0,0.7142857142857142,58.0,123.0,38.0,45548,10.726543948550297,1
LA_inst316001.rcp,30.0,4.0,6.233333333333333,2.812867259971971,187.0,51.0,0.11724137931034483,0.8390804597701149,0.16091954022988508,96.0,0.5,0.7779947916666666,0.7159298298329959,49.0,0.6999999999999998,75.0,167.0,71.0,77845,11.262487795081473,0
LA_inst317001.rcp,30.0,4.0,5.533333333333333,2.985892756874492,166.0,113.0,0.2597701149425287,0.6068965517241379,0.3931034482758621,47.0,0.5,1.5204582651391163,1.350663520876287,132.0,0.7719298245614035,72.0,127.0,55.0,51121,10.841970211916781,0
LA_inst318001.rcp,30.0,4.0,5.933333333333334,2.7194770739161522,178.0,83.0,0.19080459770114944,0.5310344827586206,0.46896551724137936,44.0,0.5,1.5890151515151516,1.5023076156299842,140.0,0.6862745098039215,70.0,114.0,44.0,49066,10.800941990063988,0
LA_inst319001.rcp,30.0,4.0,4.8,2.9143323992525856,144.0,35.0,0.08045977011494253,0.9770114942528736,0.02298850574712641,128.0,0.5,0.4543585526315789,0.4037263569078947,8.0,0.800000000000001,59.0,144.0,16.0,329,5.799092654460526,1
LA_inst320001.rcp,30.0,4.0,6.1,2.8676354952004157,183.0,36.0,0.08275862068965517,0.9287356321839081,0.07126436781609191,144.0,0.5,0.5079365079365079,0.4597561612364244,21.0,0.6774193548387101,74.0,161.0,17.0,431,6.068425588244111,1
LA_inst32001.rcp,30.0,4.0,6.1,2.8676354952004157,183.0,36.0,0.08275862068965517,0.9287356321839081,0.07126436781609191,144.0,0.5,0.18551587301587302,0.1716562637786596,0.0,0.0,27.0,144.0,0.0,32,3.4965075614664802,1
LA_inst321001.rcp,30.0,4.0,4.766666666666667,2.4857370916669543,143.0,50.0,0.11494252873563218,0.9195402298850575,0.08045977011494254,85.0,0.5,0.711764705882353,0.6537890515057697,24.0,0.6857142857142856,61.0,116.0,31.0,27621,10.226367835637873,1
LA_inst322001.rcp,30.0,4.0,6.233333333333333,2.812867259971971,187.0,51.0,0.11724137931034483,0.8390804597701149,0.16091954022988508,96.0,0.5,0.8246527777777778,0.6967039419934641,52.0,0.7428571428571427,80.0,169.0,73.0,83695,11.334946465610392,0
LA_inst323001.rcp,30.0,4.0,5.533333333333333,2.985892756874492,166.0,113.0,0.2597701149425287,0.6068965517241379,0.3931034482758621,47.0,0.5,1.4692671394799055,1.3485906528459721,123.0,0.7192982456140351,70.0,114.0,44.0,52429,10.867234225566579,0
LA_inst324001.rcp,30.0,4.0,5.933333333333334,2.7194770739161522,178.0,83.0,0.19080459770114944,0.5310344827586206,0.46896551724137936,44.0,0.5,1.6301652892561984,1.5238069194619996,146.0,0.7156862745098038,72.0,120.0,48.0,50661,10.832931401655195,0
LA_inst325001.rcp,30.0,4.0,4.8,2.9143323992525856,144.0,35.0,0.08045977011494253,0.9770114942528736,0.02298850574712641,128.0,0.5,0.503125,0.41472798991755794,8.0,0.800000000000001,65.0,144.0,16.0,265,5.583496308781699,1
LA_inst326001.rcp,30.0,4.0,6.1,2.8676354952004157,183.0,36.0,0.08275862068965517,0.9287356321839081,0.07126436781609191,144.0,0.5,0.5870726495726496,0.47879217859686607,21.0,0.6774193548387101,85.0,179.0,35.0,196,5.2832037287379885,1
LA_inst327001.rcp,30.0,4.0,4.766666666666667,2.4857370916669543,143.0,50.0,0.11494252873563218,0.9195402298850575,0.08045977011494254,85.0,0.5,0.7209150326797386,0.6223856209150327,24.0,0.6857142857142856,62.0,121.0,36.0,14094,9.553575403548212,1
LA_inst328001.rcp,30.0,4.0,6.233333333333333,2.812867259971971,187.0,51.0,0.11724137931034483,0.8390804597701149,0.16091954022988508,96.0,0.5,0.8674242424242424,0.7320036300505051,47.0,0.6714285714285713,84.0,147.0,51.0,90608,11.414308824845747,0
LA_inst329001.rcp,30.0,4.0,5.533333333333333,2.985892756874492,166.0,113.0,0.2597701149425287,0.6068965517241379,0.3931034482758621,47.0,0.5,1.588235294117647,1.3352407657007157,126.0,0.7368421052631579,75.0,125.0,50.0,58101,10.969955365655448,0
LA_inst330001.rcp,30.0,4.0,5.933333333333334,2.7194770739161522,178.0,83.0,0.19080459770114944,0.5310344827586206,0.46896551724137936,44.0,0.5,1.8926767676767677,1.606001774713075,148.0,0.7254901960784312,84.0,117.0,33.0,45975,10.735874800187577,0
LA_inst33001.rcp,30.0,3.0,4.766666666666667,2.4857370916669543,143.0,50.0,0.11494252873563218,0.9195402298850575,0.08045977011494254,85.0,0.5,0.23921568627450981,0.19700722394220846,4.0,0.11428571428571427,21.0,91.0,6.0,63,4.1588830833596715,1
LA_inst331001.rcp,30.0,4.0,4.8,2.9143323992525856,144.0,35.0,0.08045977011494253,0.9770114942528736,0.02298850574712641,128.0,0.5,0.5359375,0.41005022897316823,7.0,0.7000000000000008,69.0,140.0,12.0,101,4.624972813284271,1
LA_inst332001.rcp,30.0,4.0,6.1,2.8676354952004157,183.0,36.0,0.08275862068965517,0.9287356321839081,0.07126436781609191,144.0,0.5,0.5570987654320988,0.489281925154321,24.0,0.7741935483870972,81.0,179.0,35.0,1228,7.113956109566034,1
LA_inst333001.rcp,30.0,4.0,4.766666666666667,2.4857370916669543,143.0,50.0,0.11494252873563218,0.9195402298850575,0.08045977011494254,85.0,0.5,0.706951871657754,0.6084991349480968,25.0,0.7142857142857142,61.0,124.0,39.0,10903,9.296884973376368,1
LA_inst334001.rcp,30.0,4.0,6.233333333333333,2.812867259971971,187.0,51.0,0.11724137931034483,0.8390804597701149,0.16091954022988508,96.0,0.5,0.728515625,0.7182958209325397,56.0,0.7999999999999998,70.0,175.0,79.0,83080,11.327571314508846,0
LA_inst335001.rcp,30.0,4.0,5.533333333333333,2.985892756874492,166.0,113.0,0.2597701149425287,0.6068965517241379,0.3931034482758621,47.0,0.5,1.6109422492401215,1.342029719689294,125.0,0.7309941520467836,76.0,121.0,45.0,64311,11.071501518007796,0
LA_inst336001.rcp,30.0,4.0,5.933333333333334,2.7194770739161522,178.0,83.0,0.19080459770114944,0.5310344827586206,0.46896551724137936,44.0,0.5,1.7102272727272727,1.4742929767600819,155.0,0.7598039215686273,76.0,116.0,40.0,50159,10.822973175306803,0
LA_inst337001.rcp,30.0,4.0,4.8,2.9143323992525856,144.0,35.0,0.08045977011494253,0.9770114942528736,0.02298850574712641,128.0,0.5,0.44347426470588236,0.41777841893336287,9.0,0.9000000000000011,57.0,143.0,15.0,476,6.1675164908883415,1
LA_inst338001.rcp,30.0,4.0,6.1,2.8676354952004157,183.0,36.0,0.08275862068965517,0.9287356321839081,0.07126436781609191,144.0,0.5,0.5446428571428571,0.4680111193783069,23.0,0.7419354838709682,79.0,178.0,34.0,230,5.442417710521793,1
LA_inst339001.rcp,30.0,4.0,4.766666666666667,2.4857370916669543,143.0,50.0,0.11494252873563218,0.9195402298850575,0.08045977011494254,85.0,0.5,0.668235294117647,0.6102055052790347,24.0,0.6857142857142856,57.0,118.0,33.0,12045,9.396487933603666,1
LA_inst340001.rcp,30.0,4.0,6.233333333333333,2.812867259971971,187.0,51.0,0.11724137931034483,0.8390804597701149,0.16091954022988508,96.0,0.5,0.8340277777777778,0.7633615567439098,53.0,0.757142857142857,81.0,178.0,82.0,83571,11.333463814742142,0
LA_inst34001.rcp,30.0,4.0,6.233333333333333,2.812867259971971,187.0,51.0,0.11724137931034483,0.8390804597701149,0.16091954022988508,96.0,0.5,0.26180555555555557,0.22863404977375568,7.0,0.09999999999999998,26.0,104.0,8.0,100,4.61512051684126,1
LA_inst341001.rcp,30.0,4.0,5.533333333333333,2.985892756874492,166.0,113.0,0.2597701149425287,0.6068965517241379,0.3931034482758621,47.0,0.5,1.4425531914893617,1.4071405544809799,124.0,0.7251461988304093,68.0,112.0,44.0,58863,10.982984977344556,0
LA_inst342001.rcp,30.0,4.0,5.933333333333334,2.7194770739161522,178.0,83.0,0.19080459770114944,0.5310344827586206,0.46896551724137936,44.0,0.5,1.6136363636363635,1.4922459893048128,158.0,0.7745098039215685,71.0,121.0,50.0,51522,10.84978358889661,0
LA_inst343001.rcp,30.0,4.0,4.8,2.9143323992525856,144.0,35.0,0.08045977011494253,0.9770114942528736,0.02298850574712641,128.0,0.5,0.46231617647058826,0.4295438878676471,8.0,0.800000000000001,60.0,140.0,12.0,266,5.58724865840025,1
LA_inst344001.rcp,30.0,4.0,6.1,2.8676354952004157,183.0,36.0,0.08275862068965517,0.9287356321839081,0.07126436781609191,144.0,0.5,0.5143849206349206,0.4775545634920635,22.0,0.7096774193548391,75.0,173.0,29.0,3953,8.282483003730562,1
LA_inst345001.rcp,30.0,4.0,4.766666666666667,2.4857370916669543,143.0,50.0,0.11494252873563218,0.9195402298850575,0.08045977011494254,85.0,0.5,0.735686274509804,0.6511484593837534,25.0,0.7142857142857142,63.0,128.0,43.0,34724,10.455215167622544,1
LA_inst346001.rcp,30.0,4.0,6.233333333333333,2.812867259971971,187.0,51.0,0.11724137931034483,0.8390804597701149,0.16091954022988508,96.0,0.5,0.8846726190476191,0.7275838938005758,54.0,0.7714285714285712,85.0,159.0,63.0,80168,11.291892185465377,0
LA_inst347001.rcp,30.0,4.0,5.533333333333333,2.985892756874492,166.0,113.0,0.2597701149425287,0.6068965517241379,0.3931034482758621,47.0,0.5,1.4173486088379705,1.3029882438518232,134.0,0.783625730994152,67.0,121.0,54.0,67076,11.113596492217914,0
LA_inst348001.rcp,30.0,4.0,5.933333333333334,2.7194770739161522,178.0,83.0,0.19080459770114944,0.5310344827586206,0.46896551724137936,44.0,0.5,1.8051948051948052,1.605188240068755,152.0,0.7450980392156862,80.0,125.0,45.0,46498,10.74718608596786,0
LA_inst349001.rcp,30.0,4.0,4.8,2.9143323992525856,144.0,35.0,0.08045977011494253,0.9770114942528736,0.02298850574712641,128.0,0.5,0.5523897058823529,0.4330696796947946,7.0,0.7000000000000008,71.0,140.0,12.0,151,5.0238805208462765,1
LA_inst350001.rcp,30.0,4.0,6.1,2.8676354952004157,183.0,36.0,0.08275862068965517,0.9287356321839081,0.07126436781609191,144.0,0.5,0.5620659722222222,0.4829667664341378,14.0,0.4516129032258067,81.0,160.0,16.0,106,4.672828834461906,1
LA_inst35001.rcp,30.0,4.0,5.533333333333333,2.985892756874492,166.0,113.0,0.2597701149425287,0.6068965517241379,0.3931034482758621,47.0,0.5,0.450354609929078,0.42966903073286056,4.0,0.023391812865497075,22.0,55.0,8.0,30467,10.324432231492679,0
LA_inst351001.rcp,30.0,4.0,4.766666666666667,2.4857370916669543,143.0,50.0,0.11494252873563218,0.9195402298850575,0.08045977011494254,85.0,0.5,0.7591331269349845,0.6436012903505164,24.0,0.6857142857142856,65.0,123.0,38.0,22276,10.011310035064874,1
LA_inst352001.rcp,30.0,4.0,6.233333333333333,2.812867259971971,187.0,51.0,0.11724137931034483,0.8390804597701149,0.16091954022988508,96.0,0.5,0.9251893939393939,0.758145157921123,50.0,0.7142857142857142,89.0,165.0,69.0,85285,11.353765593397567,0
LA_inst353001.rcp,30.0,4.0,5.533333333333333,2.985892756874492,166.0,113.0,0.2597701149425287,0.6068965517241379,0.3931034482758621,47.0,0.5,1.6286266924564796,1.3558494071635498,131.0,0.7660818713450293,77.0,121.0,44.0,53652,10.890292664482445,0
LA_inst354001.rcp,30.0,4.0,5.933333333333334,2.7194770739161522,178.0,83.0,0.19080459770114944,0.5310344827586206,0.46896551724137936,44.0,0.5,1.6985645933014355,1.506808980493191,150.0,0.7352941176470588,75.0,127.0,52.0,48950,10.79857507675918,0
LA_inst355001.rcp,30.0,4.0,4.8,2.9143323992525856,144.0,35.0,0.08045977011494253,0.9770114942528736,0.02298850574712641,128.0,0.5,0.5252403846153846,0.4337360829959514,10.0,1.0000000000000013,68.0,144.0,16.0,924,6.829793737512425,1
LA_inst356001.rcp,30.0,4.0,6.1,2.8676354952004157,183.0,36.0,0.08275862068965517,0.9287356321839081,0.07126436781609191,144.0,0.5,0.5675505050505051,0.4864024058586752,22.0,0.7096774193548391,82.0,183.0,39.0,490,6.19644412779452,1
LA_inst357001.rcp,30.0,4.0,4.766666666666667,2.4857370916669543,143.0,50.0,0.11494252873563218,0.9195402298850575,0.08045977011494254,85.0,0.5,0.7066176470588236,0.665812165775401,29.0,0.8285714285714284,61.0,130.0,45.0,99206,11.504963855299534,0
LA_inst358001.rcp,30.0,4.0,6.233333333333333,2.812867259971971,187.0,51.0,0.11724137931034483,0.8390804597701149,0.16091954022988508,96.0,0.5,0.8131127450980392,0.728921568627451,47.0,0.6714285714285713,79.0,160.0,64.0,83048,11.327186074029756,0
LA_inst359001.rcp,30.0,4.0,5.533333333333333,2.985892756874492,166.0,113.0,0.2597701149425287,0.6068965517241379,0.3931034482758621,47.0,0.5,1.4117021276595745,1.301595744680851,132.0,0.7719298245614035,67.0,119.0,52.0,63261,11.055040111914732,0
LA_inst360001.rcp,30.0,4.0,5.933333333333334,2.7194770739161522,178.0,83.0,0.19080459770114944,0.5310344827586206,0.46896551724137936,44.0,1.0,1.0389610389610389,0.9928095894004985,33.0,0.16176470588235292,46.0,75.0,29.0,45939,10.73509147624309,0
LA_inst36001.rcp,30.0,4.0,5.933333333333334,2.7194770739161522,178.0,83.0,0.19080459770114944,0.5310344827586206,0.46896551724137936,44.0,0.5,0.6377840909090909,0.5264829331852359,7.0,0.034313725490196074,29.0,44.0,0.0,37,3.6375861597263857,1
LA_inst361001.rcp,30.0,3.0,4.8,2.9143323992525856,144.0,35.0,0.08045977011494253,0.9770114942528736,0.02298850574712641,128.0,1.0,0.29520089285714285,0.2740368716931217,0.0,0.0,38.0,128.0,0.0,32,3.4965075614664802,1
LA_inst362001.rcp,30.0,4.0,6.1,2.8676354952004157,183.0,36.0,0.08275862068965517,0.9287356321839081,0.07126436781609191,144.0,1.0,0.3352272727272727,0.3114872685185185,4.0,0.1290322580645162,49.0,160.0,16.0,32,3.4965075614664802,1
LA_inst363001.rcp,30.0,4.0,4.766666666666667,2.4857370916669543,143.0,50.0,0.11494252873563218,0.9195402298850575,0.08045977011494254,85.0,1.0,0.4235294117647059,0.40928804855275447,8.0,0.22857142857142854,36.0,89.0,4.0,110,4.709530201312334,1
LA_inst364001.rcp,30.0,4.0,6.233333333333333,2.812867259971971,187.0,51.0,0.11724137931034483,0.8390804597701149,0.16091954022988508,96.0,1.0,0.5060763888888888,0.47468377976190473,8.0,0.11428571428571427,49.0,114.0,18.0,1383,7.232733136177615,1
LA_inst365001.rcp,30.0,4.0,5.533333333333333,2.985892756874492,166.0,113.0,0.2597701149425287,0.6068965517241379,0.3931034482758621,47.0,1.0,0.9989361702127659,0.8806669394435351,43.0,0.25146198830409355,47.0,88.0,41.0,43071,10.6706284130044,0
LA_inst366001.rcp,30.0,4.0,5.933333333333334,2.7194770739161522,178.0,83.0,0.19080459770114944,0.5310344827586206,0.46896551724137936,44.0,1.0,1.051948051948052,1.0104083416583416,43.0,0.21078431372549017,47.0,76.0,29.0,40179,10.601124638368926,0
LA_inst367001.rcp,30.0,3.0,4.8,2.9143323992525856,144.0,35.0,0.08045977011494253,0.9770114942528736,0.02298850574712641,128.0,1.0,0.276171875,0.25500372023809526,4.0,0.4000000000000005,36.0,133.0,5.0,37,3.6375861597263857,1
LA_inst368001.rcp,30.0,4.0,6.1,2.8676354952004157,183.0,36.0,0.08275862068965517,0.9287356321839081,0.07126436781609191,144.0,1.0,0.34272875816993464,0.32377869951399363,10.0,0.3225806451612905,50.0,159.0,15.0,77,4.356708826689592,1
LA_inst369001.rcp,30.0,4.0,4.766666666666667,2.4857370916669543,143.0,50.0,0.11494252873563218,0.9195402298850575,0.08045977011494254,85.0,1.0,0.46203208556149733,0.4369015788133435,8.0,0.22857142857142854,40.0,102.0,17.0,406,6.008813185442595,1
LA_inst370001.rcp,30.0,4.0,6.233333333333333,2.812867259971971,187.0,51.0,0.11724137931034483,0.8390804597701149,0.16091954022988508,96.0,1.0,0.5718201754385965,0.49819127897869675,24.0,0.3428571428571428,55.0,136.0,40.0,11724,9.36947859331448,1
LA_inst37001.rcp,30.0,1.0,4.8,2.9143323992525856,144.0,35.0,0.08045977011494253,0.9770114942528736,0.02298850574712641,128.0,0.5,0.137109375,0.137109375,0.0,0.0,18.0,128.0,0.0,32,3.4965075614664802,1
LA_inst371001.rcp,30.0,4.0,5.533333333333333,2.985892756874492,166.0,113.0,0.2597701149425287,0.6068965517241379,0.3931034482758621,47.0,1.0,0.9943262411347518,0.9129369300911855,44.0,0.2573099415204678,47.0,94.0,47.0,53730,10.891745395126074,0
LA_inst372001.rcp,30.0,4.0,5.933333333333334,2.7194770739161522,178.0,83.0,0.19080459770114944,0.5310344827586206,0.46896551724137936,44.0,1.0,1.1549586776859504,1.0359377532004537,30.0,0.14705882352941174,51.0,71.0,20.0,42774,10.663709098760394,0
LA_inst373001.rcp,30.0,3.0,4.8,2.9143323992525856,144.0,35.0,0.08045977011494253,0.9770114942528736,0.02298850574712641,128.0,1.0,0.3170572916666667,0.2879495785056447,1.0,0.10000000000000013,41.0,128.0,0.0,32,3.4965075614664802,1
LA_inst374001.rcp,30.0,4.0,6.1,2.8676354952004157,183.0,36.0,0.08275862068965517,0.9287356321839081,0.07126436781609191,144.0,1.0,0.35130718954248363,0.3312488652868555,5.0,0.16129032258064524,51.0,152.0,8.0,32,3.4965075614664802,1
LA_inst375001.rcp,30.0,4.0,4.766666666666667,2.4857370916669543,143.0,50.0,0.11494252873563218,0.9195402298850575,0.08045977011494254,85.0,1.0,0.4579831932773109,0.428155929038282,9.0,0.2571428571428571,39.0,99.0,14.0,129,4.867534450455582,1
LA_inst376001.rcp,30.0,4.0,6.233333333333333,2.812867259971971,187.0,51.0,0.11724137931034483,0.8390804597701149,0.16091954022988508,96.0,1.0,0.5431547619047619,0.5089539366883117,18.0,0.2571428571428571,53.0,136.0,40.0,11793,9.37534620656045,1
LA_inst377001.rcp,30.0,4.0,5.533333333333333,2.985892756874492,166.0,113.0,0.2597701149425287,0.6068965517241379,0.3931034482758621,47.0,1.0,0.9081746920492721,0.8762907025784965,29.0,0.1695906432748538,43.0,78.0,31.0,42722,10.662492695887538,0
LA_inst378001.rcp,30.0,4.0,5.933333333333334,2.7194770739161522,178.0,83.0,0.19080459770114944,0.5310344827586206,0.46896551724137936,44.0,1.0,1.0818181818181818,0.9772003119429589,47.0,0.23039215686274506,48.0,72.0,24.0,44451,10.702165234305538,0
LA_inst379001.rcp,30.0,3.0,4.8,2.9143323992525856,144.0,35.0,0.08045977011494253,0.9770114942528736,0.02298850574712641,128.0,1.0,0.3111979166666667,0.2995659722222222,2.0,0.20000000000000026,40.0,137.0,9.0,36,3.6109179126442243,1
LA_inst380001.rcp,30.0,4.0,6.1,2.8676354952004157,183.0,36.0,0.08275862068965517,0.9287356321839081,0.07126436781609191,144.0,1.0,0.35784313725490197,0.3358864379084967,7.0,0.22580645161290336,52.0,152.0,8.0,32,3.4965075614664802,1
LA_inst38001.rcp,30.0,3.0,6.1,2.8676354952004157,183.0,36.0,0.08275862068965517,0.9287356321839081,0.07126436781609191,144.0,0.5,0.1886574074074074,0.1640472709551657,1.0,0.03225806451612905,28.0,145.0,1.0,32,3.4965075614664802,1
LA_inst381001.rcp,30.0,4.0,4.766666666666667,2.4857370916669543,143.0,50.0,0.11494252873563218,0.9195402298850575,0.08045977011494254,85.0,1.0,0.43445378151260505,0.4266831412052,6.0,0.1714285714285714,37.0,100.0,15.0,111,4.718498871295094,1
LA_inst382001.rcp,30.0,4.0,6.233333333333333,2.812867259971971,187.0,51.0,0.11724137931034483,0.8390804597701149,0.16091954022988508,96.0,1.0,0.5444444444444444,0.5195304644293615,13.0,0.18571428571428567,53.0,127.0,31.0,5732,8.653994232908383,1
LA_inst383001.rcp,30.0,4.0,5.533333333333333,2.985892756874492,166.0,113.0,0.2597701149425287,0.6068965517241379,0.3931034482758621,47.0,1.0,0.9547872340425532,0.8785200250312891,39.0,0.22807017543859648,45.0,77.0,30.0,47333,10.764984132323145,0
LA_inst384001.rcp,30.0,4.0,5.933333333333334,2.7194770739161522,178.0,83.0,0.19080459770114944,0.5310344827586206,0.46896551724137936,44.0,1.0,1.1412337662337662,1.021291866028708,67.0,0.32843137254901955,51.0,83.0,32.0,43650,10.683981470512775,0
LA_inst385001.rcp,30.0,3.0,4.8,2.9143323992525856,144.0,35.0,0.08045977011494253,0.9770114942528736,0.02298850574712641,128.0,1.0,0.31082589285714285,0.29705122180451127,5.0,0.5000000000000007,40.0,132.0,4.0,90,4.51085950651685,1
LA_inst386001.rcp,30.0,4.0,6.1,2.8676354952004157,183.0,36.0,0.08275862068965517,0.9287356321839081,0.07126436781609191,144.0,1.0,0.35947712418300654,0.31756852046374107,7.0,0.22580645161290336,52.0,154.0,10.0,32,3.4965075614664802,1
LA_inst387001.rcp,30.0,4.0,4.766666666666667,2.4857370916669543,143.0,50.0,0.11494252873563218,0.9195402298850575,0.08045977011494254,85.0,1.0,0.47554179566563465,0.4108789129686963,4.0,0.11428571428571427,41.0,85.0,0.0,55,4.02535169073515,1
LA_inst388001.rcp,30.0,4.0,6.233333333333333,2.812867259971971,187.0,51.0,0.11724137931034483,0.8390804597701149,0.16091954022988508,96.0,1.0,0.46585648148148145,0.4434873575498576,13.0,0.18571428571428567,45.0,124.0,28.0,1178,7.072421900537371,1
LA_inst389001.rcp,30.0,4.0,5.533333333333333,2.985892756874492,166.0,113.0,0.2597701149425287,0.6068965517241379,0.3931034482758621,47.0,1.0,1.0621931260229132,0.9444651093587264,48.0,0.2807017543859649,50.0,90.0,40.0,45534,10.726236540001919,0
LA_inst390001.rcp,30.0,4.0,5.933333333333334,2.7194770739161522,178.0,83.0,0.19080459770114944,0.5310344827586206,0.46896551724137936,44.0,1.0,1.097902097902098,1.0373236960408012,45.0,0.2205882352941176,49.0,85.0,36.0,44083,10.693852183811433,0
LA_inst39001.rcp,30.0,4.0,4.766666666666667,2.4857370916669543,143.0,50.0,0.11494252873563218,0.9195402298850575,0.08045977011494254,85.0,0.5,0.2635294117647059,0.22526143790849673,2.0,0.057142857142857134,23.0,91.0,6.0,72,4.290459441148391,1
LA_inst391001.rcp,30.0,3.0,4.8,2.9143323992525856,144.0,35.0,0.08045977011494253,0.9770114942528736,0.02298850574712641,128.0,1.0,0.28828125,0.2720173329959514,1.0,0.10000000000000013,37.0,129.0,1.0,32,3.4965075614664802,1
LA_inst392001.rcp,30.0,4.0,6.1,2.8676354952004157,183.0,36.0,0.08275862068965517,0.9287356321839081,0.07126436781609191,144.0,1.0,0.32407407407407407,0.30201704219699577,2.0,0.0645161290322581,47.0,147.0,3.0,32,3.4965075614664802,1
LA_inst393001.rcp,30.0,4.0,4.766666666666667,2.4857370916669543,143.0,50.0,0.11494252873563218,0.9195402298850575,0.08045977011494254,85.0,1.0,0.4726643598615917,0.4192017673942642,5.0,0.14285714285714282,41.0,97.0,12.0,76,4.343805421853684,1
LA_inst394001.rcp,30.0,4.0,6.233333333333333,2.812867259971971,187.0,51.0,0.11724137931034483,0.8390804597701149,0.16091954022988508,96.0,1.0,0.5666666666666667,0.5215091204751131,16.0,0.22857142857142854,55.0,120.0,24.0,4423,8.39479954320217,1
LA_inst395001.rcp,30.0,4.0,5.533333333333333,2.985892756874492,166.0,113.0,0.2597701149425287,0.6068965517241379,0.3931034482758621,47.0,1.0,0.8652482269503546,0.8275376271621578,48.0,0.2807017543859649,41.0,86.0,39.0,45858,10.733326750679167,0
LA_inst396001.rcp,30.0,4.0,5.933333333333334,2.7194770739161522,178.0,83.0,0.19080459770114944,0.5310344827586206,0.46896551724137936,44.0,1.0,1.0539772727272727,1.0072388548951048,42.0,0.20588235294117643,47.0,82.0,35.0,42721,10.66246928901762,0
LA_inst397001.rcp,30.0,3.0,4.8,2.9143323992525856,144.0,35.0,0.08045977011494253,0.9770114942528736,0.02298850574712641,128.0,1.0,0.3010817307692308,0.2724525908119659,4.0,0.4000000000000005,39.0,134.0,6.0,39,3.6888794541139363,1
LA_inst398001.rcp,30.0,4.0,6.1,2.8676354952004157,183.0,36.0,0.08275862068965517,0.9287356321839081,0.07126436781609191,144.0,1.0,0.3272569444444444,0.3050855522133096,4.0,0.1290322580645162,48.0,155.0,11.0,32,3.4965075614664802,1
LA_inst399001.rcp,30.0,4.0,4.766666666666667,2.4857370916669543,143.0,50.0,0.11494252873563218,0.9195402298850575,0.08045977011494254,85.0,1.0,0.4776470588235294,0.43111891720250856,8.0,0.22857142857142854,41.0,104.0,19.0,477,6.169610732491456,1
LA_inst400001.rcp,30.0,4.0,6.233333333333333,2.812867259971971,187.0,51.0,0.11724137931034483,0.8390804597701149,0.16091954022988508,96.0,1.0,0.5604166666666667,0.4907670454545455,20.0,0.28571428571428564,54.0,128.0,32.0,1285,7.1592919047975645,1
LA_inst40001.rcp,30.0,4.0,6.233333333333333,2.812867259971971,187.0,51.0,0.11724137931034483,0.8390804597701149,0.16091954022988508,96.0,0.5,0.27708333333333335,0.2500852826510721,2.0,0.028571428571428567,27.0,102.0,6.0,42,3.7612001156935624,1
LA_inst4001.rcp,30.0,4.0,6.233333333333333,2.812867259971971,187.0,51.0,0.11724137931034483,0.8390804597701149,0.16091954022988508,96.0,0.5,0.2673611111111111,0.240242889420521,1.0,0.014285714285714284,26.0,104.0,8.0,181,5.204006687076795,1
LA_inst401001.rcp,30.0,4.0,5.533333333333333,2.985892756874492,166.0,113.0,0.2597701149425287,0.6068965517241379,0.3931034482758621,47.0,1.0,1.0387984981226532,0.9631570713391739,40.0,0.23391812865497075,49.0,96.0,47.0,43218,10.67403549235683,0
LA_inst402001.rcp,30.0,4.0,5.933333333333334,2.7194770739161522,178.0,83.0,0.19080459770114944,0.5310344827586206,0.46896551724137936,44.0,1.0,1.1673553719008265,1.0197203364817,61.0,0.2990196078431372,52.0,83.0,31.0,43524,10.681090764636389,0
LA_inst403001.rcp,30.0,4.0,4.8,2.9143323992525856,144.0,35.0,0.08045977011494253,0.9770114942528736,0.02298850574712641,128.0,1.0,0.29966517857142855,0.2636613061417749,3.0,0.3000000000000004,39.0,133.0,5.0,43,3.784189633918261,1
LA_inst404001.rcp,30.0,4.0,6.1,2.8676354952004157,183.0,36.0,0.08275862068965517,0.9287356321839081,0.07126436781609191,144.0,1.0,0.3239087301587302,0.30832093253968257,7.0,0.22580645161290336,47.0,152.0,8.0,32,3.4965075614664802,1
LA_inst405001.rcp,30.0,4.0,4.766666666666667,2.4857370916669543,143.0,50.0,0.11494252873563218,0.9195402298850575,0.08045977011494254,85.0,1.0,0.45325077399380803,0.41328213582083556,8.0,0.22857142857142854,39.0,98.0,13.0,698,6.54965074223381,1
LA_inst406001.rcp,30.0,4.0,6.233333333333333,2.812867259971971,187.0,51.0,0.11724137931034483,0.8390804597701149,0.16091954022988508,96.0,1.0,0.5288461538461539,0.4900776536576169,6.0,0.0857142857142857,51.0,121.0,25.0,3707,8.218247926685745,1
LA_inst407001.rcp,30.0,4.0,5.533333333333333,2.985892756874492,166.0,113.0,0.2597701149425287,0.6068965517241379,0.3931034482758621,47.0,1.0,0.9680851063829787,0.9100332291821654,30.0,0.17543859649122806,46.0,82.0,35.0,58316,10.973648925030222,0
LA_inst408001.rcp,30.0,4.0,5.933333333333334,2.7194770739161522,178.0,83.0,0.19080459770114944,0.5310344827586206,0.46896551724137936,44.0,1.0,1.1088516746411483,1.0109375273848957,41.0,0.20098039215686272,49.0,76.0,27.0,47343,10.76519537463999,0
LA_inst409001.rcp,30.0,4.0,4.8,2.9143323992525856,144.0,35.0,0.08045977011494253,0.9770114942528736,0.02298850574712641,128.0,1.0,0.2660590277777778,0.24507432443287708,5.0,0.5000000000000007,35.0,134.0,6.0,70,4.2626798770413155,1
LA_inst410001.rcp,30.0,4.0,6.1,2.8676354952004157,183.0,36.0,0.08275862068965517,0.9287356321839081,0.07126436781609191,144.0,1.0,0.35555555555555557,0.3319360977564103,6.0,0.1935483870967743,52.0,152.0,8.0,32,3.4965075614664802,1
LA_inst41001.rcp,30.0,4.0,5.533333333333333,2.985892756874492,166.0,113.0,0.2597701149425287,0.6068965517241379,0.3931034482758621,47.0,0.5,0.5029013539651838,0.4587858949561078,8.0,0.04678362573099415,24.0,57.0,10.0,27608,10.225897085506967,0
LA_inst411001.rcp,30.0,4.0,4.766666666666667,2.4857370916669543,143.0,50.0,0.11494252873563218,0.9195402298850575,0.08045977011494254,85.0,1.0,0.4105263157894737,0.3911236568930978,8.0,0.22857142857142854,35.0,92.0,7.0,271,5.605802066295998,1
LA_inst412001.rcp,30.0,4.0,6.233333333333333,2.812867259971971,187.0,51.0,0.11724137931034483,0.8390804597701149,0.16091954022988508,96.0,1.0,0.5424107142857143,0.4958767361111111,10.0,0.14285714285714282,53.0,120.0,24.0,4786,8.473659189392508,1
LA_inst413001.rcp,30.0,4.0,5.533333333333333,2.985892756874492,166.0,113.0,0.2597701149425287,0.6068965517241379,0.3931034482758621,47.0,1.0,0.9042553191489362,0.8313670667394071,36.0,0.21052631578947367,43.0,79.0,32.0,54148,10.899494785037932,0
LA_inst414001.rcp,30.0,4.0,5.933333333333334,2.7194770739161522,178.0,83.0,0.19080459770114944,0.5310344827586206,0.46896551724137936,44.0,1.0,1.1083916083916083,1.0495261317629738,56.0,0.2745098039215686,49.0,79.0,30.0,37672,10.536698936485076,0
LA_inst415001.rcp,30.0,2.0,4.8,2.9143323992525856,144.0,35.0,0.08045977011494253,0.9770114942528736,0.02298850574712641,128.0,1.0,0.28267045454545453,0.2638681220095694,1.0,0.10000000000000013,37.0,129.0,1.0,49,3.912023005428146,1
LA_inst416001.rcp,30.0,4.0,6.1,2.8676354952004157,183.0,36.0,0.08275862068965517,0.9287356321839081,0.07126436781609191,144.0,1.0,0.34760802469135804,0.3314525462962963,7.0,0.22580645161290336,51.0,154.0,10.0,71,4.276666119016055,1
LA_inst417001.rcp,30.0,4.0,4.766666666666667,2.4857370916669543,143.0,50.0,0.11494252873563218,0.9195402298850575,0.08045977011494254,85.0,1.0,0.4105263157894737,0.4000246270757106,6.0,0.1714285714285714,35.0,98.0,13.0,44,3.8066624897703196,1
LA_inst418001.rcp,30.0,4.0,6.233333333333333,2.812867259971971,187.0,51.0,0.11724137931034483,0.8390804597701149,0.16091954022988508,96.0,1.0,0.5520833333333334,0.5161830357142857,7.0,0.09999999999999998,53.0,126.0,30.0,5130,8.543055850941965,1
LA_inst419001.rcp,30.0,4.0,5.533333333333333,2.985892756874492,166.0,113.0,0.2597701149425287,0.6068965517241379,0.3931034482758621,47.0,1.0,1.009671179883946,0.8654852656730003,32.0,0.1871345029239766,48.0,83.0,35.0,45699,10.729853576882297,0
LA_inst420001.rcp,30.0,4.0,5.933333333333334,2.7194770739161522,178.0,83.0,0.19080459770114944,0.5310344827586206,0.46896551724137936,44.0,1.0,1.1303827751196172,1.0604124493927125,36.0,0.1764705882352941,50.0,85.0,35.0,43187,10.673317957867031,0
LA_inst42001.rcp,30.0,4.0,5.933333333333334,2.7194770739161522,178.0,83.0,0.19080459770114944,0.5310344827586206,0.46896551724137936,44.0,0.5,0.6641414141414141,0.5035799168152109,12.0,0.0588235294117647,30.0,46.0,2.0,2226,7.708410667257367,1
LA_inst421001.rcp,30.0,1.0,4.8,2.9143323992525856,144.0,35.0,0.08045977011494253,0.9770114942528736,0.02298850574712641,128.0,1.0,0.29399671052631576,0.29399671052631576,1.0,0.10000000000000013,38.0,128.0,0.0,32,3.4965075614664802,1
LA_inst422001.rcp,30.0,4.0,6.1,2.8676354952004157,183.0,36.0,0.08275862068965517,0.9287356321839081,0.07126436781609191,144.0,1.0,0.3659188034188034,0.32925180288461536,5.0,0.16129032258064524,53.0,149.0,5.0,77,4.356708826689592,1
LA_inst423001.rcp,30.0,4.0,4.766666666666667,2.4857370916669543,143.0,50.0,0.11494252873563218,0.9195402298850575,0.08045977011494254,85.0,1.0,0.4852941176470588,0.4578572775263952,11.0,0.3142857142857142,42.0,107.0,22.0,379,5.940171252720432,1
LA_inst424001.rcp,30.0,4.0,6.233333333333333,2.812867259971971,187.0,51.0,0.11724137931034483,0.8390804597701149,0.16091954022988508,96.0,1.0,0.5027777777777778,0.4875719779097536,9.0,0.12857142857142856,49.0,128.0,32.0,3067,8.028781162487148,1
LA_inst425001.rcp,30.0,4.0,5.533333333333333,2.985892756874492,166.0,113.0,0.2597701149425287,0.6068965517241379,0.3931034482758621,47.0,1.0,1.048936170212766,0.9207236842105263,29.0,0.1695906432748538,50.0,80.0,30.0,46572,10.74877625305556,0
LA_inst426001.rcp,30.0,4.0,5.933333333333334,2.7194770739161522,178.0,83.0,0.19080459770114944,0.5310344827586206,0.46896551724137936,44.0,1.0,1.0738636363636365,1.050865800865801,36.0,0.1764705882352941,48.0,74.0,26.0,45433,10.724016002423166,0
LA_inst427001.rcp,30.0,3.0,4.8,2.9143323992525856,144.0,35.0,0.08045977011494253,0.9770114942528736,0.02298850574712641,128.0,1.0,0.349609375,0.3176153273809524,3.0,0.3000000000000004,45.0,136.0,8.0,34,3.5553480614894135,1
LA_inst428001.rcp,30.0,4.0,6.1,2.8676354952004157,183.0,36.0,0.08275862068965517,0.9287356321839081,0.07126436781609191,144.0,1.0,0.3421296296296296,0.31855043232570807,11.0,0.35483870967741954,50.0,165.0,21.0,93,4.543294782270004,1
LA_inst429001.rcp,30.0,4.0,4.766666666666667,2.4857370916669543,143.0,50.0,0.11494252873563218,0.9195402298850575,0.08045977011494254,85.0,1.0,0.4823529411764706,0.4551167133520075,9.0,0.2571428571428571,41.0,99.0,14.0,101,4.624972813284271,1
LA_inst430001.rcp,30.0,4.0,6.233333333333333,2.812867259971971,187.0,51.0,0.11724137931034483,0.8390804597701149,0.16091954022988508,96.0,1.0,0.5192307692307693,0.48191652097902105,9.0,0.12857142857142856,50.0,109.0,13.0,544,6.300785794663244,1
LA_inst43001.rcp,30.0,2.0,4.8,2.9143323992525856,144.0,35.0,0.08045977011494253,0.9770114942528736,0.02298850574712641,128.0,0.5,0.13194444444444445,0.1252170138888889,1.0,0.10000000000000013,17.0,130.0,2.0,34,3.5553480614894135,1
LA_inst431001.rcp,30.0,4.0,5.533333333333333,2.985892756874492,166.0,113.0,0.2597701149425287,0.6068965517241379,0.3931034482758621,47.0,1.0,0.9964539007092199,0.9109929078014184,35.0,0.2046783625730994,47.0,85.0,38.0,57679,10.96266577195883,0
LA_inst432001.rcp,30.0,4.0,5.933333333333334,2.7194770739161522,178.0,83.0,0.19080459770114944,0.5310344827586206,0.46896551724137936,44.0,1.0,1.162121212121212,1.032506380651434,59.0,0.2892156862745098,52.0,84.0,32.0,38516,10.558854981259193,0
LA_inst433001.rcp,30.0,1.0,4.8,2.9143323992525856,144.0,35.0,0.08045977011494253,0.9770114942528736,0.02298850574712641,128.0,1.0,0.3203125,0.3203125,2.0,0.20000000000000026,41.0,134.0,6.0,50,3.9318256327243257,1
LA_inst434001.rcp,30.0,4.0,6.1,2.8676354952004157,183.0,36.0,0.08275862068965517,0.9287356321839081,0.07126436781609191,144.0,1.0,0.3307748538011696,0.3034977532679739,9.0,0.2903225806451615,48.0,165.0,21.0,32,3.4965075614664802,1
LA_inst435001.rcp,30.0,4.0,4.766666666666667,2.4857370916669543,143.0,50.0,0.11494252873563218,0.9195402298850575,0.08045977011494254,85.0,1.0,0.47411764705882353,0.4317610201975527,8.0,0.22857142857142854,41.0,97.0,12.0,462,6.137727054086234,1
LA_inst436001.rcp,30.0,4.0,6.233333333333333,2.812867259971971,187.0,51.0,0.11724137931034483,0.8390804597701149,0.16091954022988508,96.0,1.0,0.5252192982456141,0.4803490095430885,9.0,0.12857142857142856,51.0,121.0,25.0,5577,8.626585568187433,1
LA_inst437001.rcp,30.0,4.0,5.533333333333333,2.985892756874492,166.0,113.0,0.2597701149425287,0.6068965517241379,0.3931034482758621,47.0,1.0,0.939209726443769,0.8192563655055833,20.0,0.11695906432748537,45.0,76.0,29.0,47575,10.77008371138643,0
LA_inst438001.rcp,30.0,4.0,5.933333333333334,2.7194770739161522,178.0,83.0,0.19080459770114944,0.5310344827586206,0.46896551724137936,44.0,1.0,1.103409090909091,1.0180737026131763,44.0,0.2156862745098039,49.0,83.0,34.0,42153,10.649084858096993,0
LA_inst439001.rcp,30.0,3.0,4.8,2.9143323992525856,144.0,35.0,0.08045977011494253,0.9770114942528736,0.02298850574712641,128.0,1.0,0.27265625,0.26305509868421056,3.0,0.3000000000000004,35.0,133.0,5.0,39,3.6888794541139363,1
LA_inst440001.rcp,30.0,4.0,6.1,2.8676354952004157,183.0,36.0,0.08275862068965517,0.9287356321839081,0.07126436781609191,144.0,1.0,0.35683760683760685,0.3153017049501425,5.0,0.16129032258064524,52.0,149.0,5.0,32,3.4965075614664802,1
LA_inst44001.rcp,30.0,3.0,6.1,2.8676354952004157,183.0,36.0,0.08275862068965517,0.9287356321839081,0.07126436781609191,144.0,0.5,0.1636284722222222,0.14527926484921452,1.0,0.03225806451612905,24.0,146.0,2.0,32,3.4965075614664802,1
LA_inst441001.rcp,30.0,4.0,4.766666666666667,2.4857370916669543,143.0,50.0,0.11494252873563218,0.9195402298850575,0.08045977011494254,85.0,1.0,0.4470588235294118,0.4226470588235294,11.0,0.3142857142857142,38.0,97.0,12.0,379,5.940171252720432,1
LA_inst442001.rcp,30.0,4.0,6.233333333333333,2.812867259971971,187.0,51.0,0.11724137931034483,0.8390804597701149,0.16091954022988508,96.0,1.0,0.5659722222222222,0.5104847494553377,18.0,0.2571428571428571,55.0,135.0,39.0,3632,8.197814032221203,1
LA_inst443001.rcp,30.0,4.0,5.533333333333333,2.985892756874492,166.0,113.0,0.2597701149425287,0.6068965517241379,0.3931034482758621,47.0,1.0,0.975886524822695,0.9271716758418886,33.0,0.19298245614035087,46.0,92.0,45.0,46372,10.744472672295117,0
LA_inst444001.rcp,30.0,4.0,5.933333333333334,2.7194770739161522,178.0,83.0,0.19080459770114944,0.5310344827586206,0.46896551724137936,44.0,1.0,1.0716783216783217,1.0465438917143461,38.0,0.18627450980392155,48.0,80.0,32.0,40826,10.617098906228428,0
LA_inst445001.rcp,30.0,3.0,4.8,2.9143323992525856,144.0,35.0,0.08045977011494253,0.9770114942528736,0.02298850574712641,128.0,1.0,0.3138020833333333,0.30736797924297926,1.0,0.10000000000000013,41.0,132.0,4.0,36,3.6109179126442243,1
LA_inst446001.rcp,30.0,4.0,6.1,2.8676354952004157,183.0,36.0,0.08275862068965517,0.9287356321839081,0.07126436781609191,144.0,1.0,0.3489583333333333,0.3226689687627188,3.0,0.09677419354838715,51.0,148.0,4.0,32,3.4965075614664802,1
LA_inst447001.rcp,30.0,4.0,4.766666666666667,2.4857370916669543,143.0,50.0,0.11494252873563218,0.9195402298850575,0.08045977011494254,85.0,1.0,0.4370588235294118,0.39395466029549076,10.0,0.28571428571428564,38.0,91.0,6.0,364,5.8998973535824915,1
LA_inst448001.rcp,30.0,4.0,6.233333333333333,2.812867259971971,187.0,51.0,0.11724137931034483,0.8390804597701149,0.16091954022988508,96.0,1.0,0.48541666666666666,0.4638203581871345,18.0,0.2571428571428571,47.0,117.0,21.0,1453,7.282073658093465,1
LA_inst449001.rcp,30.0,4.0,5.533333333333333,2.985892756874492,166.0,113.0,0.2597701149425287,0.6068965517241379,0.3931034482758621,47.0,1.0,1.0319148936170213,0.9224658669997415,36.0,0.21052631578947367,49.0,90.0,41.0,40835,10.617319324288905,0
LA_inst450001.rcp,30.0,4.0,5.933333333333334,2.7194770739161522,178.0,83.0,0.19080459770114944,0.5310344827586206,0.46896551724137936,44.0,1.0,1.1178977272727273,1.0675799940191388,50.0,0.24509803921568624,50.0,82.0,32.0,40524,10.609674346603876,0
LA_inst45001.rcp,30.0,3.0,4.766666666666667,2.4857370916669543,143.0,50.0,0.11494252873563218,0.9195402298850575,0.08045977011494254,85.0,0.5000000000000001,0.22895927601809954,0.206248457424928,2.0,0.057142857142857134,20.0,85.0,0.0,41,3.7376696182833684,1
LA_inst451001.rcp,30.0,3.0,4.8,2.9143323992525856,144.0,35.0,0.08045977011494253,0.9770114942528736,0.02298850574712641,128.0,1.0,0.327734375,0.29352384868421055,0.0,0.0,42.0,128.0,0.0,32,3.4965075614664802,1
LA_inst452001.rcp,30.0,4.0,6.1,2.8676354952004157,183.0,36.0,0.08275862068965517,0.9287356321839081,0.07126436781609191,144.0,1.0,0.32233796296296297,0.3015503167641326,3.0,0.09677419354838715,47.0,144.0,0.0,32,3.4965075614664802,1
LA_inst453001.rcp,30.0,4.0,4.766666666666667,2.4857370916669543,143.0,50.0,0.11494252873563218,0.9195402298850575,0.08045977011494254,85.0,1.0,0.48137254901960785,0.4653508771929825,6.0,0.1714285714285714,41.0,97.0,12.0,167,5.123963979403259,1
LA_inst454001.rcp,30.0,4.0,6.233333333333333,2.812867259971971,187.0,51.0,0.11724137931034483,0.8390804597701149,0.16091954022988508,96.0,1.0,0.544921875,0.49974846117424243,17.0,0.2428571428571428,53.0,120.0,24.0,756,6.6293632534374485,1
LA_inst455001.rcp,30.0,4.0,5.533333333333333,2.985892756874492,166.0,113.0,0.2597701149425287,0.6068965517241379,0.3931034482758621,47.0,1.0,0.9670212765957447,0.9075354609929077,16.0,0.0935672514619883,46.0,88.0,41.0,47719,10.773105876211853,0
LA_inst456001.rcp,30.0,4.0,5.933333333333334,2.7194770739161522,178.0,83.0,0.19080459770114944,0.5310344827586206,0.46896551724137936,44.0,1.0,1.071969696969697,1.0098557692307693,61.0,0.2990196078431372,48.0,83.0,35.0,46810,10.753873497022564,0
LA_inst457001.rcp,30.0,4.0,4.8,2.9143323992525856,144.0,35.0,0.08045977011494253,0.9770114942528736,0.02298850574712641,128.0,1.0,0.318359375,0.2884072849893162,5.0,0.5000000000000007,41.0,133.0,5.0,95,4.564348191467836,1
LA_inst458001.rcp,30.0,4.0,6.1,2.8676354952004157,183.0,36.0,0.08275862068965517,0.9287356321839081,0.07126436781609191,144.0,1.0,0.35353535353535354,0.3256477744069656,6.0,0.1935483870967743,51.0,149.0,5.0,32,3.4965075614664802,1
LA_inst459001.rcp,30.0,4.0,4.766666666666667,2.4857370916669543,143.0,50.0,0.11494252873563218,0.9195402298850575,0.08045977011494254,85.0,1.0,0.4907563025210084,0.4270631329454858,6.0,0.1714285714285714,42.0,104.0,19.0,110,4.709530201312334,1
LA_inst460001.rcp,30.0,4.0,6.233333333333333,2.812867259971971,187.0,51.0,0.11724137931034483,0.8390804597701149,0.16091954022988508,96.0,1.0,0.5147058823529411,0.49788871689026487,8.0,0.11428571428571427,50.0,126.0,30.0,1032,6.940222469119639,1
LA_inst46001.rcp,30.0,4.0,6.233333333333333,2.812867259971971,187.0,51.0,0.11724137931034483,0.8390804597701149,0.16091954022988508,96.0,0.5,0.2928921568627451,0.22593669925356508,1.0,0.014285714285714284,29.0,96.0,0.0,32,3.4965075614664802,1
LA_inst461001.rcp,30.0,4.0,5.533333333333333,2.985892756874492,166.0,113.0,0.2597701149425287,0.6068965517241379,0.3931034482758621,47.0,1.0,0.9641657334826428,0.8845503649897299,16.0,0.0935672514619883,46.0,85.0,38.0,42344,10.653605629355699,0
LA_inst462001.rcp,30.0,4.0,5.933333333333334,2.7194770739161522,178.0,83.0,0.19080459770114944,0.5310344827586206,0.46896551724137936,44.0,1.0,1.0669191919191918,1.044701825951826,44.0,0.2156862745098039,47.0,78.0,31.0,40840,10.617441757777067,0
LA_inst463001.rcp,30.0,3.0,4.8,2.9143323992525856,144.0,35.0,0.08045977011494253,0.9770114942528736,0.02298850574712641,128.0,1.0,0.2698317307692308,0.25691694947209653,3.0,0.3000000000000004,35.0,135.0,7.0,61,4.127134385045092,1
LA_inst464001.rcp,30.0,4.0,6.1,2.8676354952004157,183.0,36.0,0.08275862068965517,0.9287356321839081,0.07126436781609191,144.0,1.0,0.307449494949495,0.2898070067187714,3.0,0.09677419354838715,45.0,144.0,0.0,32,3.4965075614664802,1
LA_inst465001.rcp,30.0,4.0,4.766666666666667,2.4857370916669543,143.0,50.0,0.11494252873563218,0.9195402298850575,0.08045977011494254,85.0,1.0,0.4445378151260504,0.4234409553295002,8.0,0.22857142857142854,38.0,98.0,13.0,340,5.831882477283517,1
LA_inst466001.rcp,30.0,4.0,6.233333333333333,2.812867259971971,187.0,51.0,0.11724137931034483,0.8390804597701149,0.16091954022988508,96.0,1.0,0.5333333333333333,0.48188439849624054,18.0,0.2571428571428571,52.0,125.0,29.0,6318,8.751316246773456,1
LA_inst467001.rcp,30.0,4.0,5.533333333333333,2.985892756874492,166.0,113.0,0.2597701149425287,0.6068965517241379,0.3931034482758621,47.0,1.0,0.9893617021276596,0.848404255319149,37.0,0.21637426900584794,47.0,77.0,30.0,51864,10.856399467865929,0
LA_inst468001.rcp,30.0,4.0,5.933333333333334,2.7194770739161522,178.0,83.0,0.19080459770114944,0.5310344827586206,0.46896551724137936,44.0,1.0,1.0545454545454545,0.996668388429752,44.0,0.2156862745098039,47.0,88.0,41.0,46979,10.757477258212903,0
LA_inst469001.rcp,30.0,3.0,4.8,2.9143323992525856,144.0,35.0,0.08045977011494253,0.9770114942528736,0.02298850574712641,128.0,1.0,0.309375,0.28541666666666665,3.0,0.3000000000000004,40.0,135.0,7.0,72,4.290459441148391,1
LA_inst470001.rcp,30.0,4.0,6.1,2.8676354952004157,183.0,36.0,0.08275862068965517,0.9287356321839081,0.07126436781609191,144.0,1.0,0.3350694444444444,0.3160445601851852,6.0,0.1935483870967743,49.0,159.0,15.0,60,4.110873864173311,1
LA_inst47001.rcp,30.0,4.0,5.533333333333333,2.985892756874492,166.0,113.0,0.2597701149425287,0.6068965517241379,0.3931034482758621,47.0,0.5,0.48632218844984804,0.4179964539007093,13.0,0.07602339181286549,23.0,60.0,13.0,32943,10.40256442926757,0
LA_inst471001.rcp,30.0,4.0,4.766666666666667,2.4857370916669543,143.0,50.0,0.11494252873563218,0.9195402298850575,0.08045977011494254,85.0,1.0,0.4549019607843137,0.4263591800356506,12.0,0.3428571428571428,39.0,101.0,16.0,515,6.246106765481563,1
LA_inst472001.rcp,30.0,4.0,6.233333333333333,2.812867259971971,187.0,51.0,0.11724137931034483,0.8390804597701149,0.16091954022988508,96.0,1.0,0.5095486111111112,0.47030009920634924,17.0,0.2428571428571428,49.0,125.0,29.0,856,6.75343791859778,1
LA_inst473001.rcp,30.0,4.0,5.533333333333333,2.985892756874492,166.0,113.0,0.2597701149425287,0.6068965517241379,0.3931034482758621,47.0,1.0,1.0,0.8671119439071566,45.0,0.2631578947368421,47.0,84.0,37.0,42055,10.646757342499283,0
LA_inst474001.rcp,30.0,4.0,5.933333333333334,2.7194770739161522,178.0,83.0,0.19080459770114944,0.5310344827586206,0.46896551724137936,44.0,1.0,1.0437062937062938,1.0013009049773756,36.0,0.1764705882352941,46.0,75.0,29.0,44265,10.697972167001991,0
LA_inst475001.rcp,30.0,3.0,4.8,2.9143323992525856,144.0,35.0,0.08045977011494253,0.9770114942528736,0.02298850574712641,128.0,1.0,0.28308823529411764,0.2542151756535948,4.0,0.4000000000000005,37.0,135.0,7.0,55,4.02535169073515,1
LA_inst476001.rcp,30.0,4.0,6.1,2.8676354952004157,183.0,36.0,0.08275862068965517,0.9287356321839081,0.07126436781609191,144.0,1.0,0.3424479166666667,0.3215672854344729,14.0,0.4516129032258067,50.0,174.0,30.0,100,4.61512051684126,1
LA_inst477001.rcp,30.0,4.0,4.766666666666667,2.4857370916669543,143.0,50.0,0.11494252873563218,0.9195402298850575,0.08045977011494254,85.0,1.0,0.46509803921568627,0.42197399607616326,9.0,0.2571428571428571,40.0,91.0,6.0,178,5.187385805840755,1
LA_inst478001.rcp,30.0,4.0,6.233333333333333,2.812867259971971,187.0,51.0,0.11724137931034483,0.8390804597701149,0.16091954022988508,96.0,1.0,0.4911858974358974,0.47511396385477267,10.0,0.14285714285714282,48.0,112.0,16.0,2598,7.8628820346414905,1
LA_inst479001.rcp,30.0,4.0,5.533333333333333,2.985892756874492,166.0,113.0,0.2597701149425287,0.6068965517241379,0.3931034482758621,47.0,1.0,0.9311639549436797,0.8806493314010935,22.0,0.1286549707602339,44.0,85.0,38.0,40934,10.61974072181055,0
LA_inst480001.rcp,30.0,4.0,5.933333333333334,2.7194770739161522,178.0,83.0,0.19080459770114944,0.5310344827586206,0.46896551724137936,44.0,1.0,2.176948051948052,2.0162337662337664,185.0,0.9068627450980391,96.0,149.0,53.0,64735,11.078072739967473,0
LA_inst48001.rcp,30.0,4.0,5.933333333333334,2.7194770739161522,178.0,83.0,0.19080459770114944,0.5310344827586206,0.46896551724137936,44.0,0.5,0.5803030303030303,0.5154036951883842,7.0,0.034313725490196074,26.0,49.0,5.0,32,3.4965075614664802,1
LA_inst481001.rcp,30.0,4.0,4.8,2.9143323992525856,144.0,35.0,0.08045977011494253,0.9770114942528736,0.02298850574712641,128.0,1.0,0.6517857142857143,0.5895540006868132,9.0,0.9000000000000011,84.0,143.0,15.0,476,6.1675164908883415,1
LA_inst482001.rcp,30.0,4.0,6.1,2.8676354952004157,183.0,36.0,0.08275862068965517,0.9287356321839081,0.07126436781609191,144.0,1.0,0.6670751633986928,0.6539166171519113,31.0,1.0000000000000007,97.0,183.0,39.0,38102,10.548048298172429,1
LA_inst483001.rcp,30.0,4.0,4.766666666666667,2.4857370916669543,143.0,50.0,0.11494252873563218,0.9195402298850575,0.08045977011494254,85.0,1.0,0.957983193277311,0.8580591467356173,30.0,0.857142857142857,82.0,140.0,55.0,86406,11.366823970028843,0
LA_inst484001.rcp,30.0,4.0,6.233333333333333,2.812867259971971,187.0,51.0,0.11724137931034483,0.8390804597701149,0.16091954022988508,96.0,1.0,0.9959935897435898,0.9497682256522717,57.0,0.8142857142857142,96.0,176.0,80.0,76711,11.247813428833517,0
LA_inst485001.rcp,30.0,4.0,5.533333333333333,2.985892756874492,166.0,113.0,0.2597701149425287,0.6068965517241379,0.3931034482758621,47.0,1.0,1.8111702127659575,1.723859182530795,162.0,0.9473684210526315,86.0,149.0,63.0,62675,11.045733878224299,0
LA_inst486001.rcp,30.0,4.0,5.933333333333334,2.7194770739161522,178.0,83.0,0.19080459770114944,0.5310344827586206,0.46896551724137936,44.0,1.0,2.133522727272727,1.9860837801552513,193.0,0.9460784313725489,94.0,151.0,57.0,53811,10.893251769605433,0
LA_inst487001.rcp,30.0,4.0,4.8,2.9143323992525856,144.0,35.0,0.08045977011494253,0.9770114942528736,0.02298850574712641,128.0,1.0,0.59326171875,0.5721270210566571,10.0,1.0000000000000013,76.0,144.0,16.0,924,6.829793737512425,1
LA_inst488001.rcp,30.0,4.0,6.1,2.8676354952004157,183.0,36.0,0.08275862068965517,0.9287356321839081,0.07126436781609191,144.0,1.0,0.6430555555555556,0.628882971317182,28.0,0.9032258064516134,93.0,183.0,39.0,5997,8.699181359308954,1
LA_inst489001.rcp,30.0,4.0,4.766666666666667,2.4857370916669543,143.0,50.0,0.11494252873563218,0.9195402298850575,0.08045977011494254,85.0,1.0,0.8715686274509804,0.8453205128205128,32.0,0.9142857142857141,75.0,139.0,54.0,86939,11.372973504542783,0
LA_inst490001.rcp,30.0,4.0,6.233333333333333,2.812867259971971,187.0,51.0,0.11724137931034483,0.8390804597701149,0.16091954022988508,96.0,1.0,1.0265151515151516,0.988319493006993,67.0,0.957142857142857,99.0,177.0,78.0,84397,11.343298983620814,0
LA_inst49001.rcp,30.0,0.0,4.8,2.9143323992525856,144.0,35.0,0.08045977011494253,0.9770114942528736,0.02298850574712641,128.0,0.0,0.0,0.0,0.0,0.0,0.0,128.0,0.0,32,3.4965075614664802,1
LA_inst491001.rcp,30.0,4.0,5.533333333333333,2.985892756874492,166.0,113.0,0.2597701149425287,0.6068965517241379,0.3931034482758621,47.0,1.0,1.8585106382978724,1.7710471422611598,148.0,0.8654970760233918,88.0,146.0,58.0,67385,11.11819256019109,0
LA_inst492001.rcp,30.0,4.0,5.933333333333334,2.7194770739161522,178.0,83.0,0.19080459770114944,0.5310344827586206,0.46896551724137936,44.0,1.0,2.137784090909091,2.058206353305785,195.0,0.9558823529411763,95.0,167.0,72.0,68118,11.12901145469236,0
LA_inst493001.rcp,30.0,4.0,4.8,2.9143323992525856,144.0,35.0,0.08045977011494253,0.9770114942528736,0.02298850574712641,128.0,1.0,0.61279296875,0.5740374940814393,9.0,0.9000000000000011,79.0,142.0,14.0,470,6.154858094016418,1
LA_inst494001.rcp,30.0,4.0,6.1,2.8676354952004157,183.0,36.0,0.08275862068965517,0.9287356321839081,0.07126436781609191,144.0,1.0,0.6534090909090909,0.6373218795093795,24.0,0.7741935483870972,95.0,175.0,31.0,1591,7.3727463664043285,1
LA_inst495001.rcp,30.0,4.0,4.766666666666667,2.4857370916669543,143.0,50.0,0.11494252873563218,0.9195402298850575,0.08045977011494254,85.0,1.0,0.8914027149321267,0.8732536108036928,32.0,0.9142857142857141,76.0,135.0,50.0,87410,11.378376411847727,0
LA_inst496001.rcp,30.0,4.0,6.233333333333333,2.812867259971971,187.0,51.0,0.11724137931034483,0.8390804597701149,0.16091954022988508,96.0,1.0,1.0203125,0.9734213908350421,64.0,0.9142857142857141,98.0,184.0,86.0,77889,11.263052853913994,0
LA_inst497001.rcp,30.0,4.0,5.533333333333333,2.985892756874492,166.0,113.0,0.2597701149425287,0.6068965517241379,0.3931034482758621,47.0,1.0,1.872340425531915,1.740950226244344,147.0,0.8596491228070176,88.0,142.0,54.0,63675,11.061563004475026,0
LA_inst498001.rcp,30.0,4.0,5.933333333333334,2.7194770739161522,178.0,83.0,0.19080459770114944,0.5310344827586206,0.46896551724137936,44.0,1.0,2.2201704545454546,2.0758759469696972,202.0,0.9901960784313724,98.0,178.0,80.0,71142,11.17244721498159,0
LA_inst499001.rcp,30.0,4.0,4.8,2.9143323992525856,144.0,35.0,0.08045977011494253,0.9770114942528736,0.02298850574712641,128.0,1.0,0.6083333333333333,0.5744466145833333,10.0,1.0000000000000013,78.0,144.0,16.0,924,6.829793737512425,1
LA_inst500001.rcp,30.0,4.0,6.1,2.8676354952004157,183.0,36.0,0.08275862068965517,0.9287356321839081,0.07126436781609191,144.0,1.0,0.6701388888888888,0.6466709307992202,29.0,0.9354838709677424,97.0,183.0,39.0,9101,9.116249448576587,1
LA_inst50001.rcp,30.0,3.0,6.1,2.8676354952004157,183.0,36.0,0.08275862068965517,0.9287356321839081,0.07126436781609191,144.0,0.5000000000000001,0.16299019607843138,0.145746878998513,1.0,0.03225806451612905,24.0,144.0,0.0,32,3.4965075614664802,1
LA_inst5001.rcp,30.0,4.0,5.533333333333333,2.985892756874492,166.0,113.0,0.2597701149425287,0.6068965517241379,0.3931034482758621,47.0,0.5,0.5224586288416075,0.44190761956719404,1.0,0.005847953216374269,25.0,49.0,2.0,26511,10.185352739666344,0
LA_inst501001.rcp,30.0,4.0,4.766666666666667,2.4857370916669543,143.0,50.0,0.11494252873563218,0.9195402298850575,0.08045977011494254,85.0,1.0,0.8988235294117647,0.8522987616099071,34.0,0.9714285714285712,77.0,143.0,58.0,87235,11.376372368737117,0
LA_inst502001.rcp,30.0,4.0,6.233333333333333,2.812867259971971,187.0,51.0,0.11724137931034483,0.8390804597701149,0.16091954022988508,96.0,1.0,1.0409722222222222,1.001077410130719,70.0,0.9999999999999998,100.0,187.0,87.0,74592,11.219801948009026,0
LA_inst503001.rcp,30.0,4.0,5.533333333333333,2.985892756874492,166.0,113.0,0.2597701149425287,0.6068965517241379,0.3931034482758621,47.0,1.0,1.7401215805471124,1.690314882952061,156.0,0.9122807017543859,82.0,145.0,63.0,59746,10.997874259328212,0
LA_inst504001.rcp,30.0,4.0,5.933333333333334,2.7194770739161522,178.0,83.0,0.19080459770114944,0.5310344827586206,0.46896551724137936,44.0,1.0,2.11013986013986,2.0544830169830166,194.0,0.9509803921568626,93.0,165.0,72.0,59441,10.992756326201086,0
LA_inst505001.rcp,30.0,4.0,4.8,2.9143323992525856,144.0,35.0,0.08045977011494253,0.9770114942528736,0.02298850574712641,128.0,1.0,0.6099330357142857,0.5707666790674603,10.0,1.0000000000000013,79.0,144.0,16.0,924,6.829793737512425,1
LA_inst506001.rcp,30.0,4.0,6.1,2.8676354952004157,183.0,36.0,0.08275862068965517,0.9287356321839081,0.07126436781609191,144.0,1.0,0.7033179012345679,0.657571235010928,29.0,0.9354838709677424,102.0,176.0,32.0,7552,8.929700114313448,1
LA_inst507001.rcp,30.0,4.0,4.766666666666667,2.4857370916669543,143.0,50.0,0.11494252873563218,0.9195402298850575,0.08045977011494254,85.0,1.0,0.8964705882352941,0.8536282748393476,31.0,0.8857142857142856,77.0,135.0,50.0,87108,11.374915487008783,0
LA_inst508001.rcp,30.0,4.0,6.233333333333333,2.812867259971971,187.0,51.0,0.11724137931034483,0.8390804597701149,0.16091954022988508,96.0,1.0,0.9962121212121212,0.9416166877104377,70.0,0.9999999999999998,96.0,187.0,91.0,72744,11.194715454149488,0
LA_inst509001.rcp,30.0,4.0,5.533333333333333,2.985892756874492,166.0,113.0,0.2597701149425287,0.6068965517241379,0.3931034482758621,47.0,1.0,1.8632218844984803,1.761616141417373,156.0,0.9122807017543859,88.0,156.0,68.0,61772,11.031221654776257,0
LA_inst510001.rcp,30.0,4.0,5.933333333333334,2.7194770739161522,178.0,83.0,0.19080459770114944,0.5310344827586206,0.46896551724137936,44.0,1.0,2.2011363636363637,2.009479843073593,180.0,0.8823529411764705,97.0,157.0,60.0,54908,10.913432548488071,0
LA_inst51001.rcp,30.0,3.0,4.766666666666667,2.4857370916669543,143.0,50.0,0.11494252873563218,0.9195402298850575,0.08045977011494254,85.0,0.5,0.26334841628959277,0.20771744595274008,0.0,0.0,23.0,85.0,0.0,32,3.4965075614664802,1
LA_inst511001.rcp,30.0,4.0,4.8,2.9143323992525856,144.0,35.0,0.08045977011494253,0.9770114942528736,0.02298850574712641,128.0,1.0,0.61328125,0.5672619047619047,10.0,1.0000000000000013,79.0,144.0,16.0,924,6.829793737512425,1
LA_inst512001.rcp,30.0,4.0,6.1,2.8676354952004157,183.0,36.0,0.08275862068965517,0.9287356321839081,0.07126436781609191,144.0,1.0,0.6476608187134503,0.6148532388663968,30.0,0.9677419354838716,94.0,183.0,39.0,6882,8.836809882398365,1
LA_inst513001.rcp,30.0,4.0,4.766666666666667,2.4857370916669543,143.0,50.0,0.11494252873563218,0.9195402298850575,0.08045977011494254,85.0,1.0,0.9,0.8486205511616411,35.0,0.9999999999999998,77.0,143.0,58.0,87835,11.383226718365883,0
LA_inst514001.rcp,30.0,4.0,6.233333333333333,2.812867259971971,187.0,51.0,0.11724137931034483,0.8390804597701149,0.16091954022988508,96.0,1.0,0.9954427083333334,0.9563031112938596,67.0,0.957142857142857,96.0,179.0,83.0,78515,11.27105770465774,0
LA_inst515001.rcp,30.0,4.0,5.533333333333333,2.985892756874492,166.0,113.0,0.2597701149425287,0.6068965517241379,0.3931034482758621,47.0,1.0,1.8534278959810875,1.7934973957345672,158.0,0.9239766081871345,88.0,148.0,60.0,66208,11.100571684346141,0
LA_inst516001.rcp,30.0,4.0,5.933333333333334,2.7194770739161522,178.0,83.0,0.19080459770114944,0.5310344827586206,0.46896551724137936,44.0,1.0,2.085664335664336,1.997102636946387,193.0,0.9460784313725489,92.0,159.0,67.0,62531,11.043433704697215,0
LA_inst517001.rcp,30.0,4.0,4.8,2.9143323992525856,144.0,35.0,0.08045977011494253,0.9770114942528736,0.02298850574712641,128.0,1.0,0.57861328125,0.5494109324919871,9.0,0.9000000000000011,75.0,143.0,15.0,476,6.1675164908883415,1
LA_inst518001.rcp,30.0,4.0,6.1,2.8676354952004157,183.0,36.0,0.08275862068965517,0.9287356321839081,0.07126436781609191,144.0,1.0,0.6848290598290598,0.6514541785375119,28.0,0.9032258064516134,99.0,170.0,26.0,3037,8.018954683155718,1
LA_inst519001.rcp,30.0,4.0,4.766666666666667,2.4857370916669543,143.0,50.0,0.11494252873563218,0.9195402298850575,0.08045977011494254,85.0,1.0,0.8705882352941177,0.8325490196078431,32.0,0.9142857142857141,74.0,134.0,49.0,87553,11.380011024848509,0
LA_inst520001.rcp,30.0,4.0,6.233333333333333,2.812867259971971,187.0,51.0,0.11724137931034483,0.8390804597701149,0.16091954022988508,96.0,1.0,1.0030637254901962,0.9385097558351235,67.0,0.957142857142857,97.0,176.0,79.0,79179,11.279479020660121,0
LA_inst52001.rcp,30.0,4.0,6.233333333333333,2.812867259971971,187.0,51.0,0.11724137931034483,0.8390804597701149,0.16091954022988508,96.0,0.5,0.30514705882352944,0.25314396591970123,3.0,0.04285714285714285,30.0,99.0,3.0,32,3.4965075614664802,1
LA_inst521001.rcp,30.0,4.0,5.533333333333333,2.985892756874492,166.0,113.0,0.2597701149425287,0.6068965517241379,0.3931034482758621,47.0,1.0,1.9384098544232922,1.8662893936970084,166.0,0.9707602339181286,92.0,154.0,62.0,66102,11.098969410588996,0
LA_inst522001.rcp,30.0,4.0,5.933333333333334,2.7194770739161522,178.0,83.0,0.19080459770114944,0.5310344827586206,0.46896551724137936,44.0,1.0,2.055944055944056,2.0063777623520274,198.0,0.9705882352941175,91.0,171.0,80.0,55530,10.924696702357316,0
LA_inst523001.rcp,30.0,4.0,4.8,2.9143323992525856,144.0,35.0,0.08045977011494253,0.9770114942528736,0.02298850574712641,128.0,1.0,0.6193576388888888,0.5816187640420751,10.0,1.0000000000000013,80.0,144.0,16.0,924,6.829793737512425,1
LA_inst524001.rcp,30.0,4.0,6.1,2.8676354952004157,183.0,36.0,0.08275862068965517,0.9287356321839081,0.07126436781609191,144.0,1.0,0.6739583333333333,0.6303772562875053,28.0,0.9032258064516134,98.0,178.0,34.0,4933,8.503905297089302,1
LA_inst525001.rcp,30.0,4.0,4.766666666666667,2.4857370916669543,143.0,50.0,0.11494252873563218,0.9195402298850575,0.08045977011494254,85.0,1.0,0.9529411764705882,0.8495760895451298,35.0,0.9999999999999998,81.0,143.0,58.0,87520,11.379634043550313,0
LA_inst526001.rcp,30.0,4.0,6.233333333333333,2.812867259971971,187.0,51.0,0.11724137931034483,0.8390804597701149,0.16091954022988508,96.0,1.0,1.0436197916666667,0.9881727430555556,61.0,0.8714285714285712,101.0,165.0,64.0,81276,11.30561835268232,0
LA_inst527001.rcp,30.0,4.0,5.533333333333333,2.985892756874492,166.0,113.0,0.2597701149425287,0.6068965517241379,0.3931034482758621,47.0,1.0,1.8473091364205256,1.7781455620695459,163.0,0.9532163742690059,87.0,158.0,71.0,67651,11.122132197093933,0
LA_inst528001.rcp,30.0,4.0,5.933333333333334,2.7194770739161522,178.0,83.0,0.19080459770114944,0.5310344827586206,0.46896551724137936,44.0,1.0,2.0020661157024793,1.9478670004238186,179.0,0.8774509803921567,89.0,142.0,53.0,48974,10.799065242812741,0
LA_inst529001.rcp,30.0,4.0,4.8,2.9143323992525856,144.0,35.0,0.08045977011494253,0.9770114942528736,0.02298850574712641,128.0,1.0,0.6306818181818182,0.5781841856060607,9.0,0.9000000000000011,81.0,141.0,13.0,465,6.144185634125646,1
LA_inst530001.rcp,30.0,4.0,6.1,2.8676354952004157,183.0,36.0,0.08275862068965517,0.9287356321839081,0.07126436781609191,144.0,1.0,0.6913194444444445,0.6408564814814814,30.0,0.9677419354838716,100.0,183.0,39.0,21557,9.978502256341574,1
LA_inst53001.rcp,30.0,4.0,5.533333333333333,2.985892756874492,166.0,113.0,0.2597701149425287,0.6068965517241379,0.3931034482758621,47.0,0.5,0.5347517730496454,0.47836879432624113,17.0,0.09941520467836257,26.0,65.0,18.0,40733,10.614818403529702,0
LA_inst531001.rcp,30.0,4.0,4.766666666666667,2.4857370916669543,143.0,50.0,0.11494252873563218,0.9195402298850575,0.08045977011494254,85.0,1.0,0.8941176470588236,0.8573367241633495,32.0,0.9142857142857141,76.0,140.0,55.0,86438,11.367194241835717,0
LA_inst532001.rcp,30.0,4.0,6.233333333333333,2.812867259971971,187.0,51.0,0.11724137931034483,0.8390804597701149,0.16091954022988508,96.0,1.0,1.0494791666666667,0.9775696670227921,64.0,0.9142857142857141,101.0,187.0,86.0,82823,11.324473153445949,0
LA_inst533001.rcp,30.0,4.0,5.533333333333333,2.985892756874492,166.0,113.0,0.2597701149425287,0.6068965517241379,0.3931034482758621,47.0,1.0,1.88394584139265,1.8049847688705472,150.0,0.8771929824561403,89.0,150.0,61.0,67707,11.122959620308988,0
LA_inst534001.rcp,30.0,4.0,5.933333333333334,2.7194770739161522,178.0,83.0,0.19080459770114944,0.5310344827586206,0.46896551724137936,44.0,1.0,2.2516233766233764,2.0636578495034374,192.0,0.9411764705882352,100.0,153.0,53.0,49097,10.801573579755436,0
LA_inst535001.rcp,30.0,4.0,4.8,2.9143323992525856,144.0,35.0,0.08045977011494253,0.9770114942528736,0.02298850574712641,128.0,1.0,0.58203125,0.5517846200980392,10.0,1.0000000000000013,75.0,144.0,16.0,924,6.829793737512425,1
LA_inst536001.rcp,30.0,4.0,6.1,2.8676354952004157,183.0,36.0,0.08275862068965517,0.9287356321839081,0.07126436781609191,144.0,1.0,0.6371527777777778,0.6059315225215961,29.0,0.9354838709677424,92.0,183.0,39.0,17888,9.791941277791215,1
LA_inst537001.rcp,30.0,4.0,4.766666666666667,2.4857370916669543,143.0,50.0,0.11494252873563218,0.9195402298850575,0.08045977011494254,85.0,1.0,0.9241176470588235,0.8657083813917723,31.0,0.8857142857142856,79.0,137.0,52.0,86644,11.369574590074345,0
LA_inst538001.rcp,30.0,4.0,6.233333333333333,2.812867259971971,187.0,51.0,0.11724137931034483,0.8390804597701149,0.16091954022988508,96.0,1.0,1.0358072916666667,0.9550218986742424,68.0,0.9714285714285712,100.0,185.0,85.0,82406,11.319425663745703,0
LA_inst539001.rcp,30.0,4.0,5.533333333333333,2.985892756874492,166.0,113.0,0.2597701149425287,0.6068965517241379,0.3931034482758621,47.0,1.0,1.8248772504091653,1.777107201309329,159.0,0.9298245614035088,86.0,157.0,71.0,66703,11.108020200120578,0
LA_inst540001.rcp,30.0,4.0,5.933333333333334,2.7194770739161522,178.0,83.0,0.19080459770114944,0.5310344827586206,0.46896551724137936,44.0,1.0,2.034090909090909,1.9976055194805196,181.0,0.8872549019607842,90.0,154.0,64.0,71730,11.180678290191572,0
LA_inst54001.rcp,30.0,4.0,5.933333333333334,2.7194770739161522,178.0,83.0,0.19080459770114944,0.5310344827586206,0.46896551724137936,44.0,0.5,0.6157024793388429,0.543545375079466,8.0,0.039215686274509796,28.0,53.0,9.0,4760,8.46821300919452,1
LA_inst541001.rcp,30.0,4.0,4.8,2.9143323992525856,144.0,35.0,0.08045977011494253,0.9770114942528736,0.02298850574712641,128.0,1.0,0.646484375,0.5809163411458333,9.0,0.9000000000000011,83.0,144.0,16.0,460,6.133398042996649,1
LA_inst542001.rcp,30.0,4.0,6.1,2.8676354952004157,183.0,36.0,0.08275862068965517,0.9287356321839081,0.07126436781609191,144.0,1.0,0.6754385964912281,0.6400857914015808,29.0,0.9354838709677424,98.0,180.0,36.0,27072,10.206292200258018,1
LA_inst543001.rcp,30.0,4.0,4.766666666666667,2.4857370916669543,143.0,50.0,0.11494252873563218,0.9195402298850575,0.08045977011494254,85.0,1.0,0.8627450980392157,0.8372747479558624,32.0,0.9142857142857141,74.0,136.0,51.0,87407,11.378342090635499,0
LA_inst544001.rcp,30.0,4.0,6.233333333333333,2.812867259971971,187.0,51.0,0.11724137931034483,0.8390804597701149,0.16091954022988508,96.0,1.0,1.0,0.9560207336523125,69.0,0.9857142857142855,96.0,187.0,91.0,81758,11.311531174442967,0
LA_inst545001.rcp,30.0,4.0,5.533333333333333,2.985892756874492,166.0,113.0,0.2597701149425287,0.6068965517241379,0.3931034482758621,47.0,1.0,1.8971631205673758,1.839786211129296,142.0,0.8304093567251462,90.0,138.0,48.0,66371,11.103030559782677,0
LA_inst546001.rcp,30.0,4.0,5.933333333333334,2.7194770739161522,178.0,83.0,0.19080459770114944,0.5310344827586206,0.46896551724137936,44.0,1.0,2.1045454545454545,1.9838929329887673,190.0,0.9313725490196078,93.0,160.0,67.0,56799,10.947291604709243,0
LA_inst547001.rcp,30.0,4.0,4.8,2.9143323992525856,144.0,35.0,0.08045977011494253,0.9770114942528736,0.02298850574712641,128.0,1.0,0.5785845588235294,0.5520764252920067,9.0,0.9000000000000011,75.0,139.0,11.0,516,6.248042874508429,1
LA_inst548001.rcp,30.0,4.0,6.1,2.8676354952004157,183.0,36.0,0.08275862068965517,0.9287356321839081,0.07126436781609191,144.0,1.0,0.6490384615384616,0.6356007707570208,23.0,0.7419354838709682,94.0,168.0,24.0,1046,6.953684210870537,1
LA_inst549001.rcp,30.0,4.0,4.766666666666667,2.4857370916669543,143.0,50.0,0.11494252873563218,0.9195402298850575,0.08045977011494254,85.0,1.0,0.8650519031141869,0.8562844094532311,31.0,0.8857142857142856,74.0,129.0,44.0,88339,11.388948285150517,0
LA_inst550001.rcp,30.0,4.0,6.233333333333333,2.812867259971971,187.0,51.0,0.11724137931034483,0.8390804597701149,0.16091954022988508,96.0,1.0,0.9497549019607843,0.9235389859068628,61.0,0.8714285714285712,92.0,169.0,73.0,75927,11.237540801810328,0
LA_inst55001.rcp,30.0,0.0,4.8,2.9143323992525856,144.0,35.0,0.08045977011494253,0.9770114942528736,0.02298850574712641,128.0,0.0,0.0,0.0,0.0,0.0,0.0,128.0,0.0,32,3.4965075614664802,1
LA_inst551001.rcp,30.0,4.0,5.533333333333333,2.985892756874492,166.0,113.0,0.2597701149425287,0.6068965517241379,0.3931034482758621,47.0,1.0,1.7756286266924566,1.7472759509993552,155.0,0.9064327485380117,84.0,149.0,65.0,65092,11.08357229553351,0
LA_inst552001.rcp,30.0,4.0,5.933333333333334,2.7194770739161522,178.0,83.0,0.19080459770114944,0.5310344827586206,0.46896551724137936,44.0,1.0,2.1031468531468533,2.0633535582064995,191.0,0.9362745098039215,93.0,166.0,73.0,55667,10.927160754539743,0
LA_inst553001.rcp,30.0,4.0,4.8,2.9143323992525856,144.0,35.0,0.08045977011494253,0.9770114942528736,0.02298850574712641,128.0,1.0,0.6328125,0.5610506221719457,7.0,0.7000000000000008,81.0,142.0,14.0,181,5.204006687076795,1
LA_inst554001.rcp,30.0,4.0,6.1,2.8676354952004157,183.0,36.0,0.08275862068965517,0.9287356321839081,0.07126436781609191,144.0,1.0,0.6296296296296297,0.6017243086013645,28.0,0.9032258064516134,91.0,183.0,39.0,5900,8.682877107057168,1
LA_inst555001.rcp,30.0,4.0,4.766666666666667,2.4857370916669543,143.0,50.0,0.11494252873563218,0.9195402298850575,0.08045977011494254,85.0,1.0,0.9207430340557275,0.8564623279652418,34.0,0.9714285714285712,79.0,141.0,56.0,86981,11.373456479678952,0
LA_inst556001.rcp,30.0,4.0,6.233333333333333,2.812867259971971,187.0,51.0,0.11724137931034483,0.8390804597701149,0.16091954022988508,96.0,1.0,0.9670138888888888,0.950660940545809,59.0,0.8428571428571426,93.0,179.0,83.0,80806,11.299818874420074,0
LA_inst557001.rcp,30.0,4.0,5.533333333333333,2.985892756874492,166.0,113.0,0.2597701149425287,0.6068965517241379,0.3931034482758621,47.0,1.0,1.7911025145067698,1.7083548248441867,163.0,0.9532163742690059,85.0,164.0,79.0,66417,11.103723383065155,0
LA_inst558001.rcp,30.0,4.0,5.933333333333334,2.7194770739161522,178.0,83.0,0.19080459770114944,0.5310344827586206,0.46896551724137936,44.0,1.0,2.1770334928229667,2.103723213920582,186.0,0.9117647058823528,96.0,162.0,66.0,62027,11.03534117498404,0
LA_inst559001.rcp,30.0,4.0,4.8,2.9143323992525856,144.0,35.0,0.08045977011494253,0.9770114942528736,0.02298850574712641,128.0,1.0,0.5815972222222222,0.5308799844161687,9.0,0.9000000000000011,75.0,144.0,16.0,329,5.799092654460526,1
LA_inst560001.rcp,30.0,4.0,6.1,2.8676354952004157,183.0,36.0,0.08275862068965517,0.9287356321839081,0.07126436781609191,144.0,1.0,0.6919191919191919,0.6442060406698564,28.0,0.9032258064516134,100.0,176.0,32.0,750,6.621405651764134,1
LA_inst56001.rcp,30.0,3.0,6.1,2.8676354952004157,183.0,36.0,0.08275862068965517,0.9287356321839081,0.07126436781609191,144.0,0.5000000000000001,0.19753086419753085,0.17373971193415638,3.0,0.09677419354838715,29.0,148.0,4.0,32,3.4965075614664802,1
LA_inst561001.rcp,30.0,4.0,4.766666666666667,2.4857370916669543,143.0,50.0,0.11494252873563218,0.9195402298850575,0.08045977011494254,85.0,1.0,0.8781512605042017,0.8245301757066463,35.0,0.9999999999999998,75.0,143.0,58.0,88287,11.388359477017012,0
LA_inst562001.rcp,30.0,4.0,6.233333333333333,2.812867259971971,187.0,51.0,0.11724137931034483,0.8390804597701149,0.16091954022988508,96.0,1.0,1.0029761904761905,0.9566531073778195,66.0,0.9428571428571426,97.0,173.0,76.0,72648,11.193394904278781,0
LA_inst563001.rcp,30.0,4.0,5.533333333333333,2.985892756874492,166.0,113.0,0.2597701149425287,0.6068965517241379,0.3931034482758621,47.0,1.0,1.8297872340425532,1.6996174629153353,163.0,0.9532163742690059,86.0,151.0,65.0,66346,11.102653823967977,0
LA_inst564001.rcp,30.0,4.0,5.933333333333334,2.7194770739161522,178.0,83.0,0.19080459770114944,0.5310344827586206,0.46896551724137936,44.0,1.0,2.058712121212121,1.9667994883903974,194.0,0.9509803921568626,91.0,161.0,70.0,58710,10.980382381786619,0
LA_inst565001.rcp,30.0,4.0,4.8,2.9143323992525856,144.0,35.0,0.08045977011494253,0.9770114942528736,0.02298850574712641,128.0,1.0,0.6009114583333334,0.5710628889339827,10.0,1.0000000000000013,77.0,144.0,16.0,924,6.829793737512425,1
LA_inst566001.rcp,30.0,4.0,6.1,2.8676354952004157,183.0,36.0,0.08275862068965517,0.9287356321839081,0.07126436781609191,144.0,1.0,0.6788194444444444,0.6537014779202279,31.0,1.0000000000000007,98.0,183.0,39.0,38102,10.548048298172429,1
LA_inst567001.rcp,30.0,4.0,4.766666666666667,2.4857370916669543,143.0,50.0,0.11494252873563218,0.9195402298850575,0.08045977011494254,85.0,1.0,0.8299465240641711,0.7932359307359307,29.0,0.8285714285714284,71.0,127.0,42.0,86658,11.36973615587814,0
LA_inst568001.rcp,30.0,4.0,6.233333333333333,2.812867259971971,187.0,51.0,0.11724137931034483,0.8390804597701149,0.16091954022988508,96.0,1.0,1.0073529411764706,0.9700745478972066,64.0,0.9142857142857141,97.0,178.0,81.0,81586,11.30942521453493,0
LA_inst569001.rcp,30.0,4.0,5.533333333333333,2.985892756874492,166.0,113.0,0.2597701149425287,0.6068965517241379,0.3931034482758621,47.0,1.0,1.8905775075987843,1.7858831475852754,148.0,0.8654970760233918,89.0,147.0,58.0,65876,11.095544645914101,0
LA_inst570001.rcp,30.0,4.0,5.933333333333334,2.7194770739161522,178.0,83.0,0.19080459770114944,0.5310344827586206,0.46896551724137936,44.0,1.0,2.03099173553719,1.9873814632337359,183.0,0.8970588235294117,90.0,159.0,69.0,56608,10.943923262151136,0
LA_inst57001.rcp,30.0,4.0,4.766666666666667,2.4857370916669543,143.0,50.0,0.11494252873563218,0.9195402298850575,0.08045977011494254,85.0,0.5,0.22171945701357465,0.19605077928607342,2.0,0.057142857142857134,19.0,90.0,5.0,35,3.58351893845611,1
LA_inst571001.rcp,30.0,4.0,4.8,2.9143323992525856,144.0,35.0,0.08045977011494253,0.9770114942528736,0.02298850574712641,128.0,1.0,0.5724431818181818,0.5379857772435898,10.0,1.0000000000000013,74.0,144.0,16.0,924,6.829793737512425,1
LA_inst572001.rcp,30.0,4.0,6.1,2.8676354952004157,183.0,36.0,0.08275862068965517,0.9287356321839081,0.07126436781609191,144.0,1.0,0.6291666666666667,0.6136986154110767,29.0,0.9354838709677424,91.0,183.0,39.0,9101,9.116249448576587,1
LA_inst573001.rcp,30.0,4.0,4.766666666666667,2.4857370916669543,143.0,50.0,0.11494252873563218,0.9195402298850575,0.08045977011494254,85.0,1.0,0.8695187165775401,0.8501488803391918,34.0,0.9714285714285712,74.0,139.0,54.0,86396,11.366708231967094,0
LA_inst574001.rcp,30.0,4.0,6.233333333333333,2.812867259971971,187.0,51.0,0.11724137931034483,0.8390804597701149,0.16091954022988508,96.0,1.0,1.0386904761904763,1.0046801391010949,65.0,0.9285714285714284,100.0,183.0,83.0,81087,11.303290263680811,0
LA_inst575001.rcp,30.0,4.0,5.533333333333333,2.985892756874492,166.0,113.0,0.2597701149425287,0.6068965517241379,0.3931034482758621,47.0,1.0,1.8417553191489362,1.71873750199968,149.0,0.8713450292397661,87.0,142.0,55.0,65650,11.092108111907391,0
LA_inst576001.rcp,30.0,4.0,5.933333333333334,2.7194770739161522,178.0,83.0,0.19080459770114944,0.5310344827586206,0.46896551724137936,44.0,1.0,2.21875,2.0737218107936957,186.0,0.9117647058823528,98.0,159.0,61.0,56646,10.944594308301909,0
LA_inst577001.rcp,30.0,4.0,4.8,2.9143323992525856,144.0,35.0,0.08045977011494253,0.9770114942528736,0.02298850574712641,128.0,1.0,0.5908717105263158,0.5778362640286377,9.0,0.9000000000000011,76.0,144.0,16.0,329,5.799092654460526,1
LA_inst578001.rcp,30.0,4.0,6.1,2.8676354952004157,183.0,36.0,0.08275862068965517,0.9287356321839081,0.07126436781609191,144.0,1.0,0.6559027777777777,0.6347511574074074,28.0,0.9032258064516134,95.0,183.0,39.0,5695,8.647519453091812,1
LA_inst579001.rcp,30.0,4.0,4.766666666666667,2.4857370916669543,143.0,50.0,0.11494252873563218,0.9195402298850575,0.08045977011494254,85.0,1.0,0.9205882352941176,0.8748554550025138,34.0,0.9714285714285712,79.0,143.0,58.0,86220,11.364669046470935,0
LA_inst580001.rcp,30.0,4.0,6.233333333333333,2.812867259971971,187.0,51.0,0.11724137931034483,0.8390804597701149,0.16091954022988508,96.0,1.0,1.03515625,0.9881460336538461,67.0,0.957142857142857,100.0,185.0,85.0,67720,11.1231516028244,0
LA_inst58001.rcp,30.0,4.0,6.233333333333333,2.812867259971971,187.0,51.0,0.11724137931034483,0.8390804597701149,0.16091954022988508,96.0,0.5,0.2957175925925926,0.23751446759259257,3.0,0.04285714285714285,29.0,109.0,13.0,42,3.7612001156935624,1
LA_inst581001.rcp,30.0,4.0,5.533333333333333,2.985892756874492,166.0,113.0,0.2597701149425287,0.6068965517241379,0.3931034482758621,47.0,1.0,1.9659574468085106,1.9110372340425532,155.0,0.9064327485380117,93.0,161.0,68.0,64318,11.071610356468307,0
LA_inst582001.rcp,30.0,4.0,5.933333333333334,2.7194770739161522,178.0,83.0,0.19080459770114944,0.5310344827586206,0.46896551724137936,44.0,1.0,2.133116883116883,1.9869099553697076,189.0,0.9264705882352939,94.0,150.0,56.0,53903,10.894959965646335,0
LA_inst583001.rcp,30.0,4.0,4.8,2.9143323992525856,144.0,35.0,0.08045977011494253,0.9770114942528736,0.02298850574712641,128.0,1.0,0.6056743421052632,0.5489594275210085,10.0,1.0000000000000013,78.0,144.0,16.0,924,6.829793737512425,1
LA_inst584001.rcp,30.0,4.0,6.1,2.8676354952004157,183.0,36.0,0.08275862068965517,0.9287356321839081,0.07126436781609191,144.0,1.0,0.6784188034188035,0.6452123397435898,29.0,0.9354838709677424,98.0,178.0,34.0,2699,7.90100705199242,1
LA_inst585001.rcp,30.0,4.0,4.766666666666667,2.4857370916669543,143.0,50.0,0.11494252873563218,0.9195402298850575,0.08045977011494254,85.0,1.0,0.8637254901960785,0.8466666666666667,30.0,0.857142857142857,74.0,133.0,48.0,87300,11.377117196515812,0
LA_inst586001.rcp,30.0,4.0,6.233333333333333,2.812867259971971,187.0,51.0,0.11724137931034483,0.8390804597701149,0.16091954022988508,96.0,1.0,1.0086805555555556,0.9815327064504697,63.0,0.8999999999999998,97.0,182.0,85.0,84049,11.339167138836762,0
LA_inst587001.rcp,30.0,4.0,5.533333333333333,2.985892756874492,166.0,113.0,0.2597701149425287,0.6068965517241379,0.3931034482758621,47.0,1.0,1.7063829787234042,1.685380399742102,144.0,0.8421052631578947,81.0,150.0,69.0,66026,11.097819028262782,0
LA_inst588001.rcp,30.0,4.0,5.933333333333334,2.7194770739161522,178.0,83.0,0.19080459770114944,0.5310344827586206,0.46896551724137936,44.0,1.0,2.0757575757575757,2.0235745614035086,180.0,0.8823529411764705,92.0,150.0,58.0,54558,10.907037963903628,0
LA_inst589001.rcp,30.0,4.0,4.8,2.9143323992525856,144.0,35.0,0.08045977011494253,0.9770114942528736,0.02298850574712641,128.0,1.0,0.6147203947368421,0.5885526805294486,6.0,0.6000000000000008,79.0,139.0,11.0,80,4.394449154672439,1
LA_inst590001.rcp,30.0,4.0,6.1,2.8676354952004157,183.0,36.0,0.08275862068965517,0.9287356321839081,0.07126436781609191,144.0,1.0,0.6608796296296297,0.6360059636714048,29.0,0.9354838709677424,96.0,183.0,39.0,16813,9.729967151695242,1
LA_inst59001.rcp,30.0,4.0,5.533333333333333,2.985892756874492,166.0,113.0,0.2597701149425287,0.6068965517241379,0.3931034482758621,47.0,0.5,0.546644844517185,0.4858311015225909,4.0,0.023391812865497075,26.0,66.0,19.0,30473,10.3246291400293,0
LA_inst591001.rcp,30.0,4.0,4.766666666666667,2.4857370916669543,143.0,50.0,0.11494252873563218,0.9195402298850575,0.08045977011494254,85.0,1.0,0.8160427807486631,0.7744187113348012,33.0,0.9428571428571426,70.0,133.0,48.0,86358,11.366268305126779,0
LA_inst592001.rcp,30.0,4.0,6.233333333333333,2.812867259971971,187.0,51.0,0.11724137931034483,0.8390804597701149,0.16091954022988508,96.0,1.0,1.0486111111111112,0.9821903935185186,69.0,0.9857142857142855,101.0,187.0,86.0,78509,11.2709812841923,0
LA_inst593001.rcp,30.0,4.0,5.533333333333333,2.985892756874492,166.0,113.0,0.2597701149425287,0.6068965517241379,0.3931034482758621,47.0,1.0,1.90671031096563,1.8303059971942952,161.0,0.9415204678362573,90.0,159.0,69.0,67225,11.115815356444799,0
LA_inst594001.rcp,30.0,4.0,5.933333333333334,2.7194770739161522,178.0,83.0,0.19080459770114944,0.5310344827586206,0.46896551724137936,44.0,1.0,2.132575757575758,2.021430156018224,189.0,0.9264705882352939,94.0,165.0,71.0,59948,11.001249479749399,0
LA_inst595001.rcp,30.0,4.0,4.8,2.9143323992525856,144.0,35.0,0.08045977011494253,0.9770114942528736,0.02298850574712641,128.0,1.0,0.5979567307692307,0.5648685624271562,10.0,1.0000000000000013,77.0,144.0,16.0,924,6.829793737512425,1
LA_inst596001.rcp,30.0,4.0,6.1,2.8676354952004157,183.0,36.0,0.08275862068965517,0.9287356321839081,0.07126436781609191,144.0,1.0,0.6435185185185185,0.6228459859821122,28.0,0.9032258064516134,93.0,183.0,39.0,15169,9.627075072342578,1
LA_inst597001.rcp,30.0,4.0,4.766666666666667,2.4857370916669543,143.0,50.0,0.11494252873563218,0.9195402298850575,0.08045977011494254,85.0,1.0,0.85,0.827661476355248,34.0,0.9714285714285712,73.0,138.0,53.0,87577,11.380285103830651,0
LA_inst598001.rcp,30.0,4.0,6.233333333333333,2.812867259971971,187.0,51.0,0.11724137931034483,0.8390804597701149,0.16091954022988508,96.0,1.0,1.05625,0.9827810771744595,63.0,0.8999999999999998,102.0,185.0,83.0,78965,11.27677265906238,0
LA_inst599001.rcp,30.0,4.0,5.533333333333333,2.985892756874492,166.0,113.0,0.2597701149425287,0.6068965517241379,0.3931034482758621,47.0,1.0,1.7860520094562649,1.734338061465721,158.0,0.9239766081871345,84.0,140.0,56.0,66450,11.104220112937112,0
LA_inst600001.rcp,30.0,4.0,5.933333333333334,2.7194770739161522,178.0,83.0,0.19080459770114944,0.5310344827586206,0.46896551724137936,44.0,1.0,3.0578512396694215,3.0403645397664536,204.0,0.9999999999999999,135.0,178.0,43.0,63822,11.063868905935202,0
LA_inst60001.rcp,30.0,4.0,5.933333333333334,2.7194770739161522,178.0,83.0,0.19080459770114944,0.5310344827586206,0.46896551724137936,44.0,0.5,0.5382775119617225,0.4916147390464869,4.0,0.019607843137254898,24.0,46.0,2.0,519,6.253828811575473,1
LA_inst6001.rcp,30.0,4.0,5.933333333333334,2.7194770739161522,178.0,83.0,0.19080459770114944,0.5310344827586206,0.46896551724137936,44.0,0.5,0.6103896103896104,0.5165494227994227,7.0,0.034313725490196074,27.0,61.0,17.0,39306,10.579157899044741,0
LA_inst601001.rcp,30.0,4.0,4.8,2.9143323992525856,144.0,35.0,0.08045977011494253,0.9770114942528736,0.02298850574712641,128.0,1.0,0.8804086538461539,0.848238521347074,10.0,1.0000000000000013,113.0,144.0,16.0,924,6.829793737512425,1
LA_inst602001.rcp,30.0,4.0,6.1,2.8676354952004157,183.0,36.0,0.08275862068965517,0.9287356321839081,0.07126436781609191,144.0,1.0,0.9901960784313726,0.9541971206843982,31.0,1.0000000000000007,143.0,183.0,39.0,38102,10.548048298172429,1
LA_inst603001.rcp,30.0,4.0,4.766666666666667,2.4857370916669543,143.0,50.0,0.11494252873563218,0.9195402298850575,0.08045977011494254,85.0,1.0,1.2758169934640522,1.2475997592019263,35.0,0.9999999999999998,109.0,143.0,34.0,87570,11.38020517188695,0
LA_inst604001.rcp,30.0,4.0,6.233333333333333,2.812867259971971,187.0,51.0,0.11724137931034483,0.8390804597701149,0.16091954022988508,96.0,1.0,1.453125,1.4245020102339183,70.0,0.9999999999999998,140.0,187.0,47.0,75371,11.23019113224238,0
LA_inst605001.rcp,30.0,4.0,5.533333333333333,2.985892756874492,166.0,113.0,0.2597701149425287,0.6068965517241379,0.3931034482758621,47.0,1.0,2.769316909294513,2.6280468458379995,171.0,1.0,131.0,166.0,35.0,66956,11.111805901292295,0
LA_inst606001.rcp,30.0,4.0,5.933333333333334,2.7194770739161522,178.0,83.0,0.19080459770114944,0.5310344827586206,0.46896551724137936,44.0,1.0,3.03099173553719,2.984551354116027,204.0,0.9999999999999999,134.0,178.0,44.0,64216,11.070023252133169,0
LA_inst607001.rcp,30.0,4.0,4.8,2.9143323992525856,144.0,35.0,0.08045977011494253,0.9770114942528736,0.02298850574712641,128.0,1.0,0.8854166666666666,0.8598067067736186,10.0,1.0000000000000013,114.0,144.0,16.0,924,6.829793737512425,1
LA_inst608001.rcp,30.0,4.0,6.1,2.8676354952004157,183.0,36.0,0.08275862068965517,0.9287356321839081,0.07126436781609191,144.0,1.0,0.9629629629629629,0.9368651279956428,31.0,1.0000000000000007,139.0,183.0,39.0,38102,10.548048298172429,1
LA_inst609001.rcp,30.0,4.0,4.766666666666667,2.4857370916669543,143.0,50.0,0.11494252873563218,0.9195402298850575,0.08045977011494254,85.0,1.0,1.32,1.235412953060012,35.0,0.9999999999999998,113.0,143.0,30.0,87177,11.37570728448771,0
LA_inst610001.rcp,30.0,4.0,6.233333333333333,2.812867259971971,187.0,51.0,0.11724137931034483,0.8390804597701149,0.16091954022988508,96.0,1.0,1.53515625,1.480256794329574,70.0,0.9999999999999998,148.0,187.0,39.0,75551,11.23257643988524,0
LA_inst61001.rcp,30.0,0.0,4.8,2.9143323992525856,144.0,35.0,0.08045977011494253,0.9770114942528736,0.02298850574712641,128.0,0.0,0.0,0.0,0.0,0.0,0.0,128.0,0.0,32,3.4965075614664802,1
LA_inst611001.rcp,30.0,4.0,5.533333333333333,2.985892756874492,166.0,113.0,0.2597701149425287,0.6068965517241379,0.3931034482758621,47.0,1.0,2.7588652482269502,2.617527354268593,171.0,1.0,130.0,166.0,36.0,67563,11.120830575800236,0
LA_inst612001.rcp,30.0,4.0,5.933333333333334,2.7194770739161522,178.0,83.0,0.19080459770114944,0.5310344827586206,0.46896551724137936,44.0,1.0,3.052139037433155,2.9953940667175964,204.0,0.9999999999999999,135.0,178.0,43.0,65011,11.082327147223067,0
LA_inst613001.rcp,30.0,4.0,4.8,2.9143323992525856,144.0,35.0,0.08045977011494253,0.9770114942528736,0.02298850574712641,128.0,1.0,0.9140625,0.8394339767156862,10.0,1.0000000000000013,117.0,144.0,16.0,924,6.829793737512425,1
LA_inst614001.rcp,30.0,4.0,6.1,2.8676354952004157,183.0,36.0,0.08275862068965517,0.9287356321839081,0.07126436781609191,144.0,1.0,0.9797453703703703,0.9577716939696106,31.0,1.0000000000000007,142.0,183.0,39.0,38102,10.548048298172429,1
LA_inst615001.rcp,30.0,4.0,4.766666666666667,2.4857370916669543,143.0,50.0,0.11494252873563218,0.9195402298850575,0.08045977011494254,85.0,1.0,1.3131221719457014,1.2838103872770827,35.0,0.9999999999999998,112.0,143.0,31.0,87998,11.385080729759414,0
LA_inst616001.rcp,30.0,4.0,6.233333333333333,2.812867259971971,187.0,51.0,0.11724137931034483,0.8390804597701149,0.16091954022988508,96.0,1.0,1.5286458333333333,1.4537885616987178,70.0,0.9999999999999998,147.0,187.0,40.0,75186,11.22773362265336,0
LA_inst617001.rcp,30.0,4.0,5.533333333333333,2.985892756874492,166.0,113.0,0.2597701149425287,0.6068965517241379,0.3931034482758621,47.0,1.0,2.7178051511758117,2.6871679648903233,170.0,0.9941520467836257,128.0,166.0,38.0,61170,11.021428499985934,0
LA_inst618001.rcp,30.0,4.0,5.933333333333334,2.7194770739161522,178.0,83.0,0.19080459770114944,0.5310344827586206,0.46896551724137936,44.0,1.0,3.0946969696969697,2.979756354756355,204.0,0.9999999999999999,137.0,178.0,41.0,64434,11.073412242722492,0
LA_inst619001.rcp,30.0,4.0,4.8,2.9143323992525856,144.0,35.0,0.08045977011494253,0.9770114942528736,0.02298850574712641,128.0,1.0,0.83984375,0.8140077695741759,10.0,1.0000000000000013,108.0,144.0,16.0,924,6.829793737512425,1
LA_inst620001.rcp,30.0,4.0,6.1,2.8676354952004157,183.0,36.0,0.08275862068965517,0.9287356321839081,0.07126436781609191,144.0,1.0,0.9632352941176471,0.9435163301431684,31.0,1.0000000000000007,139.0,183.0,39.0,38102,10.548048298172429,1
LA_inst62001.rcp,30.0,4.0,6.1,2.8676354952004157,183.0,36.0,0.08275862068965517,0.9287356321839081,0.07126436781609191,144.0,0.5,0.20032051282051283,0.16526800022893773,0.0,0.0,29.0,144.0,0.0,32,3.4965075614664802,1
LA_inst621001.rcp,30.0,4.0,4.766666666666667,2.4857370916669543,143.0,50.0,0.11494252873563218,0.9195402298850575,0.08045977011494254,85.0,1.0,1.3572192513368984,1.2847296494355318,35.0,0.9999999999999998,116.0,143.0,27.0,87985,11.384932989894951,0
LA_inst622001.rcp,30.0,4.0,6.233333333333333,2.812867259971971,187.0,51.0,0.11724137931034483,0.8390804597701149,0.16091954022988508,96.0,1.0,1.5729166666666667,1.5024421850079746,70.0,0.9999999999999998,151.0,187.0,36.0,74945,11.224523133193964,0
LA_inst623001.rcp,30.0,4.0,5.533333333333333,2.985892756874492,166.0,113.0,0.2597701149425287,0.6068965517241379,0.3931034482758621,47.0,1.0,2.81342062193126,2.6217157177928456,171.0,1.0,133.0,166.0,33.0,67097,11.113909516256243,0
LA_inst624001.rcp,30.0,4.0,5.933333333333334,2.7194770739161522,178.0,83.0,0.19080459770114944,0.5310344827586206,0.46896551724137936,44.0,1.0,3.1390374331550803,3.1002084924879045,204.0,0.9999999999999999,139.0,178.0,39.0,63958,11.065997532053935,0
LA_inst625001.rcp,30.0,4.0,4.8,2.9143323992525856,144.0,35.0,0.08045977011494253,0.9770114942528736,0.02298850574712641,128.0,1.0,0.8828125,0.8506663602941177,10.0,1.0000000000000013,113.0,144.0,16.0,924,6.829793737512425,1
LA_inst626001.rcp,30.0,4.0,6.1,2.8676354952004157,183.0,36.0,0.08275862068965517,0.9287356321839081,0.07126436781609191,144.0,1.0,0.9715277777777778,0.9539641203703704,31.0,1.0000000000000007,140.0,183.0,39.0,38102,10.548048298172429,1
LA_inst627001.rcp,30.0,4.0,4.766666666666667,2.4857370916669543,143.0,50.0,0.11494252873563218,0.9195402298850575,0.08045977011494254,85.0,1.0,1.295187165775401,1.2491625531331414,35.0,0.9999999999999998,111.0,143.0,32.0,87581,11.380330776358633,0
LA_inst628001.rcp,30.0,4.0,6.233333333333333,2.812867259971971,187.0,51.0,0.11724137931034483,0.8390804597701149,0.16091954022988508,96.0,1.0,1.4846491228070176,1.4327766531713901,70.0,0.9999999999999998,143.0,187.0,44.0,75160,11.227387758388332,0
LA_inst629001.rcp,30.0,4.0,5.533333333333333,2.985892756874492,166.0,113.0,0.2597701149425287,0.6068965517241379,0.3931034482758621,47.0,1.0,2.6861702127659575,2.610314794077392,171.0,1.0,127.0,166.0,39.0,66906,11.111058874424351,0
LA_inst630001.rcp,30.0,4.0,5.933333333333334,2.7194770739161522,178.0,83.0,0.19080459770114944,0.5310344827586206,0.46896551724137936,44.0,1.0,3.103030303030303,3.0307229366028707,204.0,0.9999999999999999,137.0,178.0,41.0,63732,11.062457760792128,0
LA_inst63001.rcp,30.0,3.0,4.766666666666667,2.4857370916669543,143.0,50.0,0.11494252873563218,0.9195402298850575,0.08045977011494254,85.0,0.5,0.2804953560371517,0.25252604495001146,3.0,0.0857142857142857,24.0,91.0,6.0,75,4.330733340286331,1
LA_inst631001.rcp,30.0,4.0,4.8,2.9143323992525856,144.0,35.0,0.08045977011494253,0.9770114942528736,0.02298850574712641,128.0,1.0,0.9161458333333333,0.8719739412006579,10.0,1.0000000000000013,118.0,144.0,16.0,924,6.829793737512425,1
LA_inst632001.rcp,30.0,4.0,6.1,2.8676354952004157,183.0,36.0,0.08275862068965517,0.9287356321839081,0.07126436781609191,144.0,1.0,0.9734848484848485,0.9643007571848516,31.0,1.0000000000000007,141.0,183.0,39.0,38102,10.548048298172429,1
LA_inst633001.rcp,30.0,4.0,4.766666666666667,2.4857370916669543,143.0,50.0,0.11494252873563218,0.9195402298850575,0.08045977011494254,85.0,1.0,1.2588235294117647,1.2521967075600293,35.0,0.9999999999999998,107.0,143.0,36.0,87295,11.37705992176308,0
LA_inst634001.rcp,30.0,4.0,6.233333333333333,2.812867259971971,187.0,51.0,0.11724137931034483,0.8390804597701149,0.16091954022988508,96.0,1.0,1.5248842592592593,1.4877966362341364,70.0,0.9999999999999998,147.0,187.0,40.0,75076,11.226269532523332,0
LA_inst635001.rcp,30.0,4.0,5.533333333333333,2.985892756874492,166.0,113.0,0.2597701149425287,0.6068965517241379,0.3931034482758621,47.0,1.0,2.7602836879432626,2.6771823780922324,171.0,1.0,130.0,166.0,36.0,66358,11.102834674871971,0
LA_inst636001.rcp,30.0,4.0,5.933333333333334,2.7194770739161522,178.0,83.0,0.19080459770114944,0.5310344827586206,0.46896551724137936,44.0,1.0,3.0289256198347108,2.9925533746556474,204.0,0.9999999999999999,134.0,178.0,44.0,63862,11.06449544292921,0
LA_inst637001.rcp,30.0,4.0,4.8,2.9143323992525856,144.0,35.0,0.08045977011494253,0.9770114942528736,0.02298850574712641,128.0,1.0,0.8979166666666667,0.86982421875,10.0,1.0000000000000013,115.0,144.0,16.0,924,6.829793737512425,1
LA_inst638001.rcp,30.0,4.0,6.1,2.8676354952004157,183.0,36.0,0.08275862068965517,0.9287356321839081,0.07126436781609191,144.0,1.0,0.9664351851851852,0.9542835940862257,31.0,1.0000000000000007,140.0,183.0,39.0,38102,10.548048298172429,1
LA_inst639001.rcp,30.0,4.0,4.766666666666667,2.4857370916669543,143.0,50.0,0.11494252873563218,0.9195402298850575,0.08045977011494254,85.0,1.0,1.2811145510835913,1.2410489892551446,35.0,0.9999999999999998,109.0,143.0,34.0,87527,11.379714021156627,0
LA_inst640001.rcp,30.0,4.0,6.233333333333333,2.812867259971971,187.0,51.0,0.11724137931034483,0.8390804597701149,0.16091954022988508,96.0,1.0,1.4613095238095237,1.4400669642857142,70.0,0.9999999999999998,141.0,187.0,46.0,75062,11.226083039915892,0
LA_inst64001.rcp,30.0,4.0,6.233333333333333,2.812867259971971,187.0,51.0,0.11724137931034483,0.8390804597701149,0.16091954022988508,96.0,0.5,0.30756578947368424,0.2509953443099728,3.0,0.04285714285714285,30.0,112.0,16.0,196,5.2832037287379885,1
LA_inst641001.rcp,30.0,4.0,5.533333333333333,2.985892756874492,166.0,113.0,0.2597701149425287,0.6068965517241379,0.3931034482758621,47.0,1.0,2.778275475923852,2.671798819881127,171.0,1.0,131.0,166.0,35.0,67502,11.11992732031744,0
LA_inst642001.rcp,30.0,4.0,5.933333333333334,2.7194770739161522,178.0,83.0,0.19080459770114944,0.5310344827586206,0.46896551724137936,44.0,1.0,3.0454545454545454,3.0120738636363633,204.0,0.9999999999999999,134.0,178.0,44.0,64289,11.071159377135732,0
LA_inst643001.rcp,30.0,4.0,4.8,2.9143323992525856,144.0,35.0,0.08045977011494253,0.9770114942528736,0.02298850574712641,128.0,1.0,0.884765625,0.8372395833333334,10.0,1.0000000000000013,114.0,144.0,16.0,924,6.829793737512425,1
LA_inst644001.rcp,30.0,4.0,6.1,2.8676354952004157,183.0,36.0,0.08275862068965517,0.9287356321839081,0.07126436781609191,144.0,1.0,0.9565058479532164,0.925134015594542,31.0,1.0000000000000007,138.0,183.0,39.0,38102,10.548048298172429,1
LA_inst645001.rcp,30.0,4.0,4.766666666666667,2.4857370916669543,143.0,50.0,0.11494252873563218,0.9195402298850575,0.08045977011494254,85.0,1.0,1.322549019607843,1.2581299352320114,35.0,0.9999999999999998,113.0,143.0,30.0,87170,11.375626985776462,0
LA_inst646001.rcp,30.0,4.0,6.233333333333333,2.812867259971971,187.0,51.0,0.11724137931034483,0.8390804597701149,0.16091954022988508,96.0,1.0,1.4318910256410255,1.4093182425213675,70.0,0.9999999999999998,138.0,187.0,49.0,75679,11.23426920372576,0
LA_inst647001.rcp,30.0,4.0,5.533333333333333,2.985892756874492,166.0,113.0,0.2597701149425287,0.6068965517241379,0.3931034482758621,47.0,1.0,2.7495908346972175,2.6980655573740684,171.0,1.0,130.0,166.0,36.0,66875,11.110595437357537,0
LA_inst648001.rcp,30.0,4.0,5.933333333333334,2.7194770739161522,178.0,83.0,0.19080459770114944,0.5310344827586206,0.46896551724137936,44.0,1.0,3.0694444444444446,2.966673312068049,204.0,0.9999999999999999,136.0,178.0,42.0,63625,11.06077747082165,0
LA_inst649001.rcp,30.0,4.0,4.8,2.9143323992525856,144.0,35.0,0.08045977011494253,0.9770114942528736,0.02298850574712641,128.0,1.0,0.916015625,0.8442839683845029,10.0,1.0000000000000013,118.0,144.0,16.0,924,6.829793737512425,1
LA_inst650001.rcp,30.0,4.0,6.1,2.8676354952004157,183.0,36.0,0.08275862068965517,0.9287356321839081,0.07126436781609191,144.0,1.0,0.9715909090909091,0.9611674748647465,31.0,1.0000000000000007,140.0,183.0,39.0,38102,10.548048298172429,1
LA_inst65001.rcp,30.0,4.0,5.533333333333333,2.985892756874492,166.0,113.0,0.2597701149425287,0.6068965517241379,0.3931034482758621,47.0,0.5,0.5155482815057283,0.4462787877016601,15.0,0.08771929824561403,25.0,66.0,19.0,30553,10.327250888925668,0
LA_inst651001.rcp,30.0,4.0,4.766666666666667,2.4857370916669543,143.0,50.0,0.11494252873563218,0.9195402298850575,0.08045977011494254,85.0,1.0,1.3386554621848739,1.2808712958867756,35.0,0.9999999999999998,114.0,143.0,29.0,87494,11.379336927855848,0
LA_inst652001.rcp,30.0,4.0,6.233333333333333,2.812867259971971,187.0,51.0,0.11724137931034483,0.8390804597701149,0.16091954022988508,96.0,1.0,1.5112179487179487,1.4466547545591664,70.0,0.9999999999999998,146.0,187.0,41.0,75237,11.22841170145614,0
LA_inst653001.rcp,30.0,4.0,5.533333333333333,2.985892756874492,166.0,113.0,0.2597701149425287,0.6068965517241379,0.3931034482758621,47.0,1.0,2.8404255319148937,2.705313934084272,171.0,1.0,134.0,166.0,32.0,66924,11.111327868388553,0
LA_inst654001.rcp,30.0,4.0,5.933333333333334,2.7194770739161522,178.0,83.0,0.19080459770114944,0.5310344827586206,0.46896551724137936,44.0,1.0,3.134297520661157,3.049076870099597,204.0,0.9999999999999999,138.0,178.0,40.0,64404,11.072946548830188,0
LA_inst655001.rcp,30.0,4.0,4.8,2.9143323992525856,144.0,35.0,0.08045977011494253,0.9770114942528736,0.02298850574712641,128.0,1.0,0.9044471153846154,0.8652670029623155,10.0,1.0000000000000013,116.0,144.0,16.0,924,6.829793737512425,1
LA_inst656001.rcp,30.0,4.0,6.1,2.8676354952004157,183.0,36.0,0.08275862068965517,0.9287356321839081,0.07126436781609191,144.0,1.0,0.9782986111111112,0.9509910300925927,31.0,1.0000000000000007,141.0,183.0,39.0,38102,10.548048298172429,1
LA_inst657001.rcp,30.0,4.0,4.766666666666667,2.4857370916669543,143.0,50.0,0.11494252873563218,0.9195402298850575,0.08045977011494254,85.0,1.0,1.375735294117647,1.3029303633217995,35.0,0.9999999999999998,117.0,143.0,26.0,88061,11.385796390839253,0
LA_inst658001.rcp,30.0,4.0,6.233333333333333,2.812867259971971,187.0,51.0,0.11724137931034483,0.8390804597701149,0.16091954022988508,96.0,1.0,1.4751602564102564,1.454960568488529,70.0,0.9999999999999998,142.0,187.0,45.0,75407,11.230668649163512,0
LA_inst659001.rcp,30.0,4.0,5.533333333333333,2.985892756874492,166.0,113.0,0.2597701149425287,0.6068965517241379,0.3931034482758621,47.0,1.0,2.7088465845464724,2.628541433370661,171.0,1.0,128.0,166.0,38.0,67187,11.115249939136893,0
LA_inst660001.rcp,30.0,4.0,5.933333333333334,2.7194770739161522,178.0,83.0,0.19080459770114944,0.5310344827586206,0.46896551724137936,44.0,1.0,3.1575757575757577,3.0813958967667103,204.0,0.9999999999999999,139.0,178.0,39.0,64149,11.068979370043783,0
LA_inst66001.rcp,30.0,4.0,5.933333333333334,2.7194770739161522,178.0,83.0,0.19080459770114944,0.5310344827586206,0.46896551724137936,44.0,0.5,0.5187165775401069,0.49381444617864545,4.0,0.019607843137254898,23.0,49.0,5.0,18160,9.807031716718498,1
LA_inst661001.rcp,30.0,4.0,4.8,2.9143323992525856,144.0,35.0,0.08045977011494253,0.9770114942528736,0.02298850574712641,128.0,1.0,0.8984375,0.8672603917464115,10.0,1.0000000000000013,115.0,144.0,16.0,924,6.829793737512425,1
LA_inst662001.rcp,30.0,4.0,6.1,2.8676354952004157,183.0,36.0,0.08275862068965517,0.9287356321839081,0.07126436781609191,144.0,1.0,0.961574074074074,0.9389427509219176,31.0,1.0000000000000007,139.0,183.0,39.0,38102,10.548048298172429,1
LA_inst663001.rcp,30.0,4.0,4.766666666666667,2.4857370916669543,143.0,50.0,0.11494252873563218,0.9195402298850575,0.08045977011494254,85.0,1.0,1.2737967914438502,1.245029480323598,35.0,0.9999999999999998,109.0,143.0,34.0,87153,11.375431947772114,0
LA_inst664001.rcp,30.0,4.0,6.233333333333333,2.812867259971971,187.0,51.0,0.11724137931034483,0.8390804597701149,0.16091954022988508,96.0,1.0,1.4933712121212122,1.4206902931627194,70.0,0.9999999999999998,144.0,187.0,43.0,75360,11.23004517880127,0
LA_inst665001.rcp,30.0,4.0,5.533333333333333,2.985892756874492,166.0,113.0,0.2597701149425287,0.6068965517241379,0.3931034482758621,47.0,1.0,2.7183979974968713,2.644667441444663,171.0,1.0,128.0,166.0,38.0,66922,11.111297983743281,0
LA_inst666001.rcp,30.0,4.0,5.933333333333334,2.7194770739161522,178.0,83.0,0.19080459770114944,0.5310344827586206,0.46896551724137936,44.0,1.0,3.129679144385027,3.023980637525529,204.0,0.9999999999999999,138.0,178.0,40.0,64077,11.0678563702689,0
LA_inst667001.rcp,30.0,4.0,4.8,2.9143323992525856,144.0,35.0,0.08045977011494253,0.9770114942528736,0.02298850574712641,128.0,1.0,0.8877467105263158,0.8497882990493768,10.0,1.0000000000000013,114.0,144.0,16.0,924,6.829793737512425,1
LA_inst668001.rcp,30.0,4.0,6.1,2.8676354952004157,183.0,36.0,0.08275862068965517,0.9287356321839081,0.07126436781609191,144.0,1.0,0.9351851851851852,0.9154285453216374,31.0,1.0000000000000007,135.0,183.0,39.0,38102,10.548048298172429,1
LA_inst669001.rcp,30.0,4.0,4.766666666666667,2.4857370916669543,143.0,50.0,0.11494252873563218,0.9195402298850575,0.08045977011494254,85.0,1.0,1.3321266968325791,1.2662153687385886,35.0,0.9999999999999998,114.0,143.0,29.0,87744,11.382190159647706,0
LA_inst670001.rcp,30.0,4.0,6.233333333333333,2.812867259971971,187.0,51.0,0.11724137931034483,0.8390804597701149,0.16091954022988508,96.0,1.0,1.5379464285714286,1.4663318452380953,70.0,0.9999999999999998,148.0,187.0,39.0,74768,11.222158639556524,0
LA_inst67001.rcp,30.0,0.0,4.8,2.9143323992525856,144.0,35.0,0.08045977011494253,0.9770114942528736,0.02298850574712641,128.0,0.0,0.0,0.0,0.0,0.0,0.0,128.0,0.0,32,3.4965075614664802,1
LA_inst671001.rcp,30.0,4.0,5.533333333333333,2.985892756874492,166.0,113.0,0.2597701149425287,0.6068965517241379,0.3931034482758621,47.0,1.0,2.798432250839866,2.6407450332422338,171.0,1.0,132.0,166.0,34.0,67421,11.118726653135957,0
LA_inst672001.rcp,30.0,4.0,5.933333333333334,2.7194770739161522,178.0,83.0,0.19080459770114944,0.5310344827586206,0.46896551724137936,44.0,1.0,3.1079545454545454,3.0005681818181813,204.0,0.9999999999999999,137.0,178.0,41.0,63924,11.065465800159387,0
LA_inst673001.rcp,30.0,4.0,4.8,2.9143323992525856,144.0,35.0,0.08045977011494253,0.9770114942528736,0.02298850574712641,128.0,1.0,0.86171875,0.834359681372549,10.0,1.0000000000000013,111.0,144.0,16.0,924,6.829793737512425,1
LA_inst674001.rcp,30.0,4.0,6.1,2.8676354952004157,183.0,36.0,0.08275862068965517,0.9287356321839081,0.07126436781609191,144.0,1.0,1.0193713450292399,0.9408960769980507,31.0,1.0000000000000007,147.0,183.0,36.0,38102,10.548048298172429,1
LA_inst675001.rcp,30.0,4.0,4.766666666666667,2.4857370916669543,143.0,50.0,0.11494252873563218,0.9195402298850575,0.08045977011494254,85.0,1.0,1.281372549019608,1.245347381376793,35.0,0.9999999999999998,109.0,143.0,34.0,86948,11.37307701885373,0
LA_inst676001.rcp,30.0,4.0,6.233333333333333,2.812867259971971,187.0,51.0,0.11724137931034483,0.8390804597701149,0.16091954022988508,96.0,1.0,1.5286458333333333,1.4549075311942958,70.0,0.9999999999999998,147.0,187.0,40.0,74906,11.224002623082315,0
LA_inst677001.rcp,30.0,4.0,5.533333333333333,2.985892756874492,166.0,113.0,0.2597701149425287,0.6068965517241379,0.3931034482758621,47.0,1.0,2.897485493230174,2.6935780679131742,171.0,1.0,137.0,166.0,29.0,66523,11.10531806379003,0
LA_inst678001.rcp,30.0,4.0,5.933333333333334,2.7194770739161522,178.0,83.0,0.19080459770114944,0.5310344827586206,0.46896551724137936,44.0,1.0,3.125,3.0662579744816587,204.0,0.9999999999999999,138.0,178.0,40.0,64324,11.071703637149945,0
LA_inst679001.rcp,30.0,4.0,4.8,2.9143323992525856,144.0,35.0,0.08045977011494253,0.9770114942528736,0.02298850574712641,128.0,1.0,0.8734375,0.8569568452380952,10.0,1.0000000000000013,112.0,144.0,16.0,924,6.829793737512425,1
LA_inst680001.rcp,30.0,4.0,6.1,2.8676354952004157,183.0,36.0,0.08275862068965517,0.9287356321839081,0.07126436781609191,144.0,1.0,0.9740740740740741,0.9603269211725094,31.0,1.0000000000000007,141.0,183.0,39.0,38102,10.548048298172429,1
LA_inst68001.rcp,30.0,4.0,6.1,2.8676354952004157,183.0,36.0,0.08275862068965517,0.9287356321839081,0.07126436781609191,144.0,0.5,0.17892156862745098,0.17264093137254904,2.0,0.0645161290322581,26.0,145.0,1.0,83,4.430816798843313,1
LA_inst681001.rcp,30.0,4.0,4.766666666666667,2.4857370916669543,143.0,50.0,0.11494252873563218,0.9195402298850575,0.08045977011494254,85.0,1.0,1.3668449197860963,1.2867112299465242,35.0,0.9999999999999998,117.0,143.0,26.0,88251,11.387951637428262,0
LA_inst682001.rcp,30.0,4.0,6.233333333333333,2.812867259971971,187.0,51.0,0.11724137931034483,0.8390804597701149,0.16091954022988508,96.0,1.0,1.5528846153846154,1.4650301196199635,70.0,0.9999999999999998,150.0,187.0,37.0,75131,11.22700184553331,0
LA_inst683001.rcp,30.0,4.0,5.533333333333333,2.985892756874492,166.0,113.0,0.2597701149425287,0.6068965517241379,0.3931034482758621,47.0,1.0,2.8031914893617023,2.750967956740798,171.0,1.0,132.0,166.0,34.0,67199,11.115428526511241,0
LA_inst684001.rcp,30.0,4.0,5.933333333333334,2.7194770739161522,178.0,83.0,0.19080459770114944,0.5310344827586206,0.46896551724137936,44.0,1.0,3.099282296650718,3.0342665968899523,204.0,0.9999999999999999,137.0,178.0,41.0,62118,11.03680717925797,0
LA_inst685001.rcp,30.0,4.0,4.8,2.9143323992525856,144.0,35.0,0.08045977011494253,0.9770114942528736,0.02298850574712641,128.0,1.0,0.918359375,0.8704825418037281,10.0,1.0000000000000013,118.0,144.0,16.0,924,6.829793737512425,1
LA_inst686001.rcp,30.0,4.0,6.1,2.8676354952004157,183.0,36.0,0.08275862068965517,0.9287356321839081,0.07126436781609191,144.0,1.0,0.9646990740740741,0.9540951797385621,31.0,1.0000000000000007,139.0,183.0,39.0,38102,10.548048298172429,1
LA_inst687001.rcp,30.0,4.0,4.766666666666667,2.4857370916669543,143.0,50.0,0.11494252873563218,0.9195402298850575,0.08045977011494254,85.0,1.0,1.3127450980392157,1.2780398523045582,35.0,0.9999999999999998,112.0,143.0,31.0,87773,11.382520608206141,0
LA_inst688001.rcp,30.0,4.0,6.233333333333333,2.812867259971971,187.0,51.0,0.11724137931034483,0.8390804597701149,0.16091954022988508,96.0,1.0,1.4867424242424243,1.46607218013468,70.0,0.9999999999999998,143.0,187.0,44.0,75849,11.23651298477668,0
LA_inst689001.rcp,30.0,4.0,5.533333333333333,2.985892756874492,166.0,113.0,0.2597701149425287,0.6068965517241379,0.3931034482758621,47.0,1.0,2.8170212765957445,2.6848995271867615,171.0,1.0,133.0,166.0,33.0,67046,11.113149144979532,0
LA_inst690001.rcp,30.0,4.0,5.933333333333334,2.7194770739161522,178.0,83.0,0.19080459770114944,0.5310344827586206,0.46896551724137936,44.0,1.0,3.0764462809917354,2.9815816659417136,204.0,0.9999999999999999,136.0,178.0,42.0,64003,11.066700860388766,0
LA_inst69001.rcp,30.0,2.0,4.766666666666667,2.4857370916669543,143.0,50.0,0.11494252873563218,0.9195402298850575,0.08045977011494254,85.0,0.5,0.2218487394957983,0.21876750700280112,0.0,0.0,19.0,85.0,0.0,32,3.4965075614664802,1
LA_inst691001.rcp,30.0,4.0,4.8,2.9143323992525856,144.0,35.0,0.08045977011494253,0.9770114942528736,0.02298850574712641,128.0,1.0,0.889391447368421,0.8462210589574899,10.0,1.0000000000000013,114.0,144.0,16.0,924,6.829793737512425,1
LA_inst692001.rcp,30.0,4.0,6.1,2.8676354952004157,183.0,36.0,0.08275862068965517,0.9287356321839081,0.07126436781609191,144.0,1.0,1.0074404761904763,0.977858056599833,31.0,1.0000000000000007,146.0,183.0,37.0,38102,10.548048298172429,1
LA_inst693001.rcp,30.0,4.0,4.766666666666667,2.4857370916669543,143.0,50.0,0.11494252873563218,0.9195402298850575,0.08045977011494254,85.0,1.0,1.3127450980392157,1.267695554157492,35.0,0.9999999999999998,112.0,143.0,31.0,88065,11.38584181235089,0
LA_inst694001.rcp,30.0,4.0,6.233333333333333,2.812867259971971,187.0,51.0,0.11724137931034483,0.8390804597701149,0.16091954022988508,96.0,1.0,1.5161458333333333,1.4754365188636185,70.0,0.9999999999999998,146.0,187.0,41.0,75118,11.22682880175946,0
LA_inst695001.rcp,30.0,4.0,5.533333333333333,2.985892756874492,166.0,113.0,0.2597701149425287,0.6068965517241379,0.3931034482758621,47.0,1.0,2.6897163120567376,2.6439989088925255,171.0,1.0,127.0,166.0,39.0,67033,11.112955232344024,0
LA_inst696001.rcp,30.0,4.0,5.933333333333334,2.7194770739161522,178.0,83.0,0.19080459770114944,0.5310344827586206,0.46896551724137936,44.0,1.0,3.103030303030303,3.0067911255411253,204.0,0.9999999999999999,137.0,178.0,41.0,63977,11.066294553246234,0
LA_inst697001.rcp,30.0,4.0,4.8,2.9143323992525856,144.0,35.0,0.08045977011494253,0.9770114942528736,0.02298850574712641,128.0,1.0,0.8733258928571429,0.8408819289434524,10.0,1.0000000000000013,112.0,144.0,16.0,924,6.829793737512425,1
LA_inst698001.rcp,30.0,4.0,6.1,2.8676354952004157,183.0,36.0,0.08275862068965517,0.9287356321839081,0.07126436781609191,144.0,1.0,0.9587418300653595,0.9513693899033973,31.0,1.0000000000000007,139.0,183.0,39.0,38102,10.548048298172429,1
LA_inst699001.rcp,30.0,4.0,4.766666666666667,2.4857370916669543,143.0,50.0,0.11494252873563218,0.9195402298850575,0.08045977011494254,85.0,1.0,1.3019607843137255,1.2721164123544153,35.0,0.9999999999999998,111.0,143.0,32.0,87751,11.38226993309117,0
LA_inst700001.rcp,30.0,4.0,6.233333333333333,2.812867259971971,187.0,51.0,0.11724137931034483,0.8390804597701149,0.16091954022988508,96.0,1.0,1.4674479166666667,1.444386999591503,70.0,0.9999999999999998,141.0,187.0,46.0,75322,11.22954081203631,0
LA_inst70001.rcp,30.0,4.0,6.233333333333333,2.812867259971971,187.0,51.0,0.11724137931034483,0.8390804597701149,0.16091954022988508,96.0,0.5,0.3092948717948718,0.259736433909228,3.0,0.04285714285714285,30.0,110.0,14.0,358,5.883322388488279,1
LA_inst7001.rcp,30.0,1.0,4.8,2.9143323992525856,144.0,35.0,0.08045977011494253,0.9770114942528736,0.02298850574712641,128.0,0.5,0.10323660714285714,0.10323660714285714,0.0,0.0,14.0,128.0,0.0,32,3.4965075614664802,1
LA_inst701001.rcp,30.0,4.0,5.533333333333333,2.985892756874492,166.0,113.0,0.2597701149425287,0.6068965517241379,0.3931034482758621,47.0,1.0,2.782978723404255,2.6841872653316647,171.0,1.0,131.0,166.0,35.0,67564,11.120845376472186,0
LA_inst702001.rcp,30.0,4.0,5.933333333333334,2.7194770739161522,178.0,83.0,0.19080459770114944,0.5310344827586206,0.46896551724137936,44.0,1.0,3.1363636363636362,3.010416666666667,204.0,0.9999999999999999,138.0,178.0,40.0,63804,11.063586836168076,0
LA_inst703001.rcp,30.0,4.0,4.8,2.9143323992525856,144.0,35.0,0.08045977011494253,0.9770114942528736,0.02298850574712641,128.0,1.0,0.8420138888888888,0.8194831969246033,10.0,1.0000000000000013,108.0,144.0,16.0,924,6.829793737512425,1
LA_inst704001.rcp,30.0,4.0,6.1,2.8676354952004157,183.0,36.0,0.08275862068965517,0.9287356321839081,0.07126436781609191,144.0,1.0,0.9663194444444444,0.9183869949494949,31.0,1.0000000000000007,140.0,183.0,39.0,38102,10.548048298172429,1
LA_inst705001.rcp,30.0,4.0,4.766666666666667,2.4857370916669543,143.0,50.0,0.11494252873563218,0.9195402298850575,0.08045977011494254,85.0,1.0,1.348235294117647,1.2911984339190221,35.0,0.9999999999999998,115.0,143.0,28.0,87585,11.380376446800732,0
LA_inst706001.rcp,30.0,4.0,6.233333333333333,2.812867259971971,187.0,51.0,0.11724137931034483,0.8390804597701149,0.16091954022988508,96.0,1.0,1.5208333333333333,1.4848506836945303,70.0,0.9999999999999998,146.0,187.0,41.0,75340,11.229779754319612,0
LA_inst707001.rcp,30.0,4.0,5.533333333333333,2.985892756874492,166.0,113.0,0.2597701149425287,0.6068965517241379,0.3931034482758621,47.0,1.0,2.627659574468085,2.6121297455152273,171.0,1.0,124.0,166.0,42.0,66923,11.111312926177554,0
LA_inst708001.rcp,30.0,4.0,5.933333333333334,2.7194770739161522,178.0,83.0,0.19080459770114944,0.5310344827586206,0.46896551724137936,44.0,1.0,3.127005347593583,3.095855614973262,204.0,0.9999999999999999,138.0,178.0,40.0,64126,11.068620771070522,0
LA_inst709001.rcp,30.0,4.0,4.8,2.9143323992525856,144.0,35.0,0.08045977011494253,0.9770114942528736,0.02298850574712641,128.0,1.0,0.8616727941176471,0.8350183823529411,10.0,1.0000000000000013,111.0,144.0,16.0,924,6.829793737512425,1
LA_inst710001.rcp,30.0,4.0,6.1,2.8676354952004157,183.0,36.0,0.08275862068965517,0.9287356321839081,0.07126436781609191,144.0,1.0,0.9836805555555556,0.957847775295692,31.0,1.0000000000000007,142.0,183.0,39.0,38102,10.548048298172429,1
LA_inst71001.rcp,30.0,4.0,5.533333333333333,2.985892756874492,166.0,113.0,0.2597701149425287,0.6068965517241379,0.3931034482758621,47.0,0.5,0.5449172576832151,0.4934101654846335,9.0,0.05263157894736842,26.0,60.0,13.0,28403,10.254285259301984,0
LA_inst711001.rcp,30.0,4.0,4.766666666666667,2.4857370916669543,143.0,50.0,0.11494252873563218,0.9195402298850575,0.08045977011494254,85.0,1.0,1.3602941176470589,1.3023673656065298,35.0,0.9999999999999998,116.0,143.0,27.0,86981,11.373456479678952,0
LA_inst712001.rcp,30.0,4.0,6.233333333333333,2.812867259971971,187.0,51.0,0.11724137931034483,0.8390804597701149,0.16091954022988508,96.0,1.0,1.4523026315789473,1.4371859009502923,70.0,0.9999999999999998,140.0,187.0,47.0,75525,11.232232246816007,0
LA_inst713001.rcp,30.0,4.0,5.533333333333333,2.985892756874492,166.0,113.0,0.2597701149425287,0.6068965517241379,0.3931034482758621,47.0,1.0,2.730496453900709,2.6143760588049503,171.0,1.0,129.0,166.0,37.0,66409,11.103602926534759,0
LA_inst714001.rcp,30.0,4.0,5.933333333333334,2.7194770739161522,178.0,83.0,0.19080459770114944,0.5310344827586206,0.46896551724137936,44.0,1.0,3.097107438016529,3.013986455463728,204.0,0.9999999999999999,137.0,178.0,41.0,64835,11.079616283632067,0
LA_inst715001.rcp,30.0,4.0,4.8,2.9143323992525856,144.0,35.0,0.08045977011494253,0.9770114942528736,0.02298850574712641,128.0,1.0,0.909375,0.8682942708333333,10.0,1.0000000000000013,117.0,144.0,16.0,924,6.829793737512425,1
LA_inst716001.rcp,30.0,4.0,6.1,2.8676354952004157,183.0,36.0,0.08275862068965517,0.9287356321839081,0.07126436781609191,144.0,1.0,1.0360243055555556,0.9861232828098234,31.0,1.0000000000000007,150.0,183.0,33.0,38102,10.548048298172429,1
LA_inst717001.rcp,30.0,4.0,4.766666666666667,2.4857370916669543,143.0,50.0,0.11494252873563218,0.9195402298850575,0.08045977011494254,85.0,1.0,1.3204152249134948,1.277274037957429,35.0,0.9999999999999998,113.0,143.0,30.0,87472,11.379085453299176,0
LA_inst718001.rcp,30.0,4.0,6.233333333333333,2.812867259971971,187.0,51.0,0.11724137931034483,0.8390804597701149,0.16091954022988508,96.0,1.0,1.4759114583333333,1.444691829894338,70.0,0.9999999999999998,142.0,187.0,45.0,75545,11.232497021229756,0
LA_inst719001.rcp,30.0,4.0,5.533333333333333,2.985892756874492,166.0,113.0,0.2597701149425287,0.6068965517241379,0.3931034482758621,47.0,1.0,2.8444148936170213,2.7045447728363463,171.0,1.0,134.0,166.0,32.0,67204,11.115502928505249,0
LA_inst72001.rcp,30.0,4.0,5.933333333333334,2.7194770739161522,178.0,83.0,0.19080459770114944,0.5310344827586206,0.46896551724137936,44.0,0.5,0.5867768595041323,0.5026327783179387,6.0,0.02941176470588235,26.0,52.0,8.0,3316,8.106816038947052,1
LA_inst73001.rcp,30.0,1.0,4.8,2.9143323992525856,144.0,35.0,0.08045977011494253,0.9770114942528736,0.02298850574712641,128.0,0.5,0.11626838235294118,0.11626838235294118,0.0,0.0,15.0,128.0,0.0,32,3.4965075614664802,1
LA_inst74001.rcp,30.0,4.0,6.1,2.8676354952004157,183.0,36.0,0.08275862068965517,0.9287356321839081,0.07126436781609191,144.0,0.5,0.18564814814814815,0.1522190733932462,2.0,0.0645161290322581,27.0,144.0,0.0,32,3.4965075614664802,1
LA_inst75001.rcp,30.0,2.0,4.766666666666667,2.4857370916669543,143.0,50.0,0.11494252873563218,0.9195402298850575,0.08045977011494254,85.0,0.5,0.20995475113122172,0.19983031674208146,2.0,0.057142857142857134,18.0,88.0,3.0,56,4.04305126783455,1
LA_inst76001.rcp,30.0,4.0,6.233333333333333,2.812867259971971,187.0,51.0,0.11724137931034483,0.8390804597701149,0.16091954022988508,96.0,0.5,0.2505787037037037,0.2300925925925926,4.0,0.057142857142857134,25.0,96.0,0.0,32,3.4965075614664802,1
LA_inst77001.rcp,30.0,4.0,5.533333333333333,2.985892756874492,166.0,113.0,0.2597701149425287,0.6068965517241379,0.3931034482758621,47.0,0.5,0.4319148936170213,0.3815837927470066,4.0,0.023391812865497075,21.0,47.0,0.0,25360,10.14096783995039,0
LA_inst78001.rcp,30.0,4.0,5.933333333333334,2.7194770739161522,178.0,83.0,0.19080459770114944,0.5310344827586206,0.46896551724137936,44.0,0.5,0.6244019138755981,0.5434971726837755,13.0,0.06372549019607843,28.0,49.0,5.0,21965,9.997251082348292,1
LA_inst79001.rcp,30.0,0.0,4.8,2.9143323992525856,144.0,35.0,0.08045977011494253,0.9770114942528736,0.02298850574712641,128.0,0.0,0.0,0.0,0.0,0.0,0.0,128.0,0.0,32,3.4965075614664802,1
LA_inst80001.rcp,30.0,3.0,6.1,2.8676354952004157,183.0,36.0,0.08275862068965517,0.9287356321839081,0.07126436781609191,144.0,0.49999999999999994,0.1597222222222222,0.1415509259259259,6.0,0.1935483870967743,23.0,161.0,17.0,85,4.454347296253507,1
LA_inst8001.rcp,30.0,3.0,6.1,2.8676354952004157,183.0,36.0,0.08275862068965517,0.9287356321839081,0.07126436781609191,144.0,0.49999999999999994,0.17424242424242425,0.16781956469456472,0.0,0.0,26.0,144.0,0.0,32,3.4965075614664802,1
LA_inst81001.rcp,30.0,4.0,4.766666666666667,2.4857370916669543,143.0,50.0,0.11494252873563218,0.9195402298850575,0.08045977011494254,85.0,0.5,0.22100840336134453,0.2103081232492997,0.0,0.0,19.0,85.0,0.0,32,3.4965075614664802,1
LA_inst82001.rcp,30.0,4.0,6.233333333333333,2.812867259971971,187.0,51.0,0.11724137931034483,0.8390804597701149,0.16091954022988508,96.0,0.5,0.28205128205128205,0.251598481202535,1.0,0.014285714285714284,28.0,97.0,1.0,171,5.147494476813453,1
LA_inst83001.rcp,30.0,4.0,5.533333333333333,2.985892756874492,166.0,113.0,0.2597701149425287,0.6068965517241379,0.3931034482758621,47.0,0.5,0.4879432624113475,0.4326913334892058,5.0,0.029239766081871343,23.0,52.0,5.0,31642,10.36227223407451,0
LA_inst84001.rcp,30.0,4.0,5.933333333333334,2.7194770739161522,178.0,83.0,0.19080459770114944,0.5310344827586206,0.46896551724137936,44.0,0.5,0.5909090909090909,0.5324337121212122,14.0,0.06862745098039215,26.0,55.0,11.0,28697,10.264582712908352,1
LA_inst85001.rcp,30.0,3.0,4.8,2.9143323992525856,144.0,35.0,0.08045977011494253,0.9770114942528736,0.02298850574712641,128.0,0.5,0.17431640625,0.13497488839285712,2.0,0.20000000000000026,23.0,129.0,1.0,49,3.912023005428146,1
LA_inst86001.rcp,30.0,4.0,6.1,2.8676354952004157,183.0,36.0,0.08275862068965517,0.9287356321839081,0.07126436781609191,144.0,0.5,0.15321180555555555,0.14040059554523565,5.0,0.16129032258064524,23.0,153.0,9.0,32,3.4965075614664802,1
LA_inst87001.rcp,30.0,4.0,4.766666666666667,2.4857370916669543,143.0,50.0,0.11494252873563218,0.9195402298850575,0.08045977011494254,85.0,0.5,0.2627450980392157,0.2120172311348782,2.0,0.057142857142857134,23.0,89.0,4.0,58,4.07753744390572,1
LA_inst88001.rcp,30.0,4.0,6.233333333333333,2.812867259971971,187.0,51.0,0.11724137931034483,0.8390804597701149,0.16091954022988508,96.0,0.5,0.30392156862745096,0.2698116499889429,2.0,0.028571428571428567,30.0,110.0,14.0,42,3.7612001156935624,1
LA_inst89001.rcp,30.0,4.0,5.533333333333333,2.985892756874492,166.0,113.0,0.2597701149425287,0.6068965517241379,0.3931034482758621,47.0,0.5,0.5446808510638298,0.4654255319148936,11.0,0.06432748538011696,26.0,57.0,10.0,33339,10.414513156304785,0
LA_inst90001.rcp,30.0,4.0,5.933333333333334,2.7194770739161522,178.0,83.0,0.19080459770114944,0.5310344827586206,0.46896551724137936,44.0,0.5,0.5786713286713286,0.512619211284072,9.0,0.044117647058823525,26.0,47.0,3.0,384,5.953243334287785,1
LA_inst9001.rcp,30.0,4.0,4.766666666666667,2.4857370916669543,143.0,50.0,0.11494252873563218,0.9195402298850575,0.08045977011494254,85.0,0.5,0.23529411764705882,0.1976639459611596,2.0,0.057142857142857134,20.0,85.0,0.0,32,3.4965075614664802,1
LA_inst91001.rcp,30.0,2.0,4.8,2.9143323992525856,144.0,35.0,0.08045977011494253,0.9770114942528736,0.02298850574712641,128.0,0.5,0.15985576923076922,0.13695913461538461,1.0,0.10000000000000013,21.0,129.0,1.0,49,3.912023005428146,1
LA_inst92001.rcp,30.0,4.0,6.1,2.8676354952004157,183.0,36.0,0.08275862068965517,0.9287356321839081,0.07126436781609191,144.0,0.5,0.15895061728395063,0.14782547699214366,1.0,0.03225806451612905,23.0,146.0,2.0,32,3.4965075614664802,1
LA_inst93001.rcp,30.0,2.0,4.766666666666667,2.4857370916669543,143.0,50.0,0.11494252873563218,0.9195402298850575,0.08045977011494254,85.0,0.5,0.21176470588235294,0.20359477124183006,2.0,0.057142857142857134,18.0,87.0,2.0,32,3.4965075614664802,1
LA_inst94001.rcp,30.0,4.0,6.233333333333333,2.812867259971971,187.0,51.0,0.11724137931034483,0.8390804597701149,0.16091954022988508,96.0,0.5,0.2604166666666667,0.23742170479302835,3.0,0.04285714285714285,25.0,96.0,0.0,32,3.4965075614664802,1
LA_inst95001.rcp,30.0,4.0,5.533333333333333,2.985892756874492,166.0,113.0,0.2597701149425287,0.6068965517241379,0.3931034482758621,47.0,0.5,0.4425531914893617,0.37239327605019096,4.0,0.023391812865497075,21.0,49.0,2.0,26524,10.185842963482184,0
LA_inst96001.rcp,30.0,4.0,5.933333333333334,2.7194770739161522,178.0,83.0,0.19080459770114944,0.5310344827586206,0.46896551724137936,44.0,0.5,0.5454545454545454,0.5063131313131313,12.0,0.0588235294117647,24.0,47.0,3.0,37333,10.527659718592542,1
LA_inst97001.rcp,30.0,1.0,4.8,2.9143323992525856,144.0,35.0,0.08045977011494253,0.9770114942528736,0.02298850574712641,128.0,0.5,0.13932291666666666,0.13932291666666666,1.0,0.10000000000000013,18.0,132.0,4.0,36,3.6109179126442243,1
LA_inst98001.rcp,30.0,3.0,6.1,2.8676354952004157,183.0,36.0,0.08275862068965517,0.9287356321839081,0.07126436781609191,144.0,0.49999999999999994,0.1714409722222222,0.15329218106995884,2.0,0.0645161290322581,25.0,150.0,6.0,32,3.4965075614664802,1
LA_inst99001.rcp,30.0,4.0,4.766666666666667,2.4857370916669543,143.0,50.0,0.11494252873563218,0.9195402298850575,0.08045977011494254,85.0,0.5,0.25529411764705884,0.2160007639419404,0.0,0.0,22.0,85.0,0.0,32,3.4965075614664802,1
RC_inst1.rcp,30.0,4.0,4.333333333333333,3.123388473365994,130.0,64.0,0.1471264367816092,0.3310344827586207,0.6689655172413793,28.0,0.5,0.29017857142857145,0.23683035714285713,0.0,0.0,9.0,28.0,0.0,32,3.4965075614664802,1
RC_inst100001.rcp,30.0,4.0,5.266666666666667,2.55516905289824,158.0,49.0,0.11264367816091954,0.8804597701149425,0.11954022988505753,81.0,0.5,0.44135802469135804,0.41144118655692724,12.0,0.23076923076923067,36.0,96.0,15.0,276,5.6240175061873385,1
RC_inst10001.rcp,30.0,0.0,5.266666666666667,2.55516905289824,158.0,49.0,0.11264367816091954,0.8804597701149425,0.11954022988505753,81.0,0.0,0.0,0.0,0.0,0.0,0.0,81.0,0.0,32,3.4965075614664802,1
RC_inst1001.rcp,30.0,0.0,5.266666666666667,2.55516905289824,158.0,49.0,0.11264367816091954,0.8804597701149425,0.11954022988505753,81.0,0.0,0.0,0.0,0.0,0.0,0.0,81.0,0.0,32,3.4965075614664802,1
RC_inst101001.rcp,30.0,4.0,5.533333333333333,2.8836705005176224,166.0,36.0,0.08275862068965517,0.9356321839080459,0.06436781609195408,142.0,0.5,0.2515090543259557,0.22702579111029814,11.0,0.3928571428571425,36.0,157.0,15.0,71,4.276666119016055,1
RC_inst102001.rcp,30.0,4.0,4.333333333333333,3.123388473365994,130.0,64.0,0.1471264367816092,0.3310344827586207,0.6689655172413793,28.0,0.5,1.0803571428571428,0.8954102474323062,67.0,0.23024054982817868,31.0,60.0,29.0,47354,10.765427689660202,0
RC_inst103001.rcp,30.0,4.0,5.266666666666667,2.55516905289824,158.0,49.0,0.11264367816091954,0.8804597701149425,0.11954022988505753,81.0,0.5,0.455761316872428,0.37187827806019524,17.0,0.3269230769230768,37.0,104.0,23.0,2663,7.88758403166028,1
RC_inst104001.rcp,30.0,4.0,5.533333333333333,2.8836705005176224,166.0,36.0,0.08275862068965517,0.9356321839080459,0.06436781609195408,142.0,0.5,0.2655343827671914,0.23052227391498312,9.0,0.3214285714285711,38.0,154.0,12.0,206,5.332718793265369,1
RC_inst105001.rcp,30.0,4.0,4.333333333333333,3.123388473365994,130.0,64.0,0.1471264367816092,0.3310344827586207,0.6689655172413793,28.0,0.5,1.1766917293233083,0.9585067908742444,65.0,0.22336769759450173,33.0,52.0,19.0,38768,10.5653762371933,0
RC_inst106001.rcp,30.0,4.0,5.266666666666667,2.55516905289824,158.0,49.0,0.11264367816091954,0.8804597701149425,0.11954022988505753,81.0,0.5,0.41466957153231665,0.37807447540419675,14.0,0.2692307692307691,34.0,116.0,35.0,205,5.327876168789581,1
RC_inst107001.rcp,30.0,4.0,5.533333333333333,2.8836705005176224,166.0,36.0,0.08275862068965517,0.9356321839080459,0.06436781609195408,142.0,0.5,0.2623239436619718,0.2306738156209987,4.0,0.14285714285714274,38.0,154.0,12.0,32,3.4965075614664802,1
RC_inst108001.rcp,30.0,4.0,4.333333333333333,3.123388473365994,130.0,64.0,0.1471264367816092,0.3310344827586207,0.6689655172413793,28.0,0.5,1.1091269841269842,0.887046485260771,61.0,0.20962199312714777,32.0,45.0,13.0,42108,10.648016773545576,0
RC_inst109001.rcp,30.0,4.0,5.266666666666667,2.55516905289824,158.0,49.0,0.11264367816091954,0.8804597701149425,0.11954022988505753,81.0,0.5,0.4662309368191721,0.41164585961090083,11.0,0.21153846153846145,38.0,104.0,23.0,1618,7.389563953677635,1
RC_inst110001.rcp,30.0,4.0,5.533333333333333,2.8836705005176224,166.0,36.0,0.08275862068965517,0.9356321839080459,0.06436781609195408,142.0,0.5,0.2715179968701095,0.22824956273589245,6.0,0.2142857142857141,39.0,152.0,10.0,75,4.330733340286331,1
RC_inst11001.rcp,30.0,0.0,5.533333333333333,2.8836705005176224,166.0,36.0,0.08275862068965517,0.9356321839080459,0.06436781609195408,142.0,0.0,0.0,0.0,0.0,0.0,0.0,142.0,0.0,32,3.4965075614664802,1
RC_inst111001.rcp,30.0,4.0,4.333333333333333,3.123388473365994,130.0,64.0,0.1471264367816092,0.3310344827586207,0.6689655172413793,28.0,0.5,1.2196428571428573,1.009155701754386,76.0,0.2611683848797251,35.0,57.0,22.0,43646,10.683889830383498,0
RC_inst112001.rcp,30.0,4.0,5.266666666666667,2.55516905289824,158.0,49.0,0.11264367816091954,0.8804597701149425,0.11954022988505753,81.0,0.5,0.3894500561167228,0.3649347505556656,9.0,0.17307692307692302,32.0,96.0,15.0,142,4.962844630259907,1
RC_inst113001.rcp,30.0,4.0,5.533333333333333,2.8836705005176224,166.0,36.0,0.08275862068965517,0.9356321839080459,0.06436781609195408,142.0,0.5,0.2711267605633803,0.22620650372825188,11.0,0.3928571428571425,39.0,150.0,8.0,41,3.7376696182833684,1
RC_inst114001.rcp,30.0,4.0,4.333333333333333,3.123388473365994,130.0,64.0,0.1471264367816092,0.3310344827586207,0.6689655172413793,28.0,0.5,1.2839285714285715,0.9077067669172932,83.0,0.2852233676975945,36.0,57.0,21.0,46379,10.744623610809523,0
RC_inst115001.rcp,30.0,4.0,5.266666666666667,2.55516905289824,158.0,49.0,0.11264367816091954,0.8804597701149425,0.11954022988505753,81.0,0.5,0.5220458553791887,0.38592160154660154,9.0,0.17307692307692302,43.0,94.0,13.0,167,5.123963979403259,1
RC_inst116001.rcp,30.0,4.0,5.533333333333333,2.8836705005176224,166.0,36.0,0.08275862068965517,0.9356321839080459,0.06436781609195408,142.0,0.5,0.27660406885759,0.23966554746435265,7.0,0.24999999999999978,40.0,148.0,6.0,128,4.859812404361672,1
RC_inst117001.rcp,30.0,4.0,4.333333333333333,3.123388473365994,130.0,64.0,0.1471264367816092,0.3310344827586207,0.6689655172413793,28.0,0.5,1.1517857142857142,1.0699810606060605,65.0,0.22336769759450173,33.0,55.0,22.0,38481,10.557945878480961,0
RC_inst118001.rcp,30.0,4.0,5.266666666666667,2.55516905289824,158.0,49.0,0.11264367816091954,0.8804597701149425,0.11954022988505753,81.0,0.5,0.4212962962962963,0.37311398731032375,15.0,0.2884615384615383,35.0,95.0,14.0,522,6.259581464064923,1
RC_inst119001.rcp,30.0,4.0,5.533333333333333,2.8836705005176224,166.0,36.0,0.08275862068965517,0.9356321839080459,0.06436781609195408,142.0,0.5,0.2506213753106877,0.23540014597388254,7.0,0.24999999999999978,36.0,156.0,14.0,100,4.61512051684126,1
RC_inst120001.rcp,30.0,4.0,4.333333333333333,3.123388473365994,130.0,64.0,0.1471264367816092,0.3310344827586207,0.6689655172413793,28.0,0.5,1.4077380952380953,1.1354558270676691,128.0,0.43986254295532645,40.0,60.0,20.0,44723,10.708265549267258,0
RC_inst12001.rcp,30.0,4.0,4.333333333333333,3.123388473365994,130.0,64.0,0.1471264367816092,0.3310344827586207,0.6689655172413793,28.0,0.5,0.2694805194805195,0.19499909812409816,0.0,0.0,8.0,28.0,0.0,32,3.4965075614664802,1
RC_inst121001.rcp,30.0,4.0,5.266666666666667,2.55516905289824,158.0,49.0,0.11264367816091954,0.8804597701149425,0.11954022988505753,81.0,0.5,0.5608465608465608,0.515719872256895,18.0,0.34615384615384603,46.0,115.0,34.0,2661,7.8868329989550565,1
RC_inst122001.rcp,30.0,4.0,5.533333333333333,2.8836705005176224,166.0,36.0,0.08275862068965517,0.9356321839080459,0.06436781609195408,142.0,0.5,0.2949921752738654,0.28047895961628355,16.0,0.571428571428571,42.0,161.0,19.0,68,4.23410650459726,1
RC_inst123001.rcp,30.0,4.0,4.333333333333333,3.123388473365994,130.0,64.0,0.1471264367816092,0.3310344827586207,0.6689655172413793,28.0,0.5,1.301948051948052,1.1874130333951762,116.0,0.39862542955326463,37.0,57.0,20.0,45576,10.727158482292175,0
RC_inst124001.rcp,30.0,4.0,5.266666666666667,2.55516905289824,158.0,49.0,0.11264367816091954,0.8804597701149425,0.11954022988505753,81.0,0.5,0.5634920634920635,0.5144489309693988,26.0,0.4999999999999998,46.0,114.0,33.0,12921,9.466686564118111,1
RC_inst125001.rcp,30.0,4.0,5.533333333333333,2.8836705005176224,166.0,36.0,0.08275862068965517,0.9356321839080459,0.06436781609195408,142.0,0.5,0.2995028997514499,0.287859826126189,15.0,0.5357142857142853,43.0,162.0,20.0,330,5.802118375377063,1
RC_inst126001.rcp,30.0,4.0,4.333333333333333,3.123388473365994,130.0,64.0,0.1471264367816092,0.3310344827586207,0.6689655172413793,28.0,0.5,1.2402597402597402,1.094251965140123,133.0,0.4570446735395189,35.0,56.0,21.0,51933,10.857728960638758,0
RC_inst127001.rcp,30.0,4.0,5.266666666666667,2.55516905289824,158.0,49.0,0.11264367816091954,0.8804597701149425,0.11954022988505753,81.0,0.5,0.5055555555555555,0.48729625595094006,26.0,0.4999999999999998,41.0,128.0,47.0,22955,10.041334619228254,1
RC_inst128001.rcp,30.0,4.0,5.533333333333333,2.8836705005176224,166.0,36.0,0.08275862068965517,0.9356321839080459,0.06436781609195408,142.0,0.5,0.323943661971831,0.2991825955734406,13.0,0.46428571428571386,46.0,153.0,11.0,237,5.472270673671475,1
RC_inst129001.rcp,30.0,4.0,4.333333333333333,3.123388473365994,130.0,64.0,0.1471264367816092,0.3310344827586207,0.6689655172413793,28.0,0.5,1.75,1.0922619047619049,131.0,0.45017182130584193,49.0,74.0,25.0,46166,10.740020536131961,0
RC_inst130001.rcp,30.0,4.0,5.266666666666667,2.55516905289824,158.0,49.0,0.11264367816091954,0.8804597701149425,0.11954022988505753,81.0,0.5,0.5660018993352327,0.4760904219237553,27.0,0.519230769230769,46.0,123.0,42.0,4531,8.418918622147897,1
RC_inst13001.rcp,30.0,0.0,5.266666666666667,2.55516905289824,158.0,49.0,0.11264367816091954,0.8804597701149425,0.11954022988505753,81.0,0.0,0.0,0.0,0.0,0.0,0.0,81.0,0.0,32,3.4965075614664802,1
RC_inst131001.rcp,30.0,4.0,5.533333333333333,2.8836705005176224,166.0,36.0,0.08275862068965517,0.9356321839080459,0.06436781609195408,142.0,0.5,0.37715179968701096,0.29477184745902313,5.0,0.1785714285714284,54.0,147.0,5.0,214,5.3706380281276624,1
RC_inst132001.rcp,30.0,4.0,4.333333333333333,3.123388473365994,130.0,64.0,0.1471264367816092,0.3310344827586207,0.6689655172413793,28.0,0.5,1.5,1.2670511506037823,128.0,0.43986254295532645,42.0,61.0,19.0,51781,10.854797877511324,0
RC_inst133001.rcp,30.0,4.0,5.266666666666667,2.55516905289824,158.0,49.0,0.11264367816091954,0.8804597701149425,0.11954022988505753,81.0,0.5,0.599090318388564,0.4803693298848671,16.0,0.30769230769230754,49.0,101.0,20.0,251,5.529429087511423,1
RC_inst134001.rcp,30.0,4.0,5.533333333333333,2.8836705005176224,166.0,36.0,0.08275862068965517,0.9356321839080459,0.06436781609195408,142.0,0.5,0.3231151615575808,0.30472489758814325,14.0,0.49999999999999956,46.0,155.0,13.0,234,5.459585514144159,1
RC_inst135001.rcp,30.0,4.0,4.333333333333333,3.123388473365994,130.0,64.0,0.1471264367816092,0.3310344827586207,0.6689655172413793,28.0,0.5,1.1952380952380952,1.0690018315018315,130.0,0.44673539518900346,34.0,65.0,31.0,45304,10.721172680656162,0
RC_inst136001.rcp,30.0,4.0,5.266666666666667,2.55516905289824,158.0,49.0,0.11264367816091954,0.8804597701149425,0.11954022988505753,81.0,0.5,0.6136528685548294,0.5138825831636289,22.0,0.4230769230769229,50.0,118.0,37.0,3398,8.131236549696116,1
RC_inst137001.rcp,30.0,4.0,5.533333333333333,2.8836705005176224,166.0,36.0,0.08275862068965517,0.9356321839080459,0.06436781609195408,142.0,0.5,0.33098591549295775,0.28740116135408944,11.0,0.3928571428571425,47.0,158.0,16.0,457,6.126869184114185,1
RC_inst138001.rcp,30.0,4.0,4.333333333333333,3.123388473365994,130.0,64.0,0.1471264367816092,0.3310344827586207,0.6689655172413793,28.0,0.5,1.4404761904761905,1.133018092105263,126.0,0.4329896907216495,41.0,78.0,37.0,57581,10.960965297845682,0
RC_inst139001.rcp,30.0,4.0,5.266666666666667,2.55516905289824,158.0,49.0,0.11264367816091954,0.8804597701149425,0.11954022988505753,81.0,0.5,0.5906432748538012,0.4823609950802934,15.0,0.2884615384615383,48.0,109.0,28.0,1726,7.454141078146678,1
RC_inst140001.rcp,30.0,4.0,5.533333333333333,2.8836705005176224,166.0,36.0,0.08275862068965517,0.9356321839080459,0.06436781609195408,142.0,0.5,0.33186619718309857,0.3038976917057903,12.0,0.4285714285714282,48.0,154.0,12.0,210,5.351858133476067,1
RC_inst14001.rcp,30.0,0.0,5.533333333333333,2.8836705005176224,166.0,36.0,0.08275862068965517,0.9356321839080459,0.06436781609195408,142.0,0.0,0.0,0.0,0.0,0.0,0.0,142.0,0.0,32,3.4965075614664802,1
RC_inst141001.rcp,30.0,4.0,4.333333333333333,3.123388473365994,130.0,64.0,0.1471264367816092,0.3310344827586207,0.6689655172413793,28.0,0.5,1.2612781954887218,1.1030050776291378,122.0,0.41924398625429554,36.0,56.0,20.0,48961,10.798799766025086,0
RC_inst142001.rcp,30.0,4.0,5.266666666666667,2.55516905289824,158.0,49.0,0.11264367816091954,0.8804597701149425,0.11954022988505753,81.0,0.5,0.5339506172839507,0.46636782284930434,13.0,0.2499999999999999,44.0,109.0,28.0,1840,7.518064181233078,1
RC_inst143001.rcp,30.0,4.0,5.533333333333333,2.8836705005176224,166.0,36.0,0.08275862068965517,0.9356321839080459,0.06436781609195408,142.0,0.5,0.3038732394366197,0.28025968309859156,14.0,0.49999999999999956,44.0,163.0,21.0,619,6.429719478039138,1
RC_inst144001.rcp,30.0,4.0,4.333333333333333,3.123388473365994,130.0,64.0,0.1471264367816092,0.3310344827586207,0.6689655172413793,28.0,0.5,1.4093406593406594,1.1360653235653237,128.0,0.43986254295532645,40.0,63.0,23.0,43949,10.690807903113322,0
RC_inst145001.rcp,30.0,4.0,5.266666666666667,2.55516905289824,158.0,49.0,0.11264367816091954,0.8804597701149425,0.11954022988505753,81.0,0.5,0.5604938271604938,0.4891295856165137,23.0,0.4423076923076921,46.0,132.0,51.0,4074,8.312626025674962,1
RC_inst146001.rcp,30.0,4.0,5.533333333333333,2.8836705005176224,166.0,36.0,0.08275862068965517,0.9356321839080459,0.06436781609195408,142.0,0.5,0.31690140845070425,0.30222423055076875,8.0,0.2857142857142855,45.0,151.0,9.0,87,4.477336814478207,1
RC_inst147001.rcp,30.0,4.0,4.333333333333333,3.123388473365994,130.0,64.0,0.1471264367816092,0.3310344827586207,0.6689655172413793,28.0,0.5,1.3642857142857143,1.1032239819004526,127.0,0.436426116838488,39.0,61.0,22.0,47254,10.763313747429157,0
RC_inst148001.rcp,30.0,4.0,5.266666666666667,2.55516905289824,158.0,49.0,0.11264367816091954,0.8804597701149425,0.11954022988505753,81.0,0.5,0.5613168724279836,0.4991245621964576,23.0,0.4423076923076921,46.0,120.0,39.0,12552,9.437714959818209,1
RC_inst149001.rcp,30.0,4.0,5.533333333333333,2.8836705005176224,166.0,36.0,0.08275862068965517,0.9356321839080459,0.06436781609195408,142.0,0.5,0.3285211267605634,0.29747568344677316,13.0,0.46428571428571386,47.0,161.0,19.0,91,4.5217885770490405,1
RC_inst150001.rcp,30.0,4.0,4.333333333333333,3.123388473365994,130.0,64.0,0.1471264367816092,0.3310344827586207,0.6689655172413793,28.0,0.5,2.013888888888889,1.3742941086691087,158.0,0.5429553264604811,57.0,82.0,25.0,57583,10.961000030318813,0
RC_inst15001.rcp,30.0,4.0,4.333333333333333,3.123388473365994,130.0,64.0,0.1471264367816092,0.3310344827586207,0.6689655172413793,28.0,0.5,0.3267857142857143,0.2301261850894204,0.0,0.0,10.0,28.0,0.0,32,3.4965075614664802,1
RC_inst151001.rcp,30.0,4.0,5.266666666666667,2.55516905289824,158.0,49.0,0.11264367816091954,0.8804597701149425,0.11954022988505753,81.0,0.5,0.630315500685871,0.593464350293054,27.0,0.519230769230769,52.0,129.0,48.0,45869,10.733566587591218,1
RC_inst152001.rcp,30.0,4.0,5.533333333333333,2.8836705005176224,166.0,36.0,0.08275862068965517,0.9356321839080459,0.06436781609195408,142.0,0.5,0.43380281690140843,0.3630022416890004,17.0,0.6071428571428567,62.0,162.0,20.0,478,6.171700597410915,1
RC_inst153001.rcp,30.0,4.0,4.333333333333333,3.123388473365994,130.0,64.0,0.1471264367816092,0.3310344827586207,0.6689655172413793,28.0,0.5,1.565934065934066,1.3599500697714983,166.0,0.570446735395189,44.0,80.0,36.0,57136,10.953207171781322,0
RC_inst154001.rcp,30.0,4.0,5.266666666666667,2.55516905289824,158.0,49.0,0.11264367816091954,0.8804597701149425,0.11954022988505753,81.0,0.5,0.654320987654321,0.5751354672923301,35.0,0.6730769230769228,53.0,142.0,61.0,82287,11.317980568014697,0
RC_inst155001.rcp,30.0,4.0,5.533333333333333,2.8836705005176224,166.0,36.0,0.08275862068965517,0.9356321839080459,0.06436781609195408,142.0,0.5,0.38028169014084506,0.3343243171148101,20.0,0.7142857142857136,54.0,156.0,14.0,364,5.8998973535824915,1
RC_inst156001.rcp,30.0,4.0,4.333333333333333,3.123388473365994,130.0,64.0,0.1471264367816092,0.3310344827586207,0.6689655172413793,28.0,0.5,1.5432330827067668,1.4149014988770627,173.0,0.5945017182130584,44.0,81.0,37.0,49470,10.809141918288724,0
RC_inst157001.rcp,30.0,4.0,5.266666666666667,2.55516905289824,158.0,49.0,0.11264367816091954,0.8804597701149425,0.11954022988505753,81.0,0.5,0.6393762183235867,0.5838152479965345,25.0,0.48076923076923056,52.0,127.0,46.0,13520,9.511999311358759,1
RC_inst158001.rcp,30.0,4.0,5.533333333333333,2.8836705005176224,166.0,36.0,0.08275862068965517,0.9356321839080459,0.06436781609195408,142.0,0.5,0.37877263581488935,0.3427733065057009,12.0,0.4285714285714282,54.0,148.0,6.0,841,6.7357800142423265,1
RC_inst159001.rcp,30.0,4.0,4.333333333333333,3.123388473365994,130.0,64.0,0.1471264367816092,0.3310344827586207,0.6689655172413793,28.0,0.5,1.8348214285714286,1.455813246351172,164.0,0.563573883161512,52.0,84.0,32.0,53351,10.884666744312142,0
RC_inst160001.rcp,30.0,4.0,5.266666666666667,2.55516905289824,158.0,49.0,0.11264367816091954,0.8804597701149425,0.11954022988505753,81.0,0.5,0.6014109347442681,0.5701161339562899,29.0,0.5576923076923075,49.0,117.0,36.0,12155,9.405578154036684,1
RC_inst16001.rcp,30.0,0.0,5.266666666666667,2.55516905289824,158.0,49.0,0.11264367816091954,0.8804597701149425,0.11954022988505753,81.0,0.0,0.0,0.0,0.0,0.0,0.0,81.0,0.0,32,3.4965075614664802,1
RC_inst161001.rcp,30.0,4.0,5.533333333333333,2.8836705005176224,166.0,36.0,0.08275862068965517,0.9356321839080459,0.06436781609195408,142.0,0.5,0.3544600938967136,0.32477186350425785,13.0,0.46428571428571386,51.0,158.0,16.0,81,4.406719247264253,1
RC_inst162001.rcp,30.0,4.0,4.333333333333333,3.123388473365994,130.0,64.0,0.1471264367816092,0.3310344827586207,0.6689655172413793,28.0,0.5,1.6571428571428573,1.2977891156462584,176.0,0.6048109965635738,47.0,76.0,29.0,48924,10.798043792264277,0
RC_inst163001.rcp,30.0,4.0,5.266666666666667,2.55516905289824,158.0,49.0,0.11264367816091954,0.8804597701149425,0.11954022988505753,81.0,0.5,0.6685660018993352,0.6306822942852355,33.0,0.6346153846153844,55.0,142.0,61.0,76993,11.251482775721817,0
RC_inst164001.rcp,30.0,4.0,5.533333333333333,2.8836705005176224,166.0,36.0,0.08275862068965517,0.9356321839080459,0.06436781609195408,142.0,0.5,0.4167357083678542,0.37123455976500713,16.0,0.571428571428571,60.0,150.0,8.0,282,5.645446897643238,1
RC_inst165001.rcp,30.0,4.0,4.333333333333333,3.123388473365994,130.0,64.0,0.1471264367816092,0.3310344827586207,0.6689655172413793,28.0,0.5,1.6071428571428572,1.4244707498383966,170.0,0.584192439862543,45.0,74.0,29.0,59767,10.998225679655636,0
RC_inst166001.rcp,30.0,4.0,5.266666666666667,2.55516905289824,158.0,49.0,0.11264367816091954,0.8804597701149425,0.11954022988505753,81.0,0.5,0.6565656565656566,0.5999879749879751,30.0,0.5769230769230766,54.0,136.0,55.0,82594,11.32170442498924,0
RC_inst167001.rcp,30.0,4.0,5.533333333333333,2.8836705005176224,166.0,36.0,0.08275862068965517,0.9356321839080459,0.06436781609195408,142.0,0.5,0.3996478873239437,0.35333229710430414,14.0,0.49999999999999956,57.0,152.0,10.0,111,4.718498871295094,1
RC_inst168001.rcp,30.0,4.0,4.333333333333333,3.123388473365994,130.0,64.0,0.1471264367816092,0.3310344827586207,0.6689655172413793,28.0,0.5,1.5620300751879699,1.3927886121553885,165.0,0.5670103092783505,44.0,75.0,31.0,55434,10.922966442206452,0
RC_inst169001.rcp,30.0,4.0,5.266666666666667,2.55516905289824,158.0,49.0,0.11264367816091954,0.8804597701149425,0.11954022988505753,81.0,0.5,0.5992402659069326,0.5592712193589386,26.0,0.4999999999999998,49.0,123.0,42.0,22253,10.010277046717645,1
RC_inst170001.rcp,30.0,4.0,5.533333333333333,2.8836705005176224,166.0,36.0,0.08275862068965517,0.9356321839080459,0.06436781609195408,142.0,0.5,0.42194835680751175,0.3472132559187785,16.0,0.571428571428571,60.0,149.0,7.0,49,3.912023005428146,1
RC_inst17001.rcp,30.0,0.0,5.533333333333333,2.8836705005176224,166.0,36.0,0.08275862068965517,0.9356321839080459,0.06436781609195408,142.0,0.0,0.0,0.0,0.0,0.0,0.0,142.0,0.0,32,3.4965075614664802,1
RC_inst171001.rcp,30.0,4.0,4.333333333333333,3.123388473365994,130.0,64.0,0.1471264367816092,0.3310344827586207,0.6689655172413793,28.0,0.5,2.0741758241758244,1.4682234432234433,164.0,0.563573883161512,59.0,88.0,29.0,63115,11.05272958215556,0
RC_inst172001.rcp,30.0,4.0,5.266666666666667,2.55516905289824,158.0,49.0,0.11264367816091954,0.8804597701149425,0.11954022988505753,81.0,0.5,0.5892255892255892,0.5586618499812943,32.0,0.6153846153846151,48.0,130.0,49.0,52643,10.871307550954214,1
RC_inst173001.rcp,30.0,4.0,5.533333333333333,2.8836705005176224,166.0,36.0,0.08275862068965517,0.9356321839080459,0.06436781609195408,142.0,0.5,0.3717303822937626,0.33417868321037336,13.0,0.46428571428571386,53.0,158.0,16.0,814,6.703188113240863,1
RC_inst174001.rcp,30.0,4.0,4.333333333333333,3.123388473365994,130.0,64.0,0.1471264367816092,0.3310344827586207,0.6689655172413793,28.0,0.5,1.5922619047619047,1.42359287464986,169.0,0.5807560137457045,45.0,73.0,28.0,65079,11.083372561332974,0
RC_inst175001.rcp,30.0,4.0,5.266666666666667,2.55516905289824,158.0,49.0,0.11264367816091954,0.8804597701149425,0.11954022988505753,81.0,0.5,0.6263374485596708,0.5980906560154926,27.0,0.519230769230769,51.0,133.0,52.0,29959,10.307618437631156,1
RC_inst176001.rcp,30.0,4.0,5.533333333333333,2.8836705005176224,166.0,36.0,0.08275862068965517,0.9356321839080459,0.06436781609195408,142.0,0.5,0.3826291079812207,0.3634794959424724,14.0,0.49999999999999956,55.0,159.0,17.0,202,5.313205979041787,1
RC_inst177001.rcp,30.0,4.0,4.333333333333333,3.123388473365994,130.0,64.0,0.1471264367816092,0.3310344827586207,0.6689655172413793,28.0,0.5,1.5487012987012987,1.347930728810663,166.0,0.570446735395189,44.0,72.0,28.0,64288,11.071143822496172,0
RC_inst178001.rcp,30.0,4.0,5.266666666666667,2.55516905289824,158.0,49.0,0.11264367816091954,0.8804597701149425,0.11954022988505753,81.0,0.5,0.5962236746550472,0.5583598681637897,27.0,0.519230769230769,49.0,113.0,32.0,18292,9.814273751991298,1
RC_inst179001.rcp,30.0,4.0,5.533333333333333,2.8836705005176224,166.0,36.0,0.08275862068965517,0.9356321839080459,0.06436781609195408,142.0,0.5,0.36397331356560414,0.3519243557319147,17.0,0.6071428571428567,52.0,156.0,14.0,587,6.376726947898627,1
RC_inst180001.rcp,30.0,4.0,4.333333333333333,3.123388473365994,130.0,64.0,0.1471264367816092,0.3310344827586207,0.6689655172413793,28.0,0.5,2.1839285714285714,1.679188550420168,211.0,0.7250859106529209,62.0,76.0,14.0,64016,11.066903952069735,0
RC_inst18001.rcp,30.0,4.0,4.333333333333333,3.123388473365994,130.0,64.0,0.1471264367816092,0.3310344827586207,0.6689655172413793,28.0,0.5,0.23469387755102042,0.21960613192645478,0.0,0.0,7.0,28.0,0.0,32,3.4965075614664802,1
RC_inst181001.rcp,30.0,4.0,5.266666666666667,2.55516905289824,158.0,49.0,0.11264367816091954,0.8804597701149425,0.11954022988505753,81.0,0.5,0.7004115226337448,0.6650105038993928,38.0,0.7307692307692305,57.0,133.0,52.0,65600,11.091346218718432,0
RC_inst182001.rcp,30.0,4.0,5.533333333333333,2.8836705005176224,166.0,36.0,0.08275862068965517,0.9356321839080459,0.06436781609195408,142.0,0.5,0.478169014084507,0.40689102564102564,19.0,0.6785714285714279,68.0,160.0,18.0,1033,6.9411900550683745,1
RC_inst183001.rcp,30.0,4.0,4.333333333333333,3.123388473365994,130.0,64.0,0.1471264367816092,0.3310344827586207,0.6689655172413793,28.0,0.5,1.8214285714285714,1.634911141490089,208.0,0.7147766323024055,51.0,87.0,36.0,57804,10.964830556109423,0
RC_inst184001.rcp,30.0,4.0,5.266666666666667,2.55516905289824,158.0,49.0,0.11264367816091954,0.8804597701149425,0.11954022988505753,81.0,0.5,0.6964415395787945,0.6638811079987551,38.0,0.7307692307692305,57.0,136.0,55.0,31684,10.363598661757617,1
RC_inst185001.rcp,30.0,4.0,5.533333333333333,2.8836705005176224,166.0,36.0,0.08275862068965517,0.9356321839080459,0.06436781609195408,142.0,0.5,0.5145539906103287,0.42335333271559183,20.0,0.7142857142857136,74.0,163.0,21.0,1569,7.358830898342354,1
RC_inst186001.rcp,30.0,4.0,4.333333333333333,3.123388473365994,130.0,64.0,0.1471264367816092,0.3310344827586207,0.6689655172413793,28.0,0.5,1.998015873015873,1.6567212301587302,205.0,0.7044673539518901,56.0,81.0,25.0,61114,11.020512614211363,0
RC_inst187001.rcp,30.0,4.0,5.266666666666667,2.55516905289824,158.0,49.0,0.11264367816091954,0.8804597701149425,0.11954022988505753,81.0,0.5,0.841820987654321,0.6691119194591417,34.0,0.6538461538461536,69.0,145.0,64.0,74486,11.218379892497046,0
RC_inst188001.rcp,30.0,4.0,5.533333333333333,2.8836705005176224,166.0,36.0,0.08275862068965517,0.9356321839080459,0.06436781609195408,142.0,0.5,0.47143974960876367,0.4190133491004506,22.0,0.785714285714285,67.0,164.0,22.0,431,6.068425588244111,1
RC_inst189001.rcp,30.0,4.0,4.333333333333333,3.123388473365994,130.0,64.0,0.1471264367816092,0.3310344827586207,0.6689655172413793,28.0,0.5,1.781954887218045,1.5568478487886384,200.0,0.6872852233676976,50.0,78.0,28.0,56186,10.936440692397964,0
RC_inst190001.rcp,30.0,4.0,5.266666666666667,2.55516905289824,158.0,49.0,0.11264367816091954,0.8804597701149425,0.11954022988505753,81.0,0.5,0.7606837606837606,0.695447248225026,34.0,0.6538461538461536,62.0,134.0,53.0,83232,11.329399182785968,0
RC_inst19001.rcp,30.0,0.0,5.266666666666667,2.55516905289824,158.0,49.0,0.11264367816091954,0.8804597701149425,0.11954022988505753,81.0,0.0,0.0,0.0,0.0,0.0,0.0,81.0,0.0,32,3.4965075614664802,1
RC_inst191001.rcp,30.0,4.0,5.533333333333333,2.8836705005176224,166.0,36.0,0.08275862068965517,0.9356321839080459,0.06436781609195408,142.0,0.5,0.44691224268689056,0.4088031246922092,15.0,0.5357142857142853,64.0,158.0,16.0,81,4.406719247264253,1
RC_inst192001.rcp,30.0,4.0,4.333333333333333,3.123388473365994,130.0,64.0,0.1471264367816092,0.3310344827586207,0.6689655172413793,28.0,0.5,1.9835164835164836,1.6834202393001736,207.0,0.711340206185567,56.0,86.0,30.0,74312,11.216041181753647,0
RC_inst193001.rcp,30.0,4.0,5.266666666666667,2.55516905289824,158.0,49.0,0.11264367816091954,0.8804597701149425,0.11954022988505753,81.0,0.5,0.7429193899782135,0.6896172666597504,30.0,0.5769230769230766,61.0,127.0,46.0,53381,10.885228889472822,1
RC_inst194001.rcp,30.0,4.0,5.533333333333333,2.8836705005176224,166.0,36.0,0.08275862068965517,0.9356321839080459,0.06436781609195408,142.0,0.5,0.47417840375586856,0.42114747307373657,16.0,0.571428571428571,68.0,158.0,16.0,871,6.77078942390898,1
RC_inst195001.rcp,30.0,4.0,4.333333333333333,3.123388473365994,130.0,64.0,0.1471264367816092,0.3310344827586207,0.6689655172413793,28.0,0.5,1.7987012987012987,1.623439060939061,209.0,0.718213058419244,51.0,104.0,53.0,67096,11.113894612571308,0
RC_inst196001.rcp,30.0,4.0,5.266666666666667,2.55516905289824,158.0,49.0,0.11264367816091954,0.8804597701149425,0.11954022988505753,81.0,0.5,0.8139329805996472,0.7074221501466084,37.0,0.7115384615384612,66.0,137.0,56.0,71797,11.18161189949515,0
RC_inst197001.rcp,30.0,4.0,5.533333333333333,2.8836705005176224,166.0,36.0,0.08275862068965517,0.9356321839080459,0.06436781609195408,142.0,0.5,0.475973487986744,0.4102198978182823,19.0,0.6785714285714279,68.0,163.0,21.0,424,6.052089168924417,1
RC_inst198001.rcp,30.0,4.0,4.333333333333333,3.123388473365994,130.0,64.0,0.1471264367816092,0.3310344827586207,0.6689655172413793,28.0,0.5,1.7445054945054945,1.5700477154424521,213.0,0.7319587628865979,49.0,83.0,34.0,61650,11.0292447290611,0
RC_inst199001.rcp,30.0,4.0,5.266666666666667,2.55516905289824,158.0,49.0,0.11264367816091954,0.8804597701149425,0.11954022988505753,81.0,0.5,0.7517146776406035,0.6861857500201728,39.0,0.7499999999999997,61.0,127.0,46.0,68145,11.129407741344888,0
RC_inst200001.rcp,30.0,4.0,5.533333333333333,2.8836705005176224,166.0,36.0,0.08275862068965517,0.9356321839080459,0.06436781609195408,142.0,0.5,0.47315140845070425,0.3980392349033472,20.0,0.7142857142857136,68.0,165.0,23.0,994,6.902742737158593,1
RC_inst20001.rcp,30.0,1.0,5.533333333333333,2.8836705005176224,166.0,36.0,0.08275862068965517,0.9356321839080459,0.06436781609195408,142.0,0.5,0.06523350630096368,0.06523350630096368,0.0,0.0,10.0,142.0,0.0,32,3.4965075614664802,1
RC_inst2001.rcp,30.0,0.0,5.533333333333333,2.8836705005176224,166.0,36.0,0.08275862068965517,0.9356321839080459,0.06436781609195408,142.0,0.0,0.0,0.0,0.0,0.0,0.0,142.0,0.0,32,3.4965075614664802,1
RC_inst201001.rcp,30.0,4.0,4.333333333333333,3.123388473365994,130.0,64.0,0.1471264367816092,0.3310344827586207,0.6689655172413793,28.0,0.5,1.8767857142857143,1.6214781746031746,186.0,0.6391752577319587,53.0,85.0,32.0,63588,11.060195778394762,0
RC_inst202001.rcp,30.0,4.0,5.266666666666667,2.55516905289824,158.0,49.0,0.11264367816091954,0.8804597701149425,0.11954022988505753,81.0,0.5,0.7024691358024692,0.6753752118131202,40.0,0.7692307692307689,57.0,135.0,54.0,93382,11.44446459480262,0
RC_inst203001.rcp,30.0,4.0,5.533333333333333,2.8836705005176224,166.0,36.0,0.08275862068965517,0.9356321839080459,0.06436781609195408,142.0,0.5,0.48665678280207564,0.4358269500041183,24.0,0.8571428571428564,70.0,165.0,23.0,2048,7.6251071482389,1
RC_inst204001.rcp,30.0,4.0,4.333333333333333,3.123388473365994,130.0,64.0,0.1471264367816092,0.3310344827586207,0.6689655172413793,28.0,0.5,2.0214285714285714,1.515677179962894,198.0,0.6804123711340206,57.0,86.0,29.0,55664,10.927106862162807,0
RC_inst205001.rcp,30.0,4.0,5.266666666666667,2.55516905289824,158.0,49.0,0.11264367816091954,0.8804597701149425,0.11954022988505753,81.0,0.5,0.818613485280152,0.7005291203634284,40.0,0.7692307692307689,67.0,148.0,67.0,80777,11.29945993020729,0
RC_inst206001.rcp,30.0,4.0,5.533333333333333,2.8836705005176224,166.0,36.0,0.08275862068965517,0.9356321839080459,0.06436781609195408,142.0,0.5,0.463849765258216,0.3915669746344974,19.0,0.6785714285714279,66.0,162.0,20.0,576,6.3578422665081,1
RC_inst207001.rcp,30.0,4.0,4.333333333333333,3.123388473365994,130.0,64.0,0.1471264367816092,0.3310344827586207,0.6689655172413793,28.0,0.5,1.8928571428571428,1.6884833916083917,203.0,0.697594501718213,53.0,101.0,48.0,62652,11.045366844253579,0
RC_inst208001.rcp,30.0,4.0,5.266666666666667,2.55516905289824,158.0,49.0,0.11264367816091954,0.8804597701149425,0.11954022988505753,81.0,0.5,0.7086419753086419,0.661737747848859,32.0,0.6153846153846151,58.0,134.0,53.0,26755,10.194514026238298,1
RC_inst209001.rcp,30.0,4.0,5.533333333333333,2.8836705005176224,166.0,36.0,0.08275862068965517,0.9356321839080459,0.06436781609195408,142.0,0.5,0.44474539544962083,0.40955087814335406,13.0,0.46428571428571386,64.0,151.0,9.0,197,5.288267030694535,1
RC_inst210001.rcp,30.0,4.0,4.333333333333333,3.123388473365994,130.0,64.0,0.1471264367816092,0.3310344827586207,0.6689655172413793,28.0,0.5,1.9545454545454546,1.85029879176551,220.0,0.7560137457044673,55.0,84.0,29.0,55757,10.928776176785394,0
RC_inst21001.rcp,30.0,4.0,4.333333333333333,3.123388473365994,130.0,64.0,0.1471264367816092,0.3310344827586207,0.6689655172413793,28.0,0.5,0.2857142857142857,0.2535092883307169,0.0,0.0,8.0,28.0,0.0,32,3.4965075614664802,1
RC_inst211001.rcp,30.0,4.0,5.266666666666667,2.55516905289824,158.0,49.0,0.11264367816091954,0.8804597701149425,0.11954022988505753,81.0,0.5,0.8408057179987004,0.7855108146789147,44.0,0.8461538461538458,69.0,148.0,67.0,97154,11.484062920285128,0
RC_inst212001.rcp,30.0,4.0,5.533333333333333,2.8836705005176224,166.0,36.0,0.08275862068965517,0.9356321839080459,0.06436781609195408,142.0,0.5,0.46919014084507044,0.44459503059078453,21.0,0.7499999999999993,67.0,159.0,17.0,1251,7.132497551660044,1
RC_inst213001.rcp,30.0,4.0,4.333333333333333,3.123388473365994,130.0,64.0,0.1471264367816092,0.3310344827586207,0.6689655172413793,28.0,0.5,2.0164835164835164,1.8235802418133245,221.0,0.7594501718213058,57.0,86.0,29.0,62089,11.036340224358938,0
RC_inst214001.rcp,30.0,4.0,5.266666666666667,2.55516905289824,158.0,49.0,0.11264367816091954,0.8804597701149425,0.11954022988505753,81.0,0.5,0.8847736625514403,0.7630400619252959,38.0,0.7307692307692305,72.0,137.0,56.0,78574,11.271808861665768,0
RC_inst215001.rcp,30.0,4.0,5.533333333333333,2.8836705005176224,166.0,36.0,0.08275862068965517,0.9356321839080459,0.06436781609195408,142.0,0.5,0.5710627400768246,0.46577560689866104,23.0,0.8214285714285707,82.0,160.0,18.0,3204,8.07246736935477,1
RC_inst216001.rcp,30.0,4.0,4.333333333333333,3.123388473365994,130.0,64.0,0.1471264367816092,0.3310344827586207,0.6689655172413793,28.0,0.5,2.169642857142857,1.8640518707482994,222.0,0.7628865979381443,61.0,95.0,34.0,67329,11.117361181539327,0
RC_inst217001.rcp,30.0,4.0,5.266666666666667,2.55516905289824,158.0,49.0,0.11264367816091954,0.8804597701149425,0.11954022988505753,81.0,0.5,0.7962962962962963,0.7619598765432098,36.0,0.6923076923076921,65.0,139.0,58.0,79906,11.288618737428767,0
RC_inst218001.rcp,30.0,4.0,5.533333333333333,2.8836705005176224,166.0,36.0,0.08275862068965517,0.9356321839080459,0.06436781609195408,142.0,0.5,0.5222101841820151,0.4851658513630345,25.0,0.892857142857142,75.0,165.0,23.0,1013,6.921658184151129,1
RC_inst219001.rcp,30.0,4.0,4.333333333333333,3.123388473365994,130.0,64.0,0.1471264367816092,0.3310344827586207,0.6689655172413793,28.0,0.5,2.239795918367347,1.8518282312925172,224.0,0.7697594501718213,63.0,89.0,26.0,61087,11.020070726525475,0
RC_inst220001.rcp,30.0,4.0,5.266666666666667,2.55516905289824,158.0,49.0,0.11264367816091954,0.8804597701149425,0.11954022988505753,81.0,0.5,0.9434156378600823,0.7866786208160477,41.0,0.7884615384615381,77.0,140.0,59.0,84885,11.349064458819743,0
RC_inst22001.rcp,30.0,0.0,5.266666666666667,2.55516905289824,158.0,49.0,0.11264367816091954,0.8804597701149425,0.11954022988505753,81.0,0.0,0.0,0.0,0.0,0.0,0.0,81.0,0.0,32,3.4965075614664802,1
RC_inst221001.rcp,30.0,4.0,5.533333333333333,2.8836705005176224,166.0,36.0,0.08275862068965517,0.9356321839080459,0.06436781609195408,142.0,0.5,0.5301810865191147,0.49019114688128773,21.0,0.7499999999999993,76.0,166.0,24.0,1066,6.9726062513017535,1
RC_inst222001.rcp,30.0,4.0,4.333333333333333,3.123388473365994,130.0,64.0,0.1471264367816092,0.3310344827586207,0.6689655172413793,28.0,0.5,2.2219387755102042,1.8584071849893804,233.0,0.8006872852233677,63.0,92.0,29.0,72233,11.187666128163082,0
RC_inst223001.rcp,30.0,4.0,5.266666666666667,2.55516905289824,158.0,49.0,0.11264367816091954,0.8804597701149425,0.11954022988505753,81.0,0.5,0.904320987654321,0.7908842700509366,40.0,0.7692307692307689,74.0,149.0,68.0,102278,11.535459652274808,0
RC_inst224001.rcp,30.0,4.0,5.533333333333333,2.8836705005176224,166.0,36.0,0.08275862068965517,0.9356321839080459,0.06436781609195408,142.0,0.5,0.6174944403261675,0.4735040359113747,23.0,0.8214285714285707,88.0,166.0,24.0,1265,7.143617602704121,1
RC_inst225001.rcp,30.0,4.0,4.333333333333333,3.123388473365994,130.0,64.0,0.1471264367816092,0.3310344827586207,0.6689655172413793,28.0,0.5,2.0892857142857144,1.8295430672268906,217.0,0.7457044673539519,59.0,86.0,27.0,74512,11.218728885789178,0
RC_inst226001.rcp,30.0,4.0,5.266666666666667,2.55516905289824,158.0,49.0,0.11264367816091954,0.8804597701149425,0.11954022988505753,81.0,0.5,0.8299039780521262,0.7651643452569379,40.0,0.7692307692307689,68.0,155.0,74.0,85894,11.360880899060547,0
RC_inst227001.rcp,30.0,4.0,5.533333333333333,2.8836705005176224,166.0,36.0,0.08275862068965517,0.9356321839080459,0.06436781609195408,142.0,0.5,0.5137323943661972,0.4573383482714468,25.0,0.892857142857142,73.0,166.0,24.0,1573,7.3613754289773485,1
RC_inst228001.rcp,30.0,4.0,4.333333333333333,3.123388473365994,130.0,64.0,0.1471264367816092,0.3310344827586207,0.6689655172413793,28.0,0.5,2.263392857142857,1.8626381802721088,231.0,0.7938144329896907,64.0,96.0,32.0,59605,10.995511519127382,0
RC_inst229001.rcp,30.0,4.0,5.266666666666667,2.55516905289824,158.0,49.0,0.11264367816091954,0.8804597701149425,0.11954022988505753,81.0,0.5,0.8662551440329218,0.7982124485596708,41.0,0.7884615384615381,71.0,149.0,68.0,74995,11.225190057762841,0
RC_inst230001.rcp,30.0,4.0,5.533333333333333,2.8836705005176224,166.0,36.0,0.08275862068965517,0.9356321839080459,0.06436781609195408,142.0,0.5,0.5035211267605634,0.4635856807511737,20.0,0.7142857142857136,72.0,163.0,21.0,760,6.634633357861686,1
RC_inst23001.rcp,30.0,0.0,5.533333333333333,2.8836705005176224,166.0,36.0,0.08275862068965517,0.9356321839080459,0.06436781609195408,142.0,0.0,0.0,0.0,0.0,0.0,0.0,142.0,0.0,32,3.4965075614664802,1
RC_inst231001.rcp,30.0,4.0,4.333333333333333,3.123388473365994,130.0,64.0,0.1471264367816092,0.3310344827586207,0.6689655172413793,28.0,0.5,2.1597744360902253,1.765018013784461,214.0,0.7353951890034365,61.0,108.0,47.0,79583,11.28456834660313,0
RC_inst232001.rcp,30.0,4.0,5.266666666666667,2.55516905289824,158.0,49.0,0.11264367816091954,0.8804597701149425,0.11954022988505753,81.0,0.5,0.8179012345679012,0.771825738092508,38.0,0.7307692307692305,67.0,134.0,53.0,82521,11.320820203440203,0
RC_inst233001.rcp,30.0,4.0,5.533333333333333,2.8836705005176224,166.0,36.0,0.08275862068965517,0.9356321839080459,0.06436781609195408,142.0,0.5,0.5611564121571534,0.47186187299234006,19.0,0.6785714285714279,80.0,162.0,20.0,440,6.089044875446846,1
RC_inst234001.rcp,30.0,4.0,4.333333333333333,3.123388473365994,130.0,64.0,0.1471264367816092,0.3310344827586207,0.6689655172413793,28.0,0.5,2.380952380952381,1.8714781746031748,232.0,0.7972508591065293,67.0,92.0,25.0,77624,11.25964481923578,0
RC_inst235001.rcp,30.0,4.0,5.266666666666667,2.55516905289824,158.0,49.0,0.11264367816091954,0.8804597701149425,0.11954022988505753,81.0,0.5,0.8309591642924976,0.7803220955998733,44.0,0.8461538461538458,68.0,150.0,69.0,99123,11.504126870613879,0
RC_inst236001.rcp,30.0,4.0,5.533333333333333,2.8836705005176224,166.0,36.0,0.08275862068965517,0.9356321839080459,0.06436781609195408,142.0,0.5,0.5043336944745396,0.4611481046340202,24.0,0.8571428571428564,72.0,166.0,24.0,2895,7.971085753505607,1
RC_inst237001.rcp,30.0,4.0,4.333333333333333,3.123388473365994,130.0,64.0,0.1471264367816092,0.3310344827586207,0.6689655172413793,28.0,0.5,2.4523809523809526,1.7794270833333332,228.0,0.7835051546391752,69.0,97.0,28.0,71089,11.17170195892353,0
RC_inst238001.rcp,30.0,4.0,5.266666666666667,2.55516905289824,158.0,49.0,0.11264367816091954,0.8804597701149425,0.11954022988505753,81.0,0.5,0.8627450980392157,0.7704241995693664,40.0,0.7692307692307689,70.0,144.0,63.0,72933,11.197310201587902,0
RC_inst239001.rcp,30.0,4.0,5.533333333333333,2.8836705005176224,166.0,36.0,0.08275862068965517,0.9356321839080459,0.06436781609195408,142.0,0.5,0.519644180874722,0.4930385280644731,21.0,0.7499999999999993,74.0,165.0,23.0,468,6.150602768446279,1
RC_inst240001.rcp,30.0,4.0,4.333333333333333,3.123388473365994,130.0,64.0,0.1471264367816092,0.3310344827586207,0.6689655172413793,28.0,0.5,2.2,2.063221153846154,236.0,0.8109965635738832,62.0,85.0,23.0,61293,11.023437237851594,0
RC_inst24001.rcp,30.0,4.0,4.333333333333333,3.123388473365994,130.0,64.0,0.1471264367816092,0.3310344827586207,0.6689655172413793,28.0,0.5,0.2892857142857143,0.2567176870748299,0.0,0.0,9.0,28.0,0.0,32,3.4965075614664802,1
RC_inst241001.rcp,30.0,4.0,5.266666666666667,2.55516905289824,158.0,49.0,0.11264367816091954,0.8804597701149425,0.11954022988505753,81.0,0.5,0.9636891793754538,0.8776082426409224,42.0,0.8076923076923074,79.0,142.0,61.0,95903,11.47110297011639,0
RC_inst242001.rcp,30.0,4.0,5.533333333333333,2.8836705005176224,166.0,36.0,0.08275862068965517,0.9356321839080459,0.06436781609195408,142.0,0.5,0.5910462776659959,0.5383465566124016,22.0,0.785714285714285,84.0,165.0,23.0,758,6.63200177739563,1
RC_inst243001.rcp,30.0,4.0,4.333333333333333,3.123388473365994,130.0,64.0,0.1471264367816092,0.3310344827586207,0.6689655172413793,28.0,0.5,2.3035714285714284,2.07131981580511,238.0,0.8178694158075601,65.0,109.0,44.0,65918,11.096181994565377,0
RC_inst244001.rcp,30.0,4.0,5.266666666666667,2.55516905289824,158.0,49.0,0.11264367816091954,0.8804597701149425,0.11954022988505753,81.0,0.5,0.9348422496570644,0.8916527231342046,44.0,0.8461538461538458,76.0,141.0,60.0,96484,11.477142834830456,0
RC_inst245001.rcp,30.0,4.0,5.533333333333333,2.8836705005176224,166.0,36.0,0.08275862068965517,0.9356321839080459,0.06436781609195408,142.0,0.5,0.5671722643553629,0.5233685035621656,23.0,0.8214285714285707,81.0,157.0,15.0,2831,7.94873845481361,1
RC_inst246001.rcp,30.0,4.0,4.333333333333333,3.123388473365994,130.0,64.0,0.1471264367816092,0.3310344827586207,0.6689655172413793,28.0,0.5,2.314732142857143,2.0340783348595846,227.0,0.7800687285223368,65.0,85.0,20.0,64801,11.079091746061607,0
RC_inst247001.rcp,30.0,4.0,5.266666666666667,2.55516905289824,158.0,49.0,0.11264367816091954,0.8804597701149425,0.11954022988505753,81.0,0.5,0.9176954732510288,0.896138084863575,38.0,0.7307692307692305,75.0,139.0,58.0,34666,10.453543504793787,1
RC_inst248001.rcp,30.0,4.0,5.533333333333333,2.8836705005176224,166.0,36.0,0.08275862068965517,0.9356321839080459,0.06436781609195408,142.0,0.5,0.5812567713976164,0.5263294510653665,20.0,0.7142857142857136,83.0,156.0,14.0,992,6.900730664045173,1
RC_inst249001.rcp,30.0,4.0,4.333333333333333,3.123388473365994,130.0,64.0,0.1471264367816092,0.3310344827586207,0.6689655172413793,28.0,0.5,2.6785714285714284,2.119678932178932,239.0,0.8213058419243986,75.0,96.0,21.0,65780,11.094086321816611,0
RC_inst250001.rcp,30.0,4.0,5.266666666666667,2.55516905289824,158.0,49.0,0.11264367816091954,0.8804597701149425,0.11954022988505753,81.0,0.5,0.9493827160493827,0.8968621399176956,39.0,0.7499999999999997,77.0,148.0,67.0,78199,11.267024926533402,0
RC_inst25001.rcp,30.0,0.0,5.266666666666667,2.55516905289824,158.0,49.0,0.11264367816091954,0.8804597701149425,0.11954022988505753,81.0,0.0,0.0,0.0,0.0,0.0,0.0,81.0,0.0,32,3.4965075614664802,1
RC_inst251001.rcp,30.0,4.0,5.533333333333333,2.8836705005176224,166.0,36.0,0.08275862068965517,0.9356321839080459,0.06436781609195408,142.0,0.5,0.6056338028169014,0.5195881169369156,21.0,0.7499999999999993,86.0,159.0,17.0,779,6.659293919683638,1
RC_inst252001.rcp,30.0,4.0,4.333333333333333,3.123388473365994,130.0,64.0,0.1471264367816092,0.3310344827586207,0.6689655172413793,28.0,0.5,2.6020408163265305,2.037091086434574,238.0,0.8178694158075601,73.0,110.0,37.0,74545,11.219171663488467,0
RC_inst253001.rcp,30.0,4.0,5.266666666666667,2.55516905289824,158.0,49.0,0.11264367816091954,0.8804597701149425,0.11954022988505753,81.0,0.5,0.9325102880658436,0.8528481698072341,43.0,0.8269230769230765,76.0,146.0,65.0,75124,11.226908671837508,0
RC_inst254001.rcp,30.0,4.0,5.533333333333333,2.8836705005176224,166.0,36.0,0.08275862068965517,0.9356321839080459,0.06436781609195408,142.0,0.5,0.6273022751895991,0.5390451684465769,24.0,0.8571428571428564,90.0,166.0,24.0,5171,8.551014739891748,1
RC_inst255001.rcp,30.0,4.0,4.333333333333333,3.123388473365994,130.0,64.0,0.1471264367816092,0.3310344827586207,0.6689655172413793,28.0,0.5,2.774436090225564,2.104718225853094,234.0,0.8041237113402062,78.0,102.0,24.0,69335,11.146719530814181,0
RC_inst256001.rcp,30.0,4.0,5.266666666666667,2.55516905289824,158.0,49.0,0.11264367816091954,0.8804597701149425,0.11954022988505753,81.0,0.5,1.0457516339869282,0.893745461147422,41.0,0.7884615384615381,85.0,130.0,45.0,87799,11.382816779623209,0
RC_inst257001.rcp,30.0,4.0,5.533333333333333,2.8836705005176224,166.0,36.0,0.08275862068965517,0.9356321839080459,0.06436781609195408,142.0,0.5,0.5644637053087758,0.5281599855543517,23.0,0.8214285714285707,81.0,154.0,12.0,1777,7.48324441607385,1
RC_inst258001.rcp,30.0,4.0,4.333333333333333,3.123388473365994,130.0,64.0,0.1471264367816092,0.3310344827586207,0.6689655172413793,28.0,0.5,2.2694805194805197,2.085760506854257,241.0,0.8281786941580757,64.0,96.0,32.0,66524,11.10533309584589,0
RC_inst259001.rcp,30.0,4.0,5.266666666666667,2.55516905289824,158.0,49.0,0.11264367816091954,0.8804597701149425,0.11954022988505753,81.0,0.5,0.9811565951916829,0.8574933669049166,50.0,0.9615384615384611,80.0,155.0,74.0,91294,11.421851300570834,0
RC_inst260001.rcp,30.0,4.0,5.533333333333333,2.8836705005176224,166.0,36.0,0.08275862068965517,0.9356321839080459,0.06436781609195408,142.0,0.5,0.6197183098591549,0.538698791941935,23.0,0.8214285714285707,88.0,165.0,23.0,491,6.198478716492308,1
RC_inst26001.rcp,30.0,1.0,5.533333333333333,2.8836705005176224,166.0,36.0,0.08275862068965517,0.9356321839080459,0.06436781609195408,142.0,0.5,0.04014084507042254,0.04014084507042254,0.0,0.0,6.0,142.0,0.0,32,3.4965075614664802,1
RC_inst261001.rcp,30.0,4.0,4.333333333333333,3.123388473365994,130.0,64.0,0.1471264367816092,0.3310344827586207,0.6689655172413793,28.0,0.5,2.5142857142857142,2.1067423844537814,249.0,0.8556701030927835,71.0,106.0,35.0,79663,11.285573068881964,0
RC_inst262001.rcp,30.0,4.0,5.266666666666667,2.55516905289824,158.0,49.0,0.11264367816091954,0.8804597701149425,0.11954022988505753,81.0,0.5,0.9344729344729344,0.8774368207238578,44.0,0.8461538461538458,76.0,150.0,69.0,92803,11.43824502129364,0
RC_inst263001.rcp,30.0,4.0,5.533333333333333,2.8836705005176224,166.0,36.0,0.08275862068965517,0.9356321839080459,0.06436781609195408,142.0,0.5,0.5858274647887324,0.5208039906103287,25.0,0.892857142857142,84.0,166.0,24.0,2019,7.61085279039525,1
RC_inst264001.rcp,30.0,4.0,4.333333333333333,3.123388473365994,130.0,64.0,0.1471264367816092,0.3310344827586207,0.6689655172413793,28.0,0.5,2.2518796992481205,2.0369707751521657,239.0,0.8213058419243986,64.0,100.0,36.0,73605,11.206481823133382,0
RC_inst265001.rcp,30.0,4.0,5.266666666666667,2.55516905289824,158.0,49.0,0.11264367816091954,0.8804597701149425,0.11954022988505753,81.0,0.5,1.0,0.8796840958605664,43.0,0.8269230769230765,81.0,149.0,68.0,77350,11.256108784165866,0
RC_inst266001.rcp,30.0,4.0,5.533333333333333,2.8836705005176224,166.0,36.0,0.08275862068965517,0.9356321839080459,0.06436781609195408,142.0,0.5,0.5488815244407622,0.5315309414418776,24.0,0.8571428571428564,78.0,162.0,20.0,2118,7.6586995582682995,1
RC_inst267001.rcp,30.0,4.0,4.333333333333333,3.123388473365994,130.0,64.0,0.1471264367816092,0.3310344827586207,0.6689655172413793,28.0,0.5,2.38265306122449,2.124246289424861,231.0,0.7938144329896907,67.0,92.0,25.0,63434,11.057771038574698,0
RC_inst268001.rcp,30.0,4.0,5.266666666666667,2.55516905289824,158.0,49.0,0.11264367816091954,0.8804597701149425,0.11954022988505753,81.0,0.5,0.9617283950617284,0.8763705497193629,42.0,0.8076923076923074,78.0,137.0,56.0,87842,11.383306409165622,0
RC_inst269001.rcp,30.0,4.0,5.533333333333333,2.8836705005176224,166.0,36.0,0.08275862068965517,0.9356321839080459,0.06436781609195408,142.0,0.5,0.562206572769953,0.5164189795636565,22.0,0.785714285714285,80.0,165.0,23.0,2827,7.947325027016463,1
RC_inst270001.rcp,30.0,4.0,4.333333333333333,3.123388473365994,130.0,64.0,0.1471264367816092,0.3310344827586207,0.6689655172413793,28.0,1.0,0.548469387755102,0.5005177070828332,0.0,0.0,16.0,29.0,1.0,32,3.4965075614664802,1
RC_inst27001.rcp,30.0,4.0,4.333333333333333,3.123388473365994,130.0,64.0,0.1471264367816092,0.3310344827586207,0.6689655172413793,28.0,0.5,0.2967032967032967,0.2464620083863505,0.0,0.0,9.0,28.0,0.0,32,3.4965075614664802,1
RC_inst271001.rcp,30.0,1.0,5.266666666666667,2.55516905289824,158.0,49.0,0.11264367816091954,0.8804597701149425,0.11954022988505753,81.0,1.0,0.1867283950617284,0.1867283950617284,0.0,0.0,16.0,81.0,0.0,32,3.4965075614664802,1
RC_inst272001.rcp,30.0,4.0,5.533333333333333,2.8836705005176224,166.0,36.0,0.08275862068965517,0.9356321839080459,0.06436781609195408,142.0,1.0,0.1352112676056338,0.12314059797380776,0.0,0.0,20.0,142.0,0.0,32,3.4965075614664802,1
RC_inst273001.rcp,30.0,4.0,4.333333333333333,3.123388473365994,130.0,64.0,0.1471264367816092,0.3310344827586207,0.6689655172413793,28.0,1.0,0.5525210084033614,0.4917979691876751,0.0,0.0,16.0,28.0,0.0,32,3.4965075614664802,1
RC_inst274001.rcp,30.0,2.0,5.266666666666667,2.55516905289824,158.0,49.0,0.11264367816091954,0.8804597701149425,0.11954022988505753,81.0,1.0,0.2120551924473493,0.20526786213060721,0.0,0.0,18.0,81.0,0.0,32,3.4965075614664802,1
RC_inst275001.rcp,30.0,3.0,5.533333333333333,2.8836705005176224,166.0,36.0,0.08275862068965517,0.9356321839080459,0.06436781609195408,142.0,1.0,0.12374245472837023,0.1178231002174664,0.0,0.0,18.0,142.0,0.0,32,3.4965075614664802,1
RC_inst276001.rcp,30.0,4.0,4.333333333333333,3.123388473365994,130.0,64.0,0.1471264367816092,0.3310344827586207,0.6689655172413793,28.0,1.0,0.5200892857142857,0.4749898538961039,0.0,0.0,15.0,28.0,0.0,32,3.4965075614664802,1
RC_inst277001.rcp,30.0,1.0,5.266666666666667,2.55516905289824,158.0,49.0,0.11264367816091954,0.8804597701149425,0.11954022988505753,81.0,1.0,0.18342151675485008,0.18342151675485008,0.0,0.0,15.0,81.0,0.0,32,3.4965075614664802,1
RC_inst278001.rcp,30.0,3.0,5.533333333333333,2.8836705005176224,166.0,36.0,0.08275862068965517,0.9356321839080459,0.06436781609195408,142.0,1.0,0.14333057166528584,0.12248034128403029,0.0,0.0,21.0,142.0,0.0,32,3.4965075614664802,1
RC_inst279001.rcp,30.0,4.0,4.333333333333333,3.123388473365994,130.0,64.0,0.1471264367816092,0.3310344827586207,0.6689655172413793,28.0,1.0,0.45454545454545453,0.4079548923298923,0.0,0.0,13.0,28.0,0.0,32,3.4965075614664802,1
RC_inst280001.rcp,30.0,0.0,5.266666666666667,2.55516905289824,158.0,49.0,0.11264367816091954,0.8804597701149425,0.11954022988505753,81.0,0.0,0.0,0.0,0.0,0.0,0.0,81.0,0.0,32,3.4965075614664802,1
RC_inst28001.rcp,30.0,0.0,5.266666666666667,2.55516905289824,158.0,49.0,0.11264367816091954,0.8804597701149425,0.11954022988505753,81.0,0.0,0.0,0.0,0.0,0.0,0.0,81.0,0.0,32,3.4965075614664802,1
RC_inst281001.rcp,30.0,4.0,5.533333333333333,2.8836705005176224,166.0,36.0,0.08275862068965517,0.9356321839080459,0.06436781609195408,142.0,1.0,0.13001083423618634,0.11997491018988425,0.0,0.0,19.0,142.0,0.0,32,3.4965075614664802,1
RC_inst282001.rcp,30.0,4.0,4.333333333333333,3.123388473365994,130.0,64.0,0.1471264367816092,0.3310344827586207,0.6689655172413793,28.0,1.0,0.5803571428571429,0.4931109943977592,2.0,0.006872852233676976,17.0,29.0,1.0,30397,10.322132095756407,0
RC_inst283001.rcp,30.0,3.0,5.266666666666667,2.55516905289824,158.0,49.0,0.11264367816091954,0.8804597701149425,0.11954022988505753,81.0,1.0,0.21099887766554434,0.18683882082574896,0.0,0.0,18.0,81.0,0.0,32,3.4965075614664802,1
RC_inst284001.rcp,30.0,4.0,5.533333333333333,2.8836705005176224,166.0,36.0,0.08275862068965517,0.9356321839080459,0.06436781609195408,142.0,1.0,0.1278169014084507,0.12050962190253822,0.0,0.0,19.0,142.0,0.0,32,3.4965075614664802,1
RC_inst285001.rcp,30.0,4.0,4.333333333333333,3.123388473365994,130.0,64.0,0.1471264367816092,0.3310344827586207,0.6689655172413793,28.0,1.0,0.5595238095238095,0.49684106098579783,0.0,0.0,16.0,34.0,6.0,30478,10.324793200863425,0
RC_inst286001.rcp,30.0,1.0,5.266666666666667,2.55516905289824,158.0,49.0,0.11264367816091954,0.8804597701149425,0.11954022988505753,81.0,1.0,0.1882716049382716,0.1882716049382716,0.0,0.0,16.0,81.0,0.0,32,3.4965075614664802,1
RC_inst287001.rcp,30.0,4.0,5.533333333333333,2.8836705005176224,166.0,36.0,0.08275862068965517,0.9356321839080459,0.06436781609195408,142.0,1.0,0.13463131731565867,0.1259834419010061,1.0,0.035714285714285685,20.0,142.0,0.0,32,3.4965075614664802,1
RC_inst288001.rcp,30.0,4.0,4.333333333333333,3.123388473365994,130.0,64.0,0.1471264367816092,0.3310344827586207,0.6689655172413793,28.0,1.0,0.6334586466165414,0.5567649592731829,0.0,0.0,18.0,31.0,3.0,37687,10.537097020379877,0
RC_inst289001.rcp,30.0,2.0,5.266666666666667,2.55516905289824,158.0,49.0,0.11264367816091954,0.8804597701149425,0.11954022988505753,81.0,1.0,0.22777777777777777,0.2229423868312757,0.0,0.0,19.0,81.0,0.0,32,3.4965075614664802,1
RC_inst290001.rcp,30.0,4.0,5.533333333333333,2.8836705005176224,166.0,36.0,0.08275862068965517,0.9356321839080459,0.06436781609195408,142.0,1.0,0.1298904538341158,0.11816384417616811,0.0,0.0,19.0,142.0,0.0,32,3.4965075614664802,1
RC_inst29001.rcp,30.0,0.0,5.533333333333333,2.8836705005176224,166.0,36.0,0.08275862068965517,0.9356321839080459,0.06436781609195408,142.0,0.0,0.0,0.0,0.0,0.0,0.0,142.0,0.0,32,3.4965075614664802,1
RC_inst291001.rcp,30.0,4.0,4.333333333333333,3.123388473365994,130.0,64.0,0.1471264367816092,0.3310344827586207,0.6689655172413793,28.0,1.0,0.5714285714285714,0.5178718602825746,0.0,0.0,16.0,28.0,0.0,32,3.4965075614664802,1
RC_inst292001.rcp,30.0,0.0,5.266666666666667,2.55516905289824,158.0,49.0,0.11264367816091954,0.8804597701149425,0.11954022988505753,81.0,0.0,0.0,0.0,0.0,0.0,0.0,81.0,0.0,32,3.4965075614664802,1
RC_inst293001.rcp,30.0,4.0,5.533333333333333,2.8836705005176224,166.0,36.0,0.08275862068965517,0.9356321839080459,0.06436781609195408,142.0,1.0,0.12323943661971831,0.11464468629961587,0.0,0.0,18.0,142.0,0.0,32,3.4965075614664802,1
RC_inst294001.rcp,30.0,4.0,4.333333333333333,3.123388473365994,130.0,64.0,0.1471264367816092,0.3310344827586207,0.6689655172413793,28.0,1.0,0.5178571428571429,0.44732142857142854,0.0,0.0,15.0,28.0,0.0,32,3.4965075614664802,1
RC_inst295001.rcp,30.0,1.0,5.266666666666667,2.55516905289824,158.0,49.0,0.11264367816091954,0.8804597701149425,0.11954022988505753,81.0,1.0,0.20727745289148797,0.20727745289148797,0.0,0.0,17.0,81.0,0.0,32,3.4965075614664802,1
RC_inst296001.rcp,30.0,4.0,5.533333333333333,2.8836705005176224,166.0,36.0,0.08275862068965517,0.9356321839080459,0.06436781609195408,142.0,1.0,0.10845070422535211,0.10616295814100288,0.0,0.0,16.0,142.0,0.0,32,3.4965075614664802,1
RC_inst297001.rcp,30.0,4.0,4.333333333333333,3.123388473365994,130.0,64.0,0.1471264367816092,0.3310344827586207,0.6689655172413793,28.0,1.0,0.5063025210084033,0.4677234530175707,0.0,0.0,15.0,30.0,2.0,32,3.4965075614664802,1
RC_inst298001.rcp,30.0,1.0,5.266666666666667,2.55516905289824,158.0,49.0,0.11264367816091954,0.8804597701149425,0.11954022988505753,81.0,1.0,0.19444444444444445,0.19444444444444445,0.0,0.0,16.0,81.0,0.0,32,3.4965075614664802,1
RC_inst299001.rcp,30.0,2.0,5.533333333333333,2.8836705005176224,166.0,36.0,0.08275862068965517,0.9356321839080459,0.06436781609195408,142.0,1.0,0.12441314553990611,0.11630388390951771,0.0,0.0,18.0,142.0,0.0,32,3.4965075614664802,1
RC_inst300001.rcp,30.0,4.0,4.333333333333333,3.123388473365994,130.0,64.0,0.1471264367816092,0.3310344827586207,0.6689655172413793,28.0,1.0,1.0785714285714285,0.925588474025974,45.0,0.15463917525773196,31.0,47.0,16.0,39638,10.587568761082327,0
RC_inst30001.rcp,30.0,4.0,4.333333333333333,3.123388473365994,130.0,64.0,0.1471264367816092,0.3310344827586207,0.6689655172413793,28.0,0.5,0.5753968253968254,0.4227084638680033,5.0,0.01718213058419244,17.0,30.0,2.0,32,3.4965075614664802,1
RC_inst3001.rcp,30.0,4.0,4.333333333333333,3.123388473365994,130.0,64.0,0.1471264367816092,0.3310344827586207,0.6689655172413793,28.0,0.5,0.32857142857142857,0.2487152553329024,0.0,0.0,10.0,28.0,0.0,32,3.4965075614664802,1
RC_inst301001.rcp,30.0,4.0,5.266666666666667,2.55516905289824,158.0,49.0,0.11264367816091954,0.8804597701149425,0.11954022988505753,81.0,1.0,0.41181657848324515,0.38750229786521495,5.0,0.09615384615384612,34.0,94.0,13.0,134,4.90527477843843,1
RC_inst302001.rcp,30.0,4.0,5.533333333333333,2.8836705005176224,166.0,36.0,0.08275862068965517,0.9356321839080459,0.06436781609195408,142.0,1.0,0.23641851106639838,0.21460725135124475,4.0,0.14285714285714274,34.0,147.0,5.0,32,3.4965075614664802,1
RC_inst303001.rcp,30.0,4.0,4.333333333333333,3.123388473365994,130.0,64.0,0.1471264367816092,0.3310344827586207,0.6689655172413793,28.0,1.0,1.042857142857143,0.9502747252747253,26.0,0.08934707903780069,30.0,48.0,18.0,37490,10.531856183153893,0
RC_inst304001.rcp,30.0,4.0,5.266666666666667,2.55516905289824,158.0,49.0,0.11264367816091954,0.8804597701149425,0.11954022988505753,81.0,1.0,0.41975308641975306,0.40167103130066095,4.0,0.07692307692307689,34.0,93.0,12.0,146,4.990432586778736,1
RC_inst305001.rcp,30.0,4.0,5.533333333333333,2.8836705005176224,166.0,36.0,0.08275862068965517,0.9356321839080459,0.06436781609195408,142.0,1.0,0.25308098591549294,0.24128300003369496,1.0,0.035714285714285685,36.0,145.0,3.0,71,4.276666119016055,1
RC_inst306001.rcp,30.0,4.0,4.333333333333333,3.123388473365994,130.0,64.0,0.1471264367816092,0.3310344827586207,0.6689655172413793,28.0,1.0,1.094387755102041,0.9358985260770976,40.0,0.13745704467353953,31.0,54.0,23.0,46269,10.742249081901045,0
RC_inst307001.rcp,30.0,4.0,5.266666666666667,2.55516905289824,158.0,49.0,0.11264367816091954,0.8804597701149425,0.11954022988505753,81.0,1.0,0.4049382716049383,0.3817630495993069,3.0,0.05769230769230767,33.0,81.0,0.0,32,3.4965075614664802,1
RC_inst308001.rcp,30.0,4.0,5.533333333333333,2.8836705005176224,166.0,36.0,0.08275862068965517,0.9356321839080459,0.06436781609195408,142.0,1.0,0.2615023474178404,0.2396420187793427,2.0,0.07142857142857137,38.0,143.0,1.0,32,3.4965075614664802,1
RC_inst309001.rcp,30.0,4.0,4.333333333333333,3.123388473365994,130.0,64.0,0.1471264367816092,0.3310344827586207,0.6689655172413793,28.0,1.0,1.0604395604395604,0.9350737089707678,24.0,0.08247422680412371,30.0,49.0,19.0,41533,10.634267647902924,0
RC_inst310001.rcp,30.0,4.0,5.266666666666667,2.55516905289824,158.0,49.0,0.11264367816091954,0.8804597701149425,0.11954022988505753,81.0,1.0,0.4311490978157645,0.3914428663203173,5.0,0.09615384615384612,35.0,94.0,13.0,172,5.153291594497779,1
RC_inst31001.rcp,30.0,2.0,5.266666666666667,2.55516905289824,158.0,49.0,0.11264367816091954,0.8804597701149425,0.11954022988505753,81.0,0.5,0.1845679012345679,0.1787037037037037,1.0,0.01923076923076922,15.0,82.0,1.0,32,3.4965075614664802,1
RC_inst311001.rcp,30.0,4.0,5.533333333333333,2.8836705005176224,166.0,36.0,0.08275862068965517,0.9356321839080459,0.06436781609195408,142.0,1.0,0.2605633802816901,0.24322258336342845,2.0,0.07142857142857137,37.0,142.0,0.0,32,3.4965075614664802,1
RC_inst312001.rcp,30.0,4.0,4.333333333333333,3.123388473365994,130.0,64.0,0.1471264367816092,0.3310344827586207,0.6689655172413793,28.0,1.0,1.0376984126984128,0.9556154658833231,19.0,0.06529209621993128,30.0,54.0,24.0,38671,10.562871102943264,0
RC_inst313001.rcp,30.0,4.0,5.266666666666667,2.55516905289824,158.0,49.0,0.11264367816091954,0.8804597701149425,0.11954022988505753,81.0,1.0,0.4118967452300786,0.3758136924803592,10.0,0.19230769230769224,34.0,91.0,10.0,102,4.634728988229636,1
RC_inst314001.rcp,30.0,4.0,5.533333333333333,2.8836705005176224,166.0,36.0,0.08275862068965517,0.9356321839080459,0.06436781609195408,142.0,1.0,0.26458752515090544,0.2447850981487008,2.0,0.07142857142857137,38.0,143.0,1.0,32,3.4965075614664802,1
RC_inst315001.rcp,30.0,4.0,4.333333333333333,3.123388473365994,130.0,64.0,0.1471264367816092,0.3310344827586207,0.6689655172413793,28.0,1.0,1.1964285714285714,1.0660958462332302,27.0,0.09278350515463918,34.0,51.0,17.0,53128,10.880478197509905,0
RC_inst316001.rcp,30.0,4.0,5.266666666666667,2.55516905289824,158.0,49.0,0.11264367816091954,0.8804597701149425,0.11954022988505753,81.0,1.0,0.39281705948372614,0.38226583188456825,5.0,0.09615384615384612,32.0,89.0,8.0,134,4.90527477843843,1
RC_inst317001.rcp,30.0,4.0,5.533333333333333,2.8836705005176224,166.0,36.0,0.08275862068965517,0.9356321839080459,0.06436781609195408,142.0,1.0,0.27133388566694283,0.2330676013990588,3.0,0.10714285714285705,39.0,146.0,4.0,128,4.859812404361672,1
RC_inst318001.rcp,30.0,4.0,4.333333333333333,3.123388473365994,130.0,64.0,0.1471264367816092,0.3310344827586207,0.6689655172413793,28.0,1.0,1.0178571428571428,0.9563988095238095,25.0,0.0859106529209622,29.0,45.0,16.0,48032,10.779643553670164,0
RC_inst319001.rcp,30.0,4.0,5.266666666666667,2.55516905289824,158.0,49.0,0.11264367816091954,0.8804597701149425,0.11954022988505753,81.0,1.0,0.4021164021164021,0.3820148687046835,5.0,0.09615384615384612,33.0,91.0,10.0,41,3.7376696182833684,1
RC_inst320001.rcp,30.0,4.0,5.533333333333333,2.8836705005176224,166.0,36.0,0.08275862068965517,0.9356321839080459,0.06436781609195408,142.0,1.0,0.26156941649899396,0.24541303766655878,1.0,0.035714285714285685,38.0,147.0,5.0,32,3.4965075614664802,1
RC_inst32001.rcp,30.0,3.0,5.533333333333333,2.8836705005176224,166.0,36.0,0.08275862068965517,0.9356321839080459,0.06436781609195408,142.0,0.5,0.1256771397616468,0.1090872156013001,1.0,0.035714285714285685,18.0,142.0,0.0,32,3.4965075614664802,1
RC_inst321001.rcp,30.0,4.0,4.333333333333333,3.123388473365994,130.0,64.0,0.1471264367816092,0.3310344827586207,0.6689655172413793,28.0,1.0,1.0386904761904763,0.9188820264948084,32.0,0.10996563573883161,30.0,49.0,19.0,41413,10.63137426689997,0
RC_inst322001.rcp,30.0,4.0,5.266666666666667,2.55516905289824,158.0,49.0,0.11264367816091954,0.8804597701149425,0.11954022988505753,81.0,1.0,0.4353909465020576,0.39029531425364755,3.0,0.05769230769230767,36.0,89.0,8.0,233,5.455321115357702,1
RC_inst323001.rcp,30.0,4.0,5.533333333333333,2.8836705005176224,166.0,36.0,0.08275862068965517,0.9356321839080459,0.06436781609195408,142.0,1.0,0.2630784708249497,0.23961415552136345,1.0,0.035714285714285685,38.0,145.0,3.0,71,4.276666119016055,1
RC_inst324001.rcp,30.0,4.0,4.333333333333333,3.123388473365994,130.0,64.0,0.1471264367816092,0.3310344827586207,0.6689655172413793,28.0,1.0,1.0294117647058822,0.9126865877930119,43.0,0.14776632302405499,29.0,52.0,23.0,38994,10.571188711764599,0
RC_inst325001.rcp,30.0,4.0,5.266666666666667,2.55516905289824,158.0,49.0,0.11264367816091954,0.8804597701149425,0.11954022988505753,81.0,1.0,0.42386831275720166,0.4043981481481481,3.0,0.05769230769230767,35.0,94.0,13.0,502,6.220590170099739,1
RC_inst326001.rcp,30.0,4.0,5.533333333333333,2.8836705005176224,166.0,36.0,0.08275862068965517,0.9356321839080459,0.06436781609195408,142.0,1.0,0.2407170294494238,0.23203274671955176,0.0,0.0,35.0,142.0,0.0,32,3.4965075614664802,1
RC_inst327001.rcp,30.0,4.0,4.333333333333333,3.123388473365994,130.0,64.0,0.1471264367816092,0.3310344827586207,0.6689655172413793,28.0,1.0,1.0192307692307692,0.9236692994505494,5.0,0.01718213058419244,29.0,45.0,16.0,46900,10.75579427616868,0
RC_inst328001.rcp,30.0,4.0,5.266666666666667,2.55516905289824,158.0,49.0,0.11264367816091954,0.8804597701149425,0.11954022988505753,81.0,1.0,0.4400352733686067,0.386803178061348,8.0,0.15384615384615377,36.0,99.0,18.0,311,5.7430031878094825,1
RC_inst329001.rcp,30.0,4.0,5.533333333333333,2.8836705005176224,166.0,36.0,0.08275862068965517,0.9356321839080459,0.06436781609195408,142.0,1.0,0.2412898443291327,0.22784161106992834,1.0,0.035714285714285685,35.0,143.0,1.0,32,3.4965075614664802,1
RC_inst330001.rcp,30.0,4.0,4.333333333333333,3.123388473365994,130.0,64.0,0.1471264367816092,0.3310344827586207,0.6689655172413793,28.0,1.0,1.5238095238095237,1.347829131652661,134.0,0.46048109965635736,43.0,66.0,23.0,51191,10.843338548819297,0
RC_inst33001.rcp,30.0,4.0,4.333333333333333,3.123388473365994,130.0,64.0,0.1471264367816092,0.3310344827586207,0.6689655172413793,28.0,0.5,0.6642857142857143,0.4774913912933594,2.0,0.006872852233676976,19.0,35.0,7.0,27258,10.21313902079189,0
RC_inst331001.rcp,30.0,4.0,5.266666666666667,2.55516905289824,158.0,49.0,0.11264367816091954,0.8804597701149425,0.11954022988505753,81.0,1.0,0.6296296296296297,0.5805274971941639,26.0,0.4999999999999998,51.0,125.0,44.0,23573,10.067899688786515,1
RC_inst332001.rcp,30.0,4.0,5.533333333333333,2.8836705005176224,166.0,36.0,0.08275862068965517,0.9356321839080459,0.06436781609195408,142.0,1.0,0.3955399061032864,0.37560238884286107,17.0,0.6071428571428567,57.0,150.0,8.0,122,4.812184355372417,1
RC_inst333001.rcp,30.0,4.0,4.333333333333333,3.123388473365994,130.0,64.0,0.1471264367816092,0.3310344827586207,0.6689655172413793,28.0,1.0,1.6623376623376624,1.4519614157772054,103.0,0.3539518900343643,47.0,67.0,20.0,53831,10.893623364868153,0
RC_inst334001.rcp,30.0,4.0,5.266666666666667,2.55516905289824,158.0,49.0,0.11264367816091954,0.8804597701149425,0.11954022988505753,81.0,1.0,0.6378600823045267,0.5937341827864704,26.0,0.4999999999999998,52.0,106.0,25.0,4502,8.412499120301572,1
RC_inst335001.rcp,30.0,4.0,5.533333333333333,2.8836705005176224,166.0,36.0,0.08275862068965517,0.9356321839080459,0.06436781609195408,142.0,1.0,0.36555697823303457,0.32866517285531366,12.0,0.4285714285714282,52.0,157.0,15.0,825,6.716594773520978,1
RC_inst336001.rcp,30.0,4.0,4.333333333333333,3.123388473365994,130.0,64.0,0.1471264367816092,0.3310344827586207,0.6689655172413793,28.0,1.0,1.3357142857142856,1.2569235588972432,114.0,0.3917525773195876,38.0,63.0,25.0,47039,10.758753582572508,0
RC_inst337001.rcp,30.0,4.0,5.266666666666667,2.55516905289824,158.0,49.0,0.11264367816091954,0.8804597701149425,0.11954022988505753,81.0,1.0,0.6954732510288066,0.6028365667254556,24.0,0.46153846153846134,57.0,114.0,33.0,15170,9.627140989748092,1
RC_inst338001.rcp,30.0,4.0,5.533333333333333,2.8836705005176224,166.0,36.0,0.08275862068965517,0.9356321839080459,0.06436781609195408,142.0,1.0,0.392018779342723,0.36456073039544457,7.0,0.24999999999999978,56.0,156.0,14.0,95,4.564348191467836,1
RC_inst339001.rcp,30.0,4.0,4.333333333333333,3.123388473365994,130.0,64.0,0.1471264367816092,0.3310344827586207,0.6689655172413793,28.0,1.0,1.6004464285714286,1.4035342261904762,118.0,0.4054982817869416,45.0,69.0,24.0,55331,10.921106681994706,0
RC_inst340001.rcp,30.0,4.0,5.266666666666667,2.55516905289824,158.0,49.0,0.11264367816091954,0.8804597701149425,0.11954022988505753,81.0,1.0,0.6444444444444445,0.584180745072558,24.0,0.46153846153846134,53.0,122.0,41.0,46668,10.750835411673373,1
RC_inst34001.rcp,30.0,4.0,5.266666666666667,2.55516905289824,158.0,49.0,0.11264367816091954,0.8804597701149425,0.11954022988505753,81.0,0.5,0.27550357374918777,0.19390993483163244,1.0,0.01923076923076922,23.0,86.0,5.0,346,5.849324779946859,1
RC_inst341001.rcp,30.0,4.0,5.533333333333333,2.8836705005176224,166.0,36.0,0.08275862068965517,0.9356321839080459,0.06436781609195408,142.0,1.0,0.42920681986656783,0.3763077869128647,11.0,0.3928571428571425,61.0,153.0,11.0,264,5.579729825986222,1
RC_inst342001.rcp,30.0,4.0,4.333333333333333,3.123388473365994,130.0,64.0,0.1471264367816092,0.3310344827586207,0.6689655172413793,28.0,1.0,1.6071428571428572,1.5031737695078031,107.0,0.36769759450171824,45.0,77.0,32.0,55359,10.92161259029155,0
RC_inst343001.rcp,30.0,4.0,5.266666666666667,2.55516905289824,158.0,49.0,0.11264367816091954,0.8804597701149425,0.11954022988505753,81.0,1.0,0.6305114638447972,0.5664679316604267,26.0,0.4999999999999998,52.0,116.0,35.0,45755,10.731078209645563,1
RC_inst344001.rcp,30.0,4.0,5.533333333333333,2.8836705005176224,166.0,36.0,0.08275862068965517,0.9356321839080459,0.06436781609195408,142.0,1.0,0.37842846553002224,0.3549382001070752,8.0,0.2857142857142855,54.0,157.0,15.0,181,5.204006687076795,1
RC_inst345001.rcp,30.0,4.0,4.333333333333333,3.123388473365994,130.0,64.0,0.1471264367816092,0.3310344827586207,0.6689655172413793,28.0,1.0,1.6049107142857142,1.442719275210084,111.0,0.38144329896907214,45.0,69.0,24.0,55169,10.918174606266476,0
RC_inst346001.rcp,30.0,4.0,5.266666666666667,2.55516905289824,158.0,49.0,0.11264367816091954,0.8804597701149425,0.11954022988505753,81.0,1.0,0.6296296296296297,0.5973260921177588,25.0,0.48076923076923056,51.0,131.0,50.0,35941,10.489661807091968,1
RC_inst347001.rcp,30.0,4.0,5.533333333333333,2.8836705005176224,166.0,36.0,0.08275862068965517,0.9356321839080459,0.06436781609195408,142.0,1.0,0.37516005121638923,0.3596253023189643,12.0,0.4285714285714282,54.0,155.0,13.0,93,4.543294782270004,1
RC_inst348001.rcp,30.0,4.0,4.333333333333333,3.123388473365994,130.0,64.0,0.1471264367816092,0.3310344827586207,0.6689655172413793,28.0,1.0,1.6658163265306123,1.385585644514216,93.0,0.31958762886597936,47.0,73.0,26.0,62914,11.049539888026068,0
RC_inst349001.rcp,30.0,4.0,5.266666666666667,2.55516905289824,158.0,49.0,0.11264367816091954,0.8804597701149425,0.11954022988505753,81.0,1.0,0.6125356125356125,0.5830308131649721,18.0,0.34615384615384603,50.0,113.0,32.0,4957,8.508757712595136,1
RC_inst350001.rcp,30.0,4.0,5.533333333333333,2.8836705005176224,166.0,36.0,0.08275862068965517,0.9356321839080459,0.06436781609195408,142.0,1.0,0.3706786171574904,0.35445976630650466,7.0,0.24999999999999978,53.0,158.0,16.0,71,4.276666119016055,1
RC_inst35001.rcp,30.0,3.0,5.533333333333333,2.8836705005176224,166.0,36.0,0.08275862068965517,0.9356321839080459,0.06436781609195408,142.0,0.5000000000000001,0.1387323943661972,0.11892872385830132,0.0,0.0,20.0,142.0,0.0,32,3.4965075614664802,1
RC_inst351001.rcp,30.0,4.0,4.333333333333333,3.123388473365994,130.0,64.0,0.1471264367816092,0.3310344827586207,0.6689655172413793,28.0,1.0,1.3863636363636365,1.2688817552539358,118.0,0.4054982817869416,39.0,69.0,30.0,59281,10.990060997592481,0
RC_inst352001.rcp,30.0,4.0,5.266666666666667,2.55516905289824,158.0,49.0,0.11264367816091954,0.8804597701149425,0.11954022988505753,81.0,1.0,0.6463326071169209,0.616315662067296,27.0,0.519230769230769,53.0,114.0,33.0,12320,9.419060402624668,1
RC_inst353001.rcp,30.0,4.0,5.533333333333333,2.8836705005176224,166.0,36.0,0.08275862068965517,0.9356321839080459,0.06436781609195408,142.0,1.0,0.39140103780578206,0.3537869210879311,12.0,0.4285714285714282,56.0,158.0,16.0,304,5.720311776607412,1
RC_inst354001.rcp,30.0,4.0,4.333333333333333,3.123388473365994,130.0,64.0,0.1471264367816092,0.3310344827586207,0.6689655172413793,28.0,1.0,1.7123015873015872,1.4166248955722638,81.0,0.27835051546391754,48.0,68.0,20.0,55346,10.921377736125875,0
RC_inst355001.rcp,30.0,4.0,5.266666666666667,2.55516905289824,158.0,49.0,0.11264367816091954,0.8804597701149425,0.11954022988505753,81.0,1.0,0.5934744268077602,0.5774381868131868,25.0,0.48076923076923056,49.0,111.0,30.0,8744,9.076237387452702,1
RC_inst356001.rcp,30.0,4.0,5.533333333333333,2.8836705005176224,166.0,36.0,0.08275862068965517,0.9356321839080459,0.06436781609195408,142.0,1.0,0.4131455399061033,0.3572408811845432,9.0,0.3214285714285711,59.0,148.0,6.0,109,4.700480365792417,1
RC_inst357001.rcp,30.0,4.0,4.333333333333333,3.123388473365994,130.0,64.0,0.1471264367816092,0.3310344827586207,0.6689655172413793,28.0,1.0,1.6369047619047619,1.484296679197995,107.0,0.36769759450171824,46.0,79.0,33.0,52545,10.869444255425103,0
RC_inst358001.rcp,30.0,4.0,5.266666666666667,2.55516905289824,158.0,49.0,0.11264367816091954,0.8804597701149425,0.11954022988505753,81.0,1.0,0.6433470507544582,0.60182067589475,14.0,0.2692307692307691,53.0,117.0,36.0,9926,9.203013596589722,1
RC_inst359001.rcp,30.0,4.0,5.533333333333333,2.8836705005176224,166.0,36.0,0.08275862068965517,0.9356321839080459,0.06436781609195408,142.0,1.0,0.4195700518902891,0.35554577464788734,19.0,0.6785714285714279,60.0,157.0,15.0,171,5.147494476813453,1
RC_inst360001.rcp,30.0,4.0,4.333333333333333,3.123388473365994,130.0,64.0,0.1471264367816092,0.3310344827586207,0.6689655172413793,28.0,1.0,1.9761904761904763,1.8222016079158938,183.0,0.6288659793814433,56.0,90.0,34.0,56613,10.944011583428672,0
RC_inst36001.rcp,30.0,4.0,4.333333333333333,3.123388473365994,130.0,64.0,0.1471264367816092,0.3310344827586207,0.6689655172413793,28.0,0.5,0.512987012987013,0.4199346784168213,3.0,0.010309278350515464,15.0,29.0,1.0,87,4.477336814478207,1
RC_inst361001.rcp,30.0,4.0,5.266666666666667,2.55516905289824,158.0,49.0,0.11264367816091954,0.8804597701149425,0.11954022988505753,81.0,1.0,0.8351851851851851,0.8133614264419218,42.0,0.8076923076923074,68.0,150.0,69.0,85726,11.358923107476002,0
RC_inst362001.rcp,30.0,4.0,5.533333333333333,2.8836705005176224,166.0,36.0,0.08275862068965517,0.9356321839080459,0.06436781609195408,142.0,1.0,0.5136702568351285,0.4808927773296124,21.0,0.7499999999999993,73.0,166.0,24.0,1981,7.591861714889934,1
RC_inst363001.rcp,30.0,4.0,4.333333333333333,3.123388473365994,130.0,64.0,0.1471264367816092,0.3310344827586207,0.6689655172413793,28.0,1.0,1.7984693877551021,1.6547554627911771,186.0,0.6391752577319587,51.0,84.0,33.0,70002,11.156293377256013,0
RC_inst364001.rcp,30.0,4.0,5.266666666666667,2.55516905289824,158.0,49.0,0.11264367816091954,0.8804597701149425,0.11954022988505753,81.0,1.0,0.8719135802469136,0.7894728879206003,36.0,0.6923076923076921,71.0,146.0,65.0,72042,11.185018441954195,0
RC_inst365001.rcp,30.0,4.0,5.533333333333333,2.8836705005176224,166.0,36.0,0.08275862068965517,0.9356321839080459,0.06436781609195408,142.0,1.0,0.5385470719051149,0.4717609222154392,14.0,0.49999999999999956,77.0,155.0,13.0,1233,7.1180162044653335,1
RC_inst366001.rcp,30.0,4.0,4.333333333333333,3.123388473365994,130.0,64.0,0.1471264367816092,0.3310344827586207,0.6689655172413793,28.0,1.0,1.921875,1.7417144982993198,204.0,0.7010309278350515,54.0,95.0,41.0,59464,10.993143183161346,0
RC_inst367001.rcp,30.0,4.0,5.266666666666667,2.55516905289824,158.0,49.0,0.11264367816091954,0.8804597701149425,0.11954022988505753,81.0,1.0,0.8447971781305115,0.8067603794029232,43.0,0.8269230769230765,69.0,150.0,69.0,88919,11.395492368078132,0
RC_inst368001.rcp,30.0,4.0,5.533333333333333,2.8836705005176224,166.0,36.0,0.08275862068965517,0.9356321839080459,0.06436781609195408,142.0,1.0,0.5176056338028169,0.47103891058904035,18.0,0.6428571428571422,74.0,154.0,12.0,382,5.948034989180646,1
RC_inst369001.rcp,30.0,4.0,4.333333333333333,3.123388473365994,130.0,64.0,0.1471264367816092,0.3310344827586207,0.6689655172413793,28.0,1.0,1.9230769230769231,1.8531988844488845,206.0,0.7079037800687286,54.0,93.0,39.0,52545,10.869444255425103,0
RC_inst370001.rcp,30.0,4.0,5.266666666666667,2.55516905289824,158.0,49.0,0.11264367816091954,0.8804597701149425,0.11954022988505753,81.0,1.0,0.7429193899782135,0.7363966232770699,32.0,0.6153846153846151,61.0,141.0,60.0,75935,11.23764615923549,0
RC_inst37001.rcp,30.0,1.0,5.266666666666667,2.55516905289824,158.0,49.0,0.11264367816091954,0.8804597701149425,0.11954022988505753,81.0,0.5,0.18209876543209877,0.18209876543209877,0.0,0.0,15.0,81.0,0.0,32,3.4965075614664802,1
RC_inst371001.rcp,30.0,4.0,5.533333333333333,2.8836705005176224,166.0,36.0,0.08275862068965517,0.9356321839080459,0.06436781609195408,142.0,1.0,0.4971830985915493,0.4772767828691607,22.0,0.785714285714285,71.0,163.0,21.0,483,6.182084906716632,1
RC_inst372001.rcp,30.0,4.0,4.333333333333333,3.123388473365994,130.0,64.0,0.1471264367816092,0.3310344827586207,0.6689655172413793,28.0,1.0,2.157142857142857,1.9892249004865101,222.0,0.7628865979381443,61.0,104.0,43.0,58116,10.97021349900857,0
RC_inst373001.rcp,30.0,4.0,5.266666666666667,2.55516905289824,158.0,49.0,0.11264367816091954,0.8804597701149425,0.11954022988505753,81.0,1.0,0.9135802469135802,0.789917695473251,40.0,0.7692307692307689,74.0,140.0,59.0,85449,11.355686688543736,0
RC_inst374001.rcp,30.0,4.0,5.533333333333333,2.8836705005176224,166.0,36.0,0.08275862068965517,0.9356321839080459,0.06436781609195408,142.0,1.0,0.5018779342723004,0.4811818829644534,24.0,0.8571428571428564,72.0,162.0,20.0,4203,8.343791731996841,1
RC_inst375001.rcp,30.0,4.0,4.333333333333333,3.123388473365994,130.0,64.0,0.1471264367816092,0.3310344827586207,0.6689655172413793,28.0,1.0,2.2410714285714284,1.7192234848484849,222.0,0.7628865979381443,63.0,88.0,25.0,73928,11.210860452150994,0
RC_inst376001.rcp,30.0,4.0,5.266666666666667,2.55516905289824,158.0,49.0,0.11264367816091954,0.8804597701149425,0.11954022988505753,81.0,1.0,0.8140885984023238,0.7734809973372064,33.0,0.6346153846153844,66.0,132.0,51.0,59900,11.000448478455008,1
RC_inst377001.rcp,30.0,4.0,5.533333333333333,2.8836705005176224,166.0,36.0,0.08275862068965517,0.9356321839080459,0.06436781609195408,142.0,1.0,0.4924160346695558,0.4692547769132276,23.0,0.8214285714285707,70.0,165.0,23.0,1451,7.280697195384741,1
RC_inst378001.rcp,30.0,4.0,4.333333333333333,3.123388473365994,130.0,64.0,0.1471264367816092,0.3310344827586207,0.6689655172413793,28.0,1.0,2.03021978021978,1.8055746336996337,234.0,0.8041237113402062,57.0,95.0,38.0,64588,11.075799396633869,0
RC_inst379001.rcp,30.0,4.0,5.266666666666667,2.55516905289824,158.0,49.0,0.11264367816091954,0.8804597701149425,0.11954022988505753,81.0,1.0,0.8600823045267489,0.7830938093235995,39.0,0.7499999999999997,70.0,139.0,58.0,79593,11.284693992107073,0
RC_inst380001.rcp,30.0,4.0,5.533333333333333,2.8836705005176224,166.0,36.0,0.08275862068965517,0.9356321839080459,0.06436781609195408,142.0,1.0,0.5021668472372698,0.4871940921547384,11.0,0.3928571428571425,72.0,157.0,15.0,162,5.093750200806762,1
RC_inst38001.rcp,30.0,3.0,5.533333333333333,2.8836705005176224,166.0,36.0,0.08275862068965517,0.9356321839080459,0.06436781609195408,142.0,0.5,0.13192488262910798,0.12477347746610383,0.0,0.0,19.0,142.0,0.0,32,3.4965075614664802,1
RC_inst381001.rcp,30.0,4.0,4.333333333333333,3.123388473365994,130.0,64.0,0.1471264367816092,0.3310344827586207,0.6689655172413793,28.0,1.0,2.091517857142857,1.8762099412133275,242.0,0.8316151202749141,59.0,102.0,43.0,63595,11.0603058542686,0
RC_inst382001.rcp,30.0,4.0,5.266666666666667,2.55516905289824,158.0,49.0,0.11264367816091954,0.8804597701149425,0.11954022988505753,81.0,1.0,0.9238683127572016,0.8102066186556928,39.0,0.7499999999999997,75.0,146.0,65.0,64443,11.073551908610877,0
RC_inst383001.rcp,30.0,4.0,5.533333333333333,2.8836705005176224,166.0,36.0,0.08275862068965517,0.9356321839080459,0.06436781609195408,142.0,1.0,0.4919517102615694,0.4596703326016706,22.0,0.785714285714285,70.0,166.0,24.0,2951,7.990238185720363,1
RC_inst384001.rcp,30.0,4.0,4.333333333333333,3.123388473365994,130.0,64.0,0.1471264367816092,0.3310344827586207,0.6689655172413793,28.0,1.0,2.1236263736263736,1.9062892464678178,204.0,0.7010309278350515,60.0,91.0,31.0,64255,11.070630383611347,0
RC_inst385001.rcp,30.0,4.0,5.266666666666667,2.55516905289824,158.0,49.0,0.11264367816091954,0.8804597701149425,0.11954022988505753,81.0,1.0,0.8171296296296297,0.790298551756885,31.0,0.5961538461538459,67.0,133.0,52.0,85787,11.359634415554853,0
RC_inst386001.rcp,30.0,4.0,5.533333333333333,2.8836705005176224,166.0,36.0,0.08275862068965517,0.9356321839080459,0.06436781609195408,142.0,1.0,0.5064553990610329,0.4562904387106955,15.0,0.5357142857142853,72.0,159.0,17.0,494,6.20455776256869,1
RC_inst387001.rcp,30.0,4.0,4.333333333333333,3.123388473365994,130.0,64.0,0.1471264367816092,0.3310344827586207,0.6689655172413793,28.0,1.0,2.0714285714285716,1.9347894752306518,232.0,0.7972508591065293,58.0,105.0,47.0,59537,10.994370043142297,0
RC_inst388001.rcp,30.0,4.0,5.266666666666667,2.55516905289824,158.0,49.0,0.11264367816091954,0.8804597701149425,0.11954022988505753,81.0,1.0,0.8111111111111111,0.7765744775276365,36.0,0.6923076923076921,66.0,149.0,68.0,88557,11.391412983568337,0
RC_inst389001.rcp,30.0,4.0,5.533333333333333,2.8836705005176224,166.0,36.0,0.08275862068965517,0.9356321839080459,0.06436781609195408,142.0,1.0,0.45481220657276994,0.4181770645238955,18.0,0.6428571428571422,65.0,149.0,7.0,1018,6.926577033222725,1
RC_inst390001.rcp,30.0,4.0,4.333333333333333,3.123388473365994,130.0,64.0,0.1471264367816092,0.3310344827586207,0.6689655172413793,28.0,1.0,2.4910714285714284,2.38937969924812,266.0,0.9140893470790378,70.0,120.0,50.0,76297,11.24240200460921,0
RC_inst39001.rcp,30.0,4.0,4.333333333333333,3.123388473365994,130.0,64.0,0.1471264367816092,0.3310344827586207,0.6689655172413793,28.0,0.5,0.48214285714285715,0.386926886139071,4.0,0.013745704467353952,14.0,31.0,3.0,32,3.4965075614664802,1
RC_inst391001.rcp,30.0,4.0,5.266666666666667,2.55516905289824,158.0,49.0,0.11264367816091954,0.8804597701149425,0.11954022988505753,81.0,1.0,0.9930555555555556,0.9446829200057758,50.0,0.9615384615384611,81.0,158.0,77.0,91248,11.421347312480579,0
RC_inst392001.rcp,30.0,4.0,5.533333333333333,2.8836705005176224,166.0,36.0,0.08275862068965517,0.9356321839080459,0.06436781609195408,142.0,1.0,0.590465872156013,0.5700416440953413,27.0,0.9642857142857134,84.0,166.0,24.0,24280,10.097449430486758,1
RC_inst393001.rcp,30.0,4.0,4.333333333333333,3.123388473365994,130.0,64.0,0.1471264367816092,0.3310344827586207,0.6689655172413793,28.0,1.0,2.4672619047619047,2.2277135854341736,276.0,0.9484536082474226,70.0,119.0,49.0,73521,11.205339960141606,0
RC_inst394001.rcp,30.0,4.0,5.266666666666667,2.55516905289824,158.0,49.0,0.11264367816091954,0.8804597701149425,0.11954022988505753,81.0,1.0,0.9845679012345679,0.9431171808121126,51.0,0.9807692307692304,80.0,155.0,74.0,94410,11.455412870768761,0
RC_inst395001.rcp,30.0,4.0,5.533333333333333,2.8836705005176224,166.0,36.0,0.08275862068965517,0.9356321839080459,0.06436781609195408,142.0,1.0,0.613849765258216,0.5977112676056338,18.0,0.6428571428571422,88.0,162.0,20.0,364,5.8998973535824915,1
RC_inst396001.rcp,30.0,4.0,4.333333333333333,3.123388473365994,130.0,64.0,0.1471264367816092,0.3310344827586207,0.6689655172413793,28.0,1.0,2.7142857142857144,2.380014505802321,258.0,0.8865979381443299,76.0,113.0,37.0,70895,11.16896929343927,0
RC_inst397001.rcp,30.0,4.0,5.266666666666667,2.55516905289824,158.0,49.0,0.11264367816091954,0.8804597701149425,0.11954022988505753,81.0,1.0,0.9886039886039886,0.9541350110794555,47.0,0.9038461538461535,81.0,154.0,73.0,84003,11.338619695739318,0
RC_inst398001.rcp,30.0,4.0,5.533333333333333,2.8836705005176224,166.0,36.0,0.08275862068965517,0.9356321839080459,0.06436781609195408,142.0,1.0,0.5820422535211267,0.56975410253056,28.0,0.9999999999999991,83.0,166.0,24.0,26627,10.189718572720594,1
RC_inst399001.rcp,30.0,4.0,4.333333333333333,3.123388473365994,130.0,64.0,0.1471264367816092,0.3310344827586207,0.6689655172413793,28.0,1.0,2.6006493506493507,2.4168085204269416,270.0,0.9278350515463918,73.0,120.0,47.0,69195,11.144698336466869,0
RC_inst400001.rcp,30.0,4.0,5.266666666666667,2.55516905289824,158.0,49.0,0.11264367816091954,0.8804597701149425,0.11954022988505753,81.0,1.0,1.0246913580246915,0.9776256181484939,46.0,0.8846153846153842,83.0,153.0,70.0,80192,11.292191508249816,0
RC_inst40001.rcp,30.0,3.0,5.266666666666667,2.55516905289824,158.0,49.0,0.11264367816091954,0.8804597701149425,0.11954022988505753,81.0,0.49999999999999994,0.22783389450056116,0.20835040588127007,1.0,0.01923076923076922,19.0,81.0,0.0,32,3.4965075614664802,1
RC_inst4001.rcp,30.0,0.0,5.266666666666667,2.55516905289824,158.0,49.0,0.11264367816091954,0.8804597701149425,0.11954022988505753,81.0,0.0,0.0,0.0,0.0,0.0,0.0,81.0,0.0,32,3.4965075614664802,1
RC_inst401001.rcp,30.0,4.0,5.533333333333333,2.8836705005176224,166.0,36.0,0.08275862068965517,0.9356321839080459,0.06436781609195408,142.0,1.0,0.6776212832550861,0.5995472172327714,27.0,0.9642857142857134,97.0,165.0,23.0,4291,8.36450810375059,1
RC_inst402001.rcp,30.0,4.0,4.333333333333333,3.123388473365994,130.0,64.0,0.1471264367816092,0.3310344827586207,0.6689655172413793,28.0,1.0,2.4642857142857144,2.222470238095238,262.0,0.9003436426116839,69.0,113.0,44.0,70185,11.158904139925626,0
RC_inst403001.rcp,30.0,4.0,5.266666666666667,2.55516905289824,158.0,49.0,0.11264367816091954,0.8804597701149425,0.11954022988505753,81.0,1.0,0.9797178130511464,0.9535237706193588,46.0,0.8846153846153842,80.0,153.0,72.0,87974,11.384807962189786,0
RC_inst404001.rcp,30.0,4.0,5.533333333333333,2.8836705005176224,166.0,36.0,0.08275862068965517,0.9356321839080459,0.06436781609195408,142.0,1.0,0.6273474178403756,0.556771397616468,28.0,0.9999999999999991,90.0,166.0,24.0,26627,10.189718572720594,1
RC_inst405001.rcp,30.0,4.0,4.333333333333333,3.123388473365994,130.0,64.0,0.1471264367816092,0.3310344827586207,0.6689655172413793,28.0,1.0,2.3035714285714284,2.232222985347985,258.0,0.8865979381443299,65.0,110.0,45.0,62575,11.044137096995295,0
RC_inst406001.rcp,30.0,4.0,5.266666666666667,2.55516905289824,158.0,49.0,0.11264367816091954,0.8804597701149425,0.11954022988505753,81.0,1.0,1.0460157126823793,1.0074588477366255,48.0,0.9230769230769227,85.0,156.0,71.0,93326,11.44386473403802,0
RC_inst407001.rcp,30.0,4.0,5.533333333333333,2.8836705005176224,166.0,36.0,0.08275862068965517,0.9356321839080459,0.06436781609195408,142.0,1.0,0.6446009389671361,0.6128227699530516,27.0,0.9642857142857134,92.0,166.0,24.0,5272,8.57035473953047,1
RC_inst408001.rcp,30.0,4.0,4.333333333333333,3.123388473365994,130.0,64.0,0.1471264367816092,0.3310344827586207,0.6689655172413793,28.0,1.0,2.7083333333333335,2.439808327637275,263.0,0.9037800687285223,76.0,114.0,38.0,70349,11.161238062542536,0
RC_inst409001.rcp,30.0,4.0,5.266666666666667,2.55516905289824,158.0,49.0,0.11264367816091954,0.8804597701149425,0.11954022988505753,81.0,1.0,1.0264550264550265,0.9871007250636881,50.0,0.9615384615384611,84.0,150.0,66.0,86319,11.365816599932016,0
RC_inst410001.rcp,30.0,4.0,5.533333333333333,2.8836705005176224,166.0,36.0,0.08275862068965517,0.9356321839080459,0.06436781609195408,142.0,1.0,0.6282696177062375,0.6039832130035113,27.0,0.9642857142857134,90.0,166.0,24.0,9934,9.203819154985917,1
RC_inst41001.rcp,30.0,2.0,5.533333333333333,2.8836705005176224,166.0,36.0,0.08275862068965517,0.9356321839080459,0.06436781609195408,142.0,0.5,0.1296603148301574,0.11786712924606463,1.0,0.035714285714285685,19.0,142.0,0.0,32,3.4965075614664802,1
RC_inst411001.rcp,30.0,4.0,4.333333333333333,3.123388473365994,130.0,64.0,0.1471264367816092,0.3310344827586207,0.6689655172413793,28.0,1.0,2.3169642857142856,2.1311330782312927,277.0,0.9518900343642611,65.0,118.0,53.0,73347,11.202970516669055,0
RC_inst412001.rcp,30.0,4.0,5.266666666666667,2.55516905289824,158.0,49.0,0.11264367816091954,0.8804597701149425,0.11954022988505753,81.0,1.0,1.0683127572016462,1.0068560725968134,44.0,0.8461538461538458,87.0,139.0,52.0,90165,11.409407694857888,0
RC_inst413001.rcp,30.0,4.0,5.533333333333333,2.8836705005176224,166.0,36.0,0.08275862068965517,0.9356321839080459,0.06436781609195408,142.0,1.0,0.6375310687655343,0.5925505538154341,23.0,0.8214285714285707,91.0,163.0,21.0,955,6.862757913051401,1
RC_inst414001.rcp,30.0,4.0,4.333333333333333,3.123388473365994,130.0,64.0,0.1471264367816092,0.3310344827586207,0.6689655172413793,28.0,1.0,2.5238095238095237,2.375293401773665,271.0,0.9312714776632303,71.0,117.0,46.0,71173,11.172882862170475,0
RC_inst415001.rcp,30.0,4.0,5.266666666666667,2.55516905289824,158.0,49.0,0.11264367816091954,0.8804597701149425,0.11954022988505753,81.0,1.0,1.0156378600823046,0.9794211609270088,50.0,0.9615384615384611,83.0,158.0,75.0,88697,11.392992620129144,0
RC_inst416001.rcp,30.0,4.0,5.533333333333333,2.8836705005176224,166.0,36.0,0.08275862068965517,0.9356321839080459,0.06436781609195408,142.0,1.0,0.6289274106175514,0.599507603116758,27.0,0.9642857142857134,90.0,166.0,24.0,19975,9.902286831959609,1
RC_inst417001.rcp,30.0,4.0,4.333333333333333,3.123388473365994,130.0,64.0,0.1471264367816092,0.3310344827586207,0.6689655172413793,28.0,1.0,2.4267857142857143,2.138822574484339,275.0,0.9450171821305842,68.0,119.0,51.0,70429,11.162374587739457,0
RC_inst418001.rcp,30.0,4.0,5.266666666666667,2.55516905289824,158.0,49.0,0.11264367816091954,0.8804597701149425,0.11954022988505753,81.0,1.0,1.0506172839506174,0.9956614758698092,46.0,0.8846153846153842,86.0,150.0,64.0,88729,11.393353329829383,0
RC_inst419001.rcp,30.0,4.0,5.533333333333333,2.8836705005176224,166.0,36.0,0.08275862068965517,0.9356321839080459,0.06436781609195408,142.0,1.0,0.5686619718309859,0.5363330624774286,28.0,0.9999999999999991,81.0,166.0,24.0,26627,10.189718572720594,1
RC_inst420001.rcp,30.0,4.0,4.333333333333333,3.123388473365994,130.0,64.0,0.1471264367816092,0.3310344827586207,0.6689655172413793,28.0,1.0,3.0918367346938775,2.776605296723953,289.0,0.993127147766323,87.0,130.0,43.0,71335,11.175156387814715,0
RC_inst42001.rcp,30.0,4.0,4.333333333333333,3.123388473365994,130.0,64.0,0.1471264367816092,0.3310344827586207,0.6689655172413793,28.0,0.5,0.5412087912087912,0.42809169996669993,4.0,0.013745704467353952,16.0,34.0,6.0,35,3.58351893845611,1
RC_inst421001.rcp,30.0,4.0,5.266666666666667,2.55516905289824,158.0,49.0,0.11264367816091954,0.8804597701149425,0.11954022988505753,81.0,1.0,1.1759259259259258,1.142125342935528,52.0,0.9999999999999996,96.0,158.0,62.0,84102,11.339797517144078,0
RC_inst422001.rcp,30.0,4.0,5.533333333333333,2.8836705005176224,166.0,36.0,0.08275862068965517,0.9356321839080459,0.06436781609195408,142.0,1.0,0.7178068410462777,0.6883402688860435,27.0,0.9642857142857134,102.0,166.0,24.0,9115,9.117786390365575,1
RC_inst423001.rcp,30.0,4.0,4.333333333333333,3.123388473365994,130.0,64.0,0.1471264367816092,0.3310344827586207,0.6689655172413793,28.0,1.0,3.255357142857143,2.9386465097402596,289.0,0.993127147766323,92.0,128.0,36.0,69256,11.14557950197353,0
RC_inst424001.rcp,30.0,4.0,5.266666666666667,2.55516905289824,158.0,49.0,0.11264367816091954,0.8804597701149425,0.11954022988505753,81.0,1.0,1.2076978939724037,1.1346457988070189,52.0,0.9999999999999996,98.0,158.0,60.0,81860,11.31277796595028,0
RC_inst425001.rcp,30.0,4.0,5.533333333333333,2.8836705005176224,166.0,36.0,0.08275862068965517,0.9356321839080459,0.06436781609195408,142.0,1.0,0.7253521126760564,0.7011043533930859,28.0,0.9999999999999991,103.0,166.0,24.0,26627,10.189718572720594,1
RC_inst426001.rcp,30.0,4.0,4.333333333333333,3.123388473365994,130.0,64.0,0.1471264367816092,0.3310344827586207,0.6689655172413793,28.0,1.0,3.0851648351648353,2.811018842268842,286.0,0.9828178694158075,87.0,127.0,40.0,71186,11.173065496459866,0
RC_inst427001.rcp,30.0,4.0,5.266666666666667,2.55516905289824,158.0,49.0,0.11264367816091954,0.8804597701149425,0.11954022988505753,81.0,1.0,1.1584362139917694,1.1570160671037863,52.0,0.9999999999999996,94.0,158.0,64.0,83795,11.336140552634035,0
RC_inst428001.rcp,30.0,4.0,5.533333333333333,2.8836705005176224,166.0,36.0,0.08275862068965517,0.9356321839080459,0.06436781609195408,142.0,1.0,0.7170294494238156,0.6832707024052465,28.0,0.9999999999999991,102.0,166.0,24.0,26627,10.189718572720594,1
RC_inst429001.rcp,30.0,4.0,4.333333333333333,3.123388473365994,130.0,64.0,0.1471264367816092,0.3310344827586207,0.6689655172413793,28.0,1.0,2.9702380952380953,2.779963296507414,285.0,0.979381443298969,84.0,129.0,45.0,70448,11.162644322761924,0
RC_inst430001.rcp,30.0,4.0,5.266666666666667,2.55516905289824,158.0,49.0,0.11264367816091954,0.8804597701149425,0.11954022988505753,81.0,1.0,1.2808641975308641,1.1888962375073486,50.0,0.9615384615384611,104.0,158.0,54.0,89473,11.401703359265541,0
RC_inst43001.rcp,30.0,4.0,5.266666666666667,2.55516905289824,158.0,49.0,0.11264367816091954,0.8804597701149425,0.11954022988505753,81.0,0.5,0.21193415637860083,0.19489026063100137,2.0,0.03846153846153844,18.0,81.0,0.0,32,3.4965075614664802,1
RC_inst431001.rcp,30.0,4.0,5.533333333333333,2.8836705005176224,166.0,36.0,0.08275862068965517,0.9356321839080459,0.06436781609195408,142.0,1.0,0.7316901408450704,0.6994959070663296,28.0,0.9999999999999991,104.0,166.0,24.0,26627,10.189718572720594,1
RC_inst432001.rcp,30.0,4.0,4.333333333333333,3.123388473365994,130.0,64.0,0.1471264367816092,0.3310344827586207,0.6689655172413793,28.0,1.0,2.8375,2.704231001611171,284.0,0.9759450171821306,80.0,123.0,43.0,71332,11.175114332427764,0
RC_inst433001.rcp,30.0,4.0,5.266666666666667,2.55516905289824,158.0,49.0,0.11264367816091954,0.8804597701149425,0.11954022988505753,81.0,1.0,1.2933914306463326,1.2087155763626352,52.0,0.9999999999999996,105.0,158.0,53.0,83398,11.33139159786728,0
RC_inst434001.rcp,30.0,4.0,5.533333333333333,2.8836705005176224,166.0,36.0,0.08275862068965517,0.9356321839080459,0.06436781609195408,142.0,1.0,0.7178697183098591,0.6762397300469483,28.0,0.9999999999999991,102.0,166.0,24.0,26627,10.189718572720594,1
RC_inst435001.rcp,30.0,4.0,4.333333333333333,3.123388473365994,130.0,64.0,0.1471264367816092,0.3310344827586207,0.6689655172413793,28.0,1.0,3.26890756302521,2.969729596384008,289.0,0.993127147766323,92.0,130.0,38.0,71222,11.173571078943777,0
RC_inst436001.rcp,30.0,4.0,5.266666666666667,2.55516905289824,158.0,49.0,0.11264367816091954,0.8804597701149425,0.11954022988505753,81.0,1.0,1.2087542087542087,1.1485329566469917,52.0,0.9999999999999996,98.0,158.0,60.0,82621,11.322031267871516,0
RC_inst437001.rcp,30.0,4.0,5.533333333333333,2.8836705005176224,166.0,36.0,0.08275862068965517,0.9356321839080459,0.06436781609195408,142.0,1.0,0.7330345710627401,0.6936835081343677,28.0,0.9999999999999991,105.0,166.0,24.0,26627,10.189718572720594,1
RC_inst438001.rcp,30.0,4.0,4.333333333333333,3.123388473365994,130.0,64.0,0.1471264367816092,0.3310344827586207,0.6689655172413793,28.0,1.0,2.9398496240601504,2.811438829917932,289.0,0.993127147766323,83.0,130.0,47.0,67572,11.120963773962298,0
RC_inst439001.rcp,30.0,4.0,5.266666666666667,2.55516905289824,158.0,49.0,0.11264367816091954,0.8804597701149425,0.11954022988505753,81.0,1.0,1.1750181554103123,1.1658161132017342,52.0,0.9999999999999996,96.0,158.0,62.0,83637,11.334253241252847,0
RC_inst440001.rcp,30.0,4.0,5.533333333333333,2.8836705005176224,166.0,36.0,0.08275862068965517,0.9356321839080459,0.06436781609195408,142.0,1.0,0.7386541471048513,0.713187673046828,27.0,0.9642857142857134,105.0,166.0,24.0,8959,9.100525505968976,1
RC_inst44001.rcp,30.0,3.0,5.533333333333333,2.8836705005176224,166.0,36.0,0.08275862068965517,0.9356321839080459,0.06436781609195408,142.0,0.5,0.13755868544600938,0.13240534826895092,0.0,0.0,20.0,142.0,0.0,32,3.4965075614664802,1
RC_inst441001.rcp,30.0,4.0,4.333333333333333,3.123388473365994,130.0,64.0,0.1471264367816092,0.3310344827586207,0.6689655172413793,28.0,1.0,3.1095238095238096,2.8805608607079196,287.0,0.9862542955326461,88.0,129.0,41.0,71474,11.177103017190513,0
RC_inst442001.rcp,30.0,4.0,5.266666666666667,2.55516905289824,158.0,49.0,0.11264367816091954,0.8804597701149425,0.11954022988505753,81.0,1.0,1.2067901234567902,1.144624151568596,52.0,0.9999999999999996,98.0,158.0,60.0,83020,11.326848866824777,0
RC_inst443001.rcp,30.0,4.0,5.533333333333333,2.8836705005176224,166.0,36.0,0.08275862068965517,0.9356321839080459,0.06436781609195408,142.0,1.0,0.7547638773819387,0.6984878821353552,26.0,0.9285714285714277,108.0,166.0,24.0,5272,8.57035473953047,1
RC_inst444001.rcp,30.0,4.0,4.333333333333333,3.123388473365994,130.0,64.0,0.1471264367816092,0.3310344827586207,0.6689655172413793,28.0,1.0,2.9613095238095237,2.731794544740973,286.0,0.9828178694158075,83.0,119.0,36.0,69281,11.145940411179911,0
RC_inst445001.rcp,30.0,4.0,5.266666666666667,2.55516905289824,158.0,49.0,0.11264367816091954,0.8804597701149425,0.11954022988505753,81.0,1.0,1.2199074074074074,1.1864926268861453,52.0,0.9999999999999996,99.0,158.0,59.0,84303,11.342184592449067,0
RC_inst446001.rcp,30.0,4.0,5.533333333333333,2.8836705005176224,166.0,36.0,0.08275862068965517,0.9356321839080459,0.06436781609195408,142.0,1.0,0.7116588419405321,0.6766343007540191,27.0,0.9642857142857134,102.0,165.0,23.0,4291,8.36450810375059,1
RC_inst447001.rcp,30.0,4.0,4.333333333333333,3.123388473365994,130.0,64.0,0.1471264367816092,0.3310344827586207,0.6689655172413793,28.0,1.0,3.0825892857142856,2.7765726461038955,280.0,0.9621993127147767,87.0,125.0,38.0,75117,11.22681548945956,0
RC_inst448001.rcp,30.0,4.0,5.266666666666667,2.55516905289824,158.0,49.0,0.11264367816091954,0.8804597701149425,0.11954022988505753,81.0,1.0,1.2384665367121508,1.2075102880658437,51.0,0.9807692307692304,101.0,156.0,55.0,83747,11.335567568805152,0
RC_inst449001.rcp,30.0,4.0,5.533333333333333,2.8836705005176224,166.0,36.0,0.08275862068965517,0.9356321839080459,0.06436781609195408,142.0,1.0,0.7808616404308202,0.7018142134540992,28.0,0.9999999999999991,111.0,166.0,24.0,26627,10.189718572720594,1
RC_inst450001.rcp,30.0,4.0,4.333333333333333,3.123388473365994,130.0,64.0,0.1471264367816092,0.3310344827586207,0.6689655172413793,28.0,1.0,3.6278195488721803,3.4727973780605357,291.0,1.0,102.0,130.0,28.0,70542,11.163977731947233,0
RC_inst45001.rcp,30.0,4.0,4.333333333333333,3.123388473365994,130.0,64.0,0.1471264367816092,0.3310344827586207,0.6689655172413793,28.0,0.5,0.5691964285714286,0.44720743411000763,20.0,0.06872852233676977,16.0,34.0,6.0,27962,10.238637486729267,0
RC_inst451001.rcp,30.0,4.0,5.266666666666667,2.55516905289824,158.0,49.0,0.11264367816091954,0.8804597701149425,0.11954022988505753,81.0,1.0,1.4268077601410936,1.3803185626102292,52.0,0.9999999999999996,116.0,158.0,42.0,83582,11.333595429112227,0
RC_inst452001.rcp,30.0,4.0,5.533333333333333,2.8836705005176224,166.0,36.0,0.08275862068965517,0.9356321839080459,0.06436781609195408,142.0,1.0,0.8401950162513543,0.7952013362224629,28.0,0.9999999999999991,120.0,166.0,24.0,26627,10.189718572720594,1
RC_inst453001.rcp,30.0,4.0,4.333333333333333,3.123388473365994,130.0,64.0,0.1471264367816092,0.3310344827586207,0.6689655172413793,28.0,1.0,3.4976190476190476,3.286825178789465,291.0,1.0,98.0,130.0,32.0,70939,11.169589728327614,0
RC_inst454001.rcp,30.0,4.0,5.266666666666667,2.55516905289824,158.0,49.0,0.11264367816091954,0.8804597701149425,0.11954022988505753,81.0,1.0,1.453360768175583,1.4057083177453549,52.0,0.9999999999999996,118.0,158.0,40.0,84377,11.343061983098302,0
RC_inst455001.rcp,30.0,4.0,5.533333333333333,2.8836705005176224,166.0,36.0,0.08275862068965517,0.9356321839080459,0.06436781609195408,142.0,1.0,0.8732394366197183,0.834226742031134,28.0,0.9999999999999991,124.0,166.0,24.0,26627,10.189718572720594,1
RC_inst456001.rcp,30.0,4.0,4.333333333333333,3.123388473365994,130.0,64.0,0.1471264367816092,0.3310344827586207,0.6689655172413793,28.0,1.0,3.3325892857142856,3.1280522520242915,291.0,1.0,94.0,130.0,36.0,71378,11.175758987419538,0
RC_inst457001.rcp,30.0,4.0,5.266666666666667,2.55516905289824,158.0,49.0,0.11264367816091954,0.8804597701149425,0.11954022988505753,81.0,1.0,1.382716049382716,1.3568458504801097,52.0,0.9999999999999996,112.0,158.0,46.0,83404,11.331463538588157,0
RC_inst458001.rcp,30.0,4.0,5.533333333333333,2.8836705005176224,166.0,36.0,0.08275862068965517,0.9356321839080459,0.06436781609195408,142.0,1.0,0.8550124275062138,0.813277391622462,28.0,0.9999999999999991,122.0,166.0,24.0,26627,10.189718572720594,1
RC_inst459001.rcp,30.0,4.0,4.333333333333333,3.123388473365994,130.0,64.0,0.1471264367816092,0.3310344827586207,0.6689655172413793,28.0,1.0,3.4732142857142856,3.1802012471655328,291.0,1.0,98.0,130.0,32.0,70607,11.164898731509329,0
RC_inst460001.rcp,30.0,4.0,5.266666666666667,2.55516905289824,158.0,49.0,0.11264367816091954,0.8804597701149425,0.11954022988505753,81.0,1.0,1.3860082304526748,1.347344987377667,52.0,0.9999999999999996,113.0,158.0,45.0,84011,11.338714924765197,0
RC_inst46001.rcp,30.0,3.0,5.266666666666667,2.55516905289824,158.0,49.0,0.11264367816091954,0.8804597701149425,0.11954022988505753,81.0,0.5,0.22016460905349794,0.2026929463576637,0.0,0.0,18.0,81.0,0.0,32,3.4965075614664802,1
RC_inst461001.rcp,30.0,4.0,5.533333333333333,2.8836705005176224,166.0,36.0,0.08275862068965517,0.9356321839080459,0.06436781609195408,142.0,1.0,0.8286384976525821,0.7935132575757575,28.0,0.9999999999999991,118.0,166.0,24.0,26627,10.189718572720594,1
RC_inst462001.rcp,30.0,4.0,4.333333333333333,3.123388473365994,130.0,64.0,0.1471264367816092,0.3310344827586207,0.6689655172413793,28.0,1.0,3.366883116883117,3.26081840308814,286.0,0.9828178694158075,95.0,129.0,34.0,71911,11.183198428253235,0
RC_inst463001.rcp,30.0,4.0,5.266666666666667,2.55516905289824,158.0,49.0,0.11264367816091954,0.8804597701149425,0.11954022988505753,81.0,1.0,1.375514403292181,1.3618312757201645,52.0,0.9999999999999996,112.0,158.0,46.0,83163,11.32856984086328,0
RC_inst464001.rcp,30.0,4.0,5.533333333333333,2.8836705005176224,166.0,36.0,0.08275862068965517,0.9356321839080459,0.06436781609195408,142.0,1.0,0.880784708249497,0.8088119359431443,28.0,0.9999999999999991,126.0,166.0,24.0,26627,10.189718572720594,1
RC_inst465001.rcp,30.0,4.0,4.333333333333333,3.123388473365994,130.0,64.0,0.1471264367816092,0.3310344827586207,0.6689655172413793,28.0,1.0,3.3607142857142858,3.228962015428181,291.0,1.0,95.0,130.0,35.0,71097,11.171814486000475,0
RC_inst466001.rcp,30.0,4.0,5.266666666666667,2.55516905289824,158.0,49.0,0.11264367816091954,0.8804597701149425,0.11954022988505753,81.0,1.0,1.3494776828110162,1.3332413342830007,52.0,0.9999999999999996,110.0,158.0,48.0,84349,11.342730087974115,0
RC_inst467001.rcp,30.0,4.0,5.533333333333333,2.8836705005176224,166.0,36.0,0.08275862068965517,0.9356321839080459,0.06436781609195408,142.0,1.0,0.8500414250207126,0.8108420128614826,28.0,0.9999999999999991,121.0,166.0,24.0,26627,10.189718572720594,1
RC_inst468001.rcp,30.0,4.0,4.333333333333333,3.123388473365994,130.0,64.0,0.1471264367816092,0.3310344827586207,0.6689655172413793,28.0,1.0,3.7857142857142856,3.4734008735072974,291.0,1.0,106.0,130.0,24.0,71180,11.172981207855637,0
RC_inst469001.rcp,30.0,4.0,5.266666666666667,2.55516905289824,158.0,49.0,0.11264367816091954,0.8804597701149425,0.11954022988505753,81.0,1.0,1.4191358024691358,1.3836696739474519,52.0,0.9999999999999996,115.0,158.0,43.0,82897,11.325366215380011,0
RC_inst470001.rcp,30.0,4.0,5.533333333333333,2.8836705005176224,166.0,36.0,0.08275862068965517,0.9356321839080459,0.06436781609195408,142.0,1.0,0.8354336545589326,0.7946932141092167,28.0,0.9999999999999991,119.0,166.0,24.0,26627,10.189718572720594,1
RC_inst47001.rcp,30.0,3.0,5.533333333333333,2.8836705005176224,166.0,36.0,0.08275862068965517,0.9356321839080459,0.06436781609195408,142.0,0.5,0.11075544174135724,0.10531579255688617,0.0,0.0,16.0,142.0,0.0,32,3.4965075614664802,1
RC_inst471001.rcp,30.0,4.0,4.333333333333333,3.123388473365994,130.0,64.0,0.1471264367816092,0.3310344827586207,0.6689655172413793,28.0,1.0,3.582706766917293,3.283623120300752,291.0,1.0,101.0,130.0,29.0,71853,11.182391561495495,0
RC_inst472001.rcp,30.0,4.0,5.266666666666667,2.55516905289824,158.0,49.0,0.11264367816091954,0.8804597701149425,0.11954022988505753,81.0,1.0,1.44668911335578,1.398246352413019,52.0,0.9999999999999996,118.0,158.0,40.0,83497,11.332577958456282,0
RC_inst473001.rcp,30.0,4.0,5.533333333333333,2.8836705005176224,166.0,36.0,0.08275862068965517,0.9356321839080459,0.06436781609195408,142.0,1.0,0.8535211267605634,0.8356931060044477,28.0,0.9999999999999991,122.0,166.0,24.0,26627,10.189718572720594,1
RC_inst474001.rcp,30.0,4.0,4.333333333333333,3.123388473365994,130.0,64.0,0.1471264367816092,0.3310344827586207,0.6689655172413793,28.0,1.0,3.6567460317460316,3.2069757727652464,291.0,1.0,103.0,130.0,27.0,71846,11.182294136982017,0
RC_inst475001.rcp,30.0,4.0,5.266666666666667,2.55516905289824,158.0,49.0,0.11264367816091954,0.8804597701149425,0.11954022988505753,81.0,1.0,1.3484224965706446,1.3262816986128532,52.0,0.9999999999999996,110.0,158.0,48.0,83830,11.336558146464489,0
RC_inst476001.rcp,30.0,4.0,5.533333333333333,2.8836705005176224,166.0,36.0,0.08275862068965517,0.9356321839080459,0.06436781609195408,142.0,1.0,0.8650852483320979,0.8156241981239665,28.0,0.9999999999999991,123.0,166.0,24.0,26627,10.189718572720594,1
RC_inst477001.rcp,30.0,4.0,4.333333333333333,3.123388473365994,130.0,64.0,0.1471264367816092,0.3310344827586207,0.6689655172413793,28.0,1.0,3.283333333333333,3.124174982492997,290.0,0.9965635738831615,92.0,130.0,38.0,71405,11.176137178410494,0
RC_inst478001.rcp,30.0,4.0,5.266666666666667,2.55516905289824,158.0,49.0,0.11264367816091954,0.8804597701149425,0.11954022988505753,81.0,1.0,1.4312169312169312,1.356382855286364,52.0,0.9999999999999996,116.0,158.0,42.0,83764,11.335770538127633,0
RC_inst479001.rcp,30.0,4.0,5.533333333333333,2.8836705005176224,166.0,36.0,0.08275862068965517,0.9356321839080459,0.06436781609195408,142.0,1.0,0.901056338028169,0.8288305591122493,28.0,0.9999999999999991,128.0,166.0,24.0,26627,10.189718572720594,1
RC_inst480001.rcp,30.0,4.0,4.333333333333333,3.123388473365994,130.0,64.0,0.1471264367816092,0.3310344827586207,0.6689655172413793,28.0,1.0,3.911764705882353,3.7240721288515406,291.0,1.0,110.0,130.0,20.0,71467,11.177005076053058,0
RC_inst48001.rcp,30.0,4.0,4.333333333333333,3.123388473365994,130.0,64.0,0.1471264367816092,0.3310344827586207,0.6689655172413793,28.0,0.5,0.5961538461538461,0.48984453046953047,6.0,0.020618556701030927,17.0,36.0,8.0,30356,10.32078241239787,0
RC_inst481001.rcp,30.0,4.0,5.266666666666667,2.55516905289824,158.0,49.0,0.11264367816091954,0.8804597701149425,0.11954022988505753,81.0,1.0,1.6438746438746439,1.5652056502446365,52.0,0.9999999999999996,134.0,158.0,24.0,83869,11.337023259978457,0
RC_inst482001.rcp,30.0,4.0,5.533333333333333,2.8836705005176224,166.0,36.0,0.08275862068965517,0.9356321839080459,0.06436781609195408,142.0,1.0,0.9741784037558685,0.9548276501111934,28.0,0.9999999999999991,139.0,166.0,24.0,26627,10.189718572720594,1
RC_inst483001.rcp,30.0,4.0,4.333333333333333,3.123388473365994,130.0,64.0,0.1471264367816092,0.3310344827586207,0.6689655172413793,28.0,1.0,3.811688311688312,3.697457695812959,291.0,1.0,107.0,130.0,23.0,71787,11.181472610149168,0
RC_inst484001.rcp,30.0,4.0,5.266666666666667,2.55516905289824,158.0,49.0,0.11264367816091954,0.8804597701149425,0.11954022988505753,81.0,1.0,1.5997400909681612,1.5794012536788595,52.0,0.9999999999999996,130.0,158.0,28.0,83835,11.33661778849305,0
RC_inst485001.rcp,30.0,4.0,5.533333333333333,2.8836705005176224,166.0,36.0,0.08275862068965517,0.9356321839080459,0.06436781609195408,142.0,1.0,0.9456181533646323,0.9384187066845519,28.0,0.9999999999999991,135.0,166.0,24.0,26627,10.189718572720594,1
RC_inst486001.rcp,30.0,4.0,4.333333333333333,3.123388473365994,130.0,64.0,0.1471264367816092,0.3310344827586207,0.6689655172413793,28.0,1.0,3.835714285714286,3.6820707070707073,291.0,1.0,108.0,130.0,22.0,71605,11.178934148320488,0
RC_inst487001.rcp,30.0,4.0,5.266666666666667,2.55516905289824,158.0,49.0,0.11264367816091954,0.8804597701149425,0.11954022988505753,81.0,1.0,1.6107480029048657,1.6001407044299203,52.0,0.9999999999999996,131.0,158.0,27.0,84062,11.339321796715996,0
RC_inst488001.rcp,30.0,4.0,5.533333333333333,2.8836705005176224,166.0,36.0,0.08275862068965517,0.9356321839080459,0.06436781609195408,142.0,1.0,0.9979287489643744,0.9433080576734781,28.0,0.9999999999999991,142.0,166.0,24.0,26627,10.189718572720594,1
RC_inst489001.rcp,30.0,4.0,4.333333333333333,3.123388473365994,130.0,64.0,0.1471264367816092,0.3310344827586207,0.6689655172413793,28.0,1.0,3.9976190476190476,3.855135606874329,291.0,1.0,112.0,130.0,18.0,71562,11.17833345960585,0
RC_inst490001.rcp,30.0,4.0,5.266666666666667,2.55516905289824,158.0,49.0,0.11264367816091954,0.8804597701149425,0.11954022988505753,81.0,1.0,1.668312757201646,1.5812710437710435,52.0,0.9999999999999996,136.0,158.0,22.0,83692,11.334910620961098,0
RC_inst49001.rcp,30.0,3.0,5.266666666666667,2.55516905289824,158.0,49.0,0.11264367816091954,0.8804597701149425,0.11954022988505753,81.0,0.5,0.24255628177196806,0.2060957586413383,2.0,0.03846153846153844,20.0,81.0,0.0,32,3.4965075614664802,1
RC_inst491001.rcp,30.0,4.0,5.533333333333333,2.8836705005176224,166.0,36.0,0.08275862068965517,0.9356321839080459,0.06436781609195408,142.0,1.0,0.9238556338028169,0.9046288145539907,28.0,0.9999999999999991,132.0,166.0,24.0,26627,10.189718572720594,1
RC_inst492001.rcp,30.0,4.0,4.333333333333333,3.123388473365994,130.0,64.0,0.1471264367816092,0.3310344827586207,0.6689655172413793,28.0,1.0,3.925595238095238,3.7986058897243113,291.0,1.0,110.0,130.0,20.0,70994,11.170364731008458,0
RC_inst493001.rcp,30.0,4.0,5.266666666666667,2.55516905289824,158.0,49.0,0.11264367816091954,0.8804597701149425,0.11954022988505753,81.0,1.0,1.6160493827160494,1.56503282382912,52.0,0.9999999999999996,131.0,158.0,27.0,83698,11.334982308974894,0
RC_inst494001.rcp,30.0,4.0,5.533333333333333,2.8836705005176224,166.0,36.0,0.08275862068965517,0.9356321839080459,0.06436781609195408,142.0,1.0,0.9730737365368682,0.9579925304604261,28.0,0.9999999999999991,139.0,166.0,24.0,26627,10.189718572720594,1
RC_inst495001.rcp,30.0,4.0,4.333333333333333,3.123388473365994,130.0,64.0,0.1471264367816092,0.3310344827586207,0.6689655172413793,28.0,1.0,3.6052631578947367,3.5584175281954886,291.0,1.0,101.0,130.0,29.0,71501,11.177480700318862,0
RC_inst496001.rcp,30.0,4.0,5.266666666666667,2.55516905289824,158.0,49.0,0.11264367816091954,0.8804597701149425,0.11954022988505753,81.0,1.0,1.569753086419753,1.5193275346053126,52.0,0.9999999999999996,128.0,158.0,30.0,83666,11.33459991350162,0
RC_inst497001.rcp,30.0,4.0,5.533333333333333,2.8836705005176224,166.0,36.0,0.08275862068965517,0.9356321839080459,0.06436781609195408,142.0,1.0,0.9732394366197183,0.926072067077387,28.0,0.9999999999999991,139.0,166.0,24.0,26627,10.189718572720594,1
RC_inst498001.rcp,30.0,4.0,4.333333333333333,3.123388473365994,130.0,64.0,0.1471264367816092,0.3310344827586207,0.6689655172413793,28.0,1.0,3.8,3.629681776556777,291.0,1.0,107.0,130.0,23.0,71504,11.177522656307035,0
RC_inst499001.rcp,30.0,4.0,5.266666666666667,2.55516905289824,158.0,49.0,0.11264367816091954,0.8804597701149425,0.11954022988505753,81.0,1.0,1.5925925925925926,1.5482896090534979,52.0,0.9999999999999996,129.0,158.0,29.0,83655,11.334468431278424,0
RC_inst500001.rcp,30.0,4.0,5.533333333333333,2.8836705005176224,166.0,36.0,0.08275862068965517,0.9356321839080459,0.06436781609195408,142.0,1.0,0.9257362355953905,0.9155543107127615,28.0,0.9999999999999991,132.0,166.0,24.0,26627,10.189718572720594,1
RC_inst50001.rcp,30.0,3.0,5.533333333333333,2.8836705005176224,166.0,36.0,0.08275862068965517,0.9356321839080459,0.06436781609195408,142.0,0.5,0.13380281690140844,0.12127488639501895,0.0,0.0,19.0,142.0,0.0,32,3.4965075614664802,1
RC_inst5001.rcp,30.0,0.0,5.533333333333333,2.8836705005176224,166.0,36.0,0.08275862068965517,0.9356321839080459,0.06436781609195408,142.0,0.0,0.0,0.0,0.0,0.0,0.0,142.0,0.0,32,3.4965075614664802,1
RC_inst501001.rcp,30.0,4.0,4.333333333333333,3.123388473365994,130.0,64.0,0.1471264367816092,0.3310344827586207,0.6689655172413793,28.0,1.0,3.8267857142857142,3.7472274436090225,291.0,1.0,108.0,130.0,22.0,71729,11.18066434912048,0
RC_inst502001.rcp,30.0,4.0,5.266666666666667,2.55516905289824,158.0,49.0,0.11264367816091954,0.8804597701149425,0.11954022988505753,81.0,1.0,1.5895061728395061,1.5567560544985726,52.0,0.9999999999999996,129.0,158.0,29.0,83879,11.337142485015857,0
RC_inst503001.rcp,30.0,4.0,5.533333333333333,2.8836705005176224,166.0,36.0,0.08275862068965517,0.9356321839080459,0.06436781609195408,142.0,1.0,0.9603409933283914,0.9402319619471213,28.0,0.9999999999999991,137.0,166.0,24.0,26627,10.189718572720594,1
RC_inst504001.rcp,30.0,4.0,4.333333333333333,3.123388473365994,130.0,64.0,0.1471264367816092,0.3310344827586207,0.6689655172413793,28.0,1.0,3.96875,3.765829632291513,291.0,1.0,112.0,130.0,18.0,71494,11.177382796166947,0
RC_inst505001.rcp,30.0,4.0,5.266666666666667,2.55516905289824,158.0,49.0,0.11264367816091954,0.8804597701149425,0.11954022988505753,81.0,1.0,1.6397306397306397,1.5651538533482978,52.0,0.9999999999999996,133.0,158.0,25.0,84240,11.341437017582603,0
RC_inst506001.rcp,30.0,4.0,5.533333333333333,2.8836705005176224,166.0,36.0,0.08275862068965517,0.9356321839080459,0.06436781609195408,142.0,1.0,0.977112676056338,0.9379465897951813,28.0,0.9999999999999991,139.0,166.0,24.0,26627,10.189718572720594,1
RC_inst507001.rcp,30.0,4.0,4.333333333333333,3.123388473365994,130.0,64.0,0.1471264367816092,0.3310344827586207,0.6689655172413793,28.0,1.0,3.890625,3.6933091872882757,291.0,1.0,109.0,130.0,21.0,71244,11.17387992022989,0
RC_inst508001.rcp,30.0,4.0,5.266666666666667,2.55516905289824,158.0,49.0,0.11264367816091954,0.8804597701149425,0.11954022988505753,81.0,1.0,1.602880658436214,1.5541152263374485,52.0,0.9999999999999996,130.0,158.0,28.0,83786,11.336033143171159,0
RC_inst509001.rcp,30.0,4.0,5.533333333333333,2.8836705005176224,166.0,36.0,0.08275862068965517,0.9356321839080459,0.06436781609195408,142.0,1.0,0.9714603409933283,0.9520967573321168,28.0,0.9999999999999991,138.0,166.0,24.0,26627,10.189718572720594,1
RC_inst510001.rcp,30.0,4.0,4.333333333333333,3.123388473365994,130.0,64.0,0.1471264367816092,0.3310344827586207,0.6689655172413793,28.0,1.0,4.170329670329671,4.110764235764236,291.0,1.0,117.0,130.0,13.0,71631,11.179297180480747,0
RC_inst51001.rcp,30.0,4.0,4.333333333333333,3.123388473365994,130.0,64.0,0.1471264367816092,0.3310344827586207,0.6689655172413793,28.0,0.5,0.5257936507936508,0.4897918921356421,3.0,0.010309278350515464,15.0,29.0,1.0,32,3.4965075614664802,1
RC_inst511001.rcp,30.0,4.0,5.266666666666667,2.55516905289824,158.0,49.0,0.11264367816091954,0.8804597701149425,0.11954022988505753,81.0,1.0,1.75645342312009,1.7295688365132809,52.0,0.9999999999999996,143.0,158.0,15.0,84111,11.339904523059229,0
RC_inst512001.rcp,30.0,4.0,5.533333333333333,2.8836705005176224,166.0,36.0,0.08275862068965517,0.9356321839080459,0.06436781609195408,142.0,1.0,1.0610328638497653,1.0384511932707357,28.0,0.9999999999999991,151.0,166.0,15.0,26627,10.189718572720594,1
RC_inst513001.rcp,30.0,4.0,4.333333333333333,3.123388473365994,130.0,64.0,0.1471264367816092,0.3310344827586207,0.6689655172413793,28.0,1.0,4.209183673469388,4.165832270408163,291.0,1.0,118.0,130.0,12.0,71622,11.179171530416012,0
RC_inst514001.rcp,30.0,4.0,5.266666666666667,2.55516905289824,158.0,49.0,0.11264367816091954,0.8804597701149425,0.11954022988505753,81.0,1.0,1.7580246913580246,1.7375385802469137,52.0,0.9999999999999996,143.0,158.0,15.0,83224,11.329303062443225,0
RC_inst515001.rcp,30.0,4.0,5.533333333333333,2.8836705005176224,166.0,36.0,0.08275862068965517,0.9356321839080459,0.06436781609195408,142.0,1.0,1.0714285714285714,1.034564248234505,28.0,0.9999999999999991,153.0,166.0,13.0,26627,10.189718572720594,1
RC_inst516001.rcp,30.0,4.0,4.333333333333333,3.123388473365994,130.0,64.0,0.1471264367816092,0.3310344827586207,0.6689655172413793,28.0,1.0,4.200396825396825,4.1280303788181945,291.0,1.0,118.0,130.0,12.0,71421,11.176361224116755,0
RC_inst517001.rcp,30.0,4.0,5.266666666666667,2.55516905289824,158.0,49.0,0.11264367816091954,0.8804597701149425,0.11954022988505753,81.0,1.0,1.8062678062678064,1.7463330061369278,52.0,0.9999999999999996,147.0,158.0,11.0,84131,11.340142272994967,0
RC_inst518001.rcp,30.0,4.0,5.533333333333333,2.8836705005176224,166.0,36.0,0.08275862068965517,0.9356321839080459,0.06436781609195408,142.0,1.0,1.0698356807511737,1.0390228732843632,28.0,0.9999999999999991,152.0,166.0,14.0,26627,10.189718572720594,1
RC_inst519001.rcp,30.0,4.0,4.333333333333333,3.123388473365994,130.0,64.0,0.1471264367816092,0.3310344827586207,0.6689655172413793,28.0,1.0,4.1380952380952385,4.090652056277056,291.0,1.0,116.0,130.0,14.0,71557,11.178263588657464,0
RC_inst520001.rcp,30.0,4.0,5.266666666666667,2.55516905289824,158.0,49.0,0.11264367816091954,0.8804597701149425,0.11954022988505753,81.0,1.0,1.8271604938271604,1.7843863471314452,52.0,0.9999999999999996,148.0,158.0,10.0,83582,11.333595429112227,0
RC_inst52001.rcp,30.0,2.0,5.266666666666667,2.55516905289824,158.0,49.0,0.11264367816091954,0.8804597701149425,0.11954022988505753,81.0,0.5,0.205761316872428,0.19362139917695476,0.0,0.0,17.0,81.0,0.0,32,3.4965075614664802,1
RC_inst521001.rcp,30.0,4.0,5.533333333333333,2.8836705005176224,166.0,36.0,0.08275862068965517,0.9356321839080459,0.06436781609195408,142.0,1.0,1.058932542624166,1.0375833951074869,28.0,0.9999999999999991,151.0,166.0,15.0,26627,10.189718572720594,1
RC_inst522001.rcp,30.0,4.0,4.333333333333333,3.123388473365994,130.0,64.0,0.1471264367816092,0.3310344827586207,0.6689655172413793,28.0,1.0,4.413690476190476,4.268805438842204,291.0,1.0,124.0,130.0,6.0,71486,11.177270893969352,0
RC_inst523001.rcp,30.0,4.0,5.266666666666667,2.55516905289824,158.0,49.0,0.11264367816091954,0.8804597701149425,0.11954022988505753,81.0,1.0,1.7719680464778504,1.7468786659963131,52.0,0.9999999999999996,144.0,158.0,14.0,84018,11.338798242724431,0
RC_inst524001.rcp,30.0,4.0,5.533333333333333,2.8836705005176224,166.0,36.0,0.08275862068965517,0.9356321839080459,0.06436781609195408,142.0,1.0,1.062206572769953,1.0461332332228666,28.0,0.9999999999999991,151.0,166.0,15.0,26627,10.189718572720594,1
RC_inst525001.rcp,30.0,4.0,4.333333333333333,3.123388473365994,130.0,64.0,0.1471264367816092,0.3310344827586207,0.6689655172413793,28.0,1.0,4.211038961038961,4.157534377387318,291.0,1.0,118.0,130.0,12.0,71373,11.175688936352282,0
RC_inst526001.rcp,30.0,4.0,5.266666666666667,2.55516905289824,158.0,49.0,0.11264367816091954,0.8804597701149425,0.11954022988505753,81.0,1.0,1.784832451499118,1.747692533803645,52.0,0.9999999999999996,145.0,158.0,13.0,84011,11.338714924765197,0
RC_inst527001.rcp,30.0,4.0,5.533333333333333,2.8836705005176224,166.0,36.0,0.08275862068965517,0.9356321839080459,0.06436781609195408,142.0,1.0,1.0637323943661972,1.0548573492235465,28.0,0.9999999999999991,152.0,166.0,14.0,26627,10.189718572720594,1
RC_inst528001.rcp,30.0,4.0,4.333333333333333,3.123388473365994,130.0,64.0,0.1471264367816092,0.3310344827586207,0.6689655172413793,28.0,1.0,4.270833333333333,4.145616171109592,291.0,1.0,120.0,130.0,10.0,71636,11.17936697925092,0
RC_inst529001.rcp,30.0,4.0,5.266666666666667,2.55516905289824,158.0,49.0,0.11264367816091954,0.8804597701149425,0.11954022988505753,81.0,1.0,1.7828612926652143,1.7376517817694288,52.0,0.9999999999999996,145.0,158.0,13.0,84034,11.338988657710667,0
RC_inst530001.rcp,30.0,4.0,5.533333333333333,2.8836705005176224,166.0,36.0,0.08275862068965517,0.9356321839080459,0.06436781609195408,142.0,1.0,1.0687655343827671,1.0384836672119189,28.0,0.9999999999999991,152.0,166.0,14.0,26627,10.189718572720594,1
RC_inst53001.rcp,30.0,4.0,5.533333333333333,2.8836705005176224,166.0,36.0,0.08275862068965517,0.9356321839080459,0.06436781609195408,142.0,0.5,0.14355362946912242,0.1281810521247141,0.0,0.0,21.0,142.0,0.0,32,3.4965075614664802,1
RC_inst531001.rcp,30.0,4.0,4.333333333333333,3.123388473365994,130.0,64.0,0.1471264367816092,0.3310344827586207,0.6689655172413793,28.0,1.0,4.389097744360902,4.282586445509377,291.0,1.0,123.0,130.0,7.0,71925,11.183393091694665,0
RC_inst532001.rcp,30.0,4.0,5.266666666666667,2.55516905289824,158.0,49.0,0.11264367816091954,0.8804597701149425,0.11954022988505753,81.0,1.0,1.786008230452675,1.7509314373897706,52.0,0.9999999999999996,145.0,158.0,13.0,83439,11.331883089674655,0
RC_inst533001.rcp,30.0,4.0,5.533333333333333,2.8836705005176224,166.0,36.0,0.08275862068965517,0.9356321839080459,0.06436781609195408,142.0,1.0,1.0806338028169014,1.0518485915492957,28.0,0.9999999999999991,154.0,166.0,12.0,26627,10.189718572720594,1
RC_inst534001.rcp,30.0,4.0,4.333333333333333,3.123388473365994,130.0,64.0,0.1471264367816092,0.3310344827586207,0.6689655172413793,28.0,1.0,4.29047619047619,4.170183270676692,291.0,1.0,121.0,130.0,9.0,71740,11.180817690214102,0
RC_inst535001.rcp,30.0,4.0,5.266666666666667,2.55516905289824,158.0,49.0,0.11264367816091954,0.8804597701149425,0.11954022988505753,81.0,1.0,1.7623456790123457,1.7318856554967668,52.0,0.9999999999999996,143.0,158.0,15.0,84338,11.342599670460043,0
RC_inst536001.rcp,30.0,4.0,5.533333333333333,2.8836705005176224,166.0,36.0,0.08275862068965517,0.9356321839080459,0.06436781609195408,142.0,1.0,1.0518565941101152,1.035814401785042,28.0,0.9999999999999991,150.0,166.0,16.0,26627,10.189718572720594,1
RC_inst537001.rcp,30.0,4.0,4.333333333333333,3.123388473365994,130.0,64.0,0.1471264367816092,0.3310344827586207,0.6689655172413793,28.0,1.0,4.221938775510204,4.166287090494092,291.0,1.0,119.0,130.0,11.0,71950,11.183740610759584,0
RC_inst538001.rcp,30.0,4.0,5.266666666666667,2.55516905289824,158.0,49.0,0.11264367816091954,0.8804597701149425,0.11954022988505753,81.0,1.0,1.7970679012345678,1.7596115094835854,52.0,0.9999999999999996,146.0,158.0,12.0,83961,11.338119594517936,0
RC_inst539001.rcp,30.0,4.0,5.533333333333333,2.8836705005176224,166.0,36.0,0.08275862068965517,0.9356321839080459,0.06436781609195408,142.0,1.0,1.088348271446863,1.0609962709434542,28.0,0.9999999999999991,155.0,166.0,11.0,26627,10.189718572720594,1
RC_inst54001.rcp,30.0,4.0,4.333333333333333,3.123388473365994,130.0,64.0,0.1471264367816092,0.3310344827586207,0.6689655172413793,28.0,0.5,0.6071428571428571,0.40236928104575165,0.0,0.0,17.0,34.0,6.0,27705,10.229404275217824,0
RC_inst55001.rcp,30.0,2.0,5.266666666666667,2.55516905289824,158.0,49.0,0.11264367816091954,0.8804597701149425,0.11954022988505753,81.0,0.5,0.22119341563786007,0.21160680882903105,1.0,0.01923076923076922,18.0,89.0,8.0,68,4.23410650459726,1
RC_inst56001.rcp,30.0,3.0,5.533333333333333,2.8836705005176224,166.0,36.0,0.08275862068965517,0.9356321839080459,0.06436781609195408,142.0,0.5000000000000001,0.1227364185110664,0.11674593012621182,0.0,0.0,18.0,142.0,0.0,32,3.4965075614664802,1
RC_inst57001.rcp,30.0,4.0,4.333333333333333,3.123388473365994,130.0,64.0,0.1471264367816092,0.3310344827586207,0.6689655172413793,28.0,0.5,0.6346153846153846,0.5113517674276188,3.0,0.010309278350515464,18.0,38.0,10.0,29981,10.30835248057226,0
RC_inst58001.rcp,30.0,3.0,5.266666666666667,2.55516905289824,158.0,49.0,0.11264367816091954,0.8804597701149425,0.11954022988505753,81.0,0.5,0.22530864197530864,0.20414256525367636,0.0,0.0,19.0,81.0,0.0,32,3.4965075614664802,1
RC_inst59001.rcp,30.0,4.0,5.533333333333333,2.8836705005176224,166.0,36.0,0.08275862068965517,0.9356321839080459,0.06436781609195408,142.0,0.5,0.13060179257362356,0.11723432200058405,0.0,0.0,19.0,142.0,0.0,32,3.4965075614664802,1
RC_inst60001.rcp,30.0,4.0,4.333333333333333,3.123388473365994,130.0,64.0,0.1471264367816092,0.3310344827586207,0.6689655172413793,28.0,0.5,0.9260204081632653,0.7249095411689397,34.0,0.11683848797250859,26.0,45.0,17.0,40022,10.597209567846916,0
RC_inst6001.rcp,30.0,4.0,4.333333333333333,3.123388473365994,130.0,64.0,0.1471264367816092,0.3310344827586207,0.6689655172413793,28.0,0.5,0.2815126050420168,0.23670999649859945,0.0,0.0,8.0,28.0,0.0,32,3.4965075614664802,1
RC_inst61001.rcp,30.0,4.0,5.266666666666667,2.55516905289824,158.0,49.0,0.11264367816091954,0.8804597701149425,0.11954022988505753,81.0,0.5,0.3391812865497076,0.2976939841888672,5.0,0.09615384615384612,28.0,91.0,10.0,167,5.123963979403259,1
RC_inst62001.rcp,30.0,4.0,5.533333333333333,2.8836705005176224,166.0,36.0,0.08275862068965517,0.9356321839080459,0.06436781609195408,142.0,0.5,0.1869718309859155,0.1675345935260687,3.0,0.10714285714285705,27.0,147.0,5.0,32,3.4965075614664802,1
RC_inst63001.rcp,30.0,4.0,4.333333333333333,3.123388473365994,130.0,64.0,0.1471264367816092,0.3310344827586207,0.6689655172413793,28.0,0.5,0.8095238095238095,0.6819053342490842,26.0,0.08934707903780069,23.0,40.0,12.0,35928,10.489300047824898,0
RC_inst64001.rcp,30.0,4.0,5.266666666666667,2.55516905289824,158.0,49.0,0.11264367816091954,0.8804597701149425,0.11954022988505753,81.0,0.5,0.33564814814814814,0.28369026806526804,5.0,0.09615384615384612,28.0,86.0,5.0,84,4.442651256490317,1
RC_inst65001.rcp,30.0,4.0,5.533333333333333,2.8836705005176224,166.0,36.0,0.08275862068965517,0.9356321839080459,0.06436781609195408,142.0,0.5,0.20644922164566346,0.17840640333227434,1.0,0.035714285714285685,30.0,143.0,1.0,32,3.4965075614664802,1
RC_inst66001.rcp,30.0,4.0,4.333333333333333,3.123388473365994,130.0,64.0,0.1471264367816092,0.3310344827586207,0.6689655172413793,28.0,0.5,0.8125,0.6563176406926408,23.0,0.07903780068728522,23.0,43.0,15.0,47587,10.770335907596417,0
RC_inst67001.rcp,30.0,4.0,5.266666666666667,2.55516905289824,158.0,49.0,0.11264367816091954,0.8804597701149425,0.11954022988505753,81.0,0.5,0.29154795821462487,0.27728315922760366,2.0,0.03846153846153844,24.0,84.0,3.0,32,3.4965075614664802,1
RC_inst68001.rcp,30.0,4.0,5.533333333333333,2.8836705005176224,166.0,36.0,0.08275862068965517,0.9356321839080459,0.06436781609195408,142.0,0.5,0.18873239436619718,0.16952301659607996,3.0,0.10714285714285705,27.0,144.0,2.0,32,3.4965075614664802,1
RC_inst69001.rcp,30.0,4.0,4.333333333333333,3.123388473365994,130.0,64.0,0.1471264367816092,0.3310344827586207,0.6689655172413793,28.0,0.5,0.748015873015873,0.6735260770975057,33.0,0.1134020618556701,21.0,32.0,4.0,28612,10.261616438987998,0
RC_inst70001.rcp,30.0,4.0,5.266666666666667,2.55516905289824,158.0,49.0,0.11264367816091954,0.8804597701149425,0.11954022988505753,81.0,0.5,0.335978835978836,0.2842954370732148,5.0,0.09615384615384612,28.0,100.0,19.0,232,5.4510384535657,1
RC_inst7001.rcp,30.0,0.0,5.266666666666667,2.55516905289824,158.0,49.0,0.11264367816091954,0.8804597701149425,0.11954022988505753,81.0,0.0,0.0,0.0,0.0,0.0,0.0,81.0,0.0,32,3.4965075614664802,1
RC_inst71001.rcp,30.0,4.0,5.533333333333333,2.8836705005176224,166.0,36.0,0.08275862068965517,0.9356321839080459,0.06436781609195408,142.0,0.5,0.20226917057902974,0.17436319304717193,3.0,0.10714285714285705,29.0,147.0,5.0,32,3.4965075614664802,1
RC_inst72001.rcp,30.0,4.0,4.333333333333333,3.123388473365994,130.0,64.0,0.1471264367816092,0.3310344827586207,0.6689655172413793,28.0,0.5,0.8861607142857143,0.6827352335164836,26.0,0.08934707903780069,25.0,41.0,13.0,36625,10.508513649700895,0
RC_inst73001.rcp,30.0,4.0,5.266666666666667,2.55516905289824,158.0,49.0,0.11264367816091954,0.8804597701149425,0.11954022988505753,81.0,0.5,0.35725308641975306,0.30249669312169314,4.0,0.07692307692307689,29.0,104.0,23.0,186,5.231108616854587,1
RC_inst74001.rcp,30.0,4.0,5.533333333333333,2.8836705005176224,166.0,36.0,0.08275862068965517,0.9356321839080459,0.06436781609195408,142.0,0.5,0.20950704225352113,0.17227328431372552,1.0,0.035714285714285685,30.0,142.0,0.0,32,3.4965075614664802,1
RC_inst75001.rcp,30.0,4.0,4.333333333333333,3.123388473365994,130.0,64.0,0.1471264367816092,0.3310344827586207,0.6689655172413793,28.0,0.5,0.9545454545454546,0.7516615737203972,37.0,0.12714776632302405,27.0,49.0,21.0,34996,10.463017622512156,0
RC_inst76001.rcp,30.0,4.0,5.266666666666667,2.55516905289824,158.0,49.0,0.11264367816091954,0.8804597701149425,0.11954022988505753,81.0,0.5,0.33539094650205764,0.32150205761316875,6.0,0.11538461538461534,28.0,87.0,6.0,194,5.272999558563747,1
RC_inst77001.rcp,30.0,4.0,5.533333333333333,2.8836705005176224,166.0,36.0,0.08275862068965517,0.9356321839080459,0.06436781609195408,142.0,0.5,0.19982394366197184,0.17873497296912788,6.0,0.2142857142857141,29.0,150.0,8.0,32,3.4965075614664802,1
RC_inst78001.rcp,30.0,4.0,4.333333333333333,3.123388473365994,130.0,64.0,0.1471264367816092,0.3310344827586207,0.6689655172413793,28.0,0.5,0.9067460317460317,0.7049704530935181,15.0,0.05154639175257732,26.0,45.0,17.0,52203,10.862914399287419,0
RC_inst79001.rcp,30.0,4.0,5.266666666666667,2.55516905289824,158.0,49.0,0.11264367816091954,0.8804597701149425,0.11954022988505753,81.0,0.5,0.3851851851851852,0.32409525538610506,9.0,0.17307692307692302,32.0,106.0,25.0,283,5.648974238161206,1
RC_inst80001.rcp,30.0,4.0,5.533333333333333,2.8836705005176224,166.0,36.0,0.08275862068965517,0.9356321839080459,0.06436781609195408,142.0,0.5,0.2136150234741784,0.1800303960515228,4.0,0.14285714285714274,31.0,152.0,10.0,75,4.330733340286331,1
RC_inst8001.rcp,30.0,0.0,5.533333333333333,2.8836705005176224,166.0,36.0,0.08275862068965517,0.9356321839080459,0.06436781609195408,142.0,0.0,0.0,0.0,0.0,0.0,0.0,142.0,0.0,32,3.4965075614664802,1
RC_inst81001.rcp,30.0,4.0,4.333333333333333,3.123388473365994,130.0,64.0,0.1471264367816092,0.3310344827586207,0.6689655172413793,28.0,0.5,0.8958333333333334,0.8065619276556777,41.0,0.140893470790378,26.0,52.0,24.0,35383,10.474015019548162,0
RC_inst82001.rcp,30.0,4.0,5.266666666666667,2.55516905289824,158.0,49.0,0.11264367816091954,0.8804597701149425,0.11954022988505753,81.0,0.5,0.3567251461988304,0.2899700382643852,3.0,0.05769230769230767,29.0,89.0,8.0,202,5.313205979041787,1
RC_inst83001.rcp,30.0,4.0,5.533333333333333,2.8836705005176224,166.0,36.0,0.08275862068965517,0.9356321839080459,0.06436781609195408,142.0,0.5,0.22742336371168187,0.1737865921016294,2.0,0.07142857142857137,33.0,142.0,0.0,32,3.4965075614664802,1
RC_inst84001.rcp,30.0,4.0,4.333333333333333,3.123388473365994,130.0,64.0,0.1471264367816092,0.3310344827586207,0.6689655172413793,28.0,0.5,0.8571428571428571,0.7066935107376284,34.0,0.11683848797250859,24.0,41.0,13.0,41088,10.6234957247597,0
RC_inst85001.rcp,30.0,4.0,5.266666666666667,2.55516905289824,158.0,49.0,0.11264367816091954,0.8804597701149425,0.11954022988505753,81.0,0.5,0.3595679012345679,0.29514855812370433,7.0,0.13461538461538455,30.0,97.0,16.0,1043,6.950814768442584,1
RC_inst86001.rcp,30.0,4.0,5.533333333333333,2.8836705005176224,166.0,36.0,0.08275862068965517,0.9356321839080459,0.06436781609195408,142.0,0.5,0.20020120724346077,0.17604261935247853,1.0,0.035714285714285685,29.0,142.0,0.0,32,3.4965075614664802,1
RC_inst87001.rcp,30.0,4.0,4.333333333333333,3.123388473365994,130.0,64.0,0.1471264367816092,0.3310344827586207,0.6689655172413793,28.0,0.5,0.8529411764705882,0.646826374090306,36.0,0.12371134020618557,24.0,45.0,17.0,41579,10.635374561412004,0
RC_inst88001.rcp,30.0,4.0,5.266666666666667,2.55516905289824,158.0,49.0,0.11264367816091954,0.8804597701149425,0.11954022988505753,81.0,0.5,0.367003367003367,0.30462562129228793,4.0,0.07692307692307689,30.0,84.0,3.0,73,4.30406509320417,1
RC_inst89001.rcp,30.0,3.0,5.533333333333333,2.8836705005176224,166.0,36.0,0.08275862068965517,0.9356321839080459,0.06436781609195408,142.0,0.5,0.16830985915492958,0.15879780105132216,2.0,0.07142857142857137,24.0,142.0,0.0,32,3.4965075614664802,1
RC_inst90001.rcp,30.0,4.0,4.333333333333333,3.123388473365994,130.0,64.0,0.1471264367816092,0.3310344827586207,0.6689655172413793,28.0,0.5,0.9785714285714285,0.8711309523809524,70.0,0.24054982817869416,28.0,50.0,22.0,48377,10.786800443913076,0
RC_inst9001.rcp,30.0,4.0,4.333333333333333,3.123388473365994,130.0,64.0,0.1471264367816092,0.3310344827586207,0.6689655172413793,28.0,0.5,0.3004201680672269,0.2725638332255979,0.0,0.0,9.0,28.0,0.0,32,3.4965075614664802,1
RC_inst91001.rcp,30.0,4.0,5.266666666666667,2.55516905289824,158.0,49.0,0.11264367816091954,0.8804597701149425,0.11954022988505753,81.0,0.5,0.4351851851851852,0.3800709733211023,12.0,0.23076923076923067,36.0,120.0,39.0,805,6.692083742506628,1
RC_inst92001.rcp,30.0,4.0,5.533333333333333,2.8836705005176224,166.0,36.0,0.08275862068965517,0.9356321839080459,0.06436781609195408,142.0,0.5,0.28213028169014087,0.23639311832533663,10.0,0.3571428571428568,41.0,155.0,13.0,32,3.4965075614664802,1
RC_inst93001.rcp,30.0,4.0,4.333333333333333,3.123388473365994,130.0,64.0,0.1471264367816092,0.3310344827586207,0.6689655172413793,28.0,0.5,1.37012987012987,0.9638461245742316,66.0,0.2268041237113402,39.0,56.0,17.0,48593,10.791255345477046,0
RC_inst94001.rcp,30.0,4.0,5.266666666666667,2.55516905289824,158.0,49.0,0.11264367816091954,0.8804597701149425,0.11954022988505753,81.0,0.5,0.5045267489711934,0.3860315952908545,12.0,0.23076923076923067,41.0,100.0,19.0,2088,7.644440761556566,1
RC_inst95001.rcp,30.0,4.0,5.533333333333333,2.8836705005176224,166.0,36.0,0.08275862068965517,0.9356321839080459,0.06436781609195408,142.0,0.5,0.29641485275288093,0.21912315108255456,3.0,0.10714285714285705,43.0,143.0,1.0,87,4.477336814478207,1
RC_inst96001.rcp,30.0,4.0,4.333333333333333,3.123388473365994,130.0,64.0,0.1471264367816092,0.3310344827586207,0.6689655172413793,28.0,0.5,1.1964285714285714,0.8638020833333333,87.0,0.29896907216494845,34.0,50.0,16.0,35666,10.481981170526655,0
RC_inst97001.rcp,30.0,4.0,5.266666666666667,2.55516905289824,158.0,49.0,0.11264367816091954,0.8804597701149425,0.11954022988505753,81.0,0.5,0.43621399176954734,0.39352154442023723,19.0,0.36538461538461525,36.0,117.0,36.0,869,6.76849321164863,1
RC_inst98001.rcp,30.0,4.0,5.533333333333333,2.8836705005176224,166.0,36.0,0.08275862068965517,0.9356321839080459,0.06436781609195408,142.0,0.5,0.3073943661971831,0.24514716504153122,7.0,0.24999999999999978,44.0,153.0,11.0,68,4.23410650459726,1
RC_inst99001.rcp,30.0,4.0,4.333333333333333,3.123388473365994,130.0,64.0,0.1471264367816092,0.3310344827586207,0.6689655172413793,28.0,0.5,1.0879120879120878,0.8311918116605617,80.0,0.27491408934707906,31.0,56.0,25.0,41866,10.64225320609987,0
RU_inst1.rcp,30.0,10.0,4.333333333333333,3.123388473365994,130.0,64.0,0.1471264367816092,0.3310344827586207,0.6689655172413793,28.0,0.20000000000000007,0.3333333333333333,0.24901365995115995,4.0,0.013745704467353952,10.0,28.0,0.0,32,3.4965075614664802,1
RU_inst100001.rcp,30.0,10.0,5.266666666666667,2.55516905289824,158.0,49.0,0.11264367816091954,0.8804597701149425,0.11954022988505753,81.0,0.6000000000000001,0.38366571699905033,0.30279515288229886,6.0,0.11538461538461534,32.0,92.0,11.0,614,6.421622267806518,1
RU_inst10001.rcp,30.0,2.0,5.266666666666667,2.55516905289824,158.0,49.0,0.11264367816091954,0.8804597701149425,0.11954022988505753,81.0,0.2,0.16563786008230452,0.15128133183688738,1.0,0.01923076923076922,14.0,86.0,5.0,32,3.4965075614664802,1
RU_inst1001.rcp,30.0,0.0,5.266666666666667,2.55516905289824,158.0,49.0,0.11264367816091954,0.8804597701149425,0.11954022988505753,81.0,0.0,0.0,0.0,0.0,0.0,0.0,81.0,0.0,32,3.4965075614664802,1
RU_inst101001.rcp,30.0,10.0,5.533333333333333,2.8836705005176224,166.0,36.0,0.08275862068965517,0.9356321839080459,0.06436781609195408,142.0,0.6000000000000001,0.19483568075117372,0.1744995184783917,15.0,0.5357142857142853,28.0,153.0,11.0,105,4.663439094112067,1
RU_inst102001.rcp,30.0,10.0,4.333333333333333,3.123388473365994,130.0,64.0,0.1471264367816092,0.3310344827586207,0.6689655172413793,28.0,0.6000000000000001,0.8767857142857143,0.6697505619380619,42.0,0.14432989690721648,25.0,50.0,22.0,35404,10.474608332085875,0
RU_inst103001.rcp,30.0,10.0,5.266666666666667,2.55516905289824,158.0,49.0,0.11264367816091954,0.8804597701149425,0.11954022988505753,81.0,0.6000000000000001,0.3342830009496676,0.28995940636463513,10.0,0.19230769230769224,28.0,101.0,20.0,917,6.822197390620491,1
RU_inst104001.rcp,30.0,10.0,5.533333333333333,2.8836705005176224,166.0,36.0,0.08275862068965517,0.9356321839080459,0.06436781609195408,142.0,0.6000000000000001,0.22576636288318144,0.17560898776025452,3.0,0.10714285714285705,33.0,147.0,5.0,32,3.4965075614664802,1
RU_inst105001.rcp,30.0,10.0,4.333333333333333,3.123388473365994,130.0,64.0,0.1471264367816092,0.3310344827586207,0.6689655172413793,28.0,0.6000000000000001,0.8592436974789915,0.6418754252713231,50.0,0.1718213058419244,25.0,50.0,22.0,38998,10.571291283757406,0
RU_inst106001.rcp,30.0,9.0,5.266666666666667,2.55516905289824,158.0,49.0,0.11264367816091954,0.8804597701149425,0.11954022988505753,81.0,0.6000000000000001,0.3271604938271605,0.26801389925983815,9.0,0.17307692307692302,27.0,113.0,32.0,250,5.5254529391317835,1
RU_inst107001.rcp,30.0,10.0,5.533333333333333,2.8836705005176224,166.0,36.0,0.08275862068965517,0.9356321839080459,0.06436781609195408,142.0,0.6000000000000001,0.20994718309859156,0.18060245408561698,2.0,0.07142857142857137,30.0,146.0,4.0,114,4.74493212836325,1
RU_inst108001.rcp,30.0,10.0,4.333333333333333,3.123388473365994,130.0,64.0,0.1471264367816092,0.3310344827586207,0.6689655172413793,28.0,0.6000000000000001,0.9229323308270677,0.7057256443247154,35.0,0.12027491408934708,26.0,52.0,24.0,44040,10.69287629720916,0
RU_inst109001.rcp,30.0,10.0,5.266666666666667,2.55516905289824,158.0,49.0,0.11264367816091954,0.8804597701149425,0.11954022988505753,81.0,0.6000000000000001,0.34048083170890187,0.29102888317456604,5.0,0.09615384615384612,28.0,106.0,25.0,1556,7.350516171833998,1
RU_inst110001.rcp,30.0,10.0,5.533333333333333,2.8836705005176224,166.0,36.0,0.08275862068965517,0.9356321839080459,0.06436781609195408,142.0,0.6000000000000001,0.2079318013343217,0.17441873246704165,3.0,0.10714285714285705,30.0,153.0,11.0,71,4.276666119016055,1
RU_inst11001.rcp,30.0,4.0,5.533333333333333,2.8836705005176224,166.0,36.0,0.08275862068965517,0.9356321839080459,0.06436781609195408,142.0,0.2,0.08243579121789561,0.059561124919451355,2.0,0.07142857142857137,12.0,156.0,14.0,60,4.110873864173311,1
RU_inst111001.rcp,30.0,10.0,4.333333333333333,3.123388473365994,130.0,64.0,0.1471264367816092,0.3310344827586207,0.6689655172413793,28.0,0.6000000000000001,0.8214285714285714,0.6564400235618723,51.0,0.17525773195876287,23.0,50.0,22.0,43856,10.688689620179726,0
RU_inst112001.rcp,30.0,10.0,5.266666666666667,2.55516905289824,158.0,49.0,0.11264367816091954,0.8804597701149425,0.11954022988505753,81.0,0.6000000000000001,0.33539094650205764,0.29307378528626093,9.0,0.17307692307692302,28.0,101.0,20.0,170,5.14166355650266,1
RU_inst113001.rcp,30.0,10.0,5.533333333333333,2.8836705005176224,166.0,36.0,0.08275862068965517,0.9356321839080459,0.06436781609195408,142.0,0.6000000000000001,0.2005189028910304,0.17998729970664518,2.0,0.07142857142857137,29.0,142.0,0.0,32,3.4965075614664802,1
RU_inst114001.rcp,30.0,10.0,4.333333333333333,3.123388473365994,130.0,64.0,0.1471264367816092,0.3310344827586207,0.6689655172413793,28.0,0.6000000000000001,0.8472222222222222,0.7096221038255812,26.0,0.08934707903780069,24.0,48.0,20.0,35301,10.471694898540225,0
RU_inst115001.rcp,30.0,10.0,5.266666666666667,2.55516905289824,158.0,49.0,0.11264367816091954,0.8804597701149425,0.11954022988505753,81.0,0.6000000000000001,0.36358024691358026,0.3002153564434266,14.0,0.2692307692307691,30.0,96.0,15.0,553,6.317164686747284,1
RU_inst116001.rcp,30.0,10.0,5.533333333333333,2.8836705005176224,166.0,36.0,0.08275862068965517,0.9356321839080459,0.06436781609195408,142.0,0.6000000000000001,0.19064386317907445,0.17513041767350518,9.0,0.3214285714285711,28.0,150.0,8.0,32,3.4965075614664802,1
RU_inst117001.rcp,30.0,10.0,4.333333333333333,3.123388473365994,130.0,64.0,0.1471264367816092,0.3310344827586207,0.6689655172413793,28.0,0.6000000000000001,0.900375939849624,0.7084683773828511,41.0,0.140893470790378,26.0,50.0,22.0,34742,10.455733391852487,0
RU_inst118001.rcp,30.0,10.0,5.266666666666667,2.55516905289824,158.0,49.0,0.11264367816091954,0.8804597701149425,0.11954022988505753,81.0,0.6000000000000001,0.38336582196231317,0.29806379572705105,6.0,0.11538461538461534,32.0,89.0,8.0,225,5.420534999272286,1
RU_inst119001.rcp,30.0,10.0,5.533333333333333,2.8836705005176224,166.0,36.0,0.08275862068965517,0.9356321839080459,0.06436781609195408,142.0,0.6000000000000001,0.21522887323943662,0.17691213646888876,8.0,0.2857142857142855,31.0,146.0,4.0,32,3.4965075614664802,1
RU_inst120001.rcp,30.0,10.0,4.333333333333333,3.123388473365994,130.0,64.0,0.1471264367816092,0.3310344827586207,0.6689655172413793,28.0,0.6000000000000001,1.7267857142857144,1.45376350831708,254.0,0.872852233676976,49.0,106.0,57.0,60765,11.014785701011421,0
RU_inst12001.rcp,30.0,10.0,4.333333333333333,3.123388473365994,130.0,64.0,0.1471264367816092,0.3310344827586207,0.6689655172413793,28.0,0.20000000000000007,0.4246031746031746,0.257777295926345,1.0,0.003436426116838488,12.0,31.0,3.0,32,3.4965075614664802,1
RU_inst121001.rcp,30.0,10.0,5.266666666666667,2.55516905289824,158.0,49.0,0.11264367816091954,0.8804597701149425,0.11954022988505753,81.0,0.6000000000000001,0.6965562053281351,0.5812264211313918,45.0,0.865384615384615,57.0,146.0,65.0,73165,11.20048611117043,0
RU_inst122001.rcp,30.0,10.0,5.533333333333333,2.8836705005176224,166.0,36.0,0.08275862068965517,0.9356321839080459,0.06436781609195408,142.0,0.6000000000000001,0.40265120132560067,0.347282207474425,24.0,0.8571428571428564,58.0,165.0,23.0,5094,8.536014945656826,1
RU_inst123001.rcp,30.0,10.0,4.333333333333333,3.123388473365994,130.0,64.0,0.1471264367816092,0.3310344827586207,0.6689655172413793,28.0,0.6000000000000001,1.6023809523809525,1.3363334691624167,250.0,0.8591065292096219,45.0,95.0,50.0,62336,11.04031042896799,0
RU_inst124001.rcp,30.0,10.0,5.266666666666667,2.55516905289824,158.0,49.0,0.11264367816091954,0.8804597701149425,0.11954022988505753,81.0,0.6000000000000001,0.7037037037037037,0.5826121550734553,49.0,0.942307692307692,57.0,151.0,70.0,75344,11.229832844852254,0
RU_inst125001.rcp,30.0,10.0,5.533333333333333,2.8836705005176224,166.0,36.0,0.08275862068965517,0.9356321839080459,0.06436781609195408,142.0,0.6000000000000001,0.39859154929577467,0.3482954855105795,22.0,0.785714285714285,57.0,165.0,23.0,1754,7.470224135899966,1
RU_inst126001.rcp,30.0,10.0,4.333333333333333,3.123388473365994,130.0,64.0,0.1471264367816092,0.3310344827586207,0.6689655172413793,28.0,0.6000000000000001,2.156015037593985,1.3895249353115067,265.0,0.9106529209621993,61.0,115.0,54.0,58455,10.976029613471054,0
RU_inst127001.rcp,30.0,10.0,5.266666666666667,2.55516905289824,158.0,49.0,0.11264367816091954,0.8804597701149425,0.11954022988505753,81.0,0.6000000000000001,0.6238683127572017,0.5538395863395863,46.0,0.8846153846153842,51.0,153.0,72.0,65787,11.09419272986116,0
RU_inst128001.rcp,30.0,10.0,5.533333333333333,2.8836705005176224,166.0,36.0,0.08275862068965517,0.9356321839080459,0.06436781609195408,142.0,0.6000000000000001,0.38028169014084506,0.3561540581875089,23.0,0.8214285714285707,54.0,163.0,21.0,3363,8.120886021092838,1
RU_inst129001.rcp,30.0,10.0,4.333333333333333,3.123388473365994,130.0,64.0,0.1471264367816092,0.3310344827586207,0.6689655172413793,28.0,0.6000000000000001,1.7335164835164836,1.3799269882778284,253.0,0.8694158075601375,49.0,121.0,72.0,65385,11.088063447251333,0
RU_inst130001.rcp,30.0,10.0,5.266666666666667,2.55516905289824,158.0,49.0,0.11264367816091954,0.8804597701149425,0.11954022988505753,81.0,0.6000000000000001,0.6771604938271605,0.5800521458903525,47.0,0.9038461538461535,55.0,158.0,77.0,76487,11.244889144765281,0
RU_inst13001.rcp,30.0,1.0,5.266666666666667,2.55516905289824,158.0,49.0,0.11264367816091954,0.8804597701149425,0.11954022988505753,81.0,0.2,0.10699588477366255,0.10699588477366255,0.0,0.0,9.0,81.0,0.0,32,3.4965075614664802,1
RU_inst131001.rcp,30.0,10.0,5.533333333333333,2.8836705005176224,166.0,36.0,0.08275862068965517,0.9356321839080459,0.06436781609195408,142.0,0.6000000000000001,0.39436619718309857,0.3411071935569384,23.0,0.8214285714285707,56.0,163.0,21.0,2252,7.720017940432244,1
RU_inst132001.rcp,30.0,10.0,4.333333333333333,3.123388473365994,130.0,64.0,0.1471264367816092,0.3310344827586207,0.6689655172413793,28.0,0.6000000000000001,1.7011278195488722,1.4092291309236247,253.0,0.8694158075601375,48.0,108.0,60.0,60104,11.003848311738354,0
RU_inst133001.rcp,30.0,10.0,5.266666666666667,2.55516905289824,158.0,49.0,0.11264367816091954,0.8804597701149425,0.11954022988505753,81.0,0.6000000000000001,0.6450617283950617,0.5888338221126892,49.0,0.942307692307692,53.0,154.0,73.0,73069,11.199173164785263,0
RU_inst134001.rcp,30.0,10.0,5.533333333333333,2.8836705005176224,166.0,36.0,0.08275862068965517,0.9356321839080459,0.06436781609195408,142.0,0.6000000000000001,0.3993371996685998,0.3528265242536162,24.0,0.8571428571428564,57.0,162.0,20.0,5564,8.624252263709645,1
RU_inst135001.rcp,30.0,10.0,4.333333333333333,3.123388473365994,130.0,64.0,0.1471264367816092,0.3310344827586207,0.6689655172413793,28.0,0.6000000000000001,1.6696428571428572,1.4073644457783114,256.0,0.8797250859106529,47.0,116.0,69.0,61198,11.02188612849764,0
RU_inst136001.rcp,30.0,10.0,5.266666666666667,2.55516905289824,158.0,49.0,0.11264367816091954,0.8804597701149425,0.11954022988505753,81.0,0.6000000000000001,0.6499636891793754,0.5961752133251962,47.0,0.9038461538461535,53.0,148.0,67.0,76430,11.244143652018929,0
RU_inst137001.rcp,30.0,10.0,5.533333333333333,2.8836705005176224,166.0,36.0,0.08275862068965517,0.9356321839080459,0.06436781609195408,142.0,0.6000000000000001,0.42852112676056336,0.3519796001829535,25.0,0.892857142857142,61.0,163.0,21.0,6260,8.74209519574531,1
RU_inst138001.rcp,30.0,10.0,4.333333333333333,3.123388473365994,130.0,64.0,0.1471264367816092,0.3310344827586207,0.6689655172413793,28.0,0.6000000000000001,1.7582417582417582,1.4022880621700282,249.0,0.8556701030927835,50.0,105.0,55.0,53882,10.89457030826157,0
RU_inst139001.rcp,30.0,10.0,5.266666666666667,2.55516905289824,158.0,49.0,0.11264367816091954,0.8804597701149425,0.11954022988505753,81.0,0.6000000000000001,0.6770630279402209,0.5943094506940396,46.0,0.8846153846153842,55.0,147.0,66.0,70768,11.167176330688804,0
RU_inst140001.rcp,30.0,10.0,5.533333333333333,2.8836705005176224,166.0,36.0,0.08275862068965517,0.9356321839080459,0.06436781609195408,142.0,0.6000000000000001,0.39587525150905434,0.34158775710679634,25.0,0.892857142857142,57.0,165.0,23.0,1513,7.322510433997394,1
RU_inst14001.rcp,30.0,2.0,5.533333333333333,2.8836705005176224,166.0,36.0,0.08275862068965517,0.9356321839080459,0.06436781609195408,142.0,0.2,0.06388329979879276,0.060110663983903426,0.0,0.0,10.0,142.0,0.0,32,3.4965075614664802,1
RU_inst141001.rcp,30.0,10.0,4.333333333333333,3.123388473365994,130.0,64.0,0.1471264367816092,0.3310344827586207,0.6689655172413793,28.0,0.6000000000000001,1.644736842105263,1.3735949881731615,249.0,0.8556701030927835,47.0,100.0,53.0,57290,10.955898822303524,0
RU_inst142001.rcp,30.0,10.0,5.266666666666667,2.55516905289824,158.0,49.0,0.11264367816091954,0.8804597701149425,0.11954022988505753,81.0,0.6000000000000001,0.6460905349794238,0.577542880008337,46.0,0.8846153846153842,53.0,148.0,67.0,74971,11.224869989478876,0
RU_inst143001.rcp,30.0,10.0,5.533333333333333,2.8836705005176224,166.0,36.0,0.08275862068965517,0.9356321839080459,0.06436781609195408,142.0,0.6000000000000001,0.4084507042253521,0.3575933923051614,25.0,0.892857142857142,58.0,165.0,23.0,2109,7.6544432264701125,1
RU_inst144001.rcp,30.0,10.0,4.333333333333333,3.123388473365994,130.0,64.0,0.1471264367816092,0.3310344827586207,0.6689655172413793,28.0,0.6000000000000001,1.8477443609022557,1.4413113500982528,260.0,0.8934707903780069,52.0,116.0,64.0,59429,10.992554428360707,0
RU_inst145001.rcp,30.0,10.0,5.266666666666667,2.55516905289824,158.0,49.0,0.11264367816091954,0.8804597701149425,0.11954022988505753,81.0,0.6000000000000001,0.6569200779727096,0.5977095417397562,48.0,0.9230769230769227,54.0,151.0,70.0,70252,11.15985829091051,0
RU_inst146001.rcp,30.0,10.0,5.533333333333333,2.8836705005176224,166.0,36.0,0.08275862068965517,0.9356321839080459,0.06436781609195408,142.0,0.6000000000000001,0.4028169014084507,0.3546267487103564,24.0,0.8571428571428564,58.0,166.0,24.0,2271,7.7284157798410416,1
RU_inst147001.rcp,30.0,10.0,4.333333333333333,3.123388473365994,130.0,64.0,0.1471264367816092,0.3310344827586207,0.6689655172413793,28.0,0.6000000000000001,1.7232142857142858,1.4152122340164137,263.0,0.9037800687285223,49.0,109.0,60.0,59220,10.98903148770011,0
RU_inst148001.rcp,30.0,10.0,5.266666666666667,2.55516905289824,158.0,49.0,0.11264367816091954,0.8804597701149425,0.11954022988505753,81.0,0.6000000000000001,0.6517218973359324,0.5749048781010425,46.0,0.8846153846153842,53.0,153.0,72.0,69015,11.142093640756414,0
RU_inst149001.rcp,30.0,10.0,5.533333333333333,2.8836705005176224,166.0,36.0,0.08275862068965517,0.9356321839080459,0.06436781609195408,142.0,0.6000000000000001,0.42893725992317544,0.3498700576665736,26.0,0.9285714285714277,61.0,166.0,24.0,6532,8.78462153484075,1
RU_inst150001.rcp,30.0,10.0,4.333333333333333,3.123388473365994,130.0,64.0,0.1471264367816092,0.3310344827586207,0.6689655172413793,28.0,0.6000000000000001,2.7222222222222223,2.126539300820316,290.0,0.9965635738831615,77.0,130.0,53.0,61834,11.032224826176158,0
RU_inst15001.rcp,30.0,10.0,4.333333333333333,3.123388473365994,130.0,64.0,0.1471264367816092,0.3310344827586207,0.6689655172413793,28.0,0.20000000000000007,0.3404761904761905,0.212797619047619,3.0,0.010309278350515464,10.0,28.0,0.0,32,3.4965075614664802,1
RU_inst151001.rcp,30.0,10.0,5.266666666666667,2.55516905289824,158.0,49.0,0.11264367816091954,0.8804597701149425,0.11954022988505753,81.0,0.6000000000000001,0.9899691358024691,0.8922455860686854,52.0,0.9999999999999996,81.0,158.0,77.0,71557,11.178263588657464,0
RU_inst152001.rcp,30.0,10.0,5.533333333333333,2.8836705005176224,166.0,36.0,0.08275862068965517,0.9356321839080459,0.06436781609195408,142.0,0.6000000000000001,0.647887323943662,0.5376207598307301,28.0,0.9999999999999991,92.0,166.0,24.0,26627,10.189718572720594,1
RU_inst153001.rcp,30.0,10.0,4.333333333333333,3.123388473365994,130.0,64.0,0.1471264367816092,0.3310344827586207,0.6689655172413793,28.0,0.6000000000000001,2.607142857142857,2.117812306740878,290.0,0.9965635738831615,73.0,130.0,57.0,61236,11.022506860981878,0
RU_inst154001.rcp,30.0,10.0,5.266666666666667,2.55516905289824,158.0,49.0,0.11264367816091954,0.8804597701149425,0.11954022988505753,81.0,0.6000000000000001,1.0513320337881742,0.8904688308958175,52.0,0.9999999999999996,86.0,158.0,72.0,70708,11.166328142227036,0
RU_inst155001.rcp,30.0,10.0,5.533333333333333,2.8836705005176224,166.0,36.0,0.08275862068965517,0.9356321839080459,0.06436781609195408,142.0,0.6000000000000001,0.5638832997987927,0.5319049451907125,28.0,0.9999999999999991,81.0,166.0,24.0,26627,10.189718572720594,1
RU_inst156001.rcp,30.0,10.0,4.333333333333333,3.123388473365994,130.0,64.0,0.1471264367816092,0.3310344827586207,0.6689655172413793,28.0,0.6000000000000001,2.78781512605042,2.0764809584120725,289.0,0.993127147766323,79.0,127.0,48.0,61147,11.021052434120925,0
RU_inst157001.rcp,30.0,10.0,5.266666666666667,2.55516905289824,158.0,49.0,0.11264367816091954,0.8804597701149425,0.11954022988505753,81.0,0.6000000000000001,0.9563786008230453,0.867801592674887,52.0,0.9999999999999996,78.0,158.0,77.0,71220,11.173542997732914,0
RU_inst158001.rcp,30.0,10.0,5.533333333333333,2.8836705005176224,166.0,36.0,0.08275862068965517,0.9356321839080459,0.06436781609195408,142.0,0.6000000000000001,0.6007042253521127,0.5278731720466339,28.0,0.9999999999999991,86.0,166.0,24.0,26627,10.189718572720594,1
RU_inst159001.rcp,30.0,10.0,4.333333333333333,3.123388473365994,130.0,64.0,0.1471264367816092,0.3310344827586207,0.6689655172413793,28.0,0.6000000000000001,2.569548872180451,2.036278700874289,291.0,1.0,72.0,130.0,58.0,60579,11.011720084581228,0
RU_inst160001.rcp,30.0,10.0,5.266666666666667,2.55516905289824,158.0,49.0,0.11264367816091954,0.8804597701149425,0.11954022988505753,81.0,0.6000000000000001,1.04720406681191,0.8834138986812132,52.0,0.9999999999999996,85.0,158.0,73.0,70973,11.170068891773791,0
RU_inst16001.rcp,30.0,3.0,5.266666666666667,2.55516905289824,158.0,49.0,0.11264367816091954,0.8804597701149425,0.11954022988505753,81.0,0.19999999999999998,0.16722783389450055,0.10545021363734813,2.0,0.03846153846153844,14.0,86.0,5.0,67,4.219507705176107,1
RU_inst161001.rcp,30.0,10.0,5.533333333333333,2.8836705005176224,166.0,36.0,0.08275862068965517,0.9356321839080459,0.06436781609195408,142.0,0.6000000000000001,0.6197183098591549,0.5269032720575257,28.0,0.9999999999999991,88.0,166.0,24.0,26627,10.189718572720594,1
RU_inst162001.rcp,30.0,10.0,4.333333333333333,3.123388473365994,130.0,64.0,0.1471264367816092,0.3310344827586207,0.6689655172413793,28.0,0.6000000000000001,2.494047619047619,2.020290661719233,290.0,0.9965635738831615,70.0,130.0,60.0,61883,11.033016943838959,0
RU_inst163001.rcp,30.0,10.0,5.266666666666667,2.55516905289824,158.0,49.0,0.11264367816091954,0.8804597701149425,0.11954022988505753,81.0,0.6000000000000001,0.9794238683127572,0.8841413824966458,51.0,0.9807692307692304,80.0,158.0,77.0,78368,11.269183719980813,0
RU_inst164001.rcp,30.0,10.0,5.533333333333333,2.8836705005176224,166.0,36.0,0.08275862068965517,0.9356321839080459,0.06436781609195408,142.0,0.6000000000000001,0.6099374021909233,0.5221330615270571,28.0,0.9999999999999991,87.0,166.0,24.0,26627,10.189718572720594,1
RU_inst165001.rcp,30.0,10.0,4.333333333333333,3.123388473365994,130.0,64.0,0.1471264367816092,0.3310344827586207,0.6689655172413793,28.0,0.6000000000000001,2.495798319327731,2.160870223089236,290.0,0.9965635738831615,70.0,130.0,60.0,62045,11.03563132441303,0
RU_inst166001.rcp,30.0,10.0,5.266666666666667,2.55516905289824,158.0,49.0,0.11264367816091954,0.8804597701149425,0.11954022988505753,81.0,0.6000000000000001,0.9701104613385315,0.8675807233224674,52.0,0.9999999999999996,79.0,158.0,77.0,70600,11.16479958768697,0
RU_inst167001.rcp,30.0,10.0,5.533333333333333,2.8836705005176224,166.0,36.0,0.08275862068965517,0.9356321839080459,0.06436781609195408,142.0,0.6000000000000001,0.58898847631242,0.5261763928789611,28.0,0.9999999999999991,84.0,166.0,24.0,26627,10.189718572720594,1
RU_inst168001.rcp,30.0,10.0,4.333333333333333,3.123388473365994,130.0,64.0,0.1471264367816092,0.3310344827586207,0.6689655172413793,28.0,0.6000000000000001,2.6267857142857145,2.1026392602495543,291.0,1.0,74.0,130.0,56.0,61680,11.029731220816553,0
RU_inst169001.rcp,30.0,10.0,5.266666666666667,2.55516905289824,158.0,49.0,0.11264367816091954,0.8804597701149425,0.11954022988505753,81.0,0.6000000000000001,1.0131172839506173,0.8886498232271366,52.0,0.9999999999999996,83.0,158.0,75.0,70356,11.161337560080053,0
RU_inst170001.rcp,30.0,10.0,5.533333333333333,2.8836705005176224,166.0,36.0,0.08275862068965517,0.9356321839080459,0.06436781609195408,142.0,0.6000000000000001,0.5855130784708249,0.5268220542920211,28.0,0.9999999999999991,84.0,166.0,24.0,26627,10.189718572720594,1
RU_inst17001.rcp,30.0,2.0,5.533333333333333,2.8836705005176224,166.0,36.0,0.08275862068965517,0.9356321839080459,0.06436781609195408,142.0,0.2,0.052230046948356805,0.0409037558685446,0.0,0.0,8.0,142.0,0.0,32,3.4965075614664802,1
RU_inst171001.rcp,30.0,10.0,4.333333333333333,3.123388473365994,130.0,64.0,0.1471264367816092,0.3310344827586207,0.6689655172413793,28.0,0.6000000000000001,2.5337301587301586,2.0168949718121825,291.0,1.0,71.0,130.0,59.0,61941,11.033953742318143,0
RU_inst172001.rcp,30.0,10.0,5.266666666666667,2.55516905289824,158.0,49.0,0.11264367816091954,0.8804597701149425,0.11954022988505753,81.0,0.6000000000000001,1.0432098765432098,0.891764578014578,52.0,0.9999999999999996,85.0,158.0,73.0,71272,11.174272853057465,0
RU_inst173001.rcp,30.0,10.0,5.533333333333333,2.8836705005176224,166.0,36.0,0.08275862068965517,0.9356321839080459,0.06436781609195408,142.0,0.6000000000000001,0.5821596244131455,0.5268714199070018,28.0,0.9999999999999991,83.0,166.0,24.0,26627,10.189718572720594,1
RU_inst174001.rcp,30.0,10.0,4.333333333333333,3.123388473365994,130.0,64.0,0.1471264367816092,0.3310344827586207,0.6689655172413793,28.0,0.6000000000000001,2.720982142857143,2.078939184525485,291.0,1.0,77.0,130.0,53.0,61443,11.025881469869036,0
RU_inst175001.rcp,30.0,10.0,5.266666666666667,2.55516905289824,158.0,49.0,0.11264367816091954,0.8804597701149425,0.11954022988505753,81.0,0.6000000000000001,0.9783950617283951,0.8690714499925025,52.0,0.9999999999999996,80.0,158.0,77.0,70326,11.16091107234222,0
RU_inst176001.rcp,30.0,10.0,5.533333333333333,2.8836705005176224,166.0,36.0,0.08275862068965517,0.9356321839080459,0.06436781609195408,142.0,0.6000000000000001,0.6310942578548212,0.5357370283219496,28.0,0.9999999999999991,90.0,166.0,24.0,26627,10.189718572720594,1
RU_inst177001.rcp,30.0,10.0,4.333333333333333,3.123388473365994,130.0,64.0,0.1471264367816092,0.3310344827586207,0.6689655172413793,28.0,0.6000000000000001,2.4178571428571427,2.10505012756851,290.0,0.9965635738831615,68.0,130.0,62.0,61823,11.03204691757219,0
RU_inst178001.rcp,30.0,10.0,5.266666666666667,2.55516905289824,158.0,49.0,0.11264367816091954,0.8804597701149425,0.11954022988505753,81.0,0.6000000000000001,0.9831649831649831,0.8850751387447294,52.0,0.9999999999999996,80.0,158.0,77.0,71701,11.18027392020147,0
RU_inst179001.rcp,30.0,10.0,5.533333333333333,2.8836705005176224,166.0,36.0,0.08275862068965517,0.9356321839080459,0.06436781609195408,142.0,0.6000000000000001,0.6115023474178404,0.5322403653411372,28.0,0.9999999999999991,87.0,166.0,24.0,26627,10.189718572720594,1
RU_inst180001.rcp,30.0,10.0,4.333333333333333,3.123388473365994,130.0,64.0,0.1471264367816092,0.3310344827586207,0.6689655172413793,28.0,1.0,1.2744360902255638,1.1438652654657742,98.0,0.33676975945017185,36.0,64.0,28.0,38854,10.567592047643343,0
RU_inst18001.rcp,30.0,10.0,4.333333333333333,3.123388473365994,130.0,64.0,0.1471264367816092,0.3310344827586207,0.6689655172413793,28.0,0.20000000000000007,0.36538461538461536,0.23514472659693247,5.0,0.01718213058419244,11.0,28.0,0.0,27304,10.214825114586255,0
RU_inst181001.rcp,30.0,10.0,5.266666666666667,2.55516905289824,158.0,49.0,0.11264367816091954,0.8804597701149425,0.11954022988505753,81.0,1.0,0.51137102014295,0.4870691894582503,27.0,0.519230769230769,42.0,125.0,44.0,23897,10.0815500524097,1
RU_inst182001.rcp,30.0,10.0,5.533333333333333,2.8836705005176224,166.0,36.0,0.08275862068965517,0.9356321839080459,0.06436781609195408,142.0,1.0,0.31338028169014087,0.28389038835298047,15.0,0.5357142857142853,45.0,160.0,18.0,622,6.434546518787453,1
RU_inst183001.rcp,30.0,10.0,4.333333333333333,3.123388473365994,130.0,64.0,0.1471264367816092,0.3310344827586207,0.6689655172413793,28.0,1.0,1.3571428571428572,1.1406997286093925,128.0,0.43986254295532645,38.0,77.0,39.0,40066,10.598308331848083,0
RU_inst184001.rcp,30.0,10.0,5.266666666666667,2.55516905289824,158.0,49.0,0.11264367816091954,0.8804597701149425,0.11954022988505753,81.0,1.0,0.5622032288698955,0.48775762837582015,21.0,0.4038461538461537,46.0,110.0,29.0,8018,8.989569004807029,1
RU_inst185001.rcp,30.0,10.0,5.533333333333333,2.8836705005176224,166.0,36.0,0.08275862068965517,0.9356321839080459,0.06436781609195408,142.0,1.0,0.3392018779342723,0.29208170402505534,24.0,0.8571428571428564,49.0,162.0,20.0,1721,7.451241684987676,1
RU_inst186001.rcp,30.0,10.0,4.333333333333333,3.123388473365994,130.0,64.0,0.1471264367816092,0.3310344827586207,0.6689655172413793,28.0,1.0,1.3290816326530612,1.1471187146187147,130.0,0.44673539518900346,38.0,71.0,33.0,46063,10.737787012851957,0
RU_inst187001.rcp,30.0,10.0,5.266666666666667,2.55516905289824,158.0,49.0,0.11264367816091954,0.8804597701149425,0.11954022988505753,81.0,1.0,0.5395787944807553,0.4857448013738863,18.0,0.34615384615384603,44.0,126.0,45.0,21850,9.992001966066868,1
RU_inst188001.rcp,30.0,10.0,5.533333333333333,2.8836705005176224,166.0,36.0,0.08275862068965517,0.9356321839080459,0.06436781609195408,142.0,1.0,0.3039003250270856,0.2870460219308495,19.0,0.6785714285714279,44.0,164.0,22.0,189,5.247024072160486,1
RU_inst189001.rcp,30.0,10.0,4.333333333333333,3.123388473365994,130.0,64.0,0.1471264367816092,0.3310344827586207,0.6689655172413793,28.0,1.0,1.375,1.1906327274499544,130.0,0.44673539518900346,39.0,83.0,44.0,38396,10.555734610523901,0
RU_inst190001.rcp,30.0,10.0,5.266666666666667,2.55516905289824,158.0,49.0,0.11264367816091954,0.8804597701149425,0.11954022988505753,81.0,1.0,0.5534979423868313,0.5068942509731983,28.0,0.5384615384615382,45.0,114.0,33.0,40533,10.609896407079258,1
RU_inst19001.rcp,30.0,4.0,5.266666666666667,2.55516905289824,158.0,49.0,0.11264367816091954,0.8804597701149425,0.11954022988505753,81.0,0.2,0.11728395061728394,0.09503233392122282,0.0,0.0,10.0,81.0,0.0,32,3.4965075614664802,1
RU_inst191001.rcp,30.0,10.0,5.533333333333333,2.8836705005176224,166.0,36.0,0.08275862068965517,0.9356321839080459,0.06436781609195408,142.0,1.0,0.31408450704225355,0.2801722878859538,7.0,0.24999999999999978,45.0,158.0,16.0,292,5.680172609017068,1
RU_inst192001.rcp,30.0,10.0,4.333333333333333,3.123388473365994,130.0,64.0,0.1471264367816092,0.3310344827586207,0.6689655172413793,28.0,1.0,1.2575187969924813,1.1070161505591074,109.0,0.3745704467353952,36.0,69.0,33.0,45657,10.728934117109558,0
RU_inst193001.rcp,30.0,10.0,5.266666666666667,2.55516905289824,158.0,49.0,0.11264367816091954,0.8804597701149425,0.11954022988505753,81.0,1.0,0.5566778900112234,0.4936981590438763,20.0,0.38461538461538447,46.0,121.0,40.0,44669,10.707057414346165,1
RU_inst194001.rcp,30.0,10.0,5.533333333333333,2.8836705005176224,166.0,36.0,0.08275862068965517,0.9356321839080459,0.06436781609195408,142.0,1.0,0.31814415907207955,0.2863274269880471,12.0,0.4285714285714282,46.0,153.0,11.0,65,4.189654742026425,1
RU_inst195001.rcp,30.0,10.0,4.333333333333333,3.123388473365994,130.0,64.0,0.1471264367816092,0.3310344827586207,0.6689655172413793,28.0,1.0,1.355263157894737,1.16591138211204,123.0,0.422680412371134,38.0,74.0,36.0,43404,10.678329920825908,0
RU_inst196001.rcp,30.0,10.0,5.266666666666667,2.55516905289824,158.0,49.0,0.11264367816091954,0.8804597701149425,0.11954022988505753,81.0,1.0,0.5582010582010583,0.5074115906474581,28.0,0.5384615384615382,46.0,117.0,36.0,56426,10.940703046338914,0
RU_inst197001.rcp,30.0,10.0,5.533333333333333,2.8836705005176224,166.0,36.0,0.08275862068965517,0.9356321839080459,0.06436781609195408,142.0,1.0,0.32134914751667903,0.2859877172391071,6.0,0.2142857142857141,46.0,154.0,12.0,153,5.0369526024136295,1
RU_inst198001.rcp,30.0,10.0,4.333333333333333,3.123388473365994,130.0,64.0,0.1471264367816092,0.3310344827586207,0.6689655172413793,28.0,1.0,1.4974489795918366,1.1834385951350235,129.0,0.44329896907216493,42.0,79.0,37.0,37033,10.519591688597762,0
RU_inst199001.rcp,30.0,10.0,5.266666666666667,2.55516905289824,158.0,49.0,0.11264367816091954,0.8804597701149425,0.11954022988505753,81.0,1.0,0.5500685871056241,0.4923111323013857,27.0,0.519230769230769,45.0,130.0,49.0,31615,10.361418600547594,1
RU_inst200001.rcp,30.0,10.0,5.533333333333333,2.8836705005176224,166.0,36.0,0.08275862068965517,0.9356321839080459,0.06436781609195408,142.0,1.0,0.3538732394366197,0.2996316633288464,13.0,0.46428571428571386,51.0,155.0,13.0,379,5.940171252720432,1
RU_inst20001.rcp,30.0,4.0,5.533333333333333,2.8836705005176224,166.0,36.0,0.08275862068965517,0.9356321839080459,0.06436781609195408,142.0,0.2,0.06594110115236876,0.061611715749039696,0.0,0.0,10.0,142.0,0.0,32,3.4965075614664802,1
RU_inst2001.rcp,30.0,1.0,5.533333333333333,2.8836705005176224,166.0,36.0,0.08275862068965517,0.9356321839080459,0.06436781609195408,142.0,0.2,0.05962441314553991,0.05962441314553991,0.0,0.0,9.0,142.0,0.0,32,3.4965075614664802,1
RU_inst201001.rcp,30.0,10.0,4.333333333333333,3.123388473365994,130.0,64.0,0.1471264367816092,0.3310344827586207,0.6689655172413793,28.0,1.0,1.2477678571428572,1.139680125838214,136.0,0.46735395189003437,35.0,68.0,33.0,39867,10.593329276087347,0
RU_inst202001.rcp,30.0,10.0,5.266666666666667,2.55516905289824,158.0,49.0,0.11264367816091954,0.8804597701149425,0.11954022988505753,81.0,1.0,0.5709876543209876,0.5064494962413779,23.0,0.4423076923076921,47.0,121.0,40.0,26854,10.19820730233956,1
RU_inst203001.rcp,30.0,10.0,5.533333333333333,2.8836705005176224,166.0,36.0,0.08275862068965517,0.9356321839080459,0.06436781609195408,142.0,1.0,0.37640845070422535,0.31545943148565464,6.0,0.2142857142857141,54.0,152.0,10.0,62,4.143134726391533,1
RU_inst204001.rcp,30.0,10.0,4.333333333333333,3.123388473365994,130.0,64.0,0.1471264367816092,0.3310344827586207,0.6689655172413793,28.0,1.0,1.4142857142857144,1.1752094482898054,136.0,0.46735395189003437,40.0,79.0,39.0,35725,10.48363399400883,0
RU_inst205001.rcp,30.0,10.0,5.266666666666667,2.55516905289824,158.0,49.0,0.11264367816091954,0.8804597701149425,0.11954022988505753,81.0,1.0,0.5489078822412156,0.48301274175887166,16.0,0.30769230769230754,45.0,118.0,37.0,15779,9.666498594399865,1
RU_inst206001.rcp,30.0,10.0,5.533333333333333,2.8836705005176224,166.0,36.0,0.08275862068965517,0.9356321839080459,0.06436781609195408,142.0,1.0,0.325,0.29157608863335877,18.0,0.6428571428571422,47.0,164.0,22.0,231,5.44673737166631,1
RU_inst207001.rcp,30.0,10.0,4.333333333333333,3.123388473365994,130.0,64.0,0.1471264367816092,0.3310344827586207,0.6689655172413793,28.0,1.0,1.3703007518796992,1.1678799605966788,135.0,0.4639175257731959,39.0,74.0,35.0,40574,10.610907392382792,0
RU_inst208001.rcp,30.0,10.0,5.266666666666667,2.55516905289824,158.0,49.0,0.11264367816091954,0.8804597701149425,0.11954022988505753,81.0,1.0,0.5821962313190383,0.4910740260516663,24.0,0.46153846153846134,48.0,116.0,35.0,29870,10.304643389056194,1
RU_inst209001.rcp,30.0,10.0,5.533333333333333,2.8836705005176224,166.0,36.0,0.08275862068965517,0.9356321839080459,0.06436781609195408,142.0,1.0,0.31731565865782935,0.295581191130536,16.0,0.571428571428571,46.0,157.0,15.0,273,5.6131281063880705,1
RU_inst210001.rcp,30.0,10.0,4.333333333333333,3.123388473365994,130.0,64.0,0.1471264367816092,0.3310344827586207,0.6689655172413793,28.0,1.0,2.4952380952380953,2.302931038137252,291.0,1.0,70.0,130.0,60.0,53184,10.881531680685764,0
RU_inst21001.rcp,30.0,10.0,4.333333333333333,3.123388473365994,130.0,64.0,0.1471264367816092,0.3310344827586207,0.6689655172413793,28.0,0.20000000000000007,0.42142857142857143,0.22734595265845264,1.0,0.003436426116838488,12.0,28.0,0.0,32,3.4965075614664802,1
RU_inst211001.rcp,30.0,10.0,5.266666666666667,2.55516905289824,158.0,49.0,0.11264367816091954,0.8804597701149425,0.11954022988505753,81.0,1.0,1.1135802469135803,0.9915415188463005,52.0,0.9999999999999996,91.0,158.0,67.0,59981,11.001799796195236,0
RU_inst212001.rcp,30.0,10.0,5.533333333333333,2.8836705005176224,166.0,36.0,0.08275862068965517,0.9356321839080459,0.06436781609195408,142.0,1.0,0.6056338028169014,0.5772381726254966,28.0,0.9999999999999991,86.0,166.0,24.0,26627,10.189718572720594,1
RU_inst213001.rcp,30.0,10.0,4.333333333333333,3.123388473365994,130.0,64.0,0.1471264367816092,0.3310344827586207,0.6689655172413793,28.0,1.0,2.5892857142857144,2.3037285951063042,290.0,0.9965635738831615,73.0,130.0,57.0,50052,10.820837723006973,0
RU_inst214001.rcp,30.0,10.0,5.266666666666667,2.55516905289824,158.0,49.0,0.11264367816091954,0.8804597701149425,0.11954022988505753,81.0,1.0,1.0551440329218107,0.9722633030820166,52.0,0.9999999999999996,86.0,158.0,72.0,59476,10.993344962180375,0
RU_inst215001.rcp,30.0,10.0,5.533333333333333,2.8836705005176224,166.0,36.0,0.08275862068965517,0.9356321839080459,0.06436781609195408,142.0,1.0,0.6244131455399061,0.5754856980128695,28.0,0.9999999999999991,89.0,166.0,24.0,26627,10.189718572720594,1
RU_inst216001.rcp,30.0,10.0,4.333333333333333,3.123388473365994,130.0,64.0,0.1471264367816092,0.3310344827586207,0.6689655172413793,28.0,1.0,2.6403061224489797,2.3397888781018485,290.0,0.9965635738831615,74.0,129.0,55.0,53499,10.887436932884098,0
RU_inst217001.rcp,30.0,10.0,5.266666666666667,2.55516905289824,158.0,49.0,0.11264367816091954,0.8804597701149425,0.11954022988505753,81.0,1.0,1.021604938271605,0.957785763014521,52.0,0.9999999999999996,83.0,158.0,75.0,59554,10.994655534315001,0
RU_inst218001.rcp,30.0,10.0,5.533333333333333,2.8836705005176224,166.0,36.0,0.08275862068965517,0.9356321839080459,0.06436781609195408,142.0,1.0,0.6333333333333333,0.578839576482738,28.0,0.9999999999999991,90.0,166.0,24.0,26627,10.189718572720594,1
RU_inst219001.rcp,30.0,10.0,4.333333333333333,3.123388473365994,130.0,64.0,0.1471264367816092,0.3310344827586207,0.6689655172413793,28.0,1.0,2.705357142857143,2.3660909539254296,291.0,1.0,76.0,130.0,54.0,54043,10.89755380857985,0
RU_inst220001.rcp,30.0,10.0,5.266666666666667,2.55516905289824,158.0,49.0,0.11264367816091954,0.8804597701149425,0.11954022988505753,81.0,1.0,1.0432098765432098,0.9808672784489779,52.0,0.9999999999999996,85.0,158.0,73.0,60708,11.013847236237872,0
RU_inst22001.rcp,30.0,4.0,5.266666666666667,2.55516905289824,158.0,49.0,0.11264367816091954,0.8804597701149425,0.11954022988505753,81.0,0.2,0.1225071225071225,0.09086611352693223,1.0,0.01923076923076922,10.0,84.0,3.0,50,3.9318256327243257,1
RU_inst221001.rcp,30.0,10.0,5.533333333333333,2.8836705005176224,166.0,36.0,0.08275862068965517,0.9356321839080459,0.06436781609195408,142.0,1.0,0.6354598177299089,0.5823794062967416,28.0,0.9999999999999991,91.0,166.0,24.0,26627,10.189718572720594,1
RU_inst222001.rcp,30.0,10.0,4.333333333333333,3.123388473365994,130.0,64.0,0.1471264367816092,0.3310344827586207,0.6689655172413793,28.0,1.0,2.552380952380952,2.264291546746904,290.0,0.9965635738831615,72.0,125.0,53.0,53961,10.896035374127038,0
RU_inst223001.rcp,30.0,10.0,5.266666666666667,2.55516905289824,158.0,49.0,0.11264367816091954,0.8804597701149425,0.11954022988505753,81.0,1.0,1.0493827160493827,0.9668073986047843,52.0,0.9999999999999996,85.0,158.0,73.0,60649,11.012874914372196,0
RU_inst224001.rcp,30.0,10.0,5.533333333333333,2.8836705005176224,166.0,36.0,0.08275862068965517,0.9356321839080459,0.06436781609195408,142.0,1.0,0.6402048655569782,0.5684590594273965,28.0,0.9999999999999991,91.0,166.0,24.0,26627,10.189718572720594,1
RU_inst225001.rcp,30.0,10.0,4.333333333333333,3.123388473365994,130.0,64.0,0.1471264367816092,0.3310344827586207,0.6689655172413793,28.0,1.0,2.5027472527472527,2.311568454887783,291.0,1.0,71.0,130.0,59.0,53616,10.889621460952071,0
RU_inst226001.rcp,30.0,10.0,5.266666666666667,2.55516905289824,158.0,49.0,0.11264367816091954,0.8804597701149425,0.11954022988505753,81.0,1.0,1.0415263748597081,0.9734988354725196,52.0,0.9999999999999996,85.0,158.0,73.0,60031,11.002633032365896,0
RU_inst227001.rcp,30.0,10.0,5.533333333333333,2.8836705005176224,166.0,36.0,0.08275862068965517,0.9356321839080459,0.06436781609195408,142.0,1.0,0.6106048053024027,0.5764331866539928,28.0,0.9999999999999991,87.0,166.0,24.0,26627,10.189718572720594,1
RU_inst228001.rcp,30.0,10.0,4.333333333333333,3.123388473365994,130.0,64.0,0.1471264367816092,0.3310344827586207,0.6689655172413793,28.0,1.0,2.5892857142857144,2.365355358926787,291.0,1.0,73.0,130.0,57.0,53220,10.88220833428375,0
RU_inst229001.rcp,30.0,10.0,5.266666666666667,2.55516905289824,158.0,49.0,0.11264367816091954,0.8804597701149425,0.11954022988505753,81.0,1.0,1.0949667616334282,1.0099601100749191,52.0,0.9999999999999996,89.0,158.0,69.0,58915,10.983867979609434,0
RU_inst230001.rcp,30.0,10.0,5.533333333333333,2.8836705005176224,166.0,36.0,0.08275862068965517,0.9356321839080459,0.06436781609195408,142.0,1.0,0.6126760563380281,0.577175768278873,28.0,0.9999999999999991,87.0,166.0,24.0,26627,10.189718572720594,1
RU_inst23001.rcp,30.0,2.0,5.533333333333333,2.8836705005176224,166.0,36.0,0.08275862068965517,0.9356321839080459,0.06436781609195408,142.0,0.2,0.06338028169014084,0.04621478873239437,0.0,0.0,9.0,142.0,0.0,32,3.4965075614664802,1
RU_inst231001.rcp,30.0,10.0,4.333333333333333,3.123388473365994,130.0,64.0,0.1471264367816092,0.3310344827586207,0.6689655172413793,28.0,1.0,2.4486607142857144,2.3024375414961713,291.0,1.0,69.0,130.0,61.0,53649,10.890236748058845,0
RU_inst232001.rcp,30.0,10.0,5.266666666666667,2.55516905289824,158.0,49.0,0.11264367816091954,0.8804597701149425,0.11954022988505753,81.0,1.0,1.0185185185185186,0.9836779994648932,52.0,0.9999999999999996,83.0,158.0,75.0,60557,11.011356862466915,0
RU_inst233001.rcp,30.0,10.0,5.533333333333333,2.8836705005176224,166.0,36.0,0.08275862068965517,0.9356321839080459,0.06436781609195408,142.0,1.0,0.6253521126760564,0.5772640832957843,28.0,0.9999999999999991,89.0,166.0,24.0,26627,10.189718572720594,1
RU_inst234001.rcp,30.0,10.0,4.333333333333333,3.123388473365994,130.0,64.0,0.1471264367816092,0.3310344827586207,0.6689655172413793,28.0,1.0,2.532142857142857,2.2604104959368114,291.0,1.0,71.0,130.0,59.0,53116,10.880252306651878,0
RU_inst235001.rcp,30.0,10.0,5.266666666666667,2.55516905289824,158.0,49.0,0.11264367816091954,0.8804597701149425,0.11954022988505753,81.0,1.0,1.0550807217473883,0.9553169553535051,52.0,0.9999999999999996,86.0,158.0,72.0,60341,11.007783657672535,0
RU_inst236001.rcp,30.0,10.0,5.533333333333333,2.8836705005176224,166.0,36.0,0.08275862068965517,0.9356321839080459,0.06436781609195408,142.0,1.0,0.6252779836916235,0.5857172321747933,28.0,0.9999999999999991,89.0,166.0,24.0,26627,10.189718572720594,1
RU_inst237001.rcp,30.0,10.0,4.333333333333333,3.123388473365994,130.0,64.0,0.1471264367816092,0.3310344827586207,0.6689655172413793,28.0,1.0,2.6625,2.3726515276089577,291.0,1.0,75.0,130.0,55.0,53999,10.896739325546411,0
RU_inst238001.rcp,30.0,10.0,5.266666666666667,2.55516905289824,158.0,49.0,0.11264367816091954,0.8804597701149425,0.11954022988505753,81.0,1.0,1.0389363722697056,0.9733915929749264,52.0,0.9999999999999996,85.0,158.0,73.0,60492,11.010282934845545,0
RU_inst239001.rcp,30.0,10.0,5.533333333333333,2.8836705005176224,166.0,36.0,0.08275862068965517,0.9356321839080459,0.06436781609195408,142.0,1.0,0.634585289514867,0.579311028245097,28.0,0.9999999999999991,91.0,166.0,24.0,26627,10.189718572720594,1
RU_inst240001.rcp,30.0,10.0,4.333333333333333,3.123388473365994,130.0,64.0,0.1471264367816092,0.3310344827586207,0.6689655172413793,28.0,1.0,3.815934065934066,3.5088265157461587,291.0,1.0,107.0,130.0,23.0,54336,10.90296067350638,0
RU_inst24001.rcp,30.0,10.0,4.333333333333333,3.123388473365994,130.0,64.0,0.1471264367816092,0.3310344827586207,0.6689655172413793,28.0,0.20000000000000007,0.35714285714285715,0.25025270685197154,1.0,0.003436426116838488,10.0,28.0,0.0,32,3.4965075614664802,1
RU_inst241001.rcp,30.0,10.0,5.266666666666667,2.55516905289824,158.0,49.0,0.11264367816091954,0.8804597701149425,0.11954022988505753,81.0,1.0,1.5299823633156966,1.4438560650597687,52.0,0.9999999999999996,124.0,158.0,34.0,61217,11.02219654290336,0
RU_inst242001.rcp,30.0,10.0,5.533333333333333,2.8836705005176224,166.0,36.0,0.08275862068965517,0.9356321839080459,0.06436781609195408,142.0,1.0,0.9335387323943662,0.8717844105710663,28.0,0.9999999999999991,133.0,166.0,24.0,26627,10.189718572720594,1
RU_inst243001.rcp,30.0,10.0,4.333333333333333,3.123388473365994,130.0,64.0,0.1471264367816092,0.3310344827586207,0.6689655172413793,28.0,1.0,3.85,3.527228012417088,291.0,1.0,108.0,130.0,22.0,54345,10.903126292784842,0
RU_inst244001.rcp,30.0,10.0,5.266666666666667,2.55516905289824,158.0,49.0,0.11264367816091954,0.8804597701149425,0.11954022988505753,81.0,1.0,1.537037037037037,1.4760167159387432,52.0,0.9999999999999996,125.0,158.0,33.0,60881,11.016692843507139,0
RU_inst245001.rcp,30.0,10.0,5.533333333333333,2.8836705005176224,166.0,36.0,0.08275862068965517,0.9356321839080459,0.06436781609195408,142.0,1.0,0.9344528710725893,0.8876902995694692,28.0,0.9999999999999991,133.0,166.0,24.0,26627,10.189718572720594,1
RU_inst246001.rcp,30.0,10.0,4.333333333333333,3.123388473365994,130.0,64.0,0.1471264367816092,0.3310344827586207,0.6689655172413793,28.0,1.0,3.725,3.5332812510969305,291.0,1.0,105.0,130.0,25.0,54253,10.901432001403476,0
RU_inst247001.rcp,30.0,10.0,5.266666666666667,2.55516905289824,158.0,49.0,0.11264367816091954,0.8804597701149425,0.11954022988505753,81.0,1.0,1.5119825708061003,1.4665532192965975,52.0,0.9999999999999996,123.0,158.0,35.0,60750,11.014538821972666,0
RU_inst248001.rcp,30.0,10.0,5.533333333333333,2.8836705005176224,166.0,36.0,0.08275862068965517,0.9356321839080459,0.06436781609195408,142.0,1.0,0.9262634631317316,0.8775512805338821,28.0,0.9999999999999991,132.0,166.0,24.0,26627,10.189718572720594,1
RU_inst249001.rcp,30.0,10.0,4.333333333333333,3.123388473365994,130.0,64.0,0.1471264367816092,0.3310344827586207,0.6689655172413793,28.0,1.0,3.909090909090909,3.479753580796814,291.0,1.0,110.0,130.0,20.0,54395,10.90404590072885,0
RU_inst250001.rcp,30.0,10.0,5.266666666666667,2.55516905289824,158.0,49.0,0.11264367816091954,0.8804597701149425,0.11954022988505753,81.0,1.0,1.5565843621399178,1.4591767654048355,52.0,0.9999999999999996,127.0,158.0,31.0,60756,11.0146375809022,0
RU_inst25001.rcp,30.0,1.0,5.266666666666667,2.55516905289824,158.0,49.0,0.11264367816091954,0.8804597701149425,0.11954022988505753,81.0,0.2,0.13503086419753085,0.13503086419753085,0.0,0.0,11.0,81.0,0.0,32,3.4965075614664802,1
RU_inst251001.rcp,30.0,10.0,5.533333333333333,2.8836705005176224,166.0,36.0,0.08275862068965517,0.9356321839080459,0.06436781609195408,142.0,1.0,0.9316487158243579,0.8884762085857668,28.0,0.9999999999999991,133.0,166.0,24.0,26627,10.189718572720594,1
RU_inst252001.rcp,30.0,10.0,4.333333333333333,3.123388473365994,130.0,64.0,0.1471264367816092,0.3310344827586207,0.6689655172413793,28.0,1.0,3.892857142857143,3.579132519266448,291.0,1.0,109.0,130.0,21.0,54232,10.901044858238631,0
RU_inst253001.rcp,30.0,10.0,5.266666666666667,2.55516905289824,158.0,49.0,0.11264367816091954,0.8804597701149425,0.11954022988505753,81.0,1.0,1.5297418630751964,1.4643182191162638,52.0,0.9999999999999996,124.0,158.0,34.0,60721,11.014061349603482,0
RU_inst254001.rcp,30.0,10.0,5.533333333333333,2.8836705005176224,166.0,36.0,0.08275862068965517,0.9356321839080459,0.06436781609195408,142.0,1.0,0.8955399061032864,0.8687519191661695,28.0,0.9999999999999991,128.0,166.0,24.0,26627,10.189718572720594,1
RU_inst255001.rcp,30.0,10.0,4.333333333333333,3.123388473365994,130.0,64.0,0.1471264367816092,0.3310344827586207,0.6689655172413793,28.0,1.0,3.732142857142857,3.560933385499949,291.0,1.0,105.0,130.0,25.0,54509,10.906139450058326,0
RU_inst256001.rcp,30.0,10.0,5.266666666666667,2.55516905289824,158.0,49.0,0.11264367816091954,0.8804597701149425,0.11954022988505753,81.0,1.0,1.5574074074074074,1.48052351868256,52.0,0.9999999999999996,127.0,158.0,31.0,60607,11.01218217654575,0
RU_inst257001.rcp,30.0,10.0,5.533333333333333,2.8836705005176224,166.0,36.0,0.08275862068965517,0.9356321839080459,0.06436781609195408,142.0,1.0,0.9384976525821597,0.8739852251467338,28.0,0.9999999999999991,134.0,166.0,24.0,26627,10.189718572720594,1
RU_inst258001.rcp,30.0,10.0,4.333333333333333,3.123388473365994,130.0,64.0,0.1471264367816092,0.3310344827586207,0.6689655172413793,28.0,1.0,3.576530612244898,3.421608250771784,291.0,1.0,101.0,130.0,29.0,54401,10.90415619687411,0
RU_inst259001.rcp,30.0,10.0,5.266666666666667,2.55516905289824,158.0,49.0,0.11264367816091954,0.8804597701149425,0.11954022988505753,81.0,1.0,1.5488215488215489,1.4809693415565737,52.0,0.9999999999999996,126.0,158.0,32.0,60906,11.017103389621338,0
RU_inst260001.rcp,30.0,10.0,5.533333333333333,2.8836705005176224,166.0,36.0,0.08275862068965517,0.9356321839080459,0.06436781609195408,142.0,1.0,0.8987676056338029,0.8699808192589883,28.0,0.9999999999999991,128.0,166.0,24.0,26627,10.189718572720594,1
RU_inst26001.rcp,30.0,1.0,5.533333333333333,2.8836705005176224,166.0,36.0,0.08275862068965517,0.9356321839080459,0.06436781609195408,142.0,0.2,0.052496798975672214,0.052496798975672214,0.0,0.0,8.0,142.0,0.0,32,3.4965075614664802,1
RU_inst261001.rcp,30.0,10.0,4.333333333333333,3.123388473365994,130.0,64.0,0.1471264367816092,0.3310344827586207,0.6689655172413793,28.0,1.0,3.9054621848739495,3.5053934974339382,291.0,1.0,110.0,130.0,20.0,54505,10.906066066334803,0
RU_inst262001.rcp,30.0,10.0,5.266666666666667,2.55516905289824,158.0,49.0,0.11264367816091954,0.8804597701149425,0.11954022988505753,81.0,1.0,1.4876543209876543,1.4454157119354631,52.0,0.9999999999999996,121.0,158.0,37.0,60371,11.008280700279318,0
RU_inst263001.rcp,30.0,10.0,5.533333333333333,2.8836705005176224,166.0,36.0,0.08275862068965517,0.9356321839080459,0.06436781609195408,142.0,1.0,0.9273767605633803,0.8837896907589327,28.0,0.9999999999999991,132.0,166.0,24.0,26627,10.189718572720594,1
RU_inst264001.rcp,30.0,10.0,4.333333333333333,3.123388473365994,130.0,64.0,0.1471264367816092,0.3310344827586207,0.6689655172413793,28.0,1.0,3.6373626373626373,3.405502307857875,291.0,1.0,102.0,130.0,28.0,54757,10.910678755725908,0
RU_inst265001.rcp,30.0,10.0,5.266666666666667,2.55516905289824,158.0,49.0,0.11264367816091954,0.8804597701149425,0.11954022988505753,81.0,1.0,1.4925925925925927,1.4364115135460163,52.0,0.9999999999999996,121.0,158.0,37.0,61038,11.019268283124271,0
RU_inst266001.rcp,30.0,10.0,5.533333333333333,2.8836705005176224,166.0,36.0,0.08275862068965517,0.9356321839080459,0.06436781609195408,142.0,1.0,0.9205790297339593,0.8858220141916398,28.0,0.9999999999999991,131.0,166.0,24.0,26627,10.189718572720594,1
RU_inst267001.rcp,30.0,10.0,4.333333333333333,3.123388473365994,130.0,64.0,0.1471264367816092,0.3310344827586207,0.6689655172413793,28.0,1.0,3.642857142857143,3.438948342494893,291.0,1.0,102.0,130.0,28.0,54593,10.907679265584745,0
RU_inst268001.rcp,30.0,10.0,5.266666666666667,2.55516905289824,158.0,49.0,0.11264367816091954,0.8804597701149425,0.11954022988505753,81.0,1.0,1.5581546458739441,1.4687723600279499,52.0,0.9999999999999996,127.0,158.0,31.0,60933,11.017546590193263,0
RU_inst269001.rcp,30.0,10.0,5.533333333333333,2.8836705005176224,166.0,36.0,0.08275862068965517,0.9356321839080459,0.06436781609195408,142.0,1.0,0.9751449875724938,0.8870813292066781,28.0,0.9999999999999991,139.0,166.0,24.0,26627,10.189718572720594,1
RU_inst27001.rcp,30.0,10.0,4.333333333333333,3.123388473365994,130.0,64.0,0.1471264367816092,0.3310344827586207,0.6689655172413793,28.0,0.20000000000000007,0.38035714285714284,0.24084213988625752,1.0,0.003436426116838488,11.0,28.0,0.0,32,3.4965075614664802,1
RU_inst28001.rcp,30.0,2.0,5.266666666666667,2.55516905289824,158.0,49.0,0.11264367816091954,0.8804597701149425,0.11954022988505753,81.0,0.2,0.13271604938271606,0.10121641249092231,0.0,0.0,11.0,81.0,0.0,32,3.4965075614664802,1
RU_inst29001.rcp,30.0,3.0,5.533333333333333,2.8836705005176224,166.0,36.0,0.08275862068965517,0.9356321839080459,0.06436781609195408,142.0,0.2,0.08249496981891348,0.054898015544245865,0.0,0.0,12.0,142.0,0.0,32,3.4965075614664802,1
RU_inst30001.rcp,30.0,10.0,4.333333333333333,3.123388473365994,130.0,64.0,0.1471264367816092,0.3310344827586207,0.6689655172413793,28.0,0.20000000000000007,0.7115384615384616,0.433926797991924,38.0,0.13058419243986255,20.0,42.0,14.0,40100,10.599156550639583,0
RU_inst3001.rcp,30.0,10.0,4.333333333333333,3.123388473365994,130.0,64.0,0.1471264367816092,0.3310344827586207,0.6689655172413793,28.0,0.20000000000000007,0.38186813186813184,0.1843398615273615,5.0,0.01718213058419244,11.0,28.0,0.0,32,3.4965075614664802,1
RU_inst31001.rcp,30.0,8.0,5.266666666666667,2.55516905289824,158.0,49.0,0.11264367816091954,0.8804597701149425,0.11954022988505753,81.0,0.2,0.26705653021442494,0.1894777452891488,7.0,0.13461538461538455,22.0,91.0,10.0,41,3.7376696182833684,1
RU_inst32001.rcp,30.0,8.0,5.533333333333333,2.8836705005176224,166.0,36.0,0.08275862068965517,0.9356321839080459,0.06436781609195408,142.0,0.2,0.13380281690140844,0.10983583280730133,2.0,0.07142857142857137,19.0,142.0,0.0,32,3.4965075614664802,1
RU_inst33001.rcp,30.0,10.0,4.333333333333333,3.123388473365994,130.0,64.0,0.1471264367816092,0.3310344827586207,0.6689655172413793,28.0,0.20000000000000007,0.6530612244897959,0.38062943009371575,50.0,0.1718213058419244,19.0,37.0,9.0,38057,10.546866590861953,0
RU_inst34001.rcp,30.0,10.0,5.266666666666667,2.55516905289824,158.0,49.0,0.11264367816091954,0.8804597701149425,0.11954022988505753,81.0,0.20000000000000007,0.21172839506172839,0.18386921215381258,8.0,0.15384615384615377,18.0,104.0,23.0,124,4.8283137373023015,1
RU_inst35001.rcp,30.0,7.0,5.533333333333333,2.8836705005176224,166.0,36.0,0.08275862068965517,0.9356321839080459,0.06436781609195408,142.0,0.20000000000000004,0.17097026604068857,0.11379358713510683,7.0,0.24999999999999978,25.0,149.0,7.0,32,3.4965075614664802,1
RU_inst36001.rcp,30.0,10.0,4.333333333333333,3.123388473365994,130.0,64.0,0.1471264367816092,0.3310344827586207,0.6689655172413793,28.0,0.20000000000000007,0.6096938775510204,0.45610936682365255,52.0,0.17869415807560138,18.0,43.0,15.0,38318,10.553701135710886,0
RU_inst37001.rcp,30.0,9.0,5.266666666666667,2.55516905289824,158.0,49.0,0.11264367816091954,0.8804597701149425,0.11954022988505753,81.0,0.19999999999999998,0.25562817719680464,0.19987981246453773,10.0,0.19230769230769224,21.0,96.0,15.0,271,5.605802066295998,1
RU_inst38001.rcp,30.0,9.0,5.533333333333333,2.8836705005176224,166.0,36.0,0.08275862068965517,0.9356321839080459,0.06436781609195408,142.0,0.2,0.15593561368209255,0.11460449857301554,3.0,0.10714285714285705,23.0,146.0,4.0,32,3.4965075614664802,1
RU_inst39001.rcp,30.0,10.0,4.333333333333333,3.123388473365994,130.0,64.0,0.1471264367816092,0.3310344827586207,0.6689655172413793,28.0,0.20000000000000007,0.78125,0.45465452089926883,49.0,0.16838487972508592,22.0,42.0,14.0,29036,10.276326157817198,0
RU_inst40001.rcp,30.0,8.0,5.266666666666667,2.55516905289824,158.0,49.0,0.11264367816091954,0.8804597701149425,0.11954022988505753,81.0,0.2,0.2674897119341564,0.18751904037798,9.0,0.17307692307692302,22.0,97.0,16.0,274,5.616771097666572,1
RU_inst4001.rcp,30.0,1.0,5.266666666666667,2.55516905289824,158.0,49.0,0.11264367816091954,0.8804597701149425,0.11954022988505753,81.0,0.2,0.07848324514991181,0.07848324514991181,0.0,0.0,7.0,81.0,0.0,32,3.4965075614664802,1
RU_inst41001.rcp,30.0,9.0,5.533333333333333,2.8836705005176224,166.0,36.0,0.08275862068965517,0.9356321839080459,0.06436781609195408,142.0,0.19999999999999998,0.15977112676056338,0.10865775163711906,2.0,0.07142857142857137,23.0,145.0,3.0,71,4.276666119016055,1
RU_inst42001.rcp,30.0,10.0,4.333333333333333,3.123388473365994,130.0,64.0,0.1471264367816092,0.3310344827586207,0.6689655172413793,28.0,0.20000000000000007,0.7527472527472527,0.4351444444327848,42.0,0.14432989690721648,22.0,38.0,10.0,32515,10.389487554866463,0
RU_inst43001.rcp,30.0,9.0,5.266666666666667,2.55516905289824,158.0,49.0,0.11264367816091954,0.8804597701149425,0.11954022988505753,81.0,0.2,0.24691358024691357,0.20824470025122344,10.0,0.19230769230769224,20.0,96.0,15.0,437,6.082218910376446,1
RU_inst44001.rcp,30.0,9.0,5.533333333333333,2.8836705005176224,166.0,36.0,0.08275862068965517,0.9356321839080459,0.06436781609195408,142.0,0.19999999999999998,0.17009750812567714,0.10648769649908837,4.0,0.14285714285714274,25.0,148.0,6.0,35,3.58351893845611,1
RU_inst45001.rcp,30.0,10.0,4.333333333333333,3.123388473365994,130.0,64.0,0.1471264367816092,0.3310344827586207,0.6689655172413793,28.0,0.20000000000000007,0.65625,0.4418101791998851,47.0,0.16151202749140894,19.0,40.0,12.0,36161,10.4957641227111,0
RU_inst46001.rcp,30.0,9.0,5.266666666666667,2.55516905289824,158.0,49.0,0.11264367816091954,0.8804597701149425,0.11954022988505753,81.0,0.2,0.2700617283950617,0.19594557068566165,10.0,0.19230769230769224,22.0,102.0,21.0,293,5.683579767338681,1
RU_inst47001.rcp,30.0,9.0,5.533333333333333,2.8836705005176224,166.0,36.0,0.08275862068965517,0.9356321839080459,0.06436781609195408,142.0,0.20000000000000004,0.1609154929577465,0.10712910814538382,4.0,0.14285714285714274,23.0,148.0,6.0,32,3.4965075614664802,1
RU_inst48001.rcp,30.0,10.0,4.333333333333333,3.123388473365994,130.0,64.0,0.1471264367816092,0.3310344827586207,0.6689655172413793,28.0,0.20000000000000007,0.698051948051948,0.5060605605878715,43.0,0.14776632302405499,20.0,43.0,15.0,34688,10.454177912797071,0
RU_inst49001.rcp,30.0,7.0,5.266666666666667,2.55516905289824,158.0,49.0,0.11264367816091954,0.8804597701149425,0.11954022988505753,81.0,0.2,0.23148148148148148,0.18582779164789745,9.0,0.17307692307692302,19.0,90.0,9.0,207,5.337538079701318,1
RU_inst50001.rcp,30.0,8.0,5.533333333333333,2.8836705005176224,166.0,36.0,0.08275862068965517,0.9356321839080459,0.06436781609195408,142.0,0.2,0.1267605633802817,0.11087084863493314,4.0,0.14285714285714274,18.0,143.0,1.0,32,3.4965075614664802,1
RU_inst5001.rcp,30.0,3.0,5.533333333333333,2.8836705005176224,166.0,36.0,0.08275862068965517,0.9356321839080459,0.06436781609195408,142.0,0.19999999999999998,0.0715962441314554,0.06839863970145661,0.0,0.0,11.0,142.0,0.0,32,3.4965075614664802,1
RU_inst51001.rcp,30.0,10.0,4.333333333333333,3.123388473365994,130.0,64.0,0.1471264367816092,0.3310344827586207,0.6689655172413793,28.0,0.20000000000000007,0.6190476190476191,0.45295705443261836,45.0,0.15463917525773196,18.0,41.0,13.0,31139,10.346248445387989,0
RU_inst52001.rcp,30.0,9.0,5.266666666666667,2.55516905289824,158.0,49.0,0.11264367816091954,0.8804597701149425,0.11954022988505753,81.0,0.2,0.25102880658436216,0.2066432036550461,8.0,0.15384615384615377,21.0,94.0,13.0,245,5.5053315359323625,1
RU_inst53001.rcp,30.0,9.0,5.533333333333333,2.8836705005176224,166.0,36.0,0.08275862068965517,0.9356321839080459,0.06436781609195408,142.0,0.19999999999999993,0.15040241448692154,0.11862787536434682,6.0,0.2142857142857141,22.0,142.0,0.0,32,3.4965075614664802,1
RU_inst54001.rcp,30.0,10.0,4.333333333333333,3.123388473365994,130.0,64.0,0.1471264367816092,0.3310344827586207,0.6689655172413793,28.0,0.20000000000000007,0.7252747252747253,0.4909854019205523,45.0,0.15463917525773196,21.0,41.0,13.0,34063,10.43599638713326,0
RU_inst55001.rcp,30.0,9.0,5.266666666666667,2.55516905289824,158.0,49.0,0.11264367816091954,0.8804597701149425,0.11954022988505753,81.0,0.2,0.2607116920842411,0.19344855653924442,8.0,0.15384615384615377,22.0,103.0,22.0,81,4.406719247264253,1
RU_inst56001.rcp,30.0,8.0,5.533333333333333,2.8836705005176224,166.0,36.0,0.08275862068965517,0.9356321839080459,0.06436781609195408,142.0,0.2,0.14894366197183098,0.11834916998000763,7.0,0.24999999999999978,22.0,147.0,5.0,32,3.4965075614664802,1
RU_inst57001.rcp,30.0,10.0,4.333333333333333,3.123388473365994,130.0,64.0,0.1471264367816092,0.3310344827586207,0.6689655172413793,28.0,0.20000000000000007,0.6357142857142857,0.464111895049395,44.0,0.15120274914089346,18.0,38.0,10.0,37492,10.531909527867445,0
RU_inst58001.rcp,30.0,8.0,5.266666666666667,2.55516905289824,158.0,49.0,0.11264367816091954,0.8804597701149425,0.11954022988505753,81.0,0.2,0.27233115468409586,0.19404679380169576,7.0,0.13461538461538455,23.0,89.0,8.0,221,5.402677381872279,1
RU_inst59001.rcp,30.0,9.0,5.533333333333333,2.8836705005176224,166.0,36.0,0.08275862068965517,0.9356321839080459,0.06436781609195408,142.0,0.19999999999999998,0.15539906103286386,0.11861470008754127,6.0,0.2142857142857141,23.0,154.0,12.0,32,3.4965075614664802,1
RU_inst60001.rcp,30.0,10.0,4.333333333333333,3.123388473365994,130.0,64.0,0.1471264367816092,0.3310344827586207,0.6689655172413793,28.0,0.20000000000000007,1.2196428571428573,0.6640688775510204,88.0,0.3024054982817869,35.0,68.0,33.0,41312,10.628932499395235,0
RU_inst6001.rcp,30.0,10.0,4.333333333333333,3.123388473365994,130.0,64.0,0.1471264367816092,0.3310344827586207,0.6689655172413793,28.0,0.20000000000000007,0.4017857142857143,0.27702023262685027,2.0,0.006872852233676976,12.0,29.0,1.0,28649,10.262908722142885,0
RU_inst61001.rcp,30.0,10.0,5.266666666666667,2.55516905289824,158.0,49.0,0.11264367816091954,0.8804597701149425,0.11954022988505753,81.0,0.20000000000000007,0.345679012345679,0.30503743624371993,19.0,0.36538461538461525,28.0,113.0,32.0,2695,7.899524472032198,1
RU_inst62001.rcp,30.0,10.0,5.533333333333333,2.8836705005176224,166.0,36.0,0.08275862068965517,0.9356321839080459,0.06436781609195408,142.0,0.20000000000000007,0.22318526543878656,0.176011332173304,6.0,0.2142857142857141,32.0,146.0,4.0,83,4.430816798843313,1
RU_inst63001.rcp,30.0,10.0,4.333333333333333,3.123388473365994,130.0,64.0,0.1471264367816092,0.3310344827586207,0.6689655172413793,28.0,0.20000000000000007,0.9413265306122449,0.7113407749463422,91.0,0.3127147766323024,27.0,53.0,25.0,44217,10.696887224985165,0
RU_inst64001.rcp,30.0,10.0,5.266666666666667,2.55516905289824,158.0,49.0,0.11264367816091954,0.8804597701149425,0.11954022988505753,81.0,0.20000000000000007,0.345679012345679,0.30199931412894376,15.0,0.2884615384615383,28.0,120.0,39.0,1286,7.160069207596127,1
RU_inst65001.rcp,30.0,10.0,5.533333333333333,2.8836705005176224,166.0,36.0,0.08275862068965517,0.9356321839080459,0.06436781609195408,142.0,0.20000000000000007,0.21549295774647886,0.17408070911341308,8.0,0.2857142857142855,31.0,151.0,9.0,158,5.0689042022202315,1
RU_inst66001.rcp,30.0,10.0,4.333333333333333,3.123388473365994,130.0,64.0,0.1471264367816092,0.3310344827586207,0.6689655172413793,28.0,0.20000000000000007,0.9047619047619048,0.7014410652004637,88.0,0.3024054982817869,26.0,45.0,17.0,42598,10.659586057803535,0
RU_inst67001.rcp,30.0,10.0,5.266666666666667,2.55516905289824,158.0,49.0,0.11264367816091954,0.8804597701149425,0.11954022988505753,81.0,0.20000000000000007,0.36387264457439894,0.29317763584332784,17.0,0.3269230769230768,30.0,99.0,18.0,429,6.063785208687608,1
RU_inst68001.rcp,30.0,10.0,5.533333333333333,2.8836705005176224,166.0,36.0,0.08275862068965517,0.9356321839080459,0.06436781609195408,142.0,0.20000000000000007,0.25201207243460766,0.1765491254120086,6.0,0.2142857142857141,36.0,143.0,1.0,32,3.4965075614664802,1
RU_inst69001.rcp,30.0,10.0,4.333333333333333,3.123388473365994,130.0,64.0,0.1471264367816092,0.3310344827586207,0.6689655172413793,28.0,0.20000000000000007,0.9605263157894737,0.6511676578065896,89.0,0.30584192439862545,27.0,54.0,26.0,44497,10.703199523324104,0
RU_inst70001.rcp,30.0,10.0,5.266666666666667,2.55516905289824,158.0,49.0,0.11264367816091954,0.8804597701149425,0.11954022988505753,81.0,0.20000000000000007,0.45230078563411896,0.29470438755526474,17.0,0.3269230769230768,37.0,110.0,29.0,1064,6.970730078143525,1
RU_inst7001.rcp,30.0,1.0,5.266666666666667,2.55516905289824,158.0,49.0,0.11264367816091954,0.8804597701149425,0.11954022988505753,81.0,0.2,0.0823045267489712,0.0823045267489712,0.0,0.0,7.0,81.0,0.0,32,3.4965075614664802,1
RU_inst71001.rcp,30.0,10.0,5.533333333333333,2.8836705005176224,166.0,36.0,0.08275862068965517,0.9356321839080459,0.06436781609195408,142.0,0.20000000000000007,0.24245472837022133,0.17463331514401478,8.0,0.2857142857142855,35.0,147.0,5.0,32,3.4965075614664802,1
RU_inst72001.rcp,30.0,10.0,4.333333333333333,3.123388473365994,130.0,64.0,0.1471264367816092,0.3310344827586207,0.6689655172413793,28.0,0.20000000000000007,0.9900793650793651,0.722090968242284,92.0,0.3161512027491409,28.0,45.0,17.0,45597,10.727619134891492,0
RU_inst73001.rcp,30.0,10.0,5.266666666666667,2.55516905289824,158.0,49.0,0.11264367816091954,0.8804597701149425,0.11954022988505753,81.0,0.20000000000000007,0.39711934156378603,0.30268561745685924,12.0,0.23076923076923067,33.0,104.0,23.0,513,6.2422232654551655,1
RU_inst74001.rcp,30.0,10.0,5.533333333333333,2.8836705005176224,166.0,36.0,0.08275862068965517,0.9356321839080459,0.06436781609195408,142.0,0.20000000000000007,0.21510883482714468,0.17325233394516742,9.0,0.3214285714285711,31.0,147.0,5.0,32,3.4965075614664802,1
RU_inst75001.rcp,30.0,10.0,4.333333333333333,3.123388473365994,130.0,64.0,0.1471264367816092,0.3310344827586207,0.6689655172413793,28.0,0.20000000000000007,0.9375,0.6978507710899351,81.0,0.27835051546391754,27.0,46.0,18.0,44941,10.713128048531878,0
RU_inst76001.rcp,30.0,10.0,5.266666666666667,2.55516905289824,158.0,49.0,0.11264367816091954,0.8804597701149425,0.11954022988505753,81.0,0.20000000000000007,0.41650422352176736,0.28833792597724484,15.0,0.2884615384615383,34.0,103.0,22.0,420,6.042632833682381,1
RU_inst77001.rcp,30.0,10.0,5.533333333333333,2.8836705005176224,166.0,36.0,0.08275862068965517,0.9356321839080459,0.06436781609195408,142.0,0.20000000000000007,0.23547535211267606,0.17459472339290721,6.0,0.2142857142857141,34.0,156.0,14.0,32,3.4965075614664802,1
RU_inst78001.rcp,30.0,10.0,4.333333333333333,3.123388473365994,130.0,64.0,0.1471264367816092,0.3310344827586207,0.6689655172413793,28.0,0.20000000000000007,0.9120879120879121,0.6859946295872048,90.0,0.30927835051546393,26.0,61.0,33.0,45387,10.72300303191088,0
RU_inst79001.rcp,30.0,10.0,5.266666666666667,2.55516905289824,158.0,49.0,0.11264367816091954,0.8804597701149425,0.11954022988505753,81.0,0.20000000000000007,0.3726851851851852,0.2784874670032622,19.0,0.36538461538461525,31.0,110.0,29.0,1665,7.418180822726788,1
RU_inst80001.rcp,30.0,10.0,5.533333333333333,2.8836705005176224,166.0,36.0,0.08275862068965517,0.9356321839080459,0.06436781609195408,142.0,0.20000000000000007,0.2147887323943662,0.18269884838824796,8.0,0.2857142857142855,31.0,151.0,9.0,184,5.220355825078324,1
RU_inst8001.rcp,30.0,0.0,5.533333333333333,2.8836705005176224,166.0,36.0,0.08275862068965517,0.9356321839080459,0.06436781609195408,142.0,0.0,0.0,0.0,0.0,0.0,0.0,142.0,0.0,32,3.4965075614664802,1
RU_inst81001.rcp,30.0,10.0,4.333333333333333,3.123388473365994,130.0,64.0,0.1471264367816092,0.3310344827586207,0.6689655172413793,28.0,0.20000000000000007,0.9305555555555556,0.6790638735097769,86.0,0.29553264604810997,27.0,53.0,25.0,40075,10.598532930379154,0
RU_inst82001.rcp,30.0,9.0,5.266666666666667,2.55516905289824,158.0,49.0,0.11264367816091954,0.8804597701149425,0.11954022988505753,81.0,0.20000000000000004,0.38271604938271603,0.30004252765085493,13.0,0.2499999999999999,31.0,109.0,28.0,346,5.849324779946859,1
RU_inst83001.rcp,30.0,9.0,5.533333333333333,2.8836705005176224,166.0,36.0,0.08275862068965517,0.9356321839080459,0.06436781609195408,142.0,0.2,0.23843058350100604,0.18241816530772403,8.0,0.2857142857142855,34.0,153.0,11.0,66,4.204692619390966,1
RU_inst84001.rcp,30.0,10.0,4.333333333333333,3.123388473365994,130.0,64.0,0.1471264367816092,0.3310344827586207,0.6689655172413793,28.0,0.20000000000000007,1.1033834586466165,0.7105142116655274,90.0,0.30927835051546393,31.0,52.0,21.0,41209,10.626436224332863,0
RU_inst85001.rcp,30.0,9.0,5.266666666666667,2.55516905289824,158.0,49.0,0.11264367816091954,0.8804597701149425,0.11954022988505753,81.0,0.20000000000000004,0.4271604938271605,0.2989344503233392,16.0,0.30769230769230754,35.0,110.0,29.0,834,6.727431724850855,1
RU_inst86001.rcp,30.0,9.0,5.533333333333333,2.8836705005176224,166.0,36.0,0.08275862068965517,0.9356321839080459,0.06436781609195408,142.0,0.19999999999999998,0.24195171026156942,0.18607931270687994,6.0,0.2142857142857141,35.0,156.0,14.0,60,4.110873864173311,1
RU_inst87001.rcp,30.0,10.0,4.333333333333333,3.123388473365994,130.0,64.0,0.1471264367816092,0.3310344827586207,0.6689655172413793,28.0,0.20000000000000007,1.0147058823529411,0.718842142120006,84.0,0.28865979381443296,29.0,52.0,23.0,45622,10.728167254307545,0
RU_inst88001.rcp,30.0,10.0,5.266666666666667,2.55516905289824,158.0,49.0,0.11264367816091954,0.8804597701149425,0.11954022988505753,81.0,0.20000000000000007,0.3493100944081336,0.2932749994084704,16.0,0.30769230769230754,29.0,110.0,29.0,891,6.79346613258001,1
RU_inst89001.rcp,30.0,8.0,5.533333333333333,2.8836705005176224,166.0,36.0,0.08275862068965517,0.9356321839080459,0.06436781609195408,142.0,0.2,0.2244718309859155,0.17102692787070922,11.0,0.3928571428571425,32.0,148.0,6.0,128,4.859812404361672,1
RU_inst90001.rcp,30.0,10.0,4.333333333333333,3.123388473365994,130.0,64.0,0.1471264367816092,0.3310344827586207,0.6689655172413793,28.0,0.6000000000000001,0.9214285714285714,0.6804348695679965,61.0,0.20962199312714777,26.0,49.0,21.0,40537,10.60999508479791,0
RU_inst9001.rcp,30.0,10.0,4.333333333333333,3.123388473365994,130.0,64.0,0.1471264367816092,0.3310344827586207,0.6689655172413793,28.0,0.20000000000000007,0.4327731092436975,0.2567180554438681,4.0,0.013745704467353952,13.0,28.0,0.0,32,3.4965075614664802,1
RU_inst91001.rcp,30.0,10.0,5.266666666666667,2.55516905289824,158.0,49.0,0.11264367816091954,0.8804597701149425,0.11954022988505753,81.0,0.6000000000000001,0.34705075445816186,0.3094760041056338,8.0,0.15384615384615377,29.0,106.0,25.0,540,6.293419278846481,1
RU_inst92001.rcp,30.0,10.0,5.533333333333333,2.8836705005176224,166.0,36.0,0.08275862068965517,0.9356321839080459,0.06436781609195408,142.0,0.6000000000000001,0.19757433489827855,0.16493690972564212,4.0,0.14285714285714274,29.0,144.0,2.0,32,3.4965075614664802,1
RU_inst93001.rcp,30.0,10.0,4.333333333333333,3.123388473365994,130.0,64.0,0.1471264367816092,0.3310344827586207,0.6689655172413793,28.0,0.6000000000000001,0.9547619047619048,0.6877976046878082,42.0,0.14432989690721648,27.0,46.0,18.0,38996,10.571239999076129,0
RU_inst94001.rcp,30.0,10.0,5.266666666666667,2.55516905289824,158.0,49.0,0.11264367816091954,0.8804597701149425,0.11954022988505753,81.0,0.6000000000000001,0.37777777777777777,0.28703869822032874,11.0,0.21153846153846145,31.0,104.0,23.0,466,6.1463292576688975,1
RU_inst95001.rcp,30.0,10.0,5.533333333333333,2.8836705005176224,166.0,36.0,0.08275862068965517,0.9356321839080459,0.06436781609195408,142.0,0.6000000000000001,0.21026156941649898,0.18275776443307948,12.0,0.4285714285714282,30.0,152.0,10.0,161,5.087596335232384,1
RU_inst96001.rcp,30.0,10.0,4.333333333333333,3.123388473365994,130.0,64.0,0.1471264367816092,0.3310344827586207,0.6689655172413793,28.0,0.6000000000000001,0.8351648351648352,0.6562993517551788,58.0,0.19931271477663232,24.0,48.0,20.0,37288,10.526453655972313,0
RU_inst97001.rcp,30.0,10.0,5.266666666666667,2.55516905289824,158.0,49.0,0.11264367816091954,0.8804597701149425,0.11954022988505753,81.0,0.6000000000000001,0.3434343434343434,0.2902874652135058,8.0,0.15384615384615377,28.0,94.0,13.0,403,6.0014148779611505,1
RU_inst98001.rcp,30.0,10.0,5.533333333333333,2.8836705005176224,166.0,36.0,0.08275862068965517,0.9356321839080459,0.06436781609195408,142.0,0.6000000000000001,0.2,0.17476234387315034,3.0,0.10714285714285705,29.0,151.0,9.0,32,3.4965075614664802,1
RU_inst99001.rcp,30.0,10.0,4.333333333333333,3.123388473365994,130.0,64.0,0.1471264367816092,0.3310344827586207,0.6689655172413793,28.0,0.6000000000000001,0.935064935064935,0.686905694970296,62.0,0.21305841924398625,27.0,54.0,26.0,39773,10.590968711469447,0
SP_inst1.rcp,30.0,4.0,5.266666666666667,2.862788073811185,158.0,20.0,0.04597701149425287,0.05057471264367816,0.9494252873563218,26.0,0.5,0.8778280542986425,0.7795678429162591,29.0,0.07021791767554479,23.0,35.0,9.0,31559,10.35964577495981,0
SP_inst100001.rcp,30.0,4.0,4.333333333333333,3.123388473365994,130.0,64.0,0.1471264367816092,0.3310344827586207,0.6689655172413793,28.0,0.5,1.2889610389610389,1.0923295454545454,117.0,0.4020618556701031,37.0,57.0,20.0,45670,10.729218802151282,0
SP_inst10001.rcp,30.0,4.0,4.333333333333333,3.123388473365994,130.0,64.0,0.1471264367816092,0.3310344827586207,0.6689655172413793,28.0,0.5,0.6454081632653061,0.5996003057093282,17.0,0.058419243986254296,19.0,31.0,3.0,36405,10.502488875205843,0
SP_inst1001.rcp,30.0,4.0,4.333333333333333,3.123388473365994,130.0,64.0,0.1471264367816092,0.3310344827586207,0.6689655172413793,28.0,0.5,0.7894736842105263,0.613609917651271,23.0,0.07903780068728522,23.0,38.0,10.0,32332,10.383843659485919,0
SP_inst101001.rcp,30.0,4.0,5.8,2.7616420236277306,174.0,37.0,0.08505747126436781,0.2045977011494253,0.7954022988505747,44.0,0.5,1.0923295454545454,0.9819218423621833,156.0,0.4508670520231214,49.0,92.0,43.0,40486,10.608736213912746,0
SP_inst102001.rcp,30.0,4.0,5.266666666666667,2.3654926665613565,158.0,65.0,0.14942528735632185,0.6804597701149425,0.3195402298850575,69.0,0.5,0.6276477146042363,0.6011934162963911,61.0,0.43884892086330934,44.0,116.0,47.0,48775,10.794993667587653,0
SP_inst103001.rcp,30.0,4.0,5.266666666666667,2.55516905289824,158.0,49.0,0.11264367816091954,0.8804597701149425,0.11954022988505753,81.0,0.5,0.5944919278252612,0.4861529288612622,30.0,0.5769230769230766,49.0,130.0,49.0,3422,8.138272638530186,1
SP_inst104001.rcp,30.0,4.0,5.466666666666667,2.974708202309747,164.0,34.0,0.07816091954022988,0.6528735632183909,0.34712643678160915,100.0,0.5,0.47733333333333333,0.3975337995337996,61.0,0.4039735099337749,48.0,120.0,20.0,32,3.4965075614664802,1
SP_inst105001.rcp,30.0,4.0,5.366666666666666,3.049407957110509,161.0,35.0,0.08045977011494253,0.7517241379310344,0.24827586206896557,106.0,0.5,0.40288568257491675,0.3580000159312619,44.0,0.4074074074074073,43.0,143.0,37.0,3432,8.141189793457691,1
SP_inst106001.rcp,30.0,4.0,5.533333333333333,2.8836705005176224,166.0,36.0,0.08275862068965517,0.9356321839080459,0.06436781609195408,142.0,0.5,0.3305946791862285,0.2896741560473955,14.0,0.49999999999999956,47.0,156.0,14.0,35,3.58351893845611,1
SP_inst107001.rcp,30.0,4.0,4.933333333333334,2.965730189271363,148.0,32.0,0.0735632183908046,0.9471264367816092,0.05287356321839076,126.0,0.5,0.3329156223893066,0.3075485640162498,13.0,0.5652173913043482,42.0,142.0,16.0,132,4.890349128221754,1
SP_inst108001.rcp,30.0,4.0,5.266666666666667,2.862788073811185,158.0,20.0,0.04597701149425287,0.05057471264367816,0.9494252873563218,26.0,0.5,1.620879120879121,1.4991300366300364,171.0,0.41404358353510895,43.0,69.0,26.0,40672,10.613319760626345,0
SP_inst109001.rcp,30.0,4.0,4.333333333333333,3.123388473365994,130.0,64.0,0.1471264367816092,0.3310344827586207,0.6689655172413793,28.0,0.5,1.25,1.1866430782839452,108.0,0.3711340206185567,35.0,62.0,27.0,54310,10.902482063674697,0
SP_inst110001.rcp,30.0,4.0,5.8,2.7616420236277306,174.0,37.0,0.08505747126436781,0.2045977011494253,0.7954022988505747,44.0,0.5,1.1757575757575758,0.9936491462613753,143.0,0.41329479768786126,52.0,106.0,54.0,37664,10.536486560259796,0
SP_inst11001.rcp,30.0,4.0,5.8,2.7616420236277306,174.0,37.0,0.08505747126436781,0.2045977011494253,0.7954022988505747,44.0,0.5,0.4818181818181818,0.45761409642988593,23.0,0.06647398843930635,22.0,56.0,12.0,32,3.4965075614664802,1
SP_inst111001.rcp,30.0,4.0,5.266666666666667,2.3654926665613565,158.0,65.0,0.14942528735632185,0.6804597701149425,0.3195402298850575,69.0,0.5,0.711352657004831,0.5942870736348997,53.0,0.381294964028777,50.0,112.0,43.0,51910,10.857285992746686,0
SP_inst112001.rcp,30.0,4.0,5.266666666666667,2.55516905289824,158.0,49.0,0.11264367816091954,0.8804597701149425,0.11954022988505753,81.0,0.5,0.5481481481481482,0.45560274142145485,24.0,0.46153846153846134,45.0,108.0,27.0,9554,9.164819856674374,1
SP_inst113001.rcp,30.0,4.0,5.466666666666667,2.974708202309747,164.0,34.0,0.07816091954022988,0.6528735632183909,0.34712643678160915,100.0,0.5,0.4785714285714286,0.4383241758241758,57.0,0.37748344370860937,48.0,134.0,34.0,1038,6.946013991099227,1
SP_inst114001.rcp,30.0,4.0,5.366666666666666,3.049407957110509,161.0,35.0,0.08045977011494253,0.7517241379310344,0.24827586206896557,106.0,0.5,0.4790356394129979,0.4098407320558147,47.0,0.43518518518518506,51.0,137.0,31.0,80,4.394449154672439,1
SP_inst115001.rcp,30.0,4.0,5.533333333333333,2.8836705005176224,166.0,36.0,0.08275862068965517,0.9356321839080459,0.06436781609195408,142.0,0.5,0.3046948356807512,0.29497862527884766,9.0,0.3214285714285711,44.0,145.0,3.0,32,3.4965075614664802,1
SP_inst116001.rcp,30.0,4.0,4.933333333333334,2.965730189271363,148.0,32.0,0.0735632183908046,0.9471264367816092,0.05287356321839076,126.0,0.5,0.3408289241622575,0.31453860872720524,6.0,0.2608695652173915,43.0,135.0,9.0,95,4.564348191467836,1
SP_inst117001.rcp,30.0,4.0,5.266666666666667,2.862788073811185,158.0,20.0,0.04597701149425287,0.05057471264367816,0.9494252873563218,26.0,0.5,1.7832167832167831,1.6218859265734267,179.0,0.43341404358353514,47.0,73.0,26.0,41381,10.630601282659347,0
SP_inst118001.rcp,30.0,4.0,4.333333333333333,3.123388473365994,130.0,64.0,0.1471264367816092,0.3310344827586207,0.6689655172413793,28.0,0.5,1.3327067669172932,1.1114073896028782,114.0,0.3917525773195876,38.0,52.0,14.0,48308,10.785373157686106,0
SP_inst119001.rcp,30.0,4.0,5.8,2.7616420236277306,174.0,37.0,0.08505747126436781,0.2045977011494253,0.7954022988505747,44.0,0.5,1.0943181818181817,0.9911836325439266,152.0,0.4393063583815029,49.0,101.0,52.0,31041,10.34309640521113,0
SP_inst120001.rcp,30.0,4.0,5.266666666666667,2.3654926665613565,158.0,65.0,0.14942528735632185,0.6804597701149425,0.3195402298850575,69.0,0.5,0.600891861761427,0.5656582216684518,63.0,0.45323741007194246,42.0,109.0,40.0,49865,10.81709468678108,0
SP_inst12001.rcp,30.0,4.0,5.266666666666667,2.3654926665613565,158.0,65.0,0.14942528735632185,0.6804597701149425,0.3195402298850575,69.0,0.5,0.3035426731078905,0.27340392953404463,4.0,0.02877697841726619,21.0,77.0,8.0,32,3.4965075614664802,1
SP_inst121001.rcp,30.0,4.0,5.266666666666667,2.55516905289824,158.0,49.0,0.11264367816091954,0.8804597701149425,0.11954022988505753,81.0,0.5,0.5875090777051561,0.4903549382716049,18.0,0.34615384615384603,48.0,111.0,30.0,1355,7.212294468500341,1
SP_inst122001.rcp,30.0,4.0,5.466666666666667,2.974708202309747,164.0,34.0,0.07816091954022988,0.6528735632183909,0.34712643678160915,100.0,0.5,0.5138461538461538,0.4146935958778064,66.0,0.43708609271523186,52.0,143.0,43.0,47226,10.762721041922928,1
SP_inst123001.rcp,30.0,4.0,5.366666666666666,3.049407957110509,161.0,35.0,0.08045977011494253,0.7517241379310344,0.24827586206896557,106.0,0.5,0.39622641509433965,0.3675446085545975,52.0,0.48148148148148134,42.0,128.0,22.0,32,3.4965075614664802,1
SP_inst124001.rcp,30.0,4.0,5.533333333333333,2.8836705005176224,166.0,36.0,0.08275862068965517,0.9356321839080459,0.06436781609195408,142.0,0.5,0.3434452871072589,0.305638317081979,15.0,0.5357142857142853,49.0,152.0,10.0,92,4.532599493153256,1
SP_inst125001.rcp,30.0,4.0,4.933333333333334,2.965730189271363,148.0,32.0,0.0735632183908046,0.9471264367816092,0.05287356321839076,126.0,0.5,0.3131868131868132,0.2940524753024753,7.0,0.30434782608695676,40.0,138.0,12.0,135,4.912654885736052,1
SP_inst126001.rcp,30.0,4.0,5.266666666666667,2.862788073811185,158.0,20.0,0.04597701149425287,0.05057471264367816,0.9494252873563218,26.0,0.5,2.1384615384615384,1.655793885601578,183.0,0.4430992736077482,56.0,78.0,22.0,45148,10.717723410205611,0
SP_inst127001.rcp,30.0,4.0,4.333333333333333,3.123388473365994,130.0,64.0,0.1471264367816092,0.3310344827586207,0.6689655172413793,28.0,0.5,1.3898809523809523,1.1009570494864611,125.0,0.42955326460481097,39.0,72.0,33.0,55623,10.926370041778855,0
SP_inst128001.rcp,30.0,4.0,5.8,2.7616420236277306,174.0,37.0,0.08505747126436781,0.2045977011494253,0.7954022988505747,44.0,0.5,1.0852272727272727,0.92816385003885,140.0,0.4046242774566474,48.0,97.0,49.0,37444,10.530628468683467,0
SP_inst129001.rcp,30.0,4.0,5.266666666666667,2.3654926665613565,158.0,65.0,0.14942528735632185,0.6804597701149425,0.3195402298850575,69.0,0.5,0.6337285902503293,0.5493416607547043,55.0,0.39568345323741005,44.0,103.0,34.0,46322,10.743393876988973,0
SP_inst130001.rcp,30.0,4.0,5.266666666666667,2.55516905289824,158.0,49.0,0.11264367816091954,0.8804597701149425,0.11954022988505753,81.0,0.5,0.5061728395061729,0.47040668119099494,9.0,0.17307692307692302,41.0,97.0,16.0,81,4.406719247264253,1
SP_inst13001.rcp,30.0,4.0,5.266666666666667,2.55516905289824,158.0,49.0,0.11264367816091954,0.8804597701149425,0.11954022988505753,81.0,0.5,0.2618583495776478,0.2359678452819291,1.0,0.01923076923076922,22.0,81.0,0.0,32,3.4965075614664802,1
SP_inst131001.rcp,30.0,4.0,5.466666666666667,2.974708202309747,164.0,34.0,0.07816091954022988,0.6528735632183909,0.34712643678160915,100.0,0.5,0.436,0.4022554945054945,79.0,0.52317880794702,44.0,148.0,48.0,3371,8.123261319121745,1
SP_inst132001.rcp,30.0,4.0,5.366666666666666,3.049407957110509,161.0,35.0,0.08045977011494253,0.7517241379310344,0.24827586206896557,106.0,0.5,0.4408805031446541,0.3654674851795011,49.0,0.4537037037037036,47.0,126.0,20.0,32,3.4965075614664802,1
SP_inst133001.rcp,30.0,4.0,5.533333333333333,2.8836705005176224,166.0,36.0,0.08275862068965517,0.9356321839080459,0.06436781609195408,142.0,0.5,0.35110663983903423,0.3206111670020121,13.0,0.46428571428571386,50.0,161.0,19.0,106,4.672828834461906,1
SP_inst134001.rcp,30.0,4.0,4.933333333333334,2.965730189271363,148.0,32.0,0.0735632183908046,0.9471264367816092,0.05287356321839076,126.0,0.5,0.3247354497354497,0.29577917424279654,9.0,0.39130434782608725,41.0,138.0,12.0,32,3.4965075614664802,1
SP_inst135001.rcp,30.0,4.0,5.266666666666667,2.862788073811185,158.0,20.0,0.04597701149425287,0.05057471264367816,0.9494252873563218,26.0,0.5,1.6846153846153846,1.563959176788124,172.0,0.41646489104116224,44.0,65.0,21.0,43543,10.681527200114036,0
SP_inst136001.rcp,30.0,4.0,4.333333333333333,3.123388473365994,130.0,64.0,0.1471264367816092,0.3310344827586207,0.6689655172413793,28.0,0.5,1.3660714285714286,1.1451653029632904,102.0,0.35051546391752575,39.0,59.0,20.0,56299,10.938449814127782,0
SP_inst137001.rcp,30.0,4.0,5.8,2.7616420236277306,174.0,37.0,0.08505747126436781,0.2045977011494253,0.7954022988505747,44.0,0.5,1.267379679144385,1.0441626777856725,152.0,0.4393063583815029,56.0,94.0,38.0,35126,10.466725344516835,0
SP_inst138001.rcp,30.0,4.0,5.266666666666667,2.3654926665613565,158.0,65.0,0.14942528735632185,0.6804597701149425,0.3195402298850575,69.0,0.5,0.6911928651059086,0.6270763656633223,61.0,0.43884892086330934,48.0,112.0,43.0,46716,10.751863403111642,0
SP_inst139001.rcp,30.0,4.0,5.266666666666667,2.55516905289824,158.0,49.0,0.11264367816091954,0.8804597701149425,0.11954022988505753,81.0,0.5,0.5171467764060357,0.4741426611796982,22.0,0.4230769230769229,42.0,122.0,41.0,2792,7.934871565945177,1
SP_inst140001.rcp,30.0,4.0,5.466666666666667,2.974708202309747,164.0,34.0,0.07816091954022988,0.6528735632183909,0.34712643678160915,100.0,0.5,0.48764705882352943,0.40194782239819005,65.0,0.4304635761589405,49.0,130.0,30.0,11709,9.368198456591763,1
SP_inst14001.rcp,30.0,4.0,5.466666666666667,2.974708202309747,164.0,34.0,0.07816091954022988,0.6528735632183909,0.34712643678160915,100.0,0.5,0.23727272727272727,0.19832553475935827,3.0,0.019867549668874177,24.0,100.0,0.0,32,3.4965075614664802,1
SP_inst141001.rcp,30.0,4.0,5.366666666666666,3.049407957110509,161.0,35.0,0.08045977011494253,0.7517241379310344,0.24827586206896557,106.0,0.5,0.4562607204116638,0.3615963623871504,36.0,0.33333333333333326,49.0,136.0,30.0,32,3.4965075614664802,1
SP_inst142001.rcp,30.0,4.0,5.533333333333333,2.8836705005176224,166.0,36.0,0.08275862068965517,0.9356321839080459,0.06436781609195408,142.0,0.5,0.36795774647887325,0.2858734093155424,10.0,0.3571428571428568,53.0,154.0,12.0,268,5.594711379601839,1
SP_inst143001.rcp,30.0,4.0,4.933333333333334,2.965730189271363,148.0,32.0,0.0735632183908046,0.9471264367816092,0.05287356321839076,126.0,0.5,0.3253968253968254,0.2948683261183261,14.0,0.6086956521739135,41.0,143.0,17.0,264,5.579729825986222,1
SP_inst144001.rcp,30.0,4.0,5.266666666666667,2.862788073811185,158.0,20.0,0.04597701149425287,0.05057471264367816,0.9494252873563218,26.0,0.5,1.815934065934066,1.490430066257272,166.0,0.4019370460048426,48.0,69.0,21.0,43865,10.68889481152137,0
SP_inst145001.rcp,30.0,4.0,4.333333333333333,3.123388473365994,130.0,64.0,0.1471264367816092,0.3310344827586207,0.6689655172413793,28.0,0.5,1.184873949579832,1.0763675206924876,117.0,0.4020618556701031,34.0,61.0,27.0,55153,10.91788455151661,0
SP_inst146001.rcp,30.0,4.0,5.8,2.7616420236277306,174.0,37.0,0.08505747126436781,0.2045977011494253,0.7954022988505747,44.0,0.5,1.106818181818182,0.9652072192513369,148.0,0.4277456647398844,49.0,92.0,43.0,32614,10.392527584230196,0
SP_inst147001.rcp,30.0,4.0,5.266666666666667,2.3654926665613565,158.0,65.0,0.14942528735632185,0.6804597701149425,0.3195402298850575,69.0,0.5,0.6559877955758963,0.5658085430968727,58.0,0.4172661870503597,46.0,98.0,29.0,51074,10.841050419685823,0
SP_inst148001.rcp,30.0,4.0,5.266666666666667,2.55516905289824,158.0,49.0,0.11264367816091954,0.8804597701149425,0.11954022988505753,81.0,0.5,0.5809327846364883,0.48326045953360763,23.0,0.4423076923076921,48.0,116.0,35.0,5931,8.688116703257823,1
SP_inst149001.rcp,30.0,4.0,5.466666666666667,2.974708202309747,164.0,34.0,0.07816091954022988,0.6528735632183909,0.34712643678160915,100.0,0.5,0.466,0.4035416666666667,73.0,0.4834437086092716,47.0,129.0,29.0,5603,8.631235907456897,1
SP_inst150001.rcp,30.0,4.0,5.366666666666666,3.049407957110509,161.0,35.0,0.08045977011494253,0.7517241379310344,0.24827586206896557,106.0,0.5,0.43160377358490565,0.3702843528558012,33.0,0.30555555555555547,46.0,130.0,24.0,32,3.4965075614664802,1
SP_inst15001.rcp,30.0,4.0,5.366666666666666,3.049407957110509,161.0,35.0,0.08045977011494253,0.7517241379310344,0.24827586206896557,106.0,0.5,0.19811320754716982,0.1817299735187024,3.0,0.02777777777777777,21.0,106.0,0.0,32,3.4965075614664802,1
SP_inst151001.rcp,30.0,4.0,5.533333333333333,2.8836705005176224,166.0,36.0,0.08275862068965517,0.9356321839080459,0.06436781609195408,142.0,0.5,0.34635083226632524,0.29644886363636364,15.0,0.5357142857142853,50.0,156.0,14.0,32,3.4965075614664802,1
SP_inst152001.rcp,30.0,4.0,4.933333333333334,2.965730189271363,148.0,32.0,0.0735632183908046,0.9471264367816092,0.05287356321839076,126.0,0.5,0.39732142857142855,0.2857645248270248,7.0,0.30434782608695676,51.0,135.0,9.0,111,4.718498871295094,1
SP_inst153001.rcp,30.0,4.0,5.266666666666667,2.862788073811185,158.0,20.0,0.04597701149425287,0.05057471264367816,0.9494252873563218,26.0,0.5,1.6958041958041958,1.5593985341581496,174.0,0.4213075060532688,45.0,72.0,27.0,40813,10.61678043878903,0
SP_inst154001.rcp,30.0,4.0,4.333333333333333,3.123388473365994,130.0,64.0,0.1471264367816092,0.3310344827586207,0.6689655172413793,28.0,0.5,1.605263157894737,1.1840694941023888,128.0,0.43986254295532645,45.0,69.0,24.0,54507,10.90610275886971,0
SP_inst155001.rcp,30.0,4.0,5.8,2.7616420236277306,174.0,37.0,0.08505747126436781,0.2045977011494253,0.7954022988505747,44.0,0.5,1.0809659090909092,0.9800513357256778,148.0,0.4277456647398844,48.0,102.0,54.0,32457,10.387702224875827,0
SP_inst156001.rcp,30.0,4.0,5.266666666666667,2.3654926665613565,158.0,65.0,0.14942528735632185,0.6804597701149425,0.3195402298850575,69.0,0.5,0.6268115942028986,0.5584311019093627,62.0,0.4460431654676259,44.0,107.0,38.0,52996,10.877990587158619,0
SP_inst157001.rcp,30.0,4.0,5.266666666666667,2.55516905289824,158.0,49.0,0.11264367816091954,0.8804597701149425,0.11954022988505753,81.0,0.5,0.5411522633744856,0.4601876322453808,22.0,0.4230769230769229,44.0,115.0,34.0,4387,8.38662882139512,1
SP_inst158001.rcp,30.0,4.0,5.466666666666667,2.974708202309747,164.0,34.0,0.07816091954022988,0.6528735632183909,0.34712643678160915,100.0,0.5,0.47785714285714287,0.41906109515484513,65.0,0.4304635761589405,48.0,137.0,37.0,22625,10.026854966486413,1
SP_inst159001.rcp,30.0,4.0,5.366666666666666,3.049407957110509,161.0,35.0,0.08045977011494253,0.7517241379310344,0.24827586206896557,106.0,0.5,0.427857935627081,0.397662319644839,44.0,0.4074074074074073,46.0,130.0,24.0,32,3.4965075614664802,1
SP_inst160001.rcp,30.0,4.0,5.533333333333333,2.8836705005176224,166.0,36.0,0.08275862068965517,0.9356321839080459,0.06436781609195408,142.0,0.5,0.3212050078247261,0.30187764659854555,11.0,0.3928571428571425,46.0,155.0,13.0,128,4.859812404361672,1
SP_inst16001.rcp,30.0,4.0,5.533333333333333,2.8836705005176224,166.0,36.0,0.08275862068965517,0.9356321839080459,0.06436781609195408,142.0,0.5,0.17018779342723006,0.14571239854783222,1.0,0.035714285714285685,25.0,150.0,8.0,32,3.4965075614664802,1
SP_inst161001.rcp,30.0,4.0,4.933333333333334,2.965730189271363,148.0,32.0,0.0735632183908046,0.9471264367816092,0.05287356321839076,126.0,0.5,0.37734487734487737,0.34495625901875904,11.0,0.47826086956521774,48.0,141.0,15.0,132,4.890349128221754,1
SP_inst162001.rcp,30.0,4.0,5.266666666666667,2.862788073811185,158.0,20.0,0.04597701149425287,0.05057471264367816,0.9494252873563218,26.0,0.5,1.7487179487179487,1.5215214272906583,183.0,0.4430992736077482,46.0,80.0,34.0,45893,10.73408966854992,0
SP_inst163001.rcp,30.0,4.0,4.333333333333333,3.123388473365994,130.0,64.0,0.1471264367816092,0.3310344827586207,0.6689655172413793,28.0,0.5,1.3928571428571428,1.217919146825397,133.0,0.4570446735395189,39.0,68.0,29.0,53917,10.895219652910134,0
SP_inst164001.rcp,30.0,4.0,5.8,2.7616420236277306,174.0,37.0,0.08505747126436781,0.2045977011494253,0.7954022988505747,44.0,0.5,1.1174242424242424,0.9914108187134503,144.0,0.4161849710982659,50.0,99.0,49.0,39881,10.593680373269637,0
SP_inst165001.rcp,30.0,4.0,5.266666666666667,2.3654926665613565,158.0,65.0,0.14942528735632185,0.6804597701149425,0.3195402298850575,69.0,0.5,0.6594202898550725,0.5957146718016284,63.0,0.45323741007194246,46.0,109.0,40.0,46410,10.745291779083457,0
SP_inst166001.rcp,30.0,4.0,5.266666666666667,2.55516905289824,158.0,49.0,0.11264367816091954,0.8804597701149425,0.11954022988505753,81.0,0.5,0.5088183421516755,0.48719213156347657,28.0,0.5384615384615382,42.0,110.0,29.0,7142,8.873888135154973,1
SP_inst167001.rcp,30.0,4.0,5.466666666666667,2.974708202309747,164.0,34.0,0.07816091954022988,0.6528735632183909,0.34712643678160915,100.0,0.5,0.463125,0.4299158653846154,63.0,0.4172185430463577,47.0,130.0,30.0,32,3.4965075614664802,1
SP_inst168001.rcp,30.0,4.0,5.366666666666666,3.049407957110509,161.0,35.0,0.08045977011494253,0.7517241379310344,0.24827586206896557,106.0,0.5,0.49481132075471695,0.43442952901120724,44.0,0.4074074074074073,53.0,121.0,15.0,4772,8.470730317005897,1
SP_inst169001.rcp,30.0,4.0,5.533333333333333,2.8836705005176224,166.0,36.0,0.08275862068965517,0.9356321839080459,0.06436781609195408,142.0,0.5,0.33755868544600937,0.2851460186557944,9.0,0.3214285714285711,48.0,157.0,15.0,91,4.5217885770490405,1
SP_inst170001.rcp,30.0,4.0,4.933333333333334,2.965730189271363,148.0,32.0,0.0735632183908046,0.9471264367816092,0.05287356321839076,126.0,0.5,0.29563492063492064,0.2812377354788069,5.0,0.21739130434782625,38.0,135.0,9.0,32,3.4965075614664802,1
SP_inst17001.rcp,30.0,4.0,4.933333333333334,2.965730189271363,148.0,32.0,0.0735632183908046,0.9471264367816092,0.05287356321839076,126.0,0.5,0.1775793650793651,0.15588711361737678,2.0,0.0869565217391305,23.0,126.0,0.0,32,3.4965075614664802,1
SP_inst171001.rcp,30.0,4.0,5.266666666666667,2.862788073811185,158.0,20.0,0.04597701149425287,0.05057471264367816,0.9494252873563218,26.0,0.5,1.6602564102564104,1.4563768194524775,171.0,0.41404358353510895,44.0,61.0,17.0,43239,10.674521271753145,0
SP_inst172001.rcp,30.0,4.0,4.333333333333333,3.123388473365994,130.0,64.0,0.1471264367816092,0.3310344827586207,0.6689655172413793,28.0,0.5,1.4747899159663866,1.1095828956582632,130.0,0.44673539518900346,42.0,65.0,23.0,43391,10.678030371300068,0
SP_inst173001.rcp,30.0,4.0,5.8,2.7616420236277306,174.0,37.0,0.08505747126436781,0.2045977011494253,0.7954022988505747,44.0,0.5,1.1403743315508021,0.9495111965240641,143.0,0.41329479768786126,51.0,102.0,51.0,35180,10.468261443129174,0
SP_inst174001.rcp,30.0,4.0,5.266666666666667,2.3654926665613565,158.0,65.0,0.14942528735632185,0.6804597701149425,0.3195402298850575,69.0,0.5,0.6502415458937199,0.587376293297346,66.0,0.4748201438848921,45.0,111.0,42.0,45796,10.731973865773508,0
SP_inst175001.rcp,30.0,4.0,5.266666666666667,2.55516905289824,158.0,49.0,0.11264367816091954,0.8804597701149425,0.11954022988505753,81.0,0.5,0.5317460317460317,0.4902349828820417,20.0,0.38461538461538447,44.0,123.0,42.0,2597,7.862497197230545,1
SP_inst176001.rcp,30.0,4.0,5.466666666666667,2.974708202309747,164.0,34.0,0.07816091954022988,0.6528735632183909,0.34712643678160915,100.0,0.5,0.4685,0.4198854166666667,59.0,0.3907284768211921,47.0,124.0,24.0,2708,7.904334842085095,1
SP_inst177001.rcp,30.0,4.0,5.366666666666666,3.049407957110509,161.0,35.0,0.08045977011494253,0.7517241379310344,0.24827586206896557,106.0,0.5,0.44768439108061747,0.41066048731143073,57.0,0.5277777777777777,48.0,136.0,30.0,4466,8.404472321352118,1
SP_inst178001.rcp,30.0,4.0,5.533333333333333,2.8836705005176224,166.0,36.0,0.08275862068965517,0.9356321839080459,0.06436781609195408,142.0,0.5,0.3211267605633803,0.3041348787167449,14.0,0.49999999999999956,46.0,154.0,12.0,139,4.941642422609304,1
SP_inst179001.rcp,30.0,4.0,4.933333333333334,2.965730189271363,148.0,32.0,0.0735632183908046,0.9471264367816092,0.05287356321839076,126.0,0.5,0.3412698412698413,0.2745032745032745,7.0,0.30434782608695676,43.0,146.0,20.0,32,3.4965075614664802,1
SP_inst180001.rcp,30.0,4.0,5.266666666666667,2.862788073811185,158.0,20.0,0.04597701149425287,0.05057471264367816,0.9494252873563218,26.0,0.5,2.6,2.2979841430499324,313.0,0.7578692493946732,68.0,91.0,23.0,57089,10.952384248958305,0
SP_inst18001.rcp,30.0,4.0,5.266666666666667,2.862788073811185,158.0,20.0,0.04597701149425287,0.05057471264367816,0.9494252873563218,26.0,0.5,0.9505494505494505,0.7678189865689866,9.0,0.021791767554479417,25.0,36.0,10.0,36846,10.51452948317723,0
SP_inst181001.rcp,30.0,4.0,4.333333333333333,3.123388473365994,130.0,64.0,0.1471264367816092,0.3310344827586207,0.6689655172413793,28.0,0.5,1.8785714285714286,1.6940352182539682,208.0,0.7147766323024055,53.0,88.0,35.0,70649,11.165493388112674,0
SP_inst182001.rcp,30.0,4.0,5.8,2.7616420236277306,174.0,37.0,0.08505747126436781,0.2045977011494253,0.7954022988505747,44.0,0.5,1.618881118881119,1.4885406260406262,253.0,0.7312138728323699,72.0,133.0,61.0,47778,10.774341491401676,0
SP_inst183001.rcp,30.0,4.0,5.266666666666667,2.3654926665613565,158.0,65.0,0.14942528735632185,0.6804597701149425,0.3195402298850575,69.0,0.5,0.9411231884057971,0.8579552241237024,102.0,0.7338129496402878,65.0,137.0,68.0,73426,11.204046994374778,0
SP_inst184001.rcp,30.0,4.0,5.266666666666667,2.55516905289824,158.0,49.0,0.11264367816091954,0.8804597701149425,0.11954022988505753,81.0,0.5,0.813692480359147,0.7661042862567917,36.0,0.6923076923076921,66.0,136.0,55.0,90894,11.417460273152162,0
SP_inst185001.rcp,30.0,4.0,5.466666666666667,2.974708202309747,164.0,34.0,0.07816091954022988,0.6528735632183909,0.34712643678160915,100.0,0.5,0.7747368421052632,0.642525556680162,115.0,0.76158940397351,78.0,143.0,43.0,56858,10.94832979799441,0
SP_inst186001.rcp,30.0,4.0,5.366666666666666,3.049407957110509,161.0,35.0,0.08045977011494253,0.7517241379310344,0.24827586206896557,106.0,0.5,0.6406518010291595,0.5633729252850368,72.0,0.6666666666666665,68.0,159.0,53.0,20008,9.903937451316493,1
SP_inst187001.rcp,30.0,4.0,5.533333333333333,2.8836705005176224,166.0,36.0,0.08275862068965517,0.9356321839080459,0.06436781609195408,142.0,0.5,0.5130784708249497,0.4349677611121273,20.0,0.7142857142857136,73.0,165.0,23.0,433,6.073044534100405,1
SP_inst188001.rcp,30.0,4.0,4.933333333333334,2.965730189271363,148.0,32.0,0.0735632183908046,0.9471264367816092,0.05287356321839076,126.0,0.5,0.5084325396825397,0.42835380862871464,18.0,0.7826086956521745,65.0,142.0,16.0,186,5.231108616854587,1
SP_inst189001.rcp,30.0,4.0,5.266666666666667,2.862788073811185,158.0,20.0,0.04597701149425287,0.05057471264367816,0.9494252873563218,26.0,0.5,2.456043956043956,2.298297855990164,310.0,0.7506053268765133,64.0,107.0,43.0,50927,10.838168149521874,0
SP_inst190001.rcp,30.0,4.0,4.333333333333333,3.123388473365994,130.0,64.0,0.1471264367816092,0.3310344827586207,0.6689655172413793,28.0,0.5,2.2281746031746033,1.7899641216135578,207.0,0.711340206185567,63.0,94.0,31.0,57760,10.96406908643623,0
SP_inst19001.rcp,30.0,4.0,4.333333333333333,3.123388473365994,130.0,64.0,0.1471264367816092,0.3310344827586207,0.6689655172413793,28.0,0.5,0.6813186813186813,0.5666971916971917,12.0,0.041237113402061855,20.0,37.0,9.0,37412,10.529773516588858,0
SP_inst191001.rcp,30.0,4.0,5.8,2.7616420236277306,174.0,37.0,0.08505747126436781,0.2045977011494253,0.7954022988505747,44.0,0.5,1.55,1.4410093582887702,252.0,0.7283236994219653,69.0,110.0,41.0,50550,10.830738006646618,0
SP_inst192001.rcp,30.0,4.0,5.266666666666667,2.3654926665613565,158.0,65.0,0.14942528735632185,0.6804597701149425,0.3195402298850575,69.0,0.5,1.0065876152832676,0.8596380471380471,111.0,0.7985611510791367,70.0,149.0,79.0,62467,11.042409704607737,0
SP_inst193001.rcp,30.0,4.0,5.266666666666667,2.55516905289824,158.0,49.0,0.11264367816091954,0.8804597701149425,0.11954022988505753,81.0,0.5,0.7524691358024691,0.6915163026274138,39.0,0.7499999999999997,61.0,128.0,47.0,79997,11.289756913343513,0
SP_inst194001.rcp,30.0,4.0,5.466666666666667,2.974708202309747,164.0,34.0,0.07816091954022988,0.6528735632183909,0.34712643678160915,100.0,0.5,0.6878571428571428,0.6255402661064425,117.0,0.7748344370860929,69.0,156.0,56.0,56074,10.934445359388409,0
SP_inst195001.rcp,30.0,4.0,5.366666666666666,3.049407957110509,161.0,35.0,0.08045977011494253,0.7517241379310344,0.24827586206896557,106.0,0.5,0.6240928882438317,0.5617083388309805,79.0,0.7314814814814813,67.0,155.0,49.0,49313,10.805963295376555,0
SP_inst196001.rcp,30.0,4.0,5.533333333333333,2.8836705005176224,166.0,36.0,0.08275862068965517,0.9356321839080459,0.06436781609195408,142.0,0.5,0.4563380281690141,0.4387738147282254,16.0,0.571428571428571,65.0,150.0,8.0,237,5.472270673671475,1
SP_inst197001.rcp,30.0,4.0,4.933333333333334,2.965730189271363,148.0,32.0,0.0735632183908046,0.9471264367816092,0.05287356321839076,126.0,0.5,0.5482295482295483,0.44946581196581203,17.0,0.7391304347826093,70.0,146.0,20.0,713,6.570882962339584,1
SP_inst198001.rcp,30.0,4.0,5.266666666666667,2.862788073811185,158.0,20.0,0.04597701149425287,0.05057471264367816,0.9494252873563218,26.0,0.5,2.495475113122172,2.3863475678733033,316.0,0.7651331719128329,65.0,106.0,41.0,50827,10.836202662824425,0
SP_inst199001.rcp,30.0,4.0,4.333333333333333,3.123388473365994,130.0,64.0,0.1471264367816092,0.3310344827586207,0.6689655172413793,28.0,0.5,1.9902597402597402,1.8474025974025974,206.0,0.7079037800687286,56.0,84.0,28.0,62900,11.049317340813348,0
SP_inst200001.rcp,30.0,4.0,5.8,2.7616420236277306,174.0,37.0,0.08505747126436781,0.2045977011494253,0.7954022988505747,44.0,0.5,1.6238636363636363,1.4830374619399738,260.0,0.7514450867052023,72.0,130.0,58.0,54933,10.913887743638089,0
SP_inst20001.rcp,30.0,4.0,5.8,2.7616420236277306,174.0,37.0,0.08505747126436781,0.2045977011494253,0.7954022988505747,44.0,0.5,0.4772727272727273,0.42535583103764923,17.0,0.049132947976878616,21.0,53.0,9.0,32,3.4965075614664802,1
SP_inst2001.rcp,30.0,4.0,5.8,2.7616420236277306,174.0,37.0,0.08505747126436781,0.2045977011494253,0.7954022988505747,44.0,0.5,0.6241258741258742,0.5282852564102565,13.0,0.03757225433526012,28.0,55.0,11.0,32,3.4965075614664802,1
SP_inst201001.rcp,30.0,4.0,5.266666666666667,2.3654926665613565,158.0,65.0,0.14942528735632185,0.6804597701149425,0.3195402298850575,69.0,0.5,0.9380032206119162,0.8675644425072342,95.0,0.6834532374100719,65.0,126.0,57.0,59282,10.990077865976913,0
SP_inst202001.rcp,30.0,4.0,5.266666666666667,2.55516905289824,158.0,49.0,0.11264367816091954,0.8804597701149425,0.11954022988505753,81.0,0.5,0.7615740740740741,0.6765614847303444,39.0,0.7499999999999997,62.0,135.0,54.0,72239,11.187749188090867,0
SP_inst203001.rcp,30.0,4.0,5.466666666666667,2.974708202309747,164.0,34.0,0.07816091954022988,0.6528735632183909,0.34712643678160915,100.0,0.5,0.7788235294117647,0.6385479797979798,119.0,0.7880794701986756,78.0,149.0,49.0,50678,10.833266902590838,0
SP_inst204001.rcp,30.0,4.0,5.366666666666666,3.049407957110509,161.0,35.0,0.08045977011494253,0.7517241379310344,0.24827586206896557,106.0,0.5,0.72562893081761,0.5888436249285306,78.0,0.722222222222222,77.0,153.0,47.0,50261,10.825004603381865,0
SP_inst205001.rcp,30.0,4.0,5.533333333333333,2.8836705005176224,166.0,36.0,0.08275862068965517,0.9356321839080459,0.06436781609195408,142.0,0.5,0.48260149130074564,0.43501967688483845,21.0,0.7499999999999993,69.0,163.0,21.0,436,6.07993319509559,1
SP_inst206001.rcp,30.0,4.0,4.933333333333334,2.965730189271363,148.0,32.0,0.0735632183908046,0.9471264367816092,0.05287356321839076,126.0,0.5,0.5132275132275133,0.42694279100529103,18.0,0.7826086956521745,65.0,144.0,18.0,225,5.420534999272286,1
SP_inst207001.rcp,30.0,4.0,5.266666666666667,2.862788073811185,158.0,20.0,0.04597701149425287,0.05057471264367816,0.9494252873563218,26.0,0.5,2.4794871794871796,2.299839743589744,305.0,0.738498789346247,65.0,98.0,33.0,48504,10.789422164395384,0
SP_inst208001.rcp,30.0,4.0,4.333333333333333,3.123388473365994,130.0,64.0,0.1471264367816092,0.3310344827586207,0.6689655172413793,28.0,0.5,2.2261904761904763,1.7137934981684981,220.0,0.7560137457044673,63.0,97.0,34.0,64076,11.067840764166915,0
SP_inst209001.rcp,30.0,4.0,5.8,2.7616420236277306,174.0,37.0,0.08505747126436781,0.2045977011494253,0.7954022988505747,44.0,0.5,1.667832167832168,1.4925129329734594,263.0,0.7601156069364162,74.0,131.0,57.0,52152,10.861936985140591,0
SP_inst210001.rcp,30.0,4.0,5.266666666666667,2.3654926665613565,158.0,65.0,0.14942528735632185,0.6804597701149425,0.3195402298850575,69.0,0.5,0.9748283752860412,0.8854573725283108,97.0,0.697841726618705,68.0,142.0,73.0,60575,11.01165405400905,0
SP_inst21001.rcp,30.0,4.0,5.266666666666667,2.3654926665613565,158.0,65.0,0.14942528735632185,0.6804597701149425,0.3195402298850575,69.0,0.5,0.32155797101449274,0.2936429512516469,8.0,0.05755395683453238,23.0,76.0,7.0,89,4.499809670330265,1
SP_inst211001.rcp,30.0,4.0,5.266666666666667,2.55516905289824,158.0,49.0,0.11264367816091954,0.8804597701149425,0.11954022988505753,81.0,0.5,0.8567901234567902,0.7601837084293225,43.0,0.8269230769230765,70.0,138.0,57.0,100566,11.518579451024427,0
SP_inst212001.rcp,30.0,4.0,5.466666666666667,2.974708202309747,164.0,34.0,0.07816091954022988,0.6528735632183909,0.34712643678160915,100.0,0.5,0.731875,0.6102015931372549,119.0,0.7880794701986756,74.0,146.0,46.0,50700,10.83370091325064,0
SP_inst213001.rcp,30.0,4.0,5.366666666666666,3.049407957110509,161.0,35.0,0.08045977011494253,0.7517241379310344,0.24827586206896557,106.0,0.5,0.6031446540880503,0.5706651576934596,85.0,0.7870370370370369,64.0,151.0,45.0,50818,10.83602557938815,0
SP_inst214001.rcp,30.0,4.0,5.533333333333333,2.8836705005176224,166.0,36.0,0.08275862068965517,0.9356321839080459,0.06436781609195408,142.0,0.5,0.5103780578206079,0.44094475761451296,19.0,0.6785714285714279,73.0,156.0,14.0,955,6.862757913051401,1
SP_inst215001.rcp,30.0,4.0,4.933333333333334,2.965730189271363,148.0,32.0,0.0735632183908046,0.9471264367816092,0.05287356321839076,126.0,0.5,0.51010101010101,0.4659036594435754,18.0,0.7826086956521745,65.0,144.0,18.0,186,5.231108616854587,1
SP_inst216001.rcp,30.0,4.0,5.266666666666667,2.862788073811185,158.0,20.0,0.04597701149425287,0.05057471264367816,0.9494252873563218,26.0,0.5,2.4526627218934913,2.2501732162812185,307.0,0.7433414043583535,64.0,103.0,39.0,52866,10.875534604665138,0
SP_inst217001.rcp,30.0,4.0,4.333333333333333,3.123388473365994,130.0,64.0,0.1471264367816092,0.3310344827586207,0.6689655172413793,28.0,0.5,1.7357142857142858,1.7032061688311688,211.0,0.7250859106529209,49.0,90.0,41.0,54784,10.911171712839494,0
SP_inst218001.rcp,30.0,4.0,5.8,2.7616420236277306,174.0,37.0,0.08505747126436781,0.2045977011494253,0.7954022988505747,44.0,0.5,1.5852272727272727,1.4823310212514758,267.0,0.7716763005780347,70.0,134.0,64.0,49544,10.810636626493,0
SP_inst219001.rcp,30.0,4.0,5.266666666666667,2.3654926665613565,158.0,65.0,0.14942528735632185,0.6804597701149425,0.3195402298850575,69.0,0.5,1.0260869565217392,0.8941238966982674,97.0,0.697841726618705,71.0,134.0,63.0,63951,11.065888080951105,0
SP_inst220001.rcp,30.0,4.0,5.266666666666667,2.55516905289824,158.0,49.0,0.11264367816091954,0.8804597701149425,0.11954022988505753,81.0,0.5,0.8154320987654321,0.6989883401920438,40.0,0.7692307692307689,67.0,145.0,64.0,78121,11.266026986301403,0
SP_inst22001.rcp,30.0,4.0,5.266666666666667,2.55516905289824,158.0,49.0,0.11264367816091954,0.8804597701149425,0.11954022988505753,81.0,0.5,0.29691358024691356,0.2526675485008818,6.0,0.11538461538461534,25.0,87.0,6.0,88,4.48863636973214,1
SP_inst221001.rcp,30.0,4.0,5.466666666666667,2.974708202309747,164.0,34.0,0.07816091954022988,0.6528735632183909,0.34712643678160915,100.0,0.5,0.7161538461538461,0.6247427099044747,109.0,0.7218543046357617,72.0,144.0,44.0,55164,10.918083973194406,0
SP_inst222001.rcp,30.0,4.0,5.366666666666666,3.049407957110509,161.0,35.0,0.08045977011494253,0.7517241379310344,0.24827586206896557,106.0,0.5,0.6763425253991292,0.5611649398268067,79.0,0.7314814814814813,72.0,153.0,47.0,10820,9.289243969571649,1
SP_inst223001.rcp,30.0,4.0,5.533333333333333,2.8836705005176224,166.0,36.0,0.08275862068965517,0.9356321839080459,0.06436781609195408,142.0,0.5,0.4980438184663537,0.43090616347658606,22.0,0.785714285714285,71.0,159.0,17.0,2026,7.614312146452,1
SP_inst224001.rcp,30.0,4.0,4.933333333333334,2.965730189271363,148.0,32.0,0.0735632183908046,0.9471264367816092,0.05287356321839076,126.0,0.5,0.46378968253968256,0.427786044973545,20.0,0.869565217391305,59.0,148.0,22.0,342,5.8377304471659395,1
SP_inst225001.rcp,30.0,4.0,5.266666666666667,2.862788073811185,158.0,20.0,0.04597701149425287,0.05057471264367816,0.9494252873563218,26.0,0.5,2.427350427350427,2.2940194507290097,314.0,0.7602905569007264,64.0,111.0,47.0,53910,10.895089817707918,0
SP_inst226001.rcp,30.0,4.0,4.333333333333333,3.123388473365994,130.0,64.0,0.1471264367816092,0.3310344827586207,0.6689655172413793,28.0,0.5,2.03021978021978,1.7365090266875982,217.0,0.7457044673539519,57.0,81.0,24.0,56897,10.949015470111782,0
SP_inst227001.rcp,30.0,4.0,5.8,2.7616420236277306,174.0,37.0,0.08505747126436781,0.2045977011494253,0.7954022988505747,44.0,0.5,1.6566985645933014,1.497612510097558,260.0,0.7514450867052023,73.0,125.0,52.0,52736,10.873072575468,0
SP_inst228001.rcp,30.0,4.0,5.266666666666667,2.3654926665613565,158.0,65.0,0.14942528735632185,0.6804597701149425,0.3195402298850575,69.0,0.5,1.0732689210950082,0.8561424697008222,105.0,0.7553956834532374,75.0,142.0,67.0,63828,11.063962911512936,0
SP_inst229001.rcp,30.0,4.0,5.266666666666667,2.55516905289824,158.0,49.0,0.11264367816091954,0.8804597701149425,0.11954022988505753,81.0,0.5,0.8120713305898491,0.7229684966953486,36.0,0.6923076923076921,66.0,129.0,48.0,78309,11.268430587744984,0
SP_inst230001.rcp,30.0,4.0,5.466666666666667,2.974708202309747,164.0,34.0,0.07816091954022988,0.6528735632183909,0.34712643678160915,100.0,0.5,0.7088235294117647,0.5988095238095238,115.0,0.76158940397351,71.0,151.0,51.0,49321,10.806125507956496,0
SP_inst23001.rcp,30.0,4.0,5.466666666666667,2.974708202309747,164.0,34.0,0.07816091954022988,0.6528735632183909,0.34712643678160915,100.0,0.5,0.240625,0.20943931342780026,5.0,0.03311258278145696,25.0,104.0,4.0,32,3.4965075614664802,1
SP_inst231001.rcp,30.0,4.0,5.366666666666666,3.049407957110509,161.0,35.0,0.08045977011494253,0.7517241379310344,0.24827586206896557,106.0,0.5,0.6745283018867925,0.5741548742138365,78.0,0.722222222222222,72.0,156.0,50.0,51573,10.850772948512507,0
SP_inst232001.rcp,30.0,4.0,5.533333333333333,2.8836705005176224,166.0,36.0,0.08275862068965517,0.9356321839080459,0.06436781609195408,142.0,0.5,0.5658450704225352,0.45825207656193573,22.0,0.785714285714285,81.0,166.0,24.0,1378,7.229113877793302,1
SP_inst233001.rcp,30.0,4.0,4.933333333333334,2.965730189271363,148.0,32.0,0.0735632183908046,0.9471264367816092,0.05287356321839076,126.0,0.5,0.5708994708994709,0.4376085334418668,20.0,0.869565217391305,72.0,148.0,22.0,369,5.91350300563827,1
SP_inst234001.rcp,30.0,4.0,5.266666666666667,2.862788073811185,158.0,20.0,0.04597701149425287,0.05057471264367816,0.9494252873563218,26.0,0.5,2.5801282051282053,2.2957264957264956,303.0,0.7336561743341404,68.0,106.0,38.0,52054,10.860056130908854,0
SP_inst235001.rcp,30.0,4.0,4.333333333333333,3.123388473365994,130.0,64.0,0.1471264367816092,0.3310344827586207,0.6689655172413793,28.0,0.5,1.8131868131868132,1.6785039737048666,207.0,0.711340206185567,51.0,86.0,35.0,74531,11.218983842347303,0
SP_inst236001.rcp,30.0,4.0,5.8,2.7616420236277306,174.0,37.0,0.08505747126436781,0.2045977011494253,0.7954022988505747,44.0,0.5,1.5935828877005347,1.467010512882839,268.0,0.7745664739884393,71.0,126.0,55.0,43276,10.675376595036562,0
SP_inst237001.rcp,30.0,4.0,5.266666666666667,2.3654926665613565,158.0,65.0,0.14942528735632185,0.6804597701149425,0.3195402298850575,69.0,0.5,0.9293478260869565,0.8651803526374464,105.0,0.7553956834532374,65.0,146.0,77.0,70339,11.161095906027974,0
SP_inst238001.rcp,30.0,4.0,5.266666666666667,2.55516905289824,158.0,49.0,0.11264367816091954,0.8804597701149425,0.11954022988505753,81.0,0.5,0.8195631528964862,0.748951323025397,44.0,0.8461538461538458,67.0,141.0,60.0,85176,11.35248672332188,0
SP_inst239001.rcp,30.0,4.0,5.466666666666667,2.974708202309747,164.0,34.0,0.07816091954022988,0.6528735632183909,0.34712643678160915,100.0,0.5,0.673,0.6127280701754386,107.0,0.708609271523179,68.0,143.0,43.0,11618,9.360396968182862,1
SP_inst240001.rcp,30.0,4.0,5.366666666666666,3.049407957110509,161.0,35.0,0.08045977011494253,0.7517241379310344,0.24827586206896557,106.0,0.5,0.626010781671159,0.5895971503050078,86.0,0.7962962962962961,67.0,156.0,50.0,49309,10.805882179218171,0
SP_inst24001.rcp,30.0,4.0,5.366666666666666,3.049407957110509,161.0,35.0,0.08045977011494253,0.7517241379310344,0.24827586206896557,106.0,0.5,0.23054245283018868,0.19226611635220126,1.0,0.009259259259259257,25.0,106.0,0.0,32,3.4965075614664802,1
SP_inst241001.rcp,30.0,4.0,5.533333333333333,2.8836705005176224,166.0,36.0,0.08275862068965517,0.9356321839080459,0.06436781609195408,142.0,0.5,0.4841549295774648,0.43437478940629426,23.0,0.8214285714285707,69.0,166.0,24.0,1455,7.283448228756631,1
SP_inst242001.rcp,30.0,4.0,4.933333333333334,2.965730189271363,148.0,32.0,0.0735632183908046,0.9471264367816092,0.05287356321839076,126.0,0.5,0.5125661375661376,0.42669428882664173,13.0,0.5652173913043482,65.0,142.0,16.0,131,4.882801922586371,1
SP_inst243001.rcp,30.0,4.0,5.266666666666667,2.862788073811185,158.0,20.0,0.04597701149425287,0.05057471264367816,0.9494252873563218,26.0,0.5,2.6131221719457014,2.2621820581379404,301.0,0.7288135593220338,68.0,95.0,27.0,49102,10.801675411712429,0
SP_inst244001.rcp,30.0,4.0,4.333333333333333,3.123388473365994,130.0,64.0,0.1471264367816092,0.3310344827586207,0.6689655172413793,28.0,0.5,2.267857142857143,1.8264423076923078,217.0,0.7457044673539519,64.0,85.0,21.0,62834,11.048267522049246,0
SP_inst245001.rcp,30.0,4.0,5.8,2.7616420236277306,174.0,37.0,0.08505747126436781,0.2045977011494253,0.7954022988505747,44.0,0.5,1.6111111111111112,1.4916982323232324,262.0,0.7572254335260116,71.0,130.0,59.0,43275,10.675353487807463,0
SP_inst246001.rcp,30.0,4.0,5.266666666666667,2.3654926665613565,158.0,65.0,0.14942528735632185,0.6804597701149425,0.3195402298850575,69.0,0.5,0.9043478260869565,0.8532485177865613,103.0,0.7410071942446043,63.0,131.0,62.0,65297,11.086716686924117,0
SP_inst247001.rcp,30.0,4.0,5.266666666666667,2.55516905289824,158.0,49.0,0.11264367816091954,0.8804597701149425,0.11954022988505753,81.0,0.5,0.7777777777777778,0.7329868675865407,39.0,0.7499999999999997,63.0,137.0,56.0,75113,11.226762238487717,0
SP_inst248001.rcp,30.0,4.0,5.466666666666667,2.974708202309747,164.0,34.0,0.07816091954022988,0.6528735632183909,0.34712643678160915,100.0,0.5,0.762,0.6513711730306158,110.0,0.7284768211920531,77.0,141.0,41.0,50238,10.824546896485385,0
SP_inst249001.rcp,30.0,4.0,5.366666666666666,3.049407957110509,161.0,35.0,0.08045977011494253,0.7517241379310344,0.24827586206896557,106.0,0.5,0.6577568134171907,0.570476284067086,80.0,0.7407407407407406,70.0,140.0,34.0,1263,7.142036574706803,1
SP_inst250001.rcp,30.0,4.0,5.533333333333333,2.8836705005176224,166.0,36.0,0.08275862068965517,0.9356321839080459,0.06436781609195408,142.0,0.5,0.4668599834299917,0.42658415398809973,21.0,0.7499999999999993,67.0,158.0,16.0,603,6.403574197934815,1
SP_inst25001.rcp,30.0,4.0,5.533333333333333,2.8836705005176224,166.0,36.0,0.08275862068965517,0.9356321839080459,0.06436781609195408,142.0,0.5,0.16965428937259924,0.14132943594581845,2.0,0.07142857142857137,25.0,148.0,6.0,60,4.110873864173311,1
SP_inst251001.rcp,30.0,4.0,4.933333333333334,2.965730189271363,148.0,32.0,0.0735632183908046,0.9471264367816092,0.05287356321839076,126.0,0.5,0.5232426303854876,0.46041548563869994,14.0,0.6086956521739135,66.0,139.0,13.0,321,5.7745515455444085,1
SP_inst252001.rcp,30.0,4.0,5.266666666666667,2.862788073811185,158.0,20.0,0.04597701149425287,0.05057471264367816,0.9494252873563218,26.0,0.5,2.448717948717949,2.3113510586420802,314.0,0.7602905569007264,64.0,99.0,35.0,50312,10.826018771999738,0
SP_inst253001.rcp,30.0,4.0,4.333333333333333,3.123388473365994,130.0,64.0,0.1471264367816092,0.3310344827586207,0.6689655172413793,28.0,0.5,2.064732142857143,1.711832128684807,215.0,0.738831615120275,58.0,90.0,32.0,62807,11.047837732878092,0
SP_inst254001.rcp,30.0,4.0,5.8,2.7616420236277306,174.0,37.0,0.08505747126436781,0.2045977011494253,0.7954022988505747,44.0,0.5,1.5568181818181819,1.4338869463869464,257.0,0.7427745664739884,69.0,137.0,68.0,44185,10.696163275810974,0
SP_inst255001.rcp,30.0,4.0,5.266666666666667,2.3654926665613565,158.0,65.0,0.14942528735632185,0.6804597701149425,0.3195402298850575,69.0,0.5,0.8985507246376812,0.8381642512077294,102.0,0.7338129496402878,62.0,133.0,64.0,64532,11.074931999853908,0
SP_inst256001.rcp,30.0,4.0,5.266666666666667,2.55516905289824,158.0,49.0,0.11264367816091954,0.8804597701149425,0.11954022988505753,81.0,0.5,0.9214365881032548,0.7724887766554434,36.0,0.6923076923076921,75.0,130.0,49.0,74960,11.22472325727156,0
SP_inst257001.rcp,30.0,4.0,5.466666666666667,2.974708202309747,164.0,34.0,0.07816091954022988,0.6528735632183909,0.34712643678160915,100.0,0.5,0.69,0.6153161764705882,116.0,0.7682119205298015,69.0,137.0,37.0,56205,10.936778791749008,0
SP_inst258001.rcp,30.0,4.0,5.366666666666666,3.049407957110509,161.0,35.0,0.08045977011494253,0.7517241379310344,0.24827586206896557,106.0,0.5,0.6786163522012578,0.5922450584007187,80.0,0.7407407407407406,72.0,146.0,40.0,23715,10.073905204827259,1
SP_inst259001.rcp,30.0,4.0,5.533333333333333,2.8836705005176224,166.0,36.0,0.08275862068965517,0.9356321839080459,0.06436781609195408,142.0,0.5,0.45868544600938965,0.4327422870556673,21.0,0.7499999999999993,66.0,166.0,24.0,726,6.588926477533519,1
SP_inst260001.rcp,30.0,4.0,4.933333333333334,2.965730189271363,148.0,32.0,0.0735632183908046,0.9471264367816092,0.05287356321839076,126.0,0.5,0.485827664399093,0.4422970577119737,21.0,0.9130434782608703,62.0,148.0,22.0,839,6.733401891837359,1
SP_inst26001.rcp,30.0,4.0,4.933333333333334,2.965730189271363,148.0,32.0,0.0735632183908046,0.9471264367816092,0.05287356321839076,126.0,0.5,0.17765567765567766,0.1565404366874955,3.0,0.13043478260869576,23.0,132.0,6.0,32,3.4965075614664802,1
SP_inst261001.rcp,30.0,4.0,5.266666666666667,2.862788073811185,158.0,20.0,0.04597701149425287,0.05057471264367816,0.9494252873563218,26.0,0.5,2.6515837104072397,2.360965219421102,307.0,0.7433414043583535,69.0,106.0,37.0,61158,11.021232309353408,0
SP_inst262001.rcp,30.0,4.0,4.333333333333333,3.123388473365994,130.0,64.0,0.1471264367816092,0.3310344827586207,0.6689655172413793,28.0,0.5,1.980357142857143,1.7939439237233354,206.0,0.7079037800687286,56.0,76.0,20.0,65917,11.096166824317267,0
SP_inst263001.rcp,30.0,4.0,5.8,2.7616420236277306,174.0,37.0,0.08505747126436781,0.2045977011494253,0.7954022988505747,44.0,0.5,1.6435406698564594,1.4732680596915049,249.0,0.7196531791907514,73.0,120.0,47.0,46086,10.738286193554881,0
SP_inst264001.rcp,30.0,4.0,5.266666666666667,2.3654926665613565,158.0,65.0,0.14942528735632185,0.6804597701149425,0.3195402298850575,69.0,0.5,0.9188405797101449,0.8487364857009997,102.0,0.7338129496402878,64.0,129.0,60.0,56063,10.934249174296063,0
SP_inst265001.rcp,30.0,4.0,5.266666666666667,2.55516905289824,158.0,49.0,0.11264367816091954,0.8804597701149425,0.11954022988505753,81.0,0.5,0.8366571699905033,0.7481217946904222,40.0,0.7692307692307689,68.0,138.0,57.0,80333,11.293948222525435,0
SP_inst266001.rcp,30.0,4.0,5.466666666666667,2.974708202309747,164.0,34.0,0.07816091954022988,0.6528735632183909,0.34712643678160915,100.0,0.5,0.69,0.6042105263157894,119.0,0.7880794701986756,69.0,151.0,51.0,57773,10.964294126468339,0
SP_inst267001.rcp,30.0,4.0,5.366666666666666,3.049407957110509,161.0,35.0,0.08045977011494253,0.7517241379310344,0.24827586206896557,106.0,0.5,0.634850166481687,0.5754149429926345,77.0,0.7129629629629628,68.0,154.0,48.0,54077,10.898182727784464,0
SP_inst268001.rcp,30.0,4.0,5.533333333333333,2.8836705005176224,166.0,36.0,0.08275862068965517,0.9356321839080459,0.06436781609195408,142.0,0.5,0.501280409731114,0.4235742104139991,22.0,0.785714285714285,72.0,163.0,21.0,472,6.159095388491933,1
SP_inst269001.rcp,30.0,4.0,4.933333333333334,2.965730189271363,148.0,32.0,0.0735632183908046,0.9471264367816092,0.05287356321839076,126.0,0.5,0.5095238095238095,0.4395658263305322,16.0,0.695652173913044,65.0,148.0,22.0,163,5.099866427824199,1
SP_inst270001.rcp,30.0,4.0,5.266666666666667,2.862788073811185,158.0,20.0,0.04597701149425287,0.05057471264367816,0.9494252873563218,26.0,1.0,1.4444444444444444,1.3782190032190034,64.0,0.1549636803874092,38.0,57.0,19.0,47475,10.767979599176396,0
SP_inst27001.rcp,30.0,4.0,5.266666666666667,2.862788073811185,158.0,20.0,0.04597701149425287,0.05057471264367816,0.9494252873563218,26.0,0.5,1.0120192307692308,0.7333149580682475,9.0,0.021791767554479417,27.0,37.0,10.0,37840,10.541148449877937,0
SP_inst271001.rcp,30.0,4.0,4.333333333333333,3.123388473365994,130.0,64.0,0.1471264367816092,0.3310344827586207,0.6689655172413793,28.0,1.0,1.2467532467532467,1.1480147456709957,57.0,0.1958762886597938,35.0,55.0,20.0,44792,10.709807156194774,0
SP_inst272001.rcp,30.0,4.0,5.8,2.7616420236277306,174.0,37.0,0.08505747126436781,0.2045977011494253,0.7954022988505747,44.0,1.0,1.202020202020202,1.0281836219336218,75.0,0.21676300578034682,53.0,98.0,45.0,38726,10.56429231017482,0
SP_inst273001.rcp,30.0,4.0,5.266666666666667,2.3654926665613565,158.0,65.0,0.14942528735632185,0.6804597701149425,0.3195402298850575,69.0,1.0,0.5652173913043478,0.5577294685990338,21.0,0.1510791366906475,39.0,103.0,34.0,48973,10.79904482402337,0
SP_inst274001.rcp,30.0,4.0,5.266666666666667,2.55516905289824,158.0,49.0,0.11264367816091954,0.8804597701149425,0.11954022988505753,81.0,1.0,0.49320987654320986,0.4800842131724484,11.0,0.21153846153846145,40.0,103.0,22.0,987,6.895682697747868,1
SP_inst275001.rcp,30.0,4.0,5.466666666666667,2.974708202309747,164.0,34.0,0.07816091954022988,0.6528735632183909,0.34712643678160915,100.0,1.0,0.423,0.40481043956043955,34.0,0.22516556291390732,43.0,112.0,12.0,32,3.4965075614664802,1
SP_inst276001.rcp,30.0,4.0,5.366666666666666,3.049407957110509,161.0,35.0,0.08045977011494253,0.7517241379310344,0.24827586206896557,106.0,1.0,0.3925979680696662,0.3701967543185634,21.0,0.1944444444444444,42.0,129.0,23.0,2392,7.780303087908373,1
SP_inst277001.rcp,30.0,4.0,5.533333333333333,2.8836705005176224,166.0,36.0,0.08275862068965517,0.9356321839080459,0.06436781609195408,142.0,1.0,0.32595573440643866,0.29651507530028653,6.0,0.2142857142857141,47.0,150.0,8.0,299,5.703782474656201,1
SP_inst278001.rcp,30.0,4.0,4.933333333333334,2.965730189271363,148.0,32.0,0.0735632183908046,0.9471264367816092,0.05287356321839076,126.0,1.0,0.34523809523809523,0.2815735395035207,7.0,0.30434782608695676,44.0,131.0,5.0,32,3.4965075614664802,1
SP_inst279001.rcp,30.0,4.0,5.266666666666667,2.862788073811185,158.0,20.0,0.04597701149425287,0.05057471264367816,0.9494252873563218,26.0,1.0,1.5769230769230769,1.4896021870286575,76.0,0.18401937046004843,41.0,63.0,22.0,43618,10.683248114229192,0
SP_inst280001.rcp,30.0,4.0,4.333333333333333,3.123388473365994,130.0,64.0,0.1471264367816092,0.3310344827586207,0.6689655172413793,28.0,1.0,1.26890756302521,1.0612745098039216,74.0,0.2542955326460481,36.0,58.0,22.0,48247,10.784109655130823,0
SP_inst28001.rcp,30.0,4.0,4.333333333333333,3.123388473365994,130.0,64.0,0.1471264367816092,0.3310344827586207,0.6689655172413793,28.0,0.5,0.6517857142857143,0.6103976459004654,7.0,0.024054982817869417,19.0,30.0,2.0,33820,10.428837190318218,0
SP_inst281001.rcp,30.0,4.0,5.8,2.7616420236277306,174.0,37.0,0.08505747126436781,0.2045977011494253,0.7954022988505747,44.0,1.0,1.0909090909090908,1.025428391053391,64.0,0.18497109826589594,48.0,79.0,31.0,34269,10.442025614868655,0
SP_inst282001.rcp,30.0,4.0,5.266666666666667,2.3654926665613565,158.0,65.0,0.14942528735632185,0.6804597701149425,0.3195402298850575,69.0,1.0,0.5915678524374176,0.5659496753246753,40.0,0.28776978417266186,41.0,113.0,44.0,51733,10.853870484578053,0
SP_inst283001.rcp,30.0,4.0,5.266666666666667,2.55516905289824,158.0,49.0,0.11264367816091954,0.8804597701149425,0.11954022988505753,81.0,1.0,0.5363511659807956,0.500290545855848,13.0,0.2499999999999999,44.0,107.0,26.0,774,6.652863029353347,1
SP_inst284001.rcp,30.0,4.0,5.466666666666667,2.974708202309747,164.0,34.0,0.07816091954022988,0.6528735632183909,0.34712643678160915,100.0,1.0,0.44583333333333336,0.4116666666666667,27.0,0.17880794701986757,45.0,122.0,22.0,32,3.4965075614664802,1
SP_inst285001.rcp,30.0,4.0,5.366666666666666,3.049407957110509,161.0,35.0,0.08045977011494253,0.7517241379310344,0.24827586206896557,106.0,1.0,0.3627358490566038,0.3423279689234184,22.0,0.20370370370370364,39.0,115.0,9.0,32,3.4965075614664802,1
SP_inst286001.rcp,30.0,4.0,5.533333333333333,2.8836705005176224,166.0,36.0,0.08275862068965517,0.9356321839080459,0.06436781609195408,142.0,1.0,0.30164319248826293,0.26120827529278234,2.0,0.07142857142857137,43.0,142.0,0.0,32,3.4965075614664802,1
SP_inst287001.rcp,30.0,4.0,4.933333333333334,2.965730189271363,148.0,32.0,0.0735632183908046,0.9471264367816092,0.05287356321839076,126.0,1.0,0.3566760037348273,0.3209436498958558,8.0,0.347826086956522,45.0,137.0,11.0,99,4.605170185988092,1
SP_inst288001.rcp,30.0,4.0,5.266666666666667,2.862788073811185,158.0,20.0,0.04597701149425287,0.05057471264367816,0.9494252873563218,26.0,1.0,1.6634615384615385,1.4589900231347601,125.0,0.3026634382566586,44.0,76.0,32.0,43657,10.684141820534307,0
SP_inst289001.rcp,30.0,4.0,4.333333333333333,3.123388473365994,130.0,64.0,0.1471264367816092,0.3310344827586207,0.6689655172413793,28.0,1.0,1.344155844155844,1.2143715440721743,60.0,0.20618556701030927,38.0,56.0,18.0,44960,10.713550726313105,0
SP_inst290001.rcp,30.0,4.0,5.8,2.7616420236277306,174.0,37.0,0.08505747126436781,0.2045977011494253,0.7954022988505747,44.0,1.0,1.0227272727272727,0.9812962157459766,44.0,0.12716763005780346,45.0,84.0,39.0,35530,10.478160833848387,0
SP_inst29001.rcp,30.0,4.0,5.8,2.7616420236277306,174.0,37.0,0.08505747126436781,0.2045977011494253,0.7954022988505747,44.0,0.5,0.5969696969696969,0.4673611111111111,9.0,0.02601156069364162,27.0,51.0,7.0,32,3.4965075614664802,1
SP_inst291001.rcp,30.0,4.0,5.266666666666667,2.3654926665613565,158.0,65.0,0.14942528735632185,0.6804597701149425,0.3195402298850575,69.0,1.0,0.6272141706924316,0.5853948788731397,32.0,0.2302158273381295,44.0,87.0,18.0,53436,10.886258668910195,0
SP_inst292001.rcp,30.0,4.0,5.266666666666667,2.55516905289824,158.0,49.0,0.11264367816091954,0.8804597701149425,0.11954022988505753,81.0,1.0,0.5735992402659069,0.49701310349458494,14.0,0.2692307692307691,47.0,96.0,15.0,168,5.1298987149230735,1
SP_inst293001.rcp,30.0,4.0,5.466666666666667,2.974708202309747,164.0,34.0,0.07816091954022988,0.6528735632183909,0.34712643678160915,100.0,1.0,0.47928571428571426,0.42673084152689417,31.0,0.20529801324503316,48.0,108.0,8.0,1716,7.448333860897476,1
SP_inst294001.rcp,30.0,4.0,5.366666666666666,3.049407957110509,161.0,35.0,0.08045977011494253,0.7517241379310344,0.24827586206896557,106.0,1.0,0.42175360710321863,0.4072838172011605,17.0,0.15740740740740736,45.0,126.0,20.0,32,3.4965075614664802,1
SP_inst295001.rcp,30.0,4.0,5.533333333333333,2.8836705005176224,166.0,36.0,0.08275862068965517,0.9356321839080459,0.06436781609195408,142.0,1.0,0.33998435054773085,0.2955445954017881,3.0,0.10714285714285705,49.0,150.0,8.0,148,5.003946305945459,1
SP_inst296001.rcp,30.0,4.0,4.933333333333334,2.965730189271363,148.0,32.0,0.0735632183908046,0.9471264367816092,0.05287356321839076,126.0,1.0,0.2996031746031746,0.28920685795685797,3.0,0.13043478260869576,38.0,139.0,13.0,32,3.4965075614664802,1
SP_inst297001.rcp,30.0,4.0,5.266666666666667,2.862788073811185,158.0,20.0,0.04597701149425287,0.05057471264367816,0.9494252873563218,26.0,1.0,1.5216346153846154,1.3539149819197895,89.0,0.21549636803874092,40.0,58.0,18.0,46151,10.739695575936725,0
SP_inst298001.rcp,30.0,4.0,4.333333333333333,3.123388473365994,130.0,64.0,0.1471264367816092,0.3310344827586207,0.6689655172413793,28.0,1.0,1.3638392857142858,1.1975422869506656,70.0,0.24054982817869416,39.0,59.0,20.0,44002,10.692013092394305,0
SP_inst299001.rcp,30.0,4.0,5.8,2.7616420236277306,174.0,37.0,0.08505747126436781,0.2045977011494253,0.7954022988505747,44.0,1.0,1.1346153846153846,1.0974646515764936,101.0,0.29190751445086704,50.0,101.0,51.0,39701,10.589156843240115,0
SP_inst300001.rcp,30.0,4.0,5.266666666666667,2.3654926665613565,158.0,65.0,0.14942528735632185,0.6804597701149425,0.3195402298850575,69.0,1.0,0.6099033816425121,0.5741436100131753,30.0,0.2158273381294964,43.0,98.0,29.0,53517,10.887773324896092,0
SP_inst30001.rcp,30.0,4.0,5.266666666666667,2.3654926665613565,158.0,65.0,0.14942528735632185,0.6804597701149425,0.3195402298850575,69.0,0.5,0.3309178743961353,0.27570133062123914,5.0,0.03597122302158273,23.0,74.0,5.0,32,3.4965075614664802,1
SP_inst3001.rcp,30.0,4.0,5.266666666666667,2.3654926665613565,158.0,65.0,0.14942528735632185,0.6804597701149425,0.3195402298850575,69.0,0.5,0.3348588863463005,0.30511349189838893,1.0,0.007194244604316547,24.0,71.0,2.0,1611,7.385230923066573,1
SP_inst301001.rcp,30.0,4.0,5.266666666666667,2.55516905289824,158.0,49.0,0.11264367816091954,0.8804597701149425,0.11954022988505753,81.0,1.0,0.50332383665717,0.4892329300349453,11.0,0.21153846153846145,41.0,99.0,18.0,94,4.553876891600541,1
SP_inst302001.rcp,30.0,4.0,5.466666666666667,2.974708202309747,164.0,34.0,0.07816091954022988,0.6528735632183909,0.34712643678160915,100.0,1.0,0.45,0.3986174242424242,46.0,0.30463576158940403,45.0,120.0,20.0,21204,9.96199228190869,1
SP_inst303001.rcp,30.0,4.0,5.366666666666666,3.049407957110509,161.0,35.0,0.08045977011494253,0.7517241379310344,0.24827586206896557,106.0,1.0,0.3996569468267582,0.36807195411341387,34.0,0.3148148148148147,43.0,129.0,23.0,2883,7.96693349840484,1
SP_inst304001.rcp,30.0,4.0,5.533333333333333,2.8836705005176224,166.0,36.0,0.08275862068965517,0.9356321839080459,0.06436781609195408,142.0,1.0,0.3283914010378058,0.3003082490156248,10.0,0.3571428571428568,47.0,156.0,14.0,142,4.962844630259907,1
SP_inst305001.rcp,30.0,4.0,4.933333333333334,2.965730189271363,148.0,32.0,0.0735632183908046,0.9471264367816092,0.05287356321839076,126.0,1.0,0.3791208791208791,0.28939973425267546,3.0,0.13043478260869576,48.0,141.0,15.0,32,3.4965075614664802,1
SP_inst306001.rcp,30.0,4.0,5.266666666666667,2.862788073811185,158.0,20.0,0.04597701149425287,0.05057471264367816,0.9494252873563218,26.0,1.0,1.6282051282051282,1.5072175631386158,68.0,0.16464891041162227,43.0,65.0,22.0,55328,10.921052462350916,0
SP_inst307001.rcp,30.0,4.0,4.333333333333333,3.123388473365994,130.0,64.0,0.1471264367816092,0.3310344827586207,0.6689655172413793,28.0,1.0,1.2714285714285714,1.1710508241758242,79.0,0.27147766323024053,36.0,71.0,35.0,44734,10.708511471981696,0
SP_inst308001.rcp,30.0,4.0,5.8,2.7616420236277306,174.0,37.0,0.08505747126436781,0.2045977011494253,0.7954022988505747,44.0,1.0,1.05,0.9512313537855333,91.0,0.2630057803468208,47.0,103.0,56.0,34558,10.450423287314177,0
SP_inst309001.rcp,30.0,4.0,5.266666666666667,2.3654926665613565,158.0,65.0,0.14942528735632185,0.6804597701149425,0.3195402298850575,69.0,1.0,0.5973084886128365,0.5701777087646653,21.0,0.1510791366906475,42.0,90.0,21.0,49576,10.811282295489018,0
SP_inst310001.rcp,30.0,4.0,5.266666666666667,2.55516905289824,158.0,49.0,0.11264367816091954,0.8804597701149425,0.11954022988505753,81.0,1.0,0.5603566529492455,0.48687329474366514,14.0,0.2692307692307691,46.0,106.0,25.0,2675,7.892078421248119,1
SP_inst31001.rcp,30.0,3.0,5.266666666666667,2.55516905289824,158.0,49.0,0.11264367816091954,0.8804597701149425,0.11954022988505753,81.0,0.5000000000000001,0.31054131054131057,0.2627356182911738,2.0,0.03846153846153844,26.0,81.0,0.0,32,3.4965075614664802,1
SP_inst311001.rcp,30.0,4.0,5.466666666666667,2.974708202309747,164.0,34.0,0.07816091954022988,0.6528735632183909,0.34712643678160915,100.0,1.0,0.48,0.4430750828119249,31.0,0.20529801324503316,48.0,116.0,16.0,3197,8.0702808933939,1
SP_inst312001.rcp,30.0,4.0,5.366666666666666,3.049407957110509,161.0,35.0,0.08045977011494253,0.7517241379310344,0.24827586206896557,106.0,1.0,0.4238993710691824,0.39487683438155136,32.0,0.2962962962962962,45.0,125.0,19.0,46,3.8501476017100584,1
SP_inst313001.rcp,30.0,4.0,5.533333333333333,2.8836705005176224,166.0,36.0,0.08275862068965517,0.9356321839080459,0.06436781609195408,142.0,1.0,0.3362676056338028,0.2886376271985983,9.0,0.3214285714285711,48.0,144.0,2.0,35,3.58351893845611,1
SP_inst314001.rcp,30.0,4.0,4.933333333333334,2.965730189271363,148.0,32.0,0.0735632183908046,0.9471264367816092,0.05287356321839076,126.0,1.0,0.3321995464852608,0.3047052154195012,0.0,0.0,42.0,128.0,2.0,32,3.4965075614664802,1
SP_inst315001.rcp,30.0,4.0,5.266666666666667,2.862788073811185,158.0,20.0,0.04597701149425287,0.05057471264367816,0.9494252873563218,26.0,1.0,1.5088757396449703,1.4457158984739957,85.0,0.20581113801452786,40.0,59.0,19.0,40243,10.60271620341194,0
SP_inst316001.rcp,30.0,4.0,4.333333333333333,3.123388473365994,130.0,64.0,0.1471264367816092,0.3310344827586207,0.6689655172413793,28.0,1.0,1.335164835164835,1.1421703296703296,69.0,0.23711340206185566,38.0,66.0,28.0,46313,10.743199570177909,0
SP_inst317001.rcp,30.0,4.0,5.8,2.7616420236277306,174.0,37.0,0.08505747126436781,0.2045977011494253,0.7954022988505747,44.0,1.0,1.0681818181818181,1.012823547979798,82.0,0.23699421965317918,47.0,88.0,41.0,39296,10.578903459065758,0
SP_inst318001.rcp,30.0,4.0,5.266666666666667,2.3654926665613565,158.0,65.0,0.14942528735632185,0.6804597701149425,0.3195402298850575,69.0,1.0,0.5922705314009662,0.5403966380309091,10.0,0.07194244604316546,41.0,87.0,18.0,55424,10.922786034484512,0
SP_inst319001.rcp,30.0,4.0,5.266666666666667,2.55516905289824,158.0,49.0,0.11264367816091954,0.8804597701149425,0.11954022988505753,81.0,1.0,0.5537037037037037,0.483861273554256,11.0,0.21153846153846145,45.0,109.0,28.0,964,6.872128101338986,1
SP_inst320001.rcp,30.0,4.0,5.466666666666667,2.974708202309747,164.0,34.0,0.07816091954022988,0.6528735632183909,0.34712643678160915,100.0,1.0,0.44333333333333336,0.41032738095238097,23.0,0.15231788079470202,45.0,116.0,16.0,267,5.5909869805108565,1
SP_inst32001.rcp,30.0,4.0,5.466666666666667,2.974708202309747,164.0,34.0,0.07816091954022988,0.6528735632183909,0.34712643678160915,100.0,0.5,0.25555555555555554,0.20803104575163398,7.0,0.04635761589403974,26.0,103.0,3.0,32,3.4965075614664802,1
SP_inst321001.rcp,30.0,4.0,5.366666666666666,3.049407957110509,161.0,35.0,0.08045977011494253,0.7517241379310344,0.24827586206896557,106.0,1.0,0.4168632075471698,0.37847588327783943,32.0,0.2962962962962962,45.0,123.0,17.0,41,3.7376696182833684,1
SP_inst322001.rcp,30.0,4.0,5.533333333333333,2.8836705005176224,166.0,36.0,0.08275862068965517,0.9356321839080459,0.06436781609195408,142.0,1.0,0.3145539906103286,0.29631120053655263,4.0,0.14285714285714274,45.0,150.0,8.0,71,4.276666119016055,1
SP_inst323001.rcp,30.0,4.0,4.933333333333334,2.965730189271363,148.0,32.0,0.0735632183908046,0.9471264367816092,0.05287356321839076,126.0,1.0,0.3028083028083028,0.28646353646353645,0.0,0.0,39.0,127.0,1.0,32,3.4965075614664802,1
SP_inst324001.rcp,30.0,4.0,5.266666666666667,2.862788073811185,158.0,20.0,0.04597701149425287,0.05057471264367816,0.9494252873563218,26.0,1.0,1.641025641025641,1.5762614836144249,116.0,0.28087167070217917,43.0,73.0,30.0,45437,10.724104038341878,0
SP_inst325001.rcp,30.0,4.0,4.333333333333333,3.123388473365994,130.0,64.0,0.1471264367816092,0.3310344827586207,0.6689655172413793,28.0,1.0,1.26890756302521,1.117203394515701,87.0,0.29896907216494845,36.0,66.0,30.0,59621,10.995779912459419,0
SP_inst326001.rcp,30.0,4.0,5.8,2.7616420236277306,174.0,37.0,0.08505747126436781,0.2045977011494253,0.7954022988505747,44.0,1.0,1.0704545454545455,0.9997671736158578,85.0,0.24566473988439305,48.0,92.0,44.0,34259,10.441733771878111,0
SP_inst327001.rcp,30.0,4.0,5.266666666666667,2.3654926665613565,158.0,65.0,0.14942528735632185,0.6804597701149425,0.3195402298850575,69.0,1.0,0.6577480490523969,0.585044341623289,27.0,0.19424460431654678,46.0,89.0,20.0,50136,10.822514537453165,0
SP_inst328001.rcp,30.0,4.0,5.266666666666667,2.55516905289824,158.0,49.0,0.11264367816091954,0.8804597701149425,0.11954022988505753,81.0,1.0,0.5018155410312273,0.4800238908694791,5.0,0.09615384615384612,41.0,94.0,13.0,144,4.976733742420574,1
SP_inst329001.rcp,30.0,4.0,5.466666666666667,2.974708202309747,164.0,34.0,0.07816091954022988,0.6528735632183909,0.34712643678160915,100.0,1.0,0.4125,0.40962145748987855,27.0,0.17880794701986757,42.0,116.0,16.0,32,3.4965075614664802,1
SP_inst330001.rcp,30.0,4.0,5.366666666666666,3.049407957110509,161.0,35.0,0.08045977011494253,0.7517241379310344,0.24827586206896557,106.0,1.0,0.40493468795355586,0.3832043218835672,21.0,0.1944444444444444,43.0,123.0,17.0,32,3.4965075614664802,1
SP_inst33001.rcp,30.0,4.0,5.366666666666666,3.049407957110509,161.0,35.0,0.08045977011494253,0.7517241379310344,0.24827586206896557,106.0,0.5,0.22228773584905662,0.20721763331811013,8.0,0.07407407407407406,24.0,118.0,12.0,32,3.4965075614664802,1
SP_inst331001.rcp,30.0,4.0,5.533333333333333,2.8836705005176224,166.0,36.0,0.08275862068965517,0.9356321839080459,0.06436781609195408,142.0,1.0,0.31408450704225355,0.2816021126760564,12.0,0.4285714285714282,45.0,153.0,11.0,90,4.51085950651685,1
SP_inst332001.rcp,30.0,4.0,4.933333333333334,2.965730189271363,148.0,32.0,0.0735632183908046,0.9471264367816092,0.05287356321839076,126.0,1.0,0.3315696649029982,0.3040292042743023,1.0,0.04347826086956525,42.0,132.0,6.0,32,3.4965075614664802,1
SP_inst333001.rcp,30.0,4.0,5.266666666666667,2.862788073811185,158.0,20.0,0.04597701149425287,0.05057471264367816,0.9494252873563218,26.0,1.0,1.733974358974359,1.6243892325623097,83.0,0.2009685230024213,46.0,64.0,18.0,46226,10.741319321949963,0
SP_inst334001.rcp,30.0,4.0,4.333333333333333,3.123388473365994,130.0,64.0,0.1471264367816092,0.3310344827586207,0.6689655172413793,28.0,1.0,1.3785714285714286,1.2347380298273156,52.0,0.17869415807560138,39.0,60.0,21.0,44607,10.705668494120196,0
SP_inst335001.rcp,30.0,4.0,5.8,2.7616420236277306,174.0,37.0,0.08505747126436781,0.2045977011494253,0.7954022988505747,44.0,1.0,0.987012987012987,0.9380634071810542,87.0,0.2514450867052023,44.0,96.0,52.0,30665,10.330909827996335,0
SP_inst336001.rcp,30.0,4.0,5.266666666666667,2.3654926665613565,158.0,65.0,0.14942528735632185,0.6804597701149425,0.3195402298850575,69.0,1.0,0.6454106280193237,0.5913647342995169,34.0,0.2446043165467626,45.0,105.0,36.0,47184,10.761831324455434,0
SP_inst337001.rcp,30.0,4.0,5.266666666666667,2.55516905289824,158.0,49.0,0.11264367816091954,0.8804597701149425,0.11954022988505753,81.0,1.0,0.5886939571150097,0.5351720647773279,17.0,0.3269230769230768,48.0,111.0,30.0,3839,8.253227645581772,1
SP_inst338001.rcp,30.0,4.0,5.466666666666667,2.974708202309747,164.0,34.0,0.07816091954022988,0.6528735632183909,0.34712643678160915,100.0,1.0,0.426,0.38839144736842107,42.0,0.27814569536423844,43.0,122.0,22.0,33812,10.428600622910189,1
SP_inst339001.rcp,30.0,4.0,5.366666666666666,3.049407957110509,161.0,35.0,0.08045977011494253,0.7517241379310344,0.24827586206896557,106.0,1.0,0.375,0.3618793445878848,17.0,0.15740740740740736,40.0,113.0,7.0,32,3.4965075614664802,1
SP_inst340001.rcp,30.0,4.0,5.533333333333333,2.8836705005176224,166.0,36.0,0.08275862068965517,0.9356321839080459,0.06436781609195408,142.0,1.0,0.2981220657276995,0.2786747899678774,4.0,0.14285714285714274,43.0,152.0,10.0,32,3.4965075614664802,1
SP_inst34001.rcp,30.0,4.0,5.533333333333333,2.8836705005176224,166.0,36.0,0.08275862068965517,0.9356321839080459,0.06436781609195408,142.0,0.5,0.16325224071702946,0.1415449867034374,1.0,0.035714285714285685,24.0,142.0,0.0,32,3.4965075614664802,1
SP_inst341001.rcp,30.0,4.0,4.933333333333334,2.965730189271363,148.0,32.0,0.0735632183908046,0.9471264367816092,0.05287356321839076,126.0,1.0,0.33581349206349204,0.30350003006253007,10.0,0.4347826086956525,43.0,136.0,10.0,165,5.111987788356544,1
SP_inst342001.rcp,30.0,4.0,5.266666666666667,2.862788073811185,158.0,20.0,0.04597701149425287,0.05057471264367816,0.9494252873563218,26.0,1.0,1.7337278106508875,1.612224687705457,116.0,0.28087167070217917,46.0,78.0,32.0,40056,10.59805871874709,0
SP_inst343001.rcp,30.0,4.0,4.333333333333333,3.123388473365994,130.0,64.0,0.1471264367816092,0.3310344827586207,0.6689655172413793,28.0,1.0,1.2662337662337662,1.0748944682768213,48.0,0.16494845360824742,36.0,52.0,16.0,44204,10.696593183839905,0
SP_inst344001.rcp,30.0,4.0,5.8,2.7616420236277306,174.0,37.0,0.08505747126436781,0.2045977011494253,0.7954022988505747,44.0,1.0,1.1751336898395721,1.038170285596756,52.0,0.15028901734104047,52.0,87.0,35.0,39564,10.585700168043294,0
SP_inst345001.rcp,30.0,4.0,5.266666666666667,2.3654926665613565,158.0,65.0,0.14942528735632185,0.6804597701149425,0.3195402298850575,69.0,1.0,0.6231884057971014,0.5743751963027774,21.0,0.1510791366906475,43.0,99.0,30.0,27550,10.22379411156297,1
SP_inst346001.rcp,30.0,4.0,5.266666666666667,2.55516905289824,158.0,49.0,0.11264367816091954,0.8804597701149425,0.11954022988505753,81.0,1.0,0.523602033405955,0.4767427022199984,6.0,0.11538461538461534,43.0,97.0,16.0,147,4.997212273764115,1
SP_inst347001.rcp,30.0,4.0,5.466666666666667,2.974708202309747,164.0,34.0,0.07816091954022988,0.6528735632183909,0.34712643678160915,100.0,1.0,0.45055555555555554,0.40914341377576674,28.0,0.18543046357615897,46.0,110.0,10.0,32,3.4965075614664802,1
SP_inst348001.rcp,30.0,4.0,5.366666666666666,3.049407957110509,161.0,35.0,0.08045977011494253,0.7517241379310344,0.24827586206896557,106.0,1.0,0.4404934687953556,0.4223357109039684,19.0,0.17592592592592587,47.0,120.0,14.0,32,3.4965075614664802,1
SP_inst349001.rcp,30.0,4.0,5.533333333333333,2.8836705005176224,166.0,36.0,0.08275862068965517,0.9356321839080459,0.06436781609195408,142.0,1.0,0.3075117370892019,0.2747377907797663,4.0,0.14285714285714274,44.0,148.0,6.0,32,3.4965075614664802,1
SP_inst350001.rcp,30.0,4.0,4.933333333333334,2.965730189271363,148.0,32.0,0.0735632183908046,0.9471264367816092,0.05287356321839076,126.0,1.0,0.3780284043441938,0.3045222182440227,1.0,0.04347826086956525,48.0,130.0,4.0,32,3.4965075614664802,1
SP_inst35001.rcp,30.0,3.0,4.933333333333334,2.965730189271363,148.0,32.0,0.0735632183908046,0.9471264367816092,0.05287356321839076,126.0,0.5,0.17647058823529413,0.14245748804572334,1.0,0.04347826086956525,23.0,132.0,6.0,32,3.4965075614664802,1
SP_inst351001.rcp,30.0,4.0,5.266666666666667,2.862788073811185,158.0,20.0,0.04597701149425287,0.05057471264367816,0.9494252873563218,26.0,1.0,1.7615384615384615,1.619128787878788,80.0,0.1937046004842615,46.0,69.0,23.0,47441,10.767263191298982,0
SP_inst352001.rcp,30.0,4.0,4.333333333333333,3.123388473365994,130.0,64.0,0.1471264367816092,0.3310344827586207,0.6689655172413793,28.0,1.0,1.375,1.2195932539682541,64.0,0.21993127147766323,39.0,57.0,18.0,44549,10.704367432898955,0
SP_inst353001.rcp,30.0,4.0,5.8,2.7616420236277306,174.0,37.0,0.08505747126436781,0.2045977011494253,0.7954022988505747,44.0,1.0,1.072314049586777,0.9951647153351699,87.0,0.2514450867052023,48.0,74.0,26.0,34527,10.449525868057862,0
SP_inst354001.rcp,30.0,4.0,5.266666666666667,2.3654926665613565,158.0,65.0,0.14942528735632185,0.6804597701149425,0.3195402298850575,69.0,1.0,0.5821256038647343,0.5627156659765356,28.0,0.2014388489208633,41.0,86.0,17.0,49090,10.801430997592224,0
SP_inst355001.rcp,30.0,4.0,5.266666666666667,2.55516905289824,158.0,49.0,0.11264367816091954,0.8804597701149425,0.11954022988505753,81.0,1.0,0.5308641975308642,0.4819549663299663,10.0,0.19230769230769224,43.0,101.0,20.0,664,6.499787040655854,1
SP_inst356001.rcp,30.0,4.0,5.466666666666667,2.974708202309747,164.0,34.0,0.07816091954022988,0.6528735632183909,0.34712643678160915,100.0,1.0,0.42866666666666664,0.3952961915535445,32.0,0.21192052980132453,43.0,115.0,15.0,32,3.4965075614664802,1
SP_inst357001.rcp,30.0,4.0,5.366666666666666,3.049407957110509,161.0,35.0,0.08045977011494253,0.7517241379310344,0.24827586206896557,106.0,1.0,0.39811320754716983,0.37863071480406385,34.0,0.3148148148148147,43.0,132.0,26.0,1878,7.538494999413465,1
SP_inst358001.rcp,30.0,4.0,5.533333333333333,2.8836705005176224,166.0,36.0,0.08275862068965517,0.9356321839080459,0.06436781609195408,142.0,1.0,0.3163596966413868,0.2986740958571945,7.0,0.24999999999999978,45.0,156.0,14.0,95,4.564348191467836,1
SP_inst359001.rcp,30.0,4.0,4.933333333333334,2.965730189271363,148.0,32.0,0.0735632183908046,0.9471264367816092,0.05287356321839076,126.0,1.0,0.32967032967032966,0.2978193681318681,0.0,0.0,42.0,128.0,2.0,32,3.4965075614664802,1
SP_inst360001.rcp,30.0,4.0,5.266666666666667,2.862788073811185,158.0,20.0,0.04597701149425287,0.05057471264367816,0.9494252873563218,26.0,1.0,3.1923076923076925,3.147717666948436,372.0,0.9007263922518159,83.0,133.0,50.0,62615,11.044776115484675,0
SP_inst36001.rcp,30.0,4.0,5.266666666666667,2.862788073811185,158.0,20.0,0.04597701149425287,0.05057471264367816,0.9494252873563218,26.0,0.5,0.9311740890688259,0.8014706784443626,18.0,0.043583535108958835,25.0,35.0,9.0,35267,10.470731316206917,0
SP_inst361001.rcp,30.0,4.0,4.333333333333333,3.123388473365994,130.0,64.0,0.1471264367816092,0.3310344827586207,0.6689655172413793,28.0,1.0,2.514705882352941,2.3564362108479755,261.0,0.8969072164948454,71.0,113.0,42.0,66524,11.10533309584589,0
SP_inst362001.rcp,30.0,4.0,5.8,2.7616420236277306,174.0,37.0,0.08505747126436781,0.2045977011494253,0.7954022988505747,44.0,1.0,1.9727272727272727,1.9126717032967033,308.0,0.8901734104046243,87.0,158.0,71.0,56825,10.947749246454157,0
SP_inst363001.rcp,30.0,4.0,5.266666666666667,2.3654926665613565,158.0,65.0,0.14942528735632185,0.6804597701149425,0.3195402298850575,69.0,1.0,1.2202898550724637,1.179199671419351,119.0,0.8561151079136691,85.0,151.0,66.0,71105,11.171927000416504,0
SP_inst364001.rcp,30.0,4.0,5.266666666666667,2.55516905289824,158.0,49.0,0.11264367816091954,0.8804597701149425,0.11954022988505753,81.0,1.0,1.0439814814814814,0.968590941087286,50.0,0.9615384615384611,85.0,158.0,73.0,94422,11.455539966524993,0
SP_inst365001.rcp,30.0,4.0,5.466666666666667,2.974708202309747,164.0,34.0,0.07816091954022988,0.6528735632183909,0.34712643678160915,100.0,1.0,0.8463157894736842,0.7900372078579315,145.0,0.9602649006622518,85.0,164.0,64.0,73013,11.198406482564856,0
SP_inst366001.rcp,30.0,4.0,5.366666666666666,3.049407957110509,161.0,35.0,0.08045977011494253,0.7517241379310344,0.24827586206896557,106.0,1.0,0.8086253369272237,0.7707884097035042,98.0,0.9074074074074072,86.0,153.0,47.0,54680,10.909271578893042,0
SP_inst367001.rcp,30.0,4.0,5.533333333333333,2.8836705005176224,166.0,36.0,0.08275862068965517,0.9356321839080459,0.06436781609195408,142.0,1.0,0.6278439869989165,0.5797211688937041,25.0,0.892857142857142,90.0,166.0,24.0,3298,8.101374671228582,1
SP_inst368001.rcp,30.0,4.0,4.933333333333334,2.965730189271363,148.0,32.0,0.0735632183908046,0.9471264367816092,0.05287356321839076,126.0,1.0,0.6017316017316018,0.584797658481869,23.0,1.0000000000000007,76.0,148.0,22.0,1048,6.955592608396297,1
SP_inst369001.rcp,30.0,4.0,5.266666666666667,2.862788073811185,158.0,20.0,0.04597701149425287,0.05057471264367816,0.9494252873563218,26.0,1.0,3.4158653846153846,3.0700939685314683,390.0,0.9443099273607748,89.0,140.0,51.0,63655,11.06124886505737,0
SP_inst370001.rcp,30.0,4.0,4.333333333333333,3.123388473365994,130.0,64.0,0.1471264367816092,0.3310344827586207,0.6689655172413793,28.0,1.0,2.5841836734693877,2.4039308905380334,238.0,0.8178694158075601,73.0,108.0,35.0,63379,11.05690363324491,0
SP_inst37001.rcp,30.0,4.0,4.333333333333333,3.123388473365994,130.0,64.0,0.1471264367816092,0.3310344827586207,0.6689655172413793,28.0,0.5,0.7698412698412699,0.6288348672802454,3.0,0.010309278350515464,22.0,38.0,10.0,36519,10.505615334708905,0
SP_inst371001.rcp,30.0,4.0,5.8,2.7616420236277306,174.0,37.0,0.08505747126436781,0.2045977011494253,0.7954022988505747,44.0,1.0,2.1346153846153846,1.9917603318701422,310.0,0.8959537572254336,94.0,152.0,58.0,62623,11.044903870195803,0
SP_inst372001.rcp,30.0,4.0,5.266666666666667,2.3654926665613565,158.0,65.0,0.14942528735632185,0.6804597701149425,0.3195402298850575,69.0,1.0,1.1780538302277432,1.1327597650252113,125.0,0.8992805755395683,82.0,152.0,70.0,71325,11.175016196312894,0
SP_inst373001.rcp,30.0,4.0,5.266666666666667,2.55516905289824,158.0,49.0,0.11264367816091954,0.8804597701149425,0.11954022988505753,81.0,1.0,1.058361391694725,1.014771902026804,45.0,0.865384615384615,86.0,149.0,63.0,93527,11.446016135686655,0
SP_inst374001.rcp,30.0,4.0,5.466666666666667,2.974708202309747,164.0,34.0,0.07816091954022988,0.6528735632183909,0.34712643678160915,100.0,1.0,0.856875,0.82259375,150.0,0.9933774834437088,86.0,164.0,64.0,73449,11.204360181602024,0
SP_inst375001.rcp,30.0,4.0,5.366666666666666,3.049407957110509,161.0,35.0,0.08045977011494253,0.7517241379310344,0.24827586206896557,106.0,1.0,0.7785501489572989,0.7448842477656406,103.0,0.9537037037037035,83.0,161.0,55.0,61772,11.031221654776257,0
SP_inst376001.rcp,30.0,4.0,5.533333333333333,2.8836705005176224,166.0,36.0,0.08275862068965517,0.9356321839080459,0.06436781609195408,142.0,1.0,0.6338028169014085,0.6158798183839881,28.0,0.9999999999999991,90.0,166.0,24.0,26627,10.189718572720594,1
SP_inst377001.rcp,30.0,4.0,4.933333333333334,2.965730189271363,148.0,32.0,0.0735632183908046,0.9471264367816092,0.05287356321839076,126.0,1.0,0.6785714285714286,0.6151973752463948,22.0,0.9565217391304355,86.0,148.0,22.0,972,6.880384082186005,1
SP_inst378001.rcp,30.0,4.0,5.266666666666667,2.862788073811185,158.0,20.0,0.04597701149425287,0.05057471264367816,0.9494252873563218,26.0,1.0,3.1745562130177514,3.0086573682727527,388.0,0.9394673123486683,83.0,125.0,42.0,48883,10.797205423557891,0
SP_inst379001.rcp,30.0,4.0,4.333333333333333,3.123388473365994,130.0,64.0,0.1471264367816092,0.3310344827586207,0.6689655172413793,28.0,1.0,2.470779220779221,2.328392002734108,267.0,0.9175257731958762,70.0,113.0,43.0,67879,11.125496719348163,0
SP_inst380001.rcp,30.0,4.0,5.8,2.7616420236277306,174.0,37.0,0.08505747126436781,0.2045977011494253,0.7954022988505747,44.0,1.0,2.0053475935828877,1.9618144416857652,319.0,0.9219653179190751,89.0,164.0,75.0,51682,10.852884186307278,0
SP_inst38001.rcp,30.0,4.0,5.8,2.7616420236277306,174.0,37.0,0.08505747126436781,0.2045977011494253,0.7954022988505747,44.0,0.5,0.5795454545454546,0.4949373543123543,14.0,0.04046242774566474,26.0,51.0,7.0,32108,10.376891643652485,0
SP_inst381001.rcp,30.0,4.0,5.266666666666667,2.3654926665613565,158.0,65.0,0.14942528735632185,0.6804597701149425,0.3195402298850575,69.0,1.0,1.2423510466988728,1.1336327899627132,137.0,0.9856115107913669,86.0,158.0,72.0,62352,11.040567065427815,0
SP_inst382001.rcp,30.0,4.0,5.266666666666667,2.55516905289824,158.0,49.0,0.11264367816091954,0.8804597701149425,0.11954022988505753,81.0,1.0,1.0530864197530865,0.9870834493641512,48.0,0.9230769230769227,86.0,155.0,69.0,93376,11.444400341215106,0
SP_inst383001.rcp,30.0,4.0,5.466666666666667,2.974708202309747,164.0,34.0,0.07816091954022988,0.6528735632183909,0.34712643678160915,100.0,1.0,0.9155,0.8357723214285714,136.0,0.9006622516556293,92.0,154.0,54.0,73587,11.206237247945674,0
SP_inst384001.rcp,30.0,4.0,5.366666666666666,3.049407957110509,161.0,35.0,0.08045977011494253,0.7517241379310344,0.24827586206896557,106.0,1.0,0.8018867924528302,0.7673530478955006,99.0,0.9166666666666664,85.0,158.0,52.0,59211,10.988879503033383,0
SP_inst385001.rcp,30.0,4.0,5.533333333333333,2.8836705005176224,166.0,36.0,0.08275862068965517,0.9356321839080459,0.06436781609195408,142.0,1.0,0.5870221327967807,0.5558578184795046,28.0,0.9999999999999991,84.0,166.0,24.0,26627,10.189718572720594,1
SP_inst386001.rcp,30.0,4.0,4.933333333333334,2.965730189271363,148.0,32.0,0.0735632183908046,0.9471264367816092,0.05287356321839076,126.0,1.0,0.6009700176366843,0.5862870428385779,22.0,0.9565217391304355,76.0,148.0,22.0,591,6.3835066348840055,1
SP_inst387001.rcp,30.0,4.0,5.266666666666667,2.862788073811185,158.0,20.0,0.04597701149425287,0.05057471264367816,0.9494252873563218,26.0,1.0,3.3341346153846154,2.906610576923077,386.0,0.9346246973365617,87.0,148.0,61.0,55669,10.927196681177554,0
SP_inst388001.rcp,30.0,4.0,4.333333333333333,3.123388473365994,130.0,64.0,0.1471264367816092,0.3310344827586207,0.6689655172413793,28.0,1.0,2.6043956043956045,2.3504044566544566,272.0,0.9347079037800687,73.0,119.0,46.0,68674,11.137140510963475,0
SP_inst389001.rcp,30.0,4.0,5.8,2.7616420236277306,174.0,37.0,0.08505747126436781,0.2045977011494253,0.7954022988505747,44.0,1.0,2.1147727272727272,1.9971935261707987,317.0,0.9161849710982659,94.0,156.0,62.0,61591,11.028287270957886,0
SP_inst390001.rcp,30.0,4.0,5.266666666666667,2.3654926665613565,158.0,65.0,0.14942528735632185,0.6804597701149425,0.3195402298850575,69.0,1.0,1.173913043478261,1.1314721912547998,129.0,0.9280575539568345,81.0,158.0,77.0,63910,11.065246769525514,0
SP_inst39001.rcp,30.0,4.0,5.266666666666667,2.3654926665613565,158.0,65.0,0.14942528735632185,0.6804597701149425,0.3195402298850575,69.0,0.5,0.34612105711849955,0.2994230300815979,7.0,0.050359712230215826,24.0,79.0,10.0,32,3.4965075614664802,1
SP_inst391001.rcp,30.0,4.0,5.266666666666667,2.55516905289824,158.0,49.0,0.11264367816091954,0.8804597701149425,0.11954022988505753,81.0,1.0,1.0526315789473684,0.9897304990872242,51.0,0.9807692307692304,86.0,153.0,67.0,87019,11.373893256274672,0
SP_inst392001.rcp,30.0,4.0,5.466666666666667,2.974708202309747,164.0,34.0,0.07816091954022988,0.6528735632183909,0.34712643678160915,100.0,1.0,0.8355555555555556,0.8259151897938664,148.0,0.9801324503311261,84.0,159.0,59.0,68075,11.128380007114567,0
SP_inst393001.rcp,30.0,4.0,5.366666666666666,3.049407957110509,161.0,35.0,0.08045977011494253,0.7517241379310344,0.24827586206896557,106.0,1.0,0.7835429769392034,0.7490379435455082,82.0,0.7592592592592591,84.0,149.0,43.0,45272,10.72046610728666,0
SP_inst394001.rcp,30.0,4.0,5.533333333333333,2.8836705005176224,166.0,36.0,0.08275862068965517,0.9356321839080459,0.06436781609195408,142.0,1.0,0.6244131455399061,0.5962084925205756,24.0,0.8571428571428564,89.0,164.0,22.0,3572,8.181160858023409,1
SP_inst395001.rcp,30.0,4.0,4.933333333333334,2.965730189271363,148.0,32.0,0.0735632183908046,0.9471264367816092,0.05287356321839076,126.0,1.0,0.6380070546737213,0.6132054673721341,21.0,0.9130434782608703,81.0,147.0,21.0,522,6.259581464064923,1
SP_inst396001.rcp,30.0,4.0,5.266666666666667,2.862788073811185,158.0,20.0,0.04597701149425287,0.05057471264367816,0.9494252873563218,26.0,1.0,3.227272727272727,3.105634749865519,366.0,0.8861985472154964,84.0,129.0,45.0,67540,11.120490099870816,0
SP_inst397001.rcp,30.0,4.0,4.333333333333333,3.123388473365994,130.0,64.0,0.1471264367816092,0.3310344827586207,0.6689655172413793,28.0,1.0,2.4186507936507935,2.3084821428571427,265.0,0.9106529209621993,68.0,115.0,47.0,71199,11.173248097400068,0
SP_inst398001.rcp,30.0,4.0,5.8,2.7616420236277306,174.0,37.0,0.08505747126436781,0.2045977011494253,0.7954022988505747,44.0,1.0,1.9561688311688312,1.8965382205513783,327.0,0.9450867052023122,87.0,157.0,70.0,47214,10.76246691769717,0
SP_inst399001.rcp,30.0,4.0,5.266666666666667,2.3654926665613565,158.0,65.0,0.14942528735632185,0.6804597701149425,0.3195402298850575,69.0,1.0,1.2084726867335562,1.151957141087576,122.0,0.8776978417266187,84.0,154.0,70.0,66393,11.1033619699359,0
SP_inst400001.rcp,30.0,4.0,5.266666666666667,2.55516905289824,158.0,49.0,0.11264367816091954,0.8804597701149425,0.11954022988505753,81.0,1.0,1.0318388564002599,0.9736205964276139,46.0,0.8846153846153842,84.0,148.0,64.0,87689,11.381563146773402,0
SP_inst40001.rcp,30.0,4.0,5.266666666666667,2.55516905289824,158.0,49.0,0.11264367816091954,0.8804597701149425,0.11954022988505753,81.0,0.5,0.3449527959331881,0.25110445412732996,5.0,0.09615384615384612,28.0,103.0,22.0,32,3.4965075614664802,1
SP_inst4001.rcp,30.0,3.0,5.266666666666667,2.55516905289824,158.0,49.0,0.11264367816091954,0.8804597701149425,0.11954022988505753,81.0,0.5000000000000001,0.26590693257359926,0.24076184446554816,0.0,0.0,22.0,81.0,0.0,32,3.4965075614664802,1
SP_inst401001.rcp,30.0,4.0,5.466666666666667,2.974708202309747,164.0,34.0,0.07816091954022988,0.6528735632183909,0.34712643678160915,100.0,1.0,0.8766666666666667,0.8433013830532212,141.0,0.9337748344370863,88.0,160.0,60.0,70629,11.165210262402969,0
SP_inst402001.rcp,30.0,4.0,5.366666666666666,3.049407957110509,161.0,35.0,0.08045977011494253,0.7517241379310344,0.24827586206896557,106.0,1.0,0.8817980022197558,0.8033347756571951,99.0,0.9166666666666664,94.0,161.0,55.0,59258,10.98967294619611,0
SP_inst403001.rcp,30.0,4.0,5.533333333333333,2.8836705005176224,166.0,36.0,0.08275862068965517,0.9356321839080459,0.06436781609195408,142.0,1.0,0.6071987480438185,0.5734649728435975,24.0,0.8571428571428564,87.0,166.0,24.0,6350,8.756367559802975,1
SP_inst404001.rcp,30.0,4.0,4.933333333333334,2.965730189271363,148.0,32.0,0.0735632183908046,0.9471264367816092,0.05287356321839076,126.0,1.0,0.6599511599511599,0.6058577996077996,23.0,1.0000000000000007,84.0,148.0,22.0,1048,6.955592608396297,1
SP_inst405001.rcp,30.0,4.0,5.266666666666667,2.862788073811185,158.0,20.0,0.04597701149425287,0.05057471264367816,0.9494252873563218,26.0,1.0,3.2596153846153846,2.9820913461538465,385.0,0.9322033898305084,85.0,138.0,53.0,58132,10.970488767827513,0
SP_inst406001.rcp,30.0,4.0,4.333333333333333,3.123388473365994,130.0,64.0,0.1471264367816092,0.3310344827586207,0.6689655172413793,28.0,1.0,2.467032967032967,2.264616727257705,256.0,0.8797250859106529,70.0,106.0,36.0,69978,11.155950476022493,0
SP_inst407001.rcp,30.0,4.0,5.8,2.7616420236277306,174.0,37.0,0.08505747126436781,0.2045977011494253,0.7954022988505747,44.0,1.0,2.117424242424242,2.061974757698442,333.0,0.9624277456647399,94.0,164.0,70.0,60637,11.012677038242007,0
SP_inst408001.rcp,30.0,4.0,5.266666666666667,2.3654926665613565,158.0,65.0,0.14942528735632185,0.6804597701149425,0.3195402298850575,69.0,1.0,1.2434782608695651,1.1511425645292923,133.0,0.9568345323741008,86.0,146.0,60.0,67786,11.124125715130965,0
SP_inst409001.rcp,30.0,4.0,5.266666666666667,2.55516905289824,158.0,49.0,0.11264367816091954,0.8804597701149425,0.11954022988505753,81.0,1.0,1.0747599451303156,1.0278008599767858,43.0,0.8269230769230765,88.0,153.0,65.0,91617,11.425383037907556,0
SP_inst410001.rcp,30.0,4.0,5.466666666666667,2.974708202309747,164.0,34.0,0.07816091954022988,0.6528735632183909,0.34712643678160915,100.0,1.0,0.8427272727272728,0.7929039544047284,141.0,0.9337748344370863,85.0,164.0,64.0,58249,10.972499371427947,0
SP_inst41001.rcp,30.0,4.0,5.466666666666667,2.974708202309747,164.0,34.0,0.07816091954022988,0.6528735632183909,0.34712643678160915,100.0,0.5,0.2592307692307692,0.22706905594405594,5.0,0.03311258278145696,26.0,110.0,10.0,32,3.4965075614664802,1
SP_inst411001.rcp,30.0,4.0,5.366666666666666,3.049407957110509,161.0,35.0,0.08045977011494253,0.7517241379310344,0.24827586206896557,106.0,1.0,0.7873730043541364,0.7627552871656645,95.0,0.8796296296296294,84.0,161.0,55.0,58751,10.981080473980162,0
SP_inst412001.rcp,30.0,4.0,5.533333333333333,2.8836705005176224,166.0,36.0,0.08275862068965517,0.9356321839080459,0.06436781609195408,142.0,1.0,0.6434395848776872,0.6084373291427536,19.0,0.6785714285714279,92.0,163.0,21.0,387,5.961005339623274,1
SP_inst413001.rcp,30.0,4.0,4.933333333333334,2.965730189271363,148.0,32.0,0.0735632183908046,0.9471264367816092,0.05287356321839076,126.0,1.0,0.652281746031746,0.5928893512533219,17.0,0.7391304347826093,83.0,142.0,16.0,220,5.3981627015177525,1
SP_inst414001.rcp,30.0,4.0,5.266666666666667,2.862788073811185,158.0,20.0,0.04597701149425287,0.05057471264367816,0.9494252873563218,26.0,1.0,3.2036199095022626,3.0066568047337277,393.0,0.9515738498789347,84.0,147.0,63.0,63170,11.05360061406664,0
SP_inst415001.rcp,30.0,4.0,4.333333333333333,3.123388473365994,130.0,64.0,0.1471264367816092,0.3310344827586207,0.6689655172413793,28.0,1.0,2.7351190476190474,2.3783808479532165,271.0,0.9312714776632303,77.0,115.0,38.0,70469,11.162942366321069,0
SP_inst416001.rcp,30.0,4.0,5.8,2.7616420236277306,174.0,37.0,0.08505747126436781,0.2045977011494253,0.7954022988505747,44.0,1.0,2.022727272727273,1.9717245989304812,332.0,0.9595375722543352,89.0,161.0,72.0,49472,10.809182345196879,0
SP_inst417001.rcp,30.0,4.0,5.266666666666667,2.3654926665613565,158.0,65.0,0.14942528735632185,0.6804597701149425,0.3195402298850575,69.0,1.0,1.228985507246377,1.1609680905161455,122.0,0.8776978417266187,85.0,157.0,72.0,70008,11.15637908419547,0
SP_inst418001.rcp,30.0,4.0,5.266666666666667,2.55516905289824,158.0,49.0,0.11264367816091954,0.8804597701149425,0.11954022988505753,81.0,1.0,0.9876543209876543,0.9545267489711934,49.0,0.942307692307692,80.0,153.0,72.0,93734,11.448226931031291,0
SP_inst419001.rcp,30.0,4.0,5.466666666666667,2.974708202309747,164.0,34.0,0.07816091954022988,0.6528735632183909,0.34712643678160915,100.0,1.0,0.89,0.8207142857142857,133.0,0.8807947019867551,89.0,159.0,59.0,73678,11.20747309863296,0
SP_inst420001.rcp,30.0,4.0,5.366666666666666,3.049407957110509,161.0,35.0,0.08045977011494253,0.7517241379310344,0.24827586206896557,106.0,1.0,0.8212264150943396,0.7757324539908949,105.0,0.972222222222222,88.0,161.0,55.0,67248,11.116157427465051,0
SP_inst42001.rcp,30.0,4.0,5.366666666666666,3.049407957110509,161.0,35.0,0.08045977011494253,0.7517241379310344,0.24827586206896557,106.0,0.5,0.21174004192872117,0.1947387518142235,8.0,0.07407407407407406,23.0,113.0,7.0,265,5.583496308781699,1
SP_inst421001.rcp,30.0,4.0,5.533333333333333,2.8836705005176224,166.0,36.0,0.08275862068965517,0.9356321839080459,0.06436781609195408,142.0,1.0,0.617797695262484,0.5998468081214561,26.0,0.9285714285714277,88.0,166.0,24.0,8380,9.033722518098907,1
SP_inst422001.rcp,30.0,4.0,4.933333333333334,2.965730189271363,148.0,32.0,0.0735632183908046,0.9471264367816092,0.05287356321839076,126.0,1.0,0.623015873015873,0.5974609141902375,22.0,0.9565217391304355,79.0,148.0,22.0,1018,6.926577033222725,1
SP_inst423001.rcp,30.0,4.0,5.266666666666667,2.862788073811185,158.0,20.0,0.04597701149425287,0.05057471264367816,0.9494252873563218,26.0,1.0,3.2362637362637363,3.062023393273393,393.0,0.9515738498789347,85.0,143.0,58.0,63275,11.05526138931847,0
SP_inst424001.rcp,30.0,4.0,4.333333333333333,3.123388473365994,130.0,64.0,0.1471264367816092,0.3310344827586207,0.6689655172413793,28.0,1.0,2.4160714285714286,2.231997863247863,261.0,0.8969072164948454,68.0,119.0,51.0,71100,11.171856680390034,0
SP_inst425001.rcp,30.0,4.0,5.8,2.7616420236277306,174.0,37.0,0.08505747126436781,0.2045977011494253,0.7954022988505747,44.0,1.0,2.0568181818181817,1.9378886265249902,320.0,0.9248554913294798,91.0,155.0,64.0,50576,10.83125220648391,0
SP_inst426001.rcp,30.0,4.0,5.266666666666667,2.3654926665613565,158.0,65.0,0.14942528735632185,0.6804597701149425,0.3195402298850575,69.0,1.0,1.134697357203751,1.112143342541108,131.0,0.9424460431654677,79.0,152.0,73.0,61519,11.027117604179526,0
SP_inst427001.rcp,30.0,4.0,5.266666666666667,2.55516905289824,158.0,49.0,0.11264367816091954,0.8804597701149425,0.11954022988505753,81.0,1.0,1.0277777777777777,0.9872623946698021,44.0,0.8461538461538458,84.0,144.0,60.0,83904,11.337440485435263,0
SP_inst428001.rcp,30.0,4.0,5.466666666666667,2.974708202309747,164.0,34.0,0.07816091954022988,0.6528735632183909,0.34712643678160915,100.0,1.0,0.8381818181818181,0.8005113636363637,136.0,0.9006622516556293,84.0,159.0,59.0,76106,11.239895523850763,0
SP_inst429001.rcp,30.0,4.0,5.366666666666666,3.049407957110509,161.0,35.0,0.08045977011494253,0.7517241379310344,0.24827586206896557,106.0,1.0,0.8273584905660377,0.794548211538836,103.0,0.9537037037037035,88.0,161.0,55.0,65427,11.088705580378416,0
SP_inst430001.rcp,30.0,4.0,5.533333333333333,2.8836705005176224,166.0,36.0,0.08275862068965517,0.9356321839080459,0.06436781609195408,142.0,1.0,0.6274007682458387,0.5932946506683043,28.0,0.9999999999999991,90.0,166.0,24.0,26627,10.189718572720594,1
SP_inst43001.rcp,30.0,4.0,5.533333333333333,2.8836705005176224,166.0,36.0,0.08275862068965517,0.9356321839080459,0.06436781609195408,142.0,0.5,0.15950704225352114,0.15180721078608406,0.0,0.0,23.0,142.0,0.0,32,3.4965075614664802,1
SP_inst431001.rcp,30.0,4.0,4.933333333333334,2.965730189271363,148.0,32.0,0.0735632183908046,0.9471264367816092,0.05287356321839076,126.0,1.0,0.6025132275132276,0.5776483573227271,19.0,0.8260869565217398,76.0,144.0,18.0,364,5.8998973535824915,1
SP_inst432001.rcp,30.0,4.0,5.266666666666667,2.862788073811185,158.0,20.0,0.04597701149425287,0.05057471264367816,0.9494252873563218,26.0,1.0,3.4027149321266967,3.163463399023577,371.0,0.8983050847457628,89.0,142.0,53.0,67644,11.122028721037461,0
SP_inst433001.rcp,30.0,4.0,4.333333333333333,3.123388473365994,130.0,64.0,0.1471264367816092,0.3310344827586207,0.6689655172413793,28.0,1.0,2.280357142857143,2.1918154761904765,270.0,0.9278350515463918,64.0,112.0,48.0,63867,11.064573732459593,0
SP_inst434001.rcp,30.0,4.0,5.8,2.7616420236277306,174.0,37.0,0.08505747126436781,0.2045977011494253,0.7954022988505747,44.0,1.0,2.1420454545454546,2.0075550470771057,326.0,0.9421965317919075,95.0,167.0,72.0,61764,11.031092139970914,0
SP_inst435001.rcp,30.0,4.0,5.266666666666667,2.3654926665613565,158.0,65.0,0.14942528735632185,0.6804597701149425,0.3195402298850575,69.0,1.0,1.2040133779264215,1.133664297658863,133.0,0.9568345323741008,84.0,154.0,70.0,63289,11.055482617769352,0
SP_inst436001.rcp,30.0,4.0,5.266666666666667,2.55516905289824,158.0,49.0,0.11264367816091954,0.8804597701149425,0.11954022988505753,81.0,1.0,1.0304526748971194,0.9942264478265941,47.0,0.9038461538461535,84.0,149.0,65.0,86621,11.36930910385787,0
SP_inst437001.rcp,30.0,4.0,5.466666666666667,2.974708202309747,164.0,34.0,0.07816091954022988,0.6528735632183909,0.34712643678160915,100.0,1.0,0.8331578947368421,0.7810072976559044,136.0,0.9006622516556293,84.0,149.0,49.0,53864,10.894236195328293,0
SP_inst438001.rcp,30.0,4.0,5.366666666666666,3.049407957110509,161.0,35.0,0.08045977011494253,0.7517241379310344,0.24827586206896557,106.0,1.0,0.8193033381712627,0.7323022496371553,98.0,0.9074074074074072,87.0,148.0,42.0,47927,10.777455163763761,0
SP_inst439001.rcp,30.0,4.0,5.533333333333333,2.8836705005176224,166.0,36.0,0.08275862068965517,0.9356321839080459,0.06436781609195408,142.0,1.0,0.6014084507042253,0.5927816901408451,27.0,0.9642857142857134,86.0,165.0,23.0,6668,8.805225202632306,1
SP_inst440001.rcp,30.0,4.0,4.933333333333334,2.965730189271363,148.0,32.0,0.0735632183908046,0.9471264367816092,0.05287356321839076,126.0,1.0,0.6402116402116402,0.5981536332413526,22.0,0.9565217391304355,81.0,148.0,22.0,970,6.878326468291325,1
SP_inst44001.rcp,30.0,3.0,4.933333333333334,2.965730189271363,148.0,32.0,0.0735632183908046,0.9471264367816092,0.05287356321839076,126.0,0.5,0.17195767195767195,0.1529100529100529,0.0,0.0,22.0,132.0,6.0,32,3.4965075614664802,1
SP_inst441001.rcp,30.0,4.0,5.266666666666667,2.862788073811185,158.0,20.0,0.04597701149425287,0.05057471264367816,0.9494252873563218,26.0,1.0,3.3484162895927603,3.268946900622597,372.0,0.9007263922518159,88.0,139.0,51.0,62460,11.042297640955464,0
SP_inst442001.rcp,30.0,4.0,4.333333333333333,3.123388473365994,130.0,64.0,0.1471264367816092,0.3310344827586207,0.6689655172413793,28.0,1.0,2.392857142857143,2.2773614253393664,273.0,0.9381443298969072,67.0,115.0,48.0,68689,11.137358907207927,0
SP_inst443001.rcp,30.0,4.0,5.8,2.7616420236277306,174.0,37.0,0.08505747126436781,0.2045977011494253,0.7954022988505747,44.0,1.0,2.143048128342246,2.01279586473019,322.0,0.930635838150289,95.0,156.0,61.0,57323,10.956474663177962,0
SP_inst444001.rcp,30.0,4.0,5.266666666666667,2.3654926665613565,158.0,65.0,0.14942528735632185,0.6804597701149425,0.3195402298850575,69.0,1.0,1.1630434782608696,1.1084943639291467,135.0,0.9712230215827338,81.0,153.0,72.0,66843,11.110116825323272,0
SP_inst445001.rcp,30.0,4.0,5.266666666666667,2.55516905289824,158.0,49.0,0.11264367816091954,0.8804597701149425,0.11954022988505753,81.0,1.0,1.0180436847103513,0.9977042633292634,50.0,0.9615384615384611,83.0,158.0,75.0,92262,11.432398473383499,0
SP_inst446001.rcp,30.0,4.0,5.466666666666667,2.974708202309747,164.0,34.0,0.07816091954022988,0.6528735632183909,0.34712643678160915,100.0,1.0,0.9223076923076923,0.8620115821678322,142.0,0.9403973509933776,93.0,162.0,62.0,67247,11.116142557244897,0
SP_inst447001.rcp,30.0,4.0,5.366666666666666,3.049407957110509,161.0,35.0,0.08045977011494253,0.7517241379310344,0.24827586206896557,106.0,1.0,0.8326713008937437,0.767377499659248,108.0,0.9999999999999998,89.0,161.0,55.0,71337,11.175184423756795,0
SP_inst448001.rcp,30.0,4.0,5.533333333333333,2.8836705005176224,166.0,36.0,0.08275862068965517,0.9356321839080459,0.06436781609195408,142.0,1.0,0.6184755592377796,0.5939968240817454,27.0,0.9642857142857134,88.0,166.0,24.0,8956,9.100190628475195,1
SP_inst449001.rcp,30.0,4.0,4.933333333333334,2.965730189271363,148.0,32.0,0.0735632183908046,0.9471264367816092,0.05287356321839076,126.0,1.0,0.5885225885225885,0.5781867732848126,22.0,0.9565217391304355,75.0,148.0,22.0,987,6.895682697747868,1
SP_inst450001.rcp,30.0,4.0,5.266666666666667,2.862788073811185,158.0,20.0,0.04597701149425287,0.05057471264367816,0.9494252873563218,26.0,1.0,4.795857988165681,4.56543911554033,413.0,1.0,125.0,158.0,33.0,67078,11.113626308252979,0
SP_inst45001.rcp,30.0,4.0,5.266666666666667,2.862788073811185,158.0,20.0,0.04597701149425287,0.05057471264367816,0.9494252873563218,26.0,0.5,0.8531468531468531,0.7317984468496496,5.0,0.012106537530266344,23.0,32.0,6.0,34221,10.440623991091917,0
SP_inst451001.rcp,30.0,4.0,4.333333333333333,3.123388473365994,130.0,64.0,0.1471264367816092,0.3310344827586207,0.6689655172413793,28.0,1.0,3.523109243697479,3.3939672459893053,291.0,1.0,99.0,130.0,31.0,71464,11.176963098343215,0
SP_inst452001.rcp,30.0,4.0,5.8,2.7616420236277306,174.0,37.0,0.08505747126436781,0.2045977011494253,0.7954022988505747,44.0,1.0,3.039772727272727,2.990472155768208,346.0,1.0,134.0,174.0,40.0,66109,11.099075300327623,0
SP_inst453001.rcp,30.0,4.0,5.266666666666667,2.3654926665613565,158.0,65.0,0.14942528735632185,0.6804597701149425,0.3195402298850575,69.0,1.0,1.7951690821256039,1.7629608441393338,139.0,1.0,124.0,158.0,34.0,69757,11.152787388447106,0
SP_inst454001.rcp,30.0,4.0,5.266666666666667,2.55516905289824,158.0,49.0,0.11264367816091954,0.8804597701149425,0.11954022988505753,81.0,1.0,1.4970760233918128,1.4098846653671215,52.0,0.9999999999999996,122.0,158.0,36.0,83625,11.33410975550552,0
SP_inst455001.rcp,30.0,4.0,5.466666666666667,2.974708202309747,164.0,34.0,0.07816091954022988,0.6528735632183909,0.34712643678160915,100.0,1.0,1.278181818181818,1.2390264594474152,151.0,1.0000000000000002,128.0,164.0,36.0,73950,11.211157990697956,0
SP_inst456001.rcp,30.0,4.0,5.366666666666666,3.049407957110509,161.0,35.0,0.08045977011494253,0.7517241379310344,0.24827586206896557,106.0,1.0,1.2286348501664817,1.1669595511160438,108.0,0.9999999999999998,131.0,161.0,30.0,72060,11.185268261530247,0
SP_inst457001.rcp,30.0,4.0,5.533333333333333,2.8836705005176224,166.0,36.0,0.08275862068965517,0.9356321839080459,0.06436781609195408,142.0,1.0,0.9300469483568075,0.9023483070138,28.0,0.9999999999999991,133.0,166.0,24.0,26627,10.189718572720594,1
SP_inst458001.rcp,30.0,4.0,4.933333333333334,2.965730189271363,148.0,32.0,0.0735632183908046,0.9471264367816092,0.05287356321839076,126.0,1.0,0.8968253968253969,0.8716739766081871,23.0,1.0000000000000007,113.0,148.0,22.0,1048,6.955592608396297,1
SP_inst459001.rcp,30.0,4.0,5.266666666666667,2.862788073811185,158.0,20.0,0.04597701149425287,0.05057471264367816,0.9494252873563218,26.0,1.0,4.680995475113122,4.5357021654815775,413.0,1.0,122.0,158.0,36.0,67079,11.113641215937145,0
SP_inst460001.rcp,30.0,4.0,4.333333333333333,3.123388473365994,130.0,64.0,0.1471264367816092,0.3310344827586207,0.6689655172413793,28.0,1.0,3.9595238095238097,3.542517551892552,291.0,1.0,111.0,130.0,19.0,71228,11.173655317845352,0
SP_inst46001.rcp,30.0,4.0,4.333333333333333,3.123388473365994,130.0,64.0,0.1471264367816092,0.3310344827586207,0.6689655172413793,28.0,0.5,0.7423469387755102,0.6167493221064649,16.0,0.054982817869415807,21.0,45.0,17.0,33641,10.423530565351728,0
SP_inst461001.rcp,30.0,4.0,5.8,2.7616420236277306,174.0,37.0,0.08505747126436781,0.2045977011494253,0.7954022988505747,44.0,1.0,3.036363636363636,2.9047565945084326,346.0,1.0,134.0,174.0,40.0,64436,11.073443281272374,0
SP_inst462001.rcp,30.0,4.0,5.266666666666667,2.3654926665613565,158.0,65.0,0.14942528735632185,0.6804597701149425,0.3195402298850575,69.0,1.0,1.7525083612040133,1.699630713489409,139.0,1.0,121.0,158.0,37.0,69286,11.146012577393165,0
SP_inst463001.rcp,30.0,4.0,5.266666666666667,2.55516905289824,158.0,49.0,0.11264367816091954,0.8804597701149425,0.11954022988505753,81.0,1.0,1.5003631082062454,1.4833489804303785,52.0,0.9999999999999996,122.0,158.0,36.0,82285,11.317956262838909,0
SP_inst464001.rcp,30.0,4.0,5.466666666666667,2.974708202309747,164.0,34.0,0.07816091954022988,0.6528735632183909,0.34712643678160915,100.0,1.0,1.2144444444444444,1.1887324481074482,151.0,1.0000000000000002,122.0,164.0,42.0,73681,11.207513814969037,0
SP_inst465001.rcp,30.0,4.0,5.366666666666666,3.049407957110509,161.0,35.0,0.08045977011494253,0.7517241379310344,0.24827586206896557,106.0,1.0,1.2125786163522012,1.142369671925374,108.0,0.9999999999999998,129.0,161.0,32.0,72273,11.188219730745937,0
SP_inst466001.rcp,30.0,4.0,5.533333333333333,2.8836705005176224,166.0,36.0,0.08275862068965517,0.9356321839080459,0.06436781609195408,142.0,1.0,0.8656103286384976,0.8551881046379285,28.0,0.9999999999999991,123.0,166.0,24.0,26627,10.189718572720594,1
SP_inst467001.rcp,30.0,4.0,4.933333333333334,2.965730189271363,148.0,32.0,0.0735632183908046,0.9471264367816092,0.05287356321839076,126.0,1.0,0.8809523809523809,0.8581676202290237,23.0,1.0000000000000007,111.0,148.0,22.0,1048,6.955592608396297,1
SP_inst468001.rcp,30.0,4.0,5.266666666666667,2.862788073811185,158.0,20.0,0.04597701149425287,0.05057471264367816,0.9494252873563218,26.0,1.0,4.93956043956044,4.656157078215902,413.0,1.0,129.0,158.0,29.0,67249,11.116172297464086,0
SP_inst469001.rcp,30.0,4.0,4.333333333333333,3.123388473365994,130.0,64.0,0.1471264367816092,0.3310344827586207,0.6689655172413793,28.0,1.0,3.5964285714285715,3.5014384920634924,291.0,1.0,101.0,130.0,29.0,70968,11.169998440958999,0
SP_inst470001.rcp,30.0,4.0,5.8,2.7616420236277306,174.0,37.0,0.08505747126436781,0.2045977011494253,0.7954022988505747,44.0,1.0,2.993801652892562,2.9709955763933036,346.0,1.0,132.0,174.0,42.0,65784,11.094147127799939,0
SP_inst47001.rcp,30.0,4.0,5.8,2.7616420236277306,174.0,37.0,0.08505747126436781,0.2045977011494253,0.7954022988505747,44.0,0.5,0.5427807486631016,0.49541262284014886,13.0,0.03757225433526012,24.0,54.0,10.0,32,3.4965075614664802,1
SP_inst471001.rcp,30.0,4.0,5.266666666666667,2.3654926665613565,158.0,65.0,0.14942528735632185,0.6804597701149425,0.3195402298850575,69.0,1.0,1.8009153318077804,1.7077402955549408,139.0,1.0,125.0,158.0,33.0,70584,11.1645729363183,0
SP_inst472001.rcp,30.0,4.0,5.266666666666667,2.55516905289824,158.0,49.0,0.11264367816091954,0.8804597701149425,0.11954022988505753,81.0,1.0,1.5069444444444444,1.4749672857555411,52.0,0.9999999999999996,123.0,158.0,35.0,83895,11.33733321551424,0
SP_inst473001.rcp,30.0,4.0,5.466666666666667,2.974708202309747,164.0,34.0,0.07816091954022988,0.6528735632183909,0.34712643678160915,100.0,1.0,1.29875,1.2360208333333333,151.0,1.0000000000000002,130.0,164.0,34.0,73851,11.209818369515634,0
SP_inst474001.rcp,30.0,4.0,5.366666666666666,3.049407957110509,161.0,35.0,0.08045977011494253,0.7517241379310344,0.24827586206896557,106.0,1.0,1.1237513873473919,1.101850548831973,108.0,0.9999999999999998,120.0,161.0,41.0,72401,11.189989202301655,0
SP_inst475001.rcp,30.0,4.0,5.533333333333333,2.8836705005176224,166.0,36.0,0.08275862068965517,0.9356321839080459,0.06436781609195408,142.0,1.0,0.9590268886043534,0.9000370314579096,28.0,0.9999999999999991,137.0,166.0,24.0,26627,10.189718572720594,1
SP_inst476001.rcp,30.0,4.0,4.933333333333334,2.965730189271363,148.0,32.0,0.0735632183908046,0.9471264367816092,0.05287356321839076,126.0,1.0,0.9417989417989417,0.8865910324243658,23.0,1.0000000000000007,119.0,148.0,22.0,1048,6.955592608396297,1
SP_inst477001.rcp,30.0,4.0,5.266666666666667,2.862788073811185,158.0,20.0,0.04597701149425287,0.05057471264367816,0.9494252873563218,26.0,1.0,4.698717948717949,4.5040355477855485,412.0,0.9975786924939467,123.0,158.0,35.0,67337,11.117479992244311,0
SP_inst478001.rcp,30.0,4.0,4.333333333333333,3.123388473365994,130.0,64.0,0.1471264367816092,0.3310344827586207,0.6689655172413793,28.0,1.0,3.5,3.3525592254445638,291.0,1.0,98.0,130.0,32.0,71028,11.170843523334396,0
SP_inst479001.rcp,30.0,4.0,5.8,2.7616420236277306,174.0,37.0,0.08505747126436781,0.2045977011494253,0.7954022988505747,44.0,1.0,3.161483253588517,3.06189091964537,346.0,1.0,140.0,174.0,34.0,64386,11.07266702836126,0
SP_inst480001.rcp,30.0,4.0,5.266666666666667,2.3654926665613565,158.0,65.0,0.14942528735632185,0.6804597701149425,0.3195402298850575,69.0,1.0,1.7572463768115942,1.700388198757764,139.0,1.0,122.0,158.0,36.0,70082,11.157435532913205,0
SP_inst48001.rcp,30.0,4.0,5.266666666666667,2.3654926665613565,158.0,65.0,0.14942528735632185,0.6804597701149425,0.3195402298850575,69.0,0.5,0.30892448512585813,0.27380005465885127,10.0,0.07194244604316546,22.0,84.0,15.0,32,3.4965075614664802,1
SP_inst481001.rcp,30.0,4.0,5.266666666666667,2.55516905289824,158.0,49.0,0.11264367816091954,0.8804597701149425,0.11954022988505753,81.0,1.0,1.550807217473884,1.4777103013945119,52.0,0.9999999999999996,126.0,158.0,32.0,84202,11.340985829049385,0
SP_inst482001.rcp,30.0,4.0,5.466666666666667,2.974708202309747,164.0,34.0,0.07816091954022988,0.6528735632183909,0.34712643678160915,100.0,1.0,1.2675,1.2277604166666667,151.0,1.0000000000000002,127.0,164.0,37.0,74332,11.21631027745916,0
SP_inst483001.rcp,30.0,4.0,5.366666666666666,3.049407957110509,161.0,35.0,0.08045977011494253,0.7517241379310344,0.24827586206896557,106.0,1.0,1.219077568134172,1.1719491338408914,108.0,0.9999999999999998,130.0,161.0,31.0,71540,11.178025990909331,0
SP_inst484001.rcp,30.0,4.0,5.533333333333333,2.8836705005176224,166.0,36.0,0.08275862068965517,0.9356321839080459,0.06436781609195408,142.0,1.0,0.9312026002166848,0.8866324644700784,28.0,0.9999999999999991,133.0,166.0,24.0,26627,10.189718572720594,1
SP_inst485001.rcp,30.0,4.0,4.933333333333334,2.965730189271363,148.0,32.0,0.0735632183908046,0.9471264367816092,0.05287356321839076,126.0,1.0,0.9139194139194139,0.8970314407814407,23.0,1.0000000000000007,116.0,148.0,22.0,1048,6.955592608396297,1
SP_inst486001.rcp,30.0,4.0,5.266666666666667,2.862788073811185,158.0,20.0,0.04597701149425287,0.05057471264367816,0.9494252873563218,26.0,1.0,4.782051282051282,4.514872919478183,413.0,1.0,125.0,158.0,33.0,66868,11.110490760547092,0
SP_inst487001.rcp,30.0,4.0,4.333333333333333,3.123388473365994,130.0,64.0,0.1471264367816092,0.3310344827586207,0.6689655172413793,28.0,1.0,3.7337662337662336,3.540896777371236,291.0,1.0,105.0,130.0,25.0,71636,11.17936697925092,0
SP_inst488001.rcp,30.0,4.0,5.8,2.7616420236277306,174.0,37.0,0.08505747126436781,0.2045977011494253,0.7954022988505747,44.0,1.0,3.109848484848485,2.991819036226931,346.0,1.0,137.0,174.0,37.0,64080,11.06790318711361,0
SP_inst489001.rcp,30.0,4.0,5.266666666666667,2.3654926665613565,158.0,65.0,0.14942528735632185,0.6804597701149425,0.3195402298850575,69.0,1.0,1.7612958226768969,1.7099377604492694,139.0,1.0,122.0,158.0,36.0,70270,11.160114474908951,0
SP_inst490001.rcp,30.0,4.0,5.266666666666667,2.55516905289824,158.0,49.0,0.11264367816091954,0.8804597701149425,0.11954022988505753,81.0,1.0,1.5753086419753086,1.5241103848946986,52.0,0.9999999999999996,128.0,158.0,30.0,84199,11.340950200230418,0
SP_inst49001.rcp,30.0,4.0,5.266666666666667,2.55516905289824,158.0,49.0,0.11264367816091954,0.8804597701149425,0.11954022988505753,81.0,0.5,0.2785493827160494,0.24545728191561525,4.0,0.07692307692307689,23.0,81.0,0.0,32,3.4965075614664802,1
SP_inst491001.rcp,30.0,4.0,5.466666666666667,2.974708202309747,164.0,34.0,0.07816091954022988,0.6528735632183909,0.34712643678160915,100.0,1.0,1.2745454545454546,1.2349660062160062,151.0,1.0000000000000002,128.0,164.0,36.0,74641,11.220458630446268,0
SP_inst492001.rcp,30.0,4.0,5.366666666666666,3.049407957110509,161.0,35.0,0.08045977011494253,0.7517241379310344,0.24827586206896557,106.0,1.0,1.210495283018868,1.1733981918238994,108.0,0.9999999999999998,129.0,161.0,32.0,72561,11.192196647804964,0
SP_inst493001.rcp,30.0,4.0,5.533333333333333,2.8836705005176224,166.0,36.0,0.08275862068965517,0.9356321839080459,0.06436781609195408,142.0,1.0,0.937206572769953,0.8817358809721071,28.0,0.9999999999999991,134.0,166.0,24.0,26627,10.189718572720594,1
SP_inst494001.rcp,30.0,4.0,4.933333333333334,2.965730189271363,148.0,32.0,0.0735632183908046,0.9471264367816092,0.05287356321839076,126.0,1.0,0.9095238095238095,0.8974361651993231,23.0,1.0000000000000007,115.0,148.0,22.0,1048,6.955592608396297,1
SP_inst495001.rcp,30.0,4.0,5.266666666666667,2.862788073811185,158.0,20.0,0.04597701149425287,0.05057471264367816,0.9494252873563218,26.0,1.0,4.979020979020979,4.620334928229665,413.0,1.0,130.0,158.0,28.0,66830,11.109922323732984,0
SP_inst496001.rcp,30.0,4.0,4.333333333333333,3.123388473365994,130.0,64.0,0.1471264367816092,0.3310344827586207,0.6689655172413793,28.0,1.0,3.6479591836734695,3.525436765615337,290.0,0.9965635738831615,103.0,130.0,27.0,71855,11.18241939532752,0
SP_inst497001.rcp,30.0,4.0,5.8,2.7616420236277306,174.0,37.0,0.08505747126436781,0.2045977011494253,0.7954022988505747,44.0,1.0,3.2062937062937062,3.0606557268489087,346.0,1.0,142.0,174.0,32.0,64753,11.078350753715497,0
SP_inst498001.rcp,30.0,4.0,5.266666666666667,2.3654926665613565,158.0,65.0,0.14942528735632185,0.6804597701149425,0.3195402298850575,69.0,1.0,1.7919254658385093,1.7511472968634094,139.0,1.0,124.0,158.0,34.0,69818,11.153661458012774,0
SP_inst499001.rcp,30.0,4.0,5.266666666666667,2.55516905289824,158.0,49.0,0.11264367816091954,0.8804597701149425,0.11954022988505753,81.0,1.0,1.4769921436588103,1.4363841496194436,52.0,0.9999999999999996,120.0,158.0,38.0,83924,11.337678821848236,0
SP_inst500001.rcp,30.0,4.0,5.466666666666667,2.974708202309747,164.0,34.0,0.07816091954022988,0.6528735632183909,0.34712643678160915,100.0,1.0,1.2841176470588236,1.2324362943557992,151.0,1.0000000000000002,129.0,164.0,35.0,74206,11.21461376432841,0
SP_inst50001.rcp,30.0,4.0,5.466666666666667,2.974708202309747,164.0,34.0,0.07816091954022988,0.6528735632183909,0.34712643678160915,100.0,0.5,0.23473684210526316,0.20190613566000565,4.0,0.026490066225165566,24.0,100.0,0.0,32,3.4965075614664802,1
SP_inst5001.rcp,30.0,4.0,5.466666666666667,2.974708202309747,164.0,34.0,0.07816091954022988,0.6528735632183909,0.34712643678160915,100.0,0.5,0.27714285714285714,0.21823412698412697,9.0,0.05960264900662253,28.0,106.0,6.0,32,3.4965075614664802,1
SP_inst501001.rcp,30.0,4.0,5.366666666666666,3.049407957110509,161.0,35.0,0.08045977011494253,0.7517241379310344,0.24827586206896557,106.0,1.0,1.224056603773585,1.1744352035749752,108.0,0.9999999999999998,130.0,161.0,31.0,73422,11.203992517016918,0
SP_inst502001.rcp,30.0,4.0,5.533333333333333,2.8836705005176224,166.0,36.0,0.08275862068965517,0.9356321839080459,0.06436781609195408,142.0,1.0,0.90465872156013,0.8807911784132596,28.0,0.9999999999999991,129.0,166.0,24.0,26627,10.189718572720594,1
SP_inst503001.rcp,30.0,4.0,4.933333333333334,2.965730189271363,148.0,32.0,0.0735632183908046,0.9471264367816092,0.05287356321839076,126.0,1.0,0.9126984126984127,0.8885168650793651,23.0,1.0000000000000007,115.0,148.0,22.0,1048,6.955592608396297,1
SP_inst504001.rcp,30.0,4.0,5.266666666666667,2.862788073811185,158.0,20.0,0.04597701149425287,0.05057471264367816,0.9494252873563218,26.0,1.0,4.864253393665158,4.675160256410257,413.0,1.0,127.0,158.0,31.0,66171,11.100012691726906,0
SP_inst505001.rcp,30.0,4.0,4.333333333333333,3.123388473365994,130.0,64.0,0.1471264367816092,0.3310344827586207,0.6689655172413793,28.0,1.0,3.6334586466165413,3.4402098997493735,291.0,1.0,102.0,130.0,28.0,70885,11.168828231809211,0
SP_inst506001.rcp,30.0,4.0,5.8,2.7616420236277306,174.0,37.0,0.08505747126436781,0.2045977011494253,0.7954022988505747,44.0,1.0,2.9507575757575757,2.8998118358913816,346.0,1.0,130.0,174.0,44.0,65374,11.087895201367225,0
SP_inst507001.rcp,30.0,4.0,5.266666666666667,2.3654926665613565,158.0,65.0,0.14942528735632185,0.6804597701149425,0.3195402298850575,69.0,1.0,1.789855072463768,1.7485638029915522,139.0,1.0,124.0,158.0,34.0,69429,11.148074329747319,0
SP_inst508001.rcp,30.0,4.0,5.266666666666667,2.55516905289824,158.0,49.0,0.11264367816091954,0.8804597701149425,0.11954022988505753,81.0,1.0,1.5555555555555556,1.5024375701459034,52.0,0.9999999999999996,126.0,158.0,32.0,83125,11.328112807960983,0
SP_inst509001.rcp,30.0,4.0,5.466666666666667,2.974708202309747,164.0,34.0,0.07816091954022988,0.6528735632183909,0.34712643678160915,100.0,1.0,1.254,1.2410858395989974,151.0,1.0000000000000002,126.0,164.0,38.0,73826,11.20947979733897,0
SP_inst510001.rcp,30.0,4.0,5.366666666666666,3.049407957110509,161.0,35.0,0.08045977011494253,0.7517241379310344,0.24827586206896557,106.0,1.0,1.1638078902229845,1.1126408367806815,108.0,0.9999999999999998,124.0,161.0,37.0,71490,11.177326846633413,0
SP_inst51001.rcp,30.0,4.0,5.366666666666666,3.049407957110509,161.0,35.0,0.08045977011494253,0.7517241379310344,0.24827586206896557,106.0,0.5,0.22197558268590456,0.18941553036308864,8.0,0.07407407407407406,24.0,106.0,0.0,32,3.4965075614664802,1
SP_inst511001.rcp,30.0,4.0,5.533333333333333,2.8836705005176224,166.0,36.0,0.08275862068965517,0.9356321839080459,0.06436781609195408,142.0,1.0,0.8880281690140845,0.8828531796841657,28.0,0.9999999999999991,127.0,166.0,24.0,26627,10.189718572720594,1
SP_inst512001.rcp,30.0,4.0,4.933333333333334,2.965730189271363,148.0,32.0,0.0735632183908046,0.9471264367816092,0.05287356321839076,126.0,1.0,0.9280045351473923,0.897595608756323,23.0,1.0000000000000007,117.0,148.0,22.0,1048,6.955592608396297,1
SP_inst513001.rcp,30.0,4.0,5.266666666666667,2.862788073811185,158.0,20.0,0.04597701149425287,0.05057471264367816,0.9494252873563218,26.0,1.0,4.944230769230769,4.576476045883941,413.0,1.0,129.0,158.0,29.0,67369,11.117955093954706,0
SP_inst514001.rcp,30.0,4.0,4.333333333333333,3.123388473365994,130.0,64.0,0.1471264367816092,0.3310344827586207,0.6689655172413793,28.0,1.0,3.7478991596638656,3.4972426470588234,291.0,1.0,105.0,130.0,25.0,70954,11.169801152268638,0
SP_inst515001.rcp,30.0,4.0,5.8,2.7616420236277306,174.0,37.0,0.08505747126436781,0.2045977011494253,0.7954022988505747,44.0,1.0,2.9421487603305785,2.8803423848878396,346.0,1.0,130.0,174.0,44.0,65168,11.08473917472504,0
SP_inst516001.rcp,30.0,4.0,5.266666666666667,2.3654926665613565,158.0,65.0,0.14942528735632185,0.6804597701149425,0.3195402298850575,69.0,1.0,1.7951690821256039,1.739679402722881,139.0,1.0,124.0,158.0,34.0,70534,11.163864319508603,0
SP_inst517001.rcp,30.0,4.0,5.266666666666667,2.55516905289824,158.0,49.0,0.11264367816091954,0.8804597701149425,0.11954022988505753,81.0,1.0,1.4976851851851851,1.468591392318244,52.0,0.9999999999999996,122.0,158.0,36.0,83914,11.33755966074228,0
SP_inst518001.rcp,30.0,4.0,5.466666666666667,2.974708202309747,164.0,34.0,0.07816091954022988,0.6528735632183909,0.34712643678160915,100.0,1.0,1.2661538461538462,1.211913760581524,151.0,1.0000000000000002,127.0,164.0,37.0,74282,11.215637402373213,0
SP_inst519001.rcp,30.0,4.0,5.366666666666666,3.049407957110509,161.0,35.0,0.08045977011494253,0.7517241379310344,0.24827586206896557,106.0,1.0,1.190251572327044,1.1377884569915353,108.0,0.9999999999999998,127.0,161.0,34.0,72241,11.187776873200432,0
SP_inst520001.rcp,30.0,4.0,5.533333333333333,2.8836705005176224,166.0,36.0,0.08275862068965517,0.9356321839080459,0.06436781609195408,142.0,1.0,0.8617157490396927,0.8399542755642591,28.0,0.9999999999999991,123.0,166.0,24.0,26627,10.189718572720594,1
SP_inst52001.rcp,30.0,4.0,5.533333333333333,2.8836705005176224,166.0,36.0,0.08275862068965517,0.9356321839080459,0.06436781609195408,142.0,0.5,0.17312206572769953,0.15067869337235534,0.0,0.0,25.0,142.0,0.0,32,3.4965075614664802,1
SP_inst521001.rcp,30.0,4.0,4.933333333333334,2.965730189271363,148.0,32.0,0.0735632183908046,0.9471264367816092,0.05287356321839076,126.0,1.0,0.9797619047619047,0.9192020161640905,23.0,1.0000000000000007,124.0,148.0,22.0,1048,6.955592608396297,1
SP_inst522001.rcp,30.0,4.0,5.266666666666667,2.862788073811185,158.0,20.0,0.04597701149425287,0.05057471264367816,0.9494252873563218,26.0,1.0,4.711538461538462,4.57459935897436,413.0,1.0,123.0,158.0,35.0,66771,11.109039109975278,0
SP_inst523001.rcp,30.0,4.0,4.333333333333333,3.123388473365994,130.0,64.0,0.1471264367816092,0.3310344827586207,0.6689655172413793,28.0,1.0,3.470982142857143,3.3630763603518328,291.0,1.0,98.0,130.0,32.0,70949,11.169730682588188,0
SP_inst524001.rcp,30.0,4.0,5.8,2.7616420236277306,174.0,37.0,0.08505747126436781,0.2045977011494253,0.7954022988505747,44.0,1.0,3.088516746411483,2.971178834871269,346.0,1.0,136.0,174.0,38.0,65490,11.089668007602317,0
SP_inst525001.rcp,30.0,4.0,5.266666666666667,2.3654926665613565,158.0,65.0,0.14942528735632185,0.6804597701149425,0.3195402298850575,69.0,1.0,1.712702472293265,1.6582480818414322,139.0,1.0,119.0,158.0,39.0,70122,11.158006121919172,0
SP_inst526001.rcp,30.0,4.0,5.266666666666667,2.55516905289824,158.0,49.0,0.11264367816091954,0.8804597701149425,0.11954022988505753,81.0,1.0,1.5046296296296295,1.4675275357056403,52.0,0.9999999999999996,122.0,158.0,36.0,83769,11.335830227147856,0
SP_inst527001.rcp,30.0,4.0,5.466666666666667,2.974708202309747,164.0,34.0,0.07816091954022988,0.6528735632183909,0.34712643678160915,100.0,1.0,1.2341666666666666,1.215813492063492,151.0,1.0000000000000002,124.0,164.0,40.0,74481,11.218312764436819,0
SP_inst528001.rcp,30.0,4.0,5.366666666666666,3.049407957110509,161.0,35.0,0.08045977011494253,0.7517241379310344,0.24827586206896557,106.0,1.0,1.205188679245283,1.137742995997713,108.0,0.9999999999999998,128.0,161.0,33.0,71042,11.171040606504132,0
SP_inst529001.rcp,30.0,4.0,5.533333333333333,2.8836705005176224,166.0,36.0,0.08275862068965517,0.9356321839080459,0.06436781609195408,142.0,1.0,0.8898847631241997,0.8636966686482532,28.0,0.9999999999999991,127.0,166.0,24.0,26627,10.189718572720594,1
SP_inst530001.rcp,30.0,4.0,4.933333333333334,2.965730189271363,148.0,32.0,0.0735632183908046,0.9471264367816092,0.05287356321839076,126.0,1.0,0.9453781512605042,0.9098319152222292,23.0,1.0000000000000007,120.0,148.0,22.0,1048,6.955592608396297,1
SP_inst53001.rcp,30.0,2.0,4.933333333333334,2.965730189271363,148.0,32.0,0.0735632183908046,0.9471264367816092,0.05287356321839076,126.0,0.5,0.14346764346764346,0.1406371406371406,0.0,0.0,19.0,127.0,1.0,32,3.4965075614664802,1
SP_inst531001.rcp,30.0,4.0,5.266666666666667,2.862788073811185,158.0,20.0,0.04597701149425287,0.05057471264367816,0.9494252873563218,26.0,1.0,4.574660633484163,4.497398190045249,413.0,1.0,119.0,158.0,39.0,66584,11.106234605936246,0
SP_inst532001.rcp,30.0,4.0,4.333333333333333,3.123388473365994,130.0,64.0,0.1471264367816092,0.3310344827586207,0.6689655172413793,28.0,1.0,3.607142857142857,3.4684346903096905,291.0,1.0,101.0,130.0,29.0,71540,11.178025990909331,0
SP_inst533001.rcp,30.0,4.0,5.8,2.7616420236277306,174.0,37.0,0.08505747126436781,0.2045977011494253,0.7954022988505747,44.0,1.0,3.0020661157024793,2.8750006796433234,346.0,1.0,133.0,174.0,41.0,65185,11.085000000931881,0
SP_inst534001.rcp,30.0,4.0,5.266666666666667,2.3654926665613565,158.0,65.0,0.14942528735632185,0.6804597701149425,0.3195402298850575,69.0,1.0,1.7109077040427154,1.6661848750664539,139.0,1.0,119.0,158.0,39.0,69718,11.152228156444462,0
SP_inst535001.rcp,30.0,4.0,5.266666666666667,2.55516905289824,158.0,49.0,0.11264367816091954,0.8804597701149425,0.11954022988505753,81.0,1.0,1.412551440329218,1.4026601106279468,52.0,0.9999999999999996,115.0,158.0,43.0,83119,11.32804062577311,0
SP_inst536001.rcp,30.0,4.0,5.466666666666667,2.974708202309747,164.0,34.0,0.07816091954022988,0.6528735632183909,0.34712643678160915,100.0,1.0,1.3609090909090908,1.2687272727272727,151.0,1.0000000000000002,137.0,164.0,27.0,74423,11.217533749448394,0
SP_inst537001.rcp,30.0,4.0,5.366666666666666,3.049407957110509,161.0,35.0,0.08045977011494253,0.7517241379310344,0.24827586206896557,106.0,1.0,1.1261171797418073,1.0919388146610092,108.0,0.9999999999999998,120.0,161.0,41.0,72479,11.191065940716861,0
SP_inst538001.rcp,30.0,4.0,5.533333333333333,2.8836705005176224,166.0,36.0,0.08275862068965517,0.9356321839080459,0.06436781609195408,142.0,1.0,0.9244558258642765,0.8993426916221035,28.0,0.9999999999999991,132.0,166.0,24.0,26627,10.189718572720594,1
SP_inst539001.rcp,30.0,4.0,4.933333333333334,2.965730189271363,148.0,32.0,0.0735632183908046,0.9471264367816092,0.05287356321839076,126.0,1.0,0.8946608946608947,0.8695181371990582,23.0,1.0000000000000007,113.0,148.0,22.0,1048,6.955592608396297,1
SP_inst54001.rcp,30.0,4.0,5.266666666666667,2.862788073811185,158.0,20.0,0.04597701149425287,0.05057471264367816,0.9494252873563218,26.0,0.5,0.7846153846153846,0.7454648292883587,18.0,0.043583535108958835,21.0,30.0,4.0,32040,10.37477161168151,0
SP_inst55001.rcp,30.0,4.0,4.333333333333333,3.123388473365994,130.0,64.0,0.1471264367816092,0.3310344827586207,0.6689655172413793,28.0,0.5,0.7904761904761904,0.6316978874883287,18.0,0.061855670103092786,23.0,39.0,11.0,35562,10.479061050523804,0
SP_inst56001.rcp,30.0,4.0,5.8,2.7616420236277306,174.0,37.0,0.08505747126436781,0.2045977011494253,0.7954022988505747,44.0,0.5,0.5951704545454546,0.4902917395104895,9.0,0.02601156069364162,27.0,52.0,8.0,32,3.4965075614664802,1
SP_inst57001.rcp,30.0,4.0,5.266666666666667,2.3654926665613565,158.0,65.0,0.14942528735632185,0.6804597701149425,0.3195402298850575,69.0,0.5,0.3181159420289855,0.2973970251716247,7.0,0.050359712230215826,22.0,75.0,6.0,2824,7.946263643580541,1
SP_inst58001.rcp,30.0,3.0,5.266666666666667,2.55516905289824,158.0,49.0,0.11264367816091954,0.8804597701149425,0.11954022988505753,81.0,0.5,0.2847222222222222,0.2787155745489079,3.0,0.05769230769230767,24.0,84.0,3.0,101,4.624972813284271,1
SP_inst59001.rcp,30.0,4.0,5.466666666666667,2.974708202309747,164.0,34.0,0.07816091954022988,0.6528735632183909,0.34712643678160915,100.0,0.5,0.24909090909090909,0.2135047846889952,9.0,0.05960264900662253,25.0,106.0,6.0,32,3.4965075614664802,1
SP_inst60001.rcp,30.0,4.0,5.366666666666666,3.049407957110509,161.0,35.0,0.08045977011494253,0.7517241379310344,0.24827586206896557,106.0,0.5,0.2617924528301887,0.20828840970350404,12.0,0.11111111111111108,28.0,116.0,10.0,32,3.4965075614664802,1
SP_inst6001.rcp,30.0,4.0,5.366666666666666,3.049407957110509,161.0,35.0,0.08045977011494253,0.7517241379310344,0.24827586206896557,106.0,0.5,0.18267581475128644,0.17358207829905942,2.0,0.018518518518518514,20.0,110.0,4.0,32,3.4965075614664802,1
SP_inst61001.rcp,30.0,4.0,5.533333333333333,2.8836705005176224,166.0,36.0,0.08275862068965517,0.9356321839080459,0.06436781609195408,142.0,0.5,0.17464788732394365,0.15411217303822938,1.0,0.035714285714285685,25.0,147.0,5.0,32,3.4965075614664802,1
SP_inst62001.rcp,30.0,4.0,4.933333333333334,2.965730189271363,148.0,32.0,0.0735632183908046,0.9471264367816092,0.05287356321839076,126.0,0.5,0.18915343915343916,0.16061607954022816,2.0,0.0869565217391305,24.0,126.0,0.0,32,3.4965075614664802,1
SP_inst63001.rcp,30.0,4.0,5.266666666666667,2.862788073811185,158.0,20.0,0.04597701149425287,0.05057471264367816,0.9494252873563218,26.0,0.5,0.8028846153846154,0.673849587912088,36.0,0.08716707021791767,21.0,35.0,9.0,34827,10.458176939948507,0
SP_inst64001.rcp,30.0,4.0,4.333333333333333,3.123388473365994,130.0,64.0,0.1471264367816092,0.3310344827586207,0.6689655172413793,28.0,0.5,0.6052631578947368,0.5480135310703228,19.0,0.06529209621993128,17.0,32.0,4.0,34539,10.449873351700669,0
SP_inst65001.rcp,30.0,4.0,5.8,2.7616420236277306,174.0,37.0,0.08505747126436781,0.2045977011494253,0.7954022988505747,44.0,0.5,0.5138888888888888,0.4647928145087236,15.0,0.04335260115606936,23.0,52.0,8.0,32,3.4965075614664802,1
SP_inst66001.rcp,30.0,4.0,5.266666666666667,2.3654926665613565,158.0,65.0,0.14942528735632185,0.6804597701149425,0.3195402298850575,69.0,0.5,0.3033126293995859,0.27517699299399395,6.0,0.04316546762589928,21.0,75.0,6.0,32,3.4965075614664802,1
SP_inst67001.rcp,30.0,4.0,5.266666666666667,2.55516905289824,158.0,49.0,0.11264367816091954,0.8804597701149425,0.11954022988505753,81.0,0.5,0.3405349794238683,0.26945730452674893,2.0,0.03846153846153844,28.0,86.0,5.0,67,4.219507705176107,1
SP_inst68001.rcp,30.0,4.0,5.466666666666667,2.974708202309747,164.0,34.0,0.07816091954022988,0.6528735632183909,0.34712643678160915,100.0,0.5,0.23153846153846153,0.21547478566325318,8.0,0.05298013245033113,24.0,100.0,0.0,32,3.4965075614664802,1
SP_inst69001.rcp,30.0,4.0,5.366666666666666,3.049407957110509,161.0,35.0,0.08045977011494253,0.7517241379310344,0.24827586206896557,106.0,0.5,0.2444253859348199,0.18102248904135695,5.0,0.04629629629629629,26.0,113.0,7.0,32,3.4965075614664802,1
SP_inst70001.rcp,30.0,4.0,5.533333333333333,2.8836705005176224,166.0,36.0,0.08275862068965517,0.9356321839080459,0.06436781609195408,142.0,0.5,0.1646803900325027,0.1372976104490189,1.0,0.035714285714285685,24.0,142.0,0.0,32,3.4965075614664802,1
SP_inst7001.rcp,30.0,3.0,5.533333333333333,2.8836705005176224,166.0,36.0,0.08275862068965517,0.9356321839080459,0.06436781609195408,142.0,0.5,0.1608598962194218,0.1486001026401323,3.0,0.10714285714285705,23.0,143.0,1.0,32,3.4965075614664802,1
SP_inst71001.rcp,30.0,2.0,4.933333333333334,2.965730189271363,148.0,32.0,0.0735632183908046,0.9471264367816092,0.05287356321839076,126.0,0.5,0.13690476190476192,0.12961017740429506,0.0,0.0,18.0,126.0,0.0,32,3.4965075614664802,1
SP_inst72001.rcp,30.0,4.0,5.266666666666667,2.862788073811185,158.0,20.0,0.04597701149425287,0.05057471264367816,0.9494252873563218,26.0,0.5,0.8782051282051282,0.7830079642579644,21.0,0.05084745762711865,23.0,48.0,22.0,34946,10.461587907067887,0
SP_inst73001.rcp,30.0,4.0,4.333333333333333,3.123388473365994,130.0,64.0,0.1471264367816092,0.3310344827586207,0.6689655172413793,28.0,0.5,0.873015873015873,0.6204117063492064,13.0,0.044673539518900345,25.0,35.0,7.0,37384,10.529024833434017,0
SP_inst74001.rcp,30.0,4.0,5.8,2.7616420236277306,174.0,37.0,0.08505747126436781,0.2045977011494253,0.7954022988505747,44.0,0.5,0.5590909090909091,0.49805648896557986,8.0,0.023121387283236993,25.0,52.0,8.0,32,3.4965075614664802,1
SP_inst75001.rcp,30.0,4.0,5.266666666666667,2.3654926665613565,158.0,65.0,0.14942528735632185,0.6804597701149425,0.3195402298850575,69.0,0.5,0.34706331045003813,0.2978683120845592,9.0,0.06474820143884892,24.0,77.0,8.0,1305,7.174724309836376,1
SP_inst76001.rcp,30.0,3.0,5.266666666666667,2.55516905289824,158.0,49.0,0.11264367816091954,0.8804597701149425,0.11954022988505753,81.0,0.5,0.2716049382716049,0.24092162981051868,1.0,0.01923076923076922,22.0,84.0,3.0,50,3.9318256327243257,1
SP_inst77001.rcp,30.0,4.0,5.466666666666667,2.974708202309747,164.0,34.0,0.07816091954022988,0.6528735632183909,0.34712643678160915,100.0,0.5,0.2427777777777778,0.23450992063492063,7.0,0.04635761589403974,25.0,105.0,5.0,32,3.4965075614664802,1
SP_inst78001.rcp,30.0,4.0,5.366666666666666,3.049407957110509,161.0,35.0,0.08045977011494253,0.7517241379310344,0.24827586206896557,106.0,0.5,0.19392033542976939,0.18992057085841768,3.0,0.02777777777777777,21.0,106.0,0.0,32,3.4965075614664802,1
SP_inst79001.rcp,30.0,3.0,5.533333333333333,2.8836705005176224,166.0,36.0,0.08275862068965517,0.9356321839080459,0.06436781609195408,142.0,0.49999999999999994,0.18265845070422534,0.15762584767866458,1.0,0.035714285714285685,26.0,146.0,4.0,32,3.4965075614664802,1
SP_inst80001.rcp,30.0,1.0,4.933333333333334,2.965730189271363,148.0,32.0,0.0735632183908046,0.9471264367816092,0.05287356321839076,126.0,0.5,0.13151927437641722,0.13151927437641722,0.0,0.0,17.0,126.0,0.0,32,3.4965075614664802,1
SP_inst8001.rcp,30.0,2.0,4.933333333333334,2.965730189271363,148.0,32.0,0.0735632183908046,0.9471264367816092,0.05287356321839076,126.0,0.5,0.12003968253968254,0.10880602240896359,0.0,0.0,16.0,126.0,0.0,32,3.4965075614664802,1
SP_inst81001.rcp,30.0,4.0,5.266666666666667,2.862788073811185,158.0,20.0,0.04597701149425287,0.05057471264367816,0.9494252873563218,26.0,0.5,0.8964497041420119,0.6775400080688542,29.0,0.07021791767554479,24.0,39.0,13.0,29187,10.281512944885511,0
SP_inst82001.rcp,30.0,4.0,4.333333333333333,3.123388473365994,130.0,64.0,0.1471264367816092,0.3310344827586207,0.6689655172413793,28.0,0.5,0.7232142857142857,0.5720734126984127,20.0,0.06872852233676977,21.0,35.0,7.0,34843,10.458636234938783,0
SP_inst83001.rcp,30.0,4.0,5.8,2.7616420236277306,174.0,37.0,0.08505747126436781,0.2045977011494253,0.7954022988505747,44.0,0.5,0.5559440559440559,0.5123475072077046,13.0,0.03757225433526012,25.0,59.0,15.0,32,3.4965075614664802,1
SP_inst84001.rcp,30.0,4.0,5.266666666666667,2.3654926665613565,158.0,65.0,0.14942528735632185,0.6804597701149425,0.3195402298850575,69.0,0.5,0.3468599033816425,0.28472771190162494,2.0,0.014388489208633094,24.0,72.0,3.0,32,3.4965075614664802,1
SP_inst85001.rcp,30.0,4.0,5.266666666666667,2.55516905289824,158.0,49.0,0.11264367816091954,0.8804597701149425,0.11954022988505753,81.0,0.5,0.23996913580246915,0.2285744904957868,0.0,0.0,20.0,85.0,4.0,53,3.9889840465642745,1
SP_inst86001.rcp,30.0,4.0,5.466666666666667,2.974708202309747,164.0,34.0,0.07816091954022988,0.6528735632183909,0.34712643678160915,100.0,0.5,0.27157894736842103,0.21205382775119616,7.0,0.04635761589403974,28.0,103.0,3.0,32,3.4965075614664802,1
SP_inst87001.rcp,30.0,4.0,5.366666666666666,3.049407957110509,161.0,35.0,0.08045977011494253,0.7517241379310344,0.24827586206896557,106.0,0.5,0.24654088050314465,0.21285741343571823,3.0,0.02777777777777777,27.0,106.0,0.0,32,3.4965075614664802,1
SP_inst88001.rcp,30.0,4.0,5.533333333333333,2.8836705005176224,166.0,36.0,0.08275862068965517,0.9356321839080459,0.06436781609195408,142.0,0.5,0.16348088531187122,0.13261184755592376,0.0,0.0,24.0,142.0,0.0,32,3.4965075614664802,1
SP_inst89001.rcp,30.0,2.0,4.933333333333334,2.965730189271363,148.0,32.0,0.0735632183908046,0.9471264367816092,0.05287356321839076,126.0,0.5,0.15162907268170425,0.14704469507101087,0.0,0.0,20.0,126.0,0.0,32,3.4965075614664802,1
SP_inst90001.rcp,30.0,4.0,5.266666666666667,2.862788073811185,158.0,20.0,0.04597701149425287,0.05057471264367816,0.9494252873563218,26.0,0.5,1.7587412587412588,1.5625485625485627,167.0,0.4043583535108959,46.0,72.0,26.0,45196,10.718785991936208,0
SP_inst9001.rcp,30.0,4.0,5.266666666666667,2.862788073811185,158.0,20.0,0.04597701149425287,0.05057471264367816,0.9494252873563218,26.0,0.5,0.8489010989010989,0.7904329981759132,7.0,0.01694915254237288,23.0,33.0,7.0,32920,10.401866031000361,0
SP_inst91001.rcp,30.0,4.0,4.333333333333333,3.123388473365994,130.0,64.0,0.1471264367816092,0.3310344827586207,0.6689655172413793,28.0,0.5,1.4209183673469388,1.1707057823129252,115.0,0.3951890034364261,40.0,67.0,27.0,50958,10.838776666819598,0
SP_inst92001.rcp,30.0,4.0,5.8,2.7616420236277306,174.0,37.0,0.08505747126436781,0.2045977011494253,0.7954022988505747,44.0,0.5,1.2045454545454546,1.0527146464646466,159.0,0.4595375722543353,53.0,96.0,43.0,37293,10.526587734784039,0
SP_inst93001.rcp,30.0,4.0,5.266666666666667,2.3654926665613565,158.0,65.0,0.14942528735632185,0.6804597701149425,0.3195402298850575,69.0,0.5,0.6324110671936759,0.5622015496157373,66.0,0.4748201438848921,44.0,97.0,28.0,57113,10.95280454947936,0
SP_inst94001.rcp,30.0,4.0,5.266666666666667,2.55516905289824,158.0,49.0,0.11264367816091954,0.8804597701149425,0.11954022988505753,81.0,0.5,0.6018518518518519,0.49883156966490305,24.0,0.46153846153846134,49.0,131.0,50.0,1291,7.163946684342547,1
SP_inst95001.rcp,30.0,4.0,5.466666666666667,2.974708202309747,164.0,34.0,0.07816091954022988,0.6528735632183909,0.34712643678160915,100.0,0.5,0.456,0.4197720588235294,67.0,0.4437086092715233,46.0,133.0,33.0,8231,9.015784277513886,1
SP_inst96001.rcp,30.0,4.0,5.366666666666666,3.049407957110509,161.0,35.0,0.08045977011494253,0.7517241379310344,0.24827586206896557,106.0,0.5,0.4846698113207547,0.3630190991490936,55.0,0.5092592592592591,52.0,144.0,38.0,32,3.4965075614664802,1
SP_inst97001.rcp,30.0,4.0,5.533333333333333,2.8836705005176224,166.0,36.0,0.08275862068965517,0.9356321839080459,0.06436781609195408,142.0,0.5,0.3515258215962441,0.3054706443790951,9.0,0.3214285714285711,50.0,156.0,14.0,180,5.198497031265826,1
SP_inst98001.rcp,30.0,4.0,4.933333333333334,2.965730189271363,148.0,32.0,0.0735632183908046,0.9471264367816092,0.05287356321839076,126.0,0.5,0.3333333333333333,0.3025132275132275,14.0,0.6086956521739135,42.0,148.0,22.0,32,3.4965075614664802,1
SP_inst99001.rcp,30.0,4.0,5.266666666666667,2.862788073811185,158.0,20.0,0.04597701149425287,0.05057471264367816,0.9494252873563218,26.0,0.5,1.547337278106509,1.4762597531616197,174.0,0.4213075060532688,41.0,66.0,25.0,42778,10.663802606954118,0
TF_inst1.rcp,30.0,4.0,5.933333333333334,2.1898756940875788,178.0,78.0,0.1793103448275862,0.4827586206896552,0.5172413793103448,42.0,0.5,0.5938375350140056,0.5302403012487046,17.0,0.07555555555555557,25.0,50.0,8.0,13618,9.519221155568957,1
TF_inst100001.rcp,30.0,4.0,5.6,2.6280537792569367,168.0,49.0,0.11264367816091954,0.7701149425287356,0.22988505747126442,81.0,0.5,0.2740740740740741,0.23593358395989972,8.0,0.07999999999999997,23.0,95.0,14.0,126,4.844187086458591,1
TF_inst10001.rcp,30.0,4.0,5.6,2.6280537792569367,168.0,49.0,0.11264367816091954,0.7701149425287356,0.22988505747126442,81.0,0.5,0.28104575163398693,0.24350158510697725,7.0,0.06999999999999998,23.0,87.0,6.0,142,4.962844630259907,1
TF_inst1001.rcp,30.0,4.0,5.333333333333333,2.573367875415838,160.0,29.0,0.06666666666666667,0.7609195402298851,0.23908045977011494,137.0,0.5,0.1670244740231859,0.1436150260216383,1.0,0.009615384615384616,23.0,137.0,0.0,32,3.4965075614664802,1
TF_inst101001.rcp,30.0,4.0,5.166666666666667,3.088509169306267,155.0,51.0,0.11724137931034483,0.20689655172413793,0.7931034482758621,35.0,0.5,0.6207792207792208,0.5294098758384472,10.0,0.028985507246376812,22.0,41.0,6.0,13882,9.538420349034803,1
TF_inst102001.rcp,30.0,4.0,5.933333333333334,2.1898756940875788,178.0,78.0,0.1793103448275862,0.4827586206896552,0.5172413793103448,42.0,0.5,0.6642857142857143,0.5601095993953137,10.0,0.04444444444444445,28.0,56.0,14.0,11341,9.336267928573973,1
TF_inst103001.rcp,30.0,4.0,5.333333333333333,2.573367875415838,160.0,29.0,0.06666666666666667,0.7609195402298851,0.23908045977011494,137.0,0.5,0.18613138686131386,0.14755677210056772,5.0,0.04807692307692308,26.0,142.0,5.0,32,3.4965075614664802,1
TF_inst104001.rcp,30.0,4.0,5.966666666666667,2.5097587312108085,179.0,34.0,0.07816091954022988,0.9126436781609195,0.08735632183908049,146.0,0.5,0.1659056316590563,0.14504147030335587,1.0,0.026315789473684202,25.0,146.0,0.0,32,3.4965075614664802,1
TF_inst105001.rcp,30.0,4.0,5.8,2.83313724811677,174.0,28.0,0.06436781609195402,0.42758620689655175,0.5724137931034483,82.0,0.5,0.3814363143631436,0.3136459873121459,9.0,0.03614457831325301,32.0,92.0,10.0,32,3.4965075614664802,1
TF_inst106001.rcp,30.0,4.0,5.6,2.6280537792569367,168.0,49.0,0.11264367816091954,0.7701149425287356,0.22988505747126442,81.0,0.5,0.2892416225749559,0.24840351263962374,8.0,0.07999999999999997,24.0,87.0,6.0,102,4.634728988229636,1
TF_inst107001.rcp,30.0,4.0,5.166666666666667,3.088509169306267,155.0,51.0,0.11724137931034483,0.20689655172413793,0.7931034482758621,35.0,0.5,0.6519480519480519,0.5585963488266119,9.0,0.02608695652173913,23.0,44.0,9.0,10805,9.28785681440401,1
TF_inst108001.rcp,30.0,4.0,5.933333333333334,2.1898756940875788,178.0,78.0,0.1793103448275862,0.4827586206896552,0.5172413793103448,42.0,0.5,0.5732600732600732,0.5182213619713619,16.0,0.07111111111111112,25.0,53.0,11.0,5722,8.652248422409102,1
TF_inst109001.rcp,30.0,4.0,5.333333333333333,2.573367875415838,160.0,29.0,0.06666666666666667,0.7609195402298851,0.23908045977011494,137.0,0.5,0.15216170690623246,0.14809654305548467,5.0,0.04807692307692308,21.0,137.0,0.0,32,3.4965075614664802,1
TF_inst110001.rcp,30.0,4.0,5.966666666666667,2.5097587312108085,179.0,34.0,0.07816091954022988,0.9126436781609195,0.08735632183908049,146.0,0.5,0.15296803652968036,0.15044710806697106,3.0,0.0789473684210526,23.0,146.0,0.0,32,3.4965075614664802,1
TF_inst11001.rcp,30.0,4.0,5.166666666666667,3.088509169306267,155.0,51.0,0.11724137931034483,0.20689655172413793,0.7931034482758621,35.0,0.5,0.6441558441558441,0.5706439393939394,8.0,0.02318840579710145,23.0,47.0,12.0,31058,10.343643900434223,0
TF_inst111001.rcp,30.0,4.0,5.8,2.83313724811677,174.0,28.0,0.06436781609195402,0.42758620689655175,0.5724137931034483,82.0,0.5,0.2898686679174484,0.26380934355902264,10.0,0.04016064257028112,24.0,88.0,6.0,32,3.4965075614664802,1
TF_inst112001.rcp,30.0,4.0,5.6,2.6280537792569367,168.0,49.0,0.11264367816091954,0.7701149425287356,0.22988505747126442,81.0,0.5,0.3176206509539843,0.2565937149270483,2.0,0.019999999999999993,26.0,86.0,5.0,32,3.4965075614664802,1
TF_inst113001.rcp,30.0,4.0,5.166666666666667,3.088509169306267,155.0,51.0,0.11724137931034483,0.20689655172413793,0.7931034482758621,35.0,0.5,0.7015873015873015,0.554108560090703,16.0,0.0463768115942029,25.0,38.0,3.0,32,3.4965075614664802,1
TF_inst114001.rcp,30.0,4.0,5.933333333333334,2.1898756940875788,178.0,78.0,0.1793103448275862,0.4827586206896552,0.5172413793103448,42.0,0.5,0.5523809523809524,0.4952623034859877,10.0,0.04444444444444445,24.0,45.0,3.0,32,3.4965075614664802,1
TF_inst115001.rcp,30.0,4.0,5.333333333333333,2.573367875415838,160.0,29.0,0.06666666666666667,0.7609195402298851,0.23908045977011494,137.0,0.5,0.15328467153284672,0.13691064505989592,8.0,0.07692307692307693,21.0,141.0,4.0,32,3.4965075614664802,1
TF_inst116001.rcp,30.0,4.0,5.966666666666667,2.5097587312108085,179.0,34.0,0.07816091954022988,0.9126436781609195,0.08735632183908049,146.0,0.5,0.17559153175591533,0.15377531624827948,1.0,0.026315789473684202,26.0,146.0,0.0,32,3.4965075614664802,1
TF_inst117001.rcp,30.0,4.0,5.8,2.83313724811677,174.0,28.0,0.06436781609195402,0.42758620689655175,0.5724137931034483,82.0,0.5,0.31097560975609756,0.2649877023980324,7.0,0.028112449799196783,26.0,82.0,0.0,32,3.4965075614664802,1
TF_inst118001.rcp,30.0,4.0,5.6,2.6280537792569367,168.0,49.0,0.11264367816091954,0.7701149425287356,0.22988505747126442,81.0,0.5,0.28497942386831276,0.2512118675130371,7.0,0.06999999999999998,24.0,93.0,12.0,32,3.4965075614664802,1
TF_inst119001.rcp,30.0,4.0,5.166666666666667,3.088509169306267,155.0,51.0,0.11724137931034483,0.20689655172413793,0.7931034482758621,35.0,0.5,0.6,0.5248319327731092,24.0,0.06956521739130435,21.0,53.0,18.0,36120,10.494629692640487,0
TF_inst120001.rcp,30.0,4.0,5.933333333333334,2.1898756940875788,178.0,78.0,0.1793103448275862,0.4827586206896552,0.5172413793103448,42.0,0.5,1.1706349206349207,1.0666786916786917,92.0,0.4088888888888889,50.0,77.0,27.0,43631,10.68354610508537,0
TF_inst12001.rcp,30.0,4.0,5.933333333333334,2.1898756940875788,178.0,78.0,0.1793103448275862,0.4827586206896552,0.5172413793103448,42.0,0.5,0.5639097744360902,0.48943990551686267,2.0,0.00888888888888889,24.0,53.0,11.0,5326,8.580543506917,1
TF_inst121001.rcp,30.0,4.0,5.333333333333333,2.573367875415838,160.0,29.0,0.06666666666666667,0.7609195402298851,0.23908045977011494,137.0,0.5,0.35633709356337095,0.31292855562928557,34.0,0.3269230769230769,49.0,149.0,12.0,32,3.4965075614664802,1
TF_inst122001.rcp,30.0,4.0,5.966666666666667,2.5097587312108085,179.0,34.0,0.07816091954022988,0.9126436781609195,0.08735632183908049,146.0,0.5,0.3253424657534247,0.3073844178082192,15.0,0.394736842105263,48.0,157.0,11.0,44,3.8066624897703196,1
TF_inst123001.rcp,30.0,4.0,5.8,2.83313724811677,174.0,28.0,0.06436781609195402,0.42758620689655175,0.5724137931034483,82.0,0.5,0.5894308943089431,0.5300368669271108,111.0,0.4457831325301204,49.0,122.0,40.0,33275,10.412591695403778,0
TF_inst124001.rcp,30.0,4.0,5.6,2.6280537792569367,168.0,49.0,0.11264367816091954,0.7701149425287356,0.22988505747126442,81.0,0.5,0.6035665294924554,0.5433338230609186,40.0,0.3999999999999999,49.0,117.0,36.0,17163,9.750569446111415,1
TF_inst125001.rcp,30.0,4.0,5.166666666666667,3.088509169306267,155.0,51.0,0.11724137931034483,0.20689655172413793,0.7931034482758621,35.0,0.5,1.227142857142857,1.0320068027210885,154.0,0.4463768115942029,43.0,81.0,38.0,44014,10.692285763895006,0
TF_inst126001.rcp,30.0,4.0,5.933333333333334,2.1898756940875788,178.0,78.0,0.1793103448275862,0.4827586206896552,0.5172413793103448,42.0,0.5,1.1148459383753502,1.0317868814192344,100.0,0.4444444444444445,47.0,85.0,38.0,43367,10.677477120940175,0
TF_inst127001.rcp,30.0,4.0,5.333333333333333,2.573367875415838,160.0,29.0,0.06666666666666667,0.7609195402298851,0.23908045977011494,137.0,0.5,0.36496350364963503,0.27564942035208245,45.0,0.4326923076923077,50.0,141.0,4.0,32,3.4965075614664802,1
TF_inst128001.rcp,30.0,4.0,5.966666666666667,2.5097587312108085,179.0,34.0,0.07816091954022988,0.9126436781609195,0.08735632183908049,146.0,0.5,0.3805650684931507,0.32590442855224283,15.0,0.394736842105263,56.0,158.0,12.0,80,4.394449154672439,1
TF_inst129001.rcp,30.0,4.0,5.8,2.83313724811677,174.0,28.0,0.06436781609195402,0.42758620689655175,0.5724137931034483,82.0,0.5,0.6172607879924953,0.5546491110515501,99.0,0.3975903614457831,51.0,131.0,49.0,33299,10.413312675968536,0
TF_inst130001.rcp,30.0,4.0,5.6,2.6280537792569367,168.0,49.0,0.11264367816091954,0.7701149425287356,0.22988505747126442,81.0,0.5,0.5366255144032922,0.4879236262406197,40.0,0.3999999999999999,44.0,108.0,27.0,7529,8.92665032079394,1
TF_inst13001.rcp,30.0,4.0,5.333333333333333,2.573367875415838,160.0,29.0,0.06666666666666667,0.7609195402298851,0.23908045977011494,137.0,0.5,0.1710114702815433,0.14357240576422065,1.0,0.009615384615384616,24.0,138.0,1.0,32,3.4965075614664802,1
TF_inst131001.rcp,30.0,4.0,5.166666666666667,3.088509169306267,155.0,51.0,0.11724137931034483,0.20689655172413793,0.7931034482758621,35.0,0.5,1.4672268907563024,1.1010924369747899,154.0,0.4463768115942029,52.0,81.0,29.0,48130,10.781681739143439,0
TF_inst132001.rcp,30.0,4.0,5.933333333333334,2.1898756940875788,178.0,78.0,0.1793103448275862,0.4827586206896552,0.5172413793103448,42.0,0.5,1.1684981684981686,1.0505424926380809,99.0,0.44000000000000006,50.0,85.0,35.0,50453,10.828817309060954,0
TF_inst133001.rcp,30.0,4.0,5.333333333333333,2.573367875415838,160.0,29.0,0.06666666666666667,0.7609195402298851,0.23908045977011494,137.0,0.5,0.31667602470522177,0.28067716418403404,46.0,0.4423076923076923,44.0,152.0,15.0,32,3.4965075614664802,1
TF_inst134001.rcp,30.0,4.0,5.966666666666667,2.5097587312108085,179.0,34.0,0.07816091954022988,0.9126436781609195,0.08735632183908049,146.0,0.5,0.3519786910197869,0.3168435208246852,14.0,0.3684210526315788,52.0,166.0,20.0,32,3.4965075614664802,1
TF_inst135001.rcp,30.0,4.0,5.8,2.83313724811677,174.0,28.0,0.06436781609195402,0.42758620689655175,0.5724137931034483,82.0,0.5,0.6053215077605322,0.5611861461709022,114.0,0.4578313253012048,50.0,125.0,43.0,29513,10.292620006023395,0
TF_inst136001.rcp,30.0,4.0,5.6,2.6280537792569367,168.0,49.0,0.11264367816091954,0.7701149425287356,0.22988505747126442,81.0,0.5,0.6552706552706553,0.5017505994114182,48.0,0.47999999999999987,54.0,121.0,40.0,63065,11.05193707605141,0
TF_inst137001.rcp,30.0,4.0,5.166666666666667,3.088509169306267,155.0,51.0,0.11724137931034483,0.20689655172413793,0.7931034482758621,35.0,0.5,1.2461538461538462,1.154963786213786,157.0,0.45507246376811594,44.0,88.0,44.0,42721,10.66246928901762,0
TF_inst138001.rcp,30.0,4.0,5.933333333333334,2.1898756940875788,178.0,78.0,0.1793103448275862,0.4827586206896552,0.5172413793103448,42.0,0.5,1.2809523809523808,1.0578976578976578,91.0,0.4044444444444445,54.0,80.0,26.0,46408,10.745248684922709,0
TF_inst139001.rcp,30.0,4.0,5.333333333333333,2.573367875415838,160.0,29.0,0.06666666666666667,0.7609195402298851,0.23908045977011494,137.0,0.5,0.3183604716451432,0.28542953396967996,50.0,0.4807692307692308,44.0,151.0,14.0,32,3.4965075614664802,1
TF_inst140001.rcp,30.0,4.0,5.966666666666667,2.5097587312108085,179.0,34.0,0.07816091954022988,0.9126436781609195,0.08735632183908049,146.0,0.5,0.32378580323785805,0.2923291348797095,17.0,0.4473684210526314,48.0,152.0,6.0,99,4.605170185988092,1
TF_inst14001.rcp,30.0,4.0,5.966666666666667,2.5097587312108085,179.0,34.0,0.07816091954022988,0.9126436781609195,0.08735632183908049,146.0,0.5,0.16762797404470078,0.15783071020543982,2.0,0.052631578947368404,25.0,146.0,0.0,32,3.4965075614664802,1
TF_inst141001.rcp,30.0,4.0,5.8,2.83313724811677,174.0,28.0,0.06436781609195402,0.42758620689655175,0.5724137931034483,82.0,0.5,0.5460704607046071,0.5178534421898842,111.0,0.4457831325301204,45.0,107.0,25.0,27363,10.21698355988089,0
TF_inst142001.rcp,30.0,4.0,5.6,2.6280537792569367,168.0,49.0,0.11264367816091954,0.7701149425287356,0.22988505747126442,81.0,0.5,0.6378600823045267,0.5452937672794914,34.0,0.3399999999999999,52.0,127.0,46.0,18098,9.803611967108871,1
TF_inst143001.rcp,30.0,4.0,5.166666666666667,3.088509169306267,155.0,51.0,0.11724137931034483,0.20689655172413793,0.7931034482758621,35.0,0.5,1.2135338345864661,1.108686579895116,159.0,0.4608695652173913,43.0,74.0,31.0,35602,10.480185182952555,0
TF_inst144001.rcp,30.0,4.0,5.933333333333334,2.1898756940875788,178.0,78.0,0.1793103448275862,0.4827586206896552,0.5172413793103448,42.0,0.5,1.1088435374149659,1.0175878684807256,88.0,0.3911111111111112,47.0,92.0,45.0,43681,10.684691396916357,0
TF_inst145001.rcp,30.0,4.0,5.333333333333333,2.573367875415838,160.0,29.0,0.06666666666666667,0.7609195402298851,0.23908045977011494,137.0,0.5,0.335036496350365,0.3049748001390337,30.0,0.28846153846153844,46.0,149.0,12.0,32,3.4965075614664802,1
TF_inst146001.rcp,30.0,4.0,5.966666666666667,2.5097587312108085,179.0,34.0,0.07816091954022988,0.9126436781609195,0.08735632183908049,146.0,0.5,0.35495568090249796,0.3181432630730735,19.0,0.49999999999999983,52.0,173.0,27.0,32,3.4965075614664802,1
TF_inst147001.rcp,30.0,4.0,5.8,2.83313724811677,174.0,28.0,0.06436781609195402,0.42758620689655175,0.5724137931034483,82.0,0.5,0.5962772785622593,0.5378635568476428,109.0,0.4377510040160642,49.0,126.0,44.0,32238,10.38093217876979,0
TF_inst148001.rcp,30.0,4.0,5.6,2.6280537792569367,168.0,49.0,0.11264367816091954,0.7701149425287356,0.22988505747126442,81.0,0.5,0.5548696844993142,0.5326240803092654,30.0,0.29999999999999993,45.0,126.0,45.0,859,6.756932389247553,1
TF_inst149001.rcp,30.0,4.0,5.166666666666667,3.088509169306267,155.0,51.0,0.11724137931034483,0.20689655172413793,0.7931034482758621,35.0,0.5,1.281203007518797,1.1384640171858218,147.0,0.4260869565217391,45.0,77.0,32.0,49015,10.799902054405491,0
TF_inst150001.rcp,30.0,4.0,5.933333333333334,2.1898756940875788,178.0,78.0,0.1793103448275862,0.4827586206896552,0.5172413793103448,42.0,0.5,1.1326530612244898,1.078870534227677,86.0,0.3822222222222223,48.0,83.0,35.0,44130,10.694917762328629,0
TF_inst15001.rcp,30.0,4.0,5.8,2.83313724811677,174.0,28.0,0.06436781609195402,0.42758620689655175,0.5724137931034483,82.0,0.5,0.28424015009380865,0.24761364010401238,17.0,0.0682730923694779,24.0,94.0,12.0,32,3.4965075614664802,1
TF_inst151001.rcp,30.0,4.0,5.333333333333333,2.573367875415838,160.0,29.0,0.06666666666666667,0.7609195402298851,0.23908045977011494,137.0,0.5,0.34505640345056404,0.30107119158214046,34.0,0.3269230769230769,48.0,153.0,16.0,32,3.4965075614664802,1
TF_inst152001.rcp,30.0,4.0,5.966666666666667,2.5097587312108085,179.0,34.0,0.07816091954022988,0.9126436781609195,0.08735632183908049,146.0,0.5,0.33682514101531025,0.3000977547952611,16.0,0.42105263157894723,50.0,160.0,14.0,39,3.6888794541139363,1
TF_inst153001.rcp,30.0,4.0,5.8,2.83313724811677,174.0,28.0,0.06436781609195402,0.42758620689655175,0.5724137931034483,82.0,0.5,0.5635430038510911,0.5224409843472745,112.0,0.4497991967871485,47.0,131.0,49.0,36185,10.496427582679042,0
TF_inst154001.rcp,30.0,4.0,5.6,2.6280537792569367,168.0,49.0,0.11264367816091954,0.7701149425287356,0.22988505747126442,81.0,0.5,0.5555555555555556,0.4929667040778152,44.0,0.4399999999999999,45.0,101.0,20.0,12083,9.399637542506563,1
TF_inst155001.rcp,30.0,4.0,5.166666666666667,3.088509169306267,155.0,51.0,0.11724137931034483,0.20689655172413793,0.7931034482758621,35.0,0.5,1.2469387755102042,1.1315905528878218,145.0,0.42028985507246375,44.0,83.0,39.0,49493,10.809606729088786,0
TF_inst156001.rcp,30.0,4.0,5.933333333333334,2.1898756940875788,178.0,78.0,0.1793103448275862,0.4827586206896552,0.5172413793103448,42.0,0.5,1.120748299319728,1.0516629947433518,94.0,0.4177777777777778,48.0,87.0,39.0,52827,10.874796632163696,0
TF_inst157001.rcp,30.0,4.0,5.333333333333333,2.573367875415838,160.0,29.0,0.06666666666666667,0.7609195402298851,0.23908045977011494,137.0,0.5,0.31851360318513605,0.29449523256548804,41.0,0.3942307692307692,44.0,146.0,9.0,32,3.4965075614664802,1
TF_inst158001.rcp,30.0,4.0,5.966666666666667,2.5097587312108085,179.0,34.0,0.07816091954022988,0.9126436781609195,0.08735632183908049,146.0,0.5,0.3698630136986301,0.30860577778386,12.0,0.3157894736842104,54.0,160.0,14.0,32,3.4965075614664802,1
TF_inst159001.rcp,30.0,4.0,5.8,2.83313724811677,174.0,28.0,0.06436781609195402,0.42758620689655175,0.5724137931034483,82.0,0.5,0.6463414634146342,0.5330792682926829,105.0,0.4216867469879518,53.0,117.0,35.0,32175,10.378976112012433,0
TF_inst160001.rcp,30.0,4.0,5.6,2.6280537792569367,168.0,49.0,0.11264367816091954,0.7701149425287356,0.22988505747126442,81.0,0.5,0.620713305898491,0.5152932176352656,47.0,0.46999999999999986,51.0,130.0,49.0,62998,11.050874132231819,0
TF_inst16001.rcp,30.0,4.0,5.6,2.6280537792569367,168.0,49.0,0.11264367816091954,0.7701149425287356,0.22988505747126442,81.0,0.5,0.3602693602693603,0.2823104410114214,2.0,0.019999999999999993,30.0,90.0,9.0,32,3.4965075614664802,1
TF_inst161001.rcp,30.0,4.0,5.166666666666667,3.088509169306267,155.0,51.0,0.11724137931034483,0.20689655172413793,0.7931034482758621,35.0,0.5,1.2942857142857143,1.0854411764705882,143.0,0.4144927536231884,46.0,91.0,45.0,53813,10.893288935346058,0
TF_inst162001.rcp,30.0,4.0,5.933333333333334,2.1898756940875788,178.0,78.0,0.1793103448275862,0.4827586206896552,0.5172413793103448,42.0,0.5,1.132936507936508,1.0442559998481051,96.0,0.4266666666666667,48.0,85.0,37.0,48409,10.78746168293374,0
TF_inst163001.rcp,30.0,4.0,5.333333333333333,2.573367875415838,160.0,29.0,0.06666666666666667,0.7609195402298851,0.23908045977011494,137.0,0.5,0.31690997566909973,0.2960355609942625,46.0,0.4423076923076923,44.0,153.0,16.0,32,3.4965075614664802,1
TF_inst164001.rcp,30.0,4.0,5.966666666666667,2.5097587312108085,179.0,34.0,0.07816091954022988,0.9126436781609195,0.08735632183908049,146.0,0.5,0.330378726833199,0.3091077876092481,14.0,0.3684210526315788,49.0,151.0,5.0,32,3.4965075614664802,1
TF_inst165001.rcp,30.0,4.0,5.8,2.83313724811677,174.0,28.0,0.06436781609195402,0.42758620689655175,0.5724137931034483,82.0,0.5,0.6371951219512195,0.5376094434021264,108.0,0.4337349397590361,53.0,113.0,31.0,31957,10.372177819699333,0
TF_inst166001.rcp,30.0,4.0,5.6,2.6280537792569367,168.0,49.0,0.11264367816091954,0.7701149425287356,0.22988505747126442,81.0,0.5,0.6240740740740741,0.5503881406659185,40.0,0.3999999999999999,51.0,128.0,47.0,3599,8.1886891244442,1
TF_inst167001.rcp,30.0,4.0,5.166666666666667,3.088509169306267,155.0,51.0,0.11724137931034483,0.20689655172413793,0.7931034482758621,35.0,0.5,1.2857142857142858,1.03703007518797,137.0,0.39710144927536234,45.0,72.0,27.0,49007,10.799738829072556,0
TF_inst168001.rcp,30.0,4.0,5.933333333333334,2.1898756940875788,178.0,78.0,0.1793103448275862,0.4827586206896552,0.5172413793103448,42.0,0.5,1.0915750915750915,1.0656008343508343,86.0,0.3822222222222223,46.0,97.0,51.0,48316,10.78553874458856,0
TF_inst169001.rcp,30.0,4.0,5.333333333333333,2.573367875415838,160.0,29.0,0.06666666666666667,0.7609195402298851,0.23908045977011494,137.0,0.5,0.3486805165637282,0.29418553871108616,42.0,0.40384615384615385,48.0,146.0,9.0,32,3.4965075614664802,1
TF_inst170001.rcp,30.0,4.0,5.966666666666667,2.5097587312108085,179.0,34.0,0.07816091954022988,0.9126436781609195,0.08735632183908049,146.0,0.5,0.3671993911719939,0.3080082147014057,16.0,0.42105263157894723,54.0,160.0,14.0,84,4.442651256490317,1
TF_inst17001.rcp,30.0,4.0,5.166666666666667,3.088509169306267,155.0,51.0,0.11724137931034483,0.20689655172413793,0.7931034482758621,35.0,0.5,0.6547619047619048,0.5075370718462824,4.0,0.011594202898550725,23.0,42.0,7.0,34277,10.442259027952517,0
TF_inst171001.rcp,30.0,4.0,5.8,2.83313724811677,174.0,28.0,0.06436781609195402,0.42758620689655175,0.5724137931034483,82.0,0.5,0.6388367729831145,0.5273966802168022,111.0,0.4457831325301204,53.0,114.0,32.0,33608,10.422549167226833,0
TF_inst172001.rcp,30.0,4.0,5.6,2.6280537792569367,168.0,49.0,0.11264367816091954,0.7701149425287356,0.22988505747126442,81.0,0.5,0.5688509021842355,0.5177702955480733,43.0,0.4299999999999999,47.0,124.0,43.0,4636,8.441822884391462,1
TF_inst173001.rcp,30.0,4.0,5.166666666666667,3.088509169306267,155.0,51.0,0.11724137931034483,0.20689655172413793,0.7931034482758621,35.0,0.5,1.2017857142857142,1.0531461926876013,144.0,0.41739130434782606,43.0,66.0,23.0,47682,10.772330219222972,0
TF_inst174001.rcp,30.0,4.0,5.933333333333334,2.1898756940875788,178.0,78.0,0.1793103448275862,0.4827586206896552,0.5172413793103448,42.0,0.5,1.1646825396825398,1.0748223007151578,105.0,0.46666666666666673,49.0,91.0,42.0,51232,10.84413913465654,0
TF_inst175001.rcp,30.0,4.0,5.333333333333333,2.573367875415838,160.0,29.0,0.06666666666666667,0.7609195402298851,0.23908045977011494,137.0,0.5,0.32638164754953075,0.3002459827277345,52.0,0.5,45.0,153.0,16.0,32,3.4965075614664802,1
TF_inst176001.rcp,30.0,4.0,5.966666666666667,2.5097587312108085,179.0,34.0,0.07816091954022988,0.9126436781609195,0.08735632183908049,146.0,0.5,0.32968036529680367,0.3088079788512377,21.0,0.5526315789473683,49.0,172.0,26.0,32,3.4965075614664802,1
TF_inst177001.rcp,30.0,4.0,5.8,2.83313724811677,174.0,28.0,0.06436781609195402,0.42758620689655175,0.5724137931034483,82.0,0.5,0.5955284552845529,0.5626088850174217,114.0,0.4578313253012048,49.0,127.0,45.0,34935,10.461273095165398,0
TF_inst178001.rcp,30.0,4.0,5.6,2.6280537792569367,168.0,49.0,0.11264367816091954,0.7701149425287356,0.22988505747126442,81.0,0.5,0.6059670781893004,0.5318858375058926,42.0,0.4199999999999999,50.0,112.0,31.0,11623,9.36082720525012,1
TF_inst179001.rcp,30.0,4.0,5.166666666666667,3.088509169306267,155.0,51.0,0.11724137931034483,0.20689655172413793,0.7931034482758621,35.0,0.5,1.2554621848739496,1.0538515406162465,147.0,0.4260869565217391,44.0,82.0,38.0,49318,10.806064681322521,0
TF_inst180001.rcp,30.0,4.0,5.933333333333334,2.1898756940875788,178.0,78.0,0.1793103448275862,0.4827586206896552,0.5172413793103448,42.0,0.5,1.1571428571428573,1.049937343358396,104.0,0.46222222222222226,49.0,97.0,48.0,42856,10.665624271244136,0
TF_inst18001.rcp,30.0,4.0,5.933333333333334,2.1898756940875788,178.0,78.0,0.1793103448275862,0.4827586206896552,0.5172413793103448,42.0,0.5,0.5714285714285714,0.5668608352431881,6.0,0.02666666666666667,24.0,62.0,20.0,23892,10.08134080799053,1
TF_inst181001.rcp,30.0,4.0,5.333333333333333,2.573367875415838,160.0,29.0,0.06666666666666667,0.7609195402298851,0.23908045977011494,137.0,0.5,0.3277372262773723,0.29754770137021386,22.0,0.21153846153846154,45.0,149.0,12.0,32,3.4965075614664802,1
TF_inst182001.rcp,30.0,4.0,5.966666666666667,2.5097587312108085,179.0,34.0,0.07816091954022988,0.9126436781609195,0.08735632183908049,146.0,0.5,0.3430365296803653,0.2950006715014773,14.0,0.3684210526315788,51.0,162.0,16.0,175,5.170483995038151,1
TF_inst183001.rcp,30.0,4.0,5.8,2.83313724811677,174.0,28.0,0.06436781609195402,0.42758620689655175,0.5724137931034483,82.0,0.5,0.667144906743185,0.53332355114995,114.0,0.4578313253012048,55.0,125.0,43.0,31147,10.346505316696877,0
TF_inst184001.rcp,30.0,4.0,5.6,2.6280537792569367,168.0,49.0,0.11264367816091954,0.7701149425287356,0.22988505747126442,81.0,0.5,0.5820987654320988,0.5294278252611586,43.0,0.4299999999999999,48.0,132.0,51.0,4030,8.301769763117166,1
TF_inst185001.rcp,30.0,4.0,5.166666666666667,3.088509169306267,155.0,51.0,0.11724137931034483,0.20689655172413793,0.7931034482758621,35.0,0.5,1.2619047619047619,1.1297222222222223,151.0,0.43768115942028984,45.0,79.0,34.0,42130,10.648539090746434,0
TF_inst186001.rcp,30.0,4.0,5.933333333333334,2.1898756940875788,178.0,78.0,0.1793103448275862,0.4827586206896552,0.5172413793103448,42.0,0.5,1.1636904761904763,1.0470635369532428,98.0,0.4355555555555556,49.0,83.0,34.0,46805,10.753766678816367,0
TF_inst187001.rcp,30.0,4.0,5.333333333333333,2.573367875415838,160.0,29.0,0.06666666666666667,0.7609195402298851,0.23908045977011494,137.0,0.5,0.33166058394160586,0.28880575601942066,48.0,0.46153846153846156,46.0,147.0,10.0,756,6.6293632534374485,1
TF_inst188001.rcp,30.0,4.0,5.966666666666667,2.5097587312108085,179.0,34.0,0.07816091954022988,0.9126436781609195,0.08735632183908049,146.0,0.5,0.33997509339975096,0.3236660230717443,16.0,0.42105263157894723,50.0,156.0,10.0,64,4.174387269895637,1
TF_inst189001.rcp,30.0,4.0,5.8,2.83313724811677,174.0,28.0,0.06436781609195402,0.42758620689655175,0.5724137931034483,82.0,0.5,0.65,0.5593696512623021,105.0,0.4216867469879518,54.0,115.0,33.0,35850,10.487126739641525,0
TF_inst190001.rcp,30.0,4.0,5.6,2.6280537792569367,168.0,49.0,0.11264367816091954,0.7701149425287356,0.22988505747126442,81.0,0.5,0.574635241301908,0.5143410601743935,48.0,0.47999999999999987,47.0,125.0,44.0,60833,11.015904122180634,0
TF_inst19001.rcp,30.0,4.0,5.333333333333333,2.573367875415838,160.0,29.0,0.06666666666666667,0.7609195402298851,0.23908045977011494,137.0,0.5,0.15070845856590812,0.14452571008496298,2.0,0.019230769230769232,21.0,137.0,0.0,32,3.4965075614664802,1
TF_inst191001.rcp,30.0,4.0,5.166666666666667,3.088509169306267,155.0,51.0,0.11724137931034483,0.20689655172413793,0.7931034482758621,35.0,0.5,1.4107142857142858,1.0697783060592658,145.0,0.42028985507246375,50.0,85.0,35.0,50180,10.823391747980118,0
TF_inst192001.rcp,30.0,4.0,5.933333333333334,2.1898756940875788,178.0,78.0,0.1793103448275862,0.4827586206896552,0.5172413793103448,42.0,0.5,1.1246498599439776,1.0261542116846738,90.0,0.4000000000000001,48.0,85.0,37.0,49289,10.805476499699424,0
TF_inst193001.rcp,30.0,4.0,5.333333333333333,2.573367875415838,160.0,29.0,0.06666666666666667,0.7609195402298851,0.23908045977011494,137.0,0.5,0.35714285714285715,0.29794554683187147,33.0,0.3173076923076923,49.0,149.0,12.0,32,3.4965075614664802,1
TF_inst194001.rcp,30.0,4.0,5.966666666666667,2.5097587312108085,179.0,34.0,0.07816091954022988,0.9126436781609195,0.08735632183908049,146.0,0.5,0.36019339242546333,0.32033382206523564,11.0,0.2894736842105262,53.0,160.0,14.0,32,3.4965075614664802,1
TF_inst195001.rcp,30.0,4.0,5.8,2.83313724811677,174.0,28.0,0.06436781609195402,0.42758620689655175,0.5724137931034483,82.0,0.5,0.5902439024390244,0.522211734501246,101.0,0.4056224899598393,49.0,121.0,39.0,33773,10.427446554692082,0
TF_inst196001.rcp,30.0,4.0,5.6,2.6280537792569367,168.0,49.0,0.11264367816091954,0.7701149425287356,0.22988505747126442,81.0,0.5,0.567283950617284,0.5212767198147314,57.0,0.5699999999999998,46.0,137.0,56.0,63361,11.056619591646689,0
TF_inst197001.rcp,30.0,4.0,5.166666666666667,3.088509169306267,155.0,51.0,0.11724137931034483,0.20689655172413793,0.7931034482758621,35.0,0.5,1.3333333333333333,1.1350052521008402,132.0,0.3826086956521739,47.0,76.0,29.0,52498,10.868549400779258,0
TF_inst198001.rcp,30.0,4.0,5.933333333333334,2.1898756940875788,178.0,78.0,0.1793103448275862,0.4827586206896552,0.5172413793103448,42.0,0.5,1.1555555555555554,1.0762896825396826,102.0,0.45333333333333337,49.0,98.0,49.0,45930,10.734895549344964,0
TF_inst199001.rcp,30.0,4.0,5.333333333333333,2.573367875415838,160.0,29.0,0.06666666666666667,0.7609195402298851,0.23908045977011494,137.0,0.5,0.30008110300081103,0.2862124898621249,49.0,0.47115384615384615,42.0,154.0,17.0,32,3.4965075614664802,1
TF_inst200001.rcp,30.0,4.0,5.966666666666667,2.5097587312108085,179.0,34.0,0.07816091954022988,0.9126436781609195,0.08735632183908049,146.0,0.5,0.3845890410958904,0.3166066835058576,12.0,0.3157894736842104,57.0,166.0,20.0,32,3.4965075614664802,1
TF_inst20001.rcp,30.0,4.0,5.966666666666667,2.5097587312108085,179.0,34.0,0.07816091954022988,0.9126436781609195,0.08735632183908049,146.0,0.5,0.17544783983140147,0.1439490784389847,1.0,0.026315789473684202,26.0,151.0,5.0,32,3.4965075614664802,1
TF_inst2001.rcp,30.0,4.0,5.966666666666667,2.5097587312108085,179.0,34.0,0.07816091954022988,0.9126436781609195,0.08735632183908049,146.0,0.5,0.17650158061116966,0.15707472052100746,3.0,0.0789473684210526,26.0,146.0,0.0,32,3.4965075614664802,1
TF_inst201001.rcp,30.0,4.0,5.8,2.83313724811677,174.0,28.0,0.06436781609195402,0.42758620689655175,0.5724137931034483,82.0,0.5,0.6272865853658537,0.5136767830746489,100.0,0.4016064257028112,52.0,118.0,36.0,36140,10.495183233934963,0
TF_inst202001.rcp,30.0,4.0,5.6,2.6280537792569367,168.0,49.0,0.11264367816091954,0.7701149425287356,0.22988505747126442,81.0,0.5,0.5845679012345679,0.5052963754352644,42.0,0.4199999999999999,48.0,135.0,54.0,20542,9.930275529292512,1
TF_inst203001.rcp,30.0,4.0,5.166666666666667,3.088509169306267,155.0,51.0,0.11724137931034483,0.20689655172413793,0.7931034482758621,35.0,0.5,1.3912087912087912,1.1141570730856445,152.0,0.4405797101449275,49.0,80.0,31.0,48713,10.7937217420905,0
TF_inst204001.rcp,30.0,4.0,5.933333333333334,2.1898756940875788,178.0,78.0,0.1793103448275862,0.4827586206896552,0.5172413793103448,42.0,0.5,1.1413690476190477,1.0974338161838162,92.0,0.4088888888888889,48.0,85.0,37.0,45998,10.736374936104498,0
TF_inst205001.rcp,30.0,4.0,5.333333333333333,2.573367875415838,160.0,29.0,0.06666666666666667,0.7609195402298851,0.23908045977011494,137.0,0.5,0.33908427339084274,0.30918853044765454,48.0,0.46153846153846156,47.0,138.0,1.0,710,6.566672429803241,1
TF_inst206001.rcp,30.0,4.0,5.966666666666667,2.5097587312108085,179.0,34.0,0.07816091954022988,0.9126436781609195,0.08735632183908049,146.0,0.5,0.3582718651211802,0.31993831540965645,17.0,0.4473684210526314,53.0,164.0,18.0,32,3.4965075614664802,1
TF_inst207001.rcp,30.0,4.0,5.8,2.83313724811677,174.0,28.0,0.06436781609195402,0.42758620689655175,0.5724137931034483,82.0,0.5,0.5472560975609756,0.4905862216516902,108.0,0.4337349397590361,45.0,106.0,24.0,29965,10.30781868460309,0
TF_inst208001.rcp,30.0,4.0,5.6,2.6280537792569367,168.0,49.0,0.11264367816091954,0.7701149425287356,0.22988505747126442,81.0,0.5,0.5953360768175583,0.5296761708798745,44.0,0.4399999999999999,49.0,112.0,31.0,31999,10.373491181781864,1
TF_inst209001.rcp,30.0,4.0,5.166666666666667,3.088509169306267,155.0,51.0,0.11724137931034483,0.20689655172413793,0.7931034482758621,35.0,0.5,1.0982142857142858,1.0538993718270033,149.0,0.4318840579710145,39.0,71.0,32.0,40138,10.600103709234817,0
TF_inst210001.rcp,30.0,4.0,5.933333333333334,2.1898756940875788,178.0,78.0,0.1793103448275862,0.4827586206896552,0.5172413793103448,42.0,0.5,1.158008658008658,1.0809603343085485,95.0,0.4222222222222223,49.0,94.0,45.0,48686,10.793167332983991,0
TF_inst21001.rcp,30.0,4.0,5.8,2.83313724811677,174.0,28.0,0.06436781609195402,0.42758620689655175,0.5724137931034483,82.0,0.5,0.275797373358349,0.25503727658734077,7.0,0.028112449799196783,23.0,82.0,0.0,32,3.4965075614664802,1
TF_inst211001.rcp,30.0,4.0,5.333333333333333,2.573367875415838,160.0,29.0,0.06666666666666667,0.7609195402298851,0.23908045977011494,137.0,0.5,0.32116788321167883,0.29214706370272064,34.0,0.3269230769230769,44.0,137.0,0.0,32,3.4965075614664802,1
TF_inst212001.rcp,30.0,4.0,5.966666666666667,2.5097587312108085,179.0,34.0,0.07816091954022988,0.9126436781609195,0.08735632183908049,146.0,0.5,0.34004834810636586,0.30578666398066073,15.0,0.394736842105263,50.0,168.0,22.0,32,3.4965075614664802,1
TF_inst213001.rcp,30.0,4.0,5.8,2.83313724811677,174.0,28.0,0.06436781609195402,0.42758620689655175,0.5724137931034483,82.0,0.5,0.6185636856368564,0.5283519149529731,104.0,0.41767068273092367,51.0,120.0,38.0,30759,10.333970423619581,0
TF_inst214001.rcp,30.0,4.0,5.6,2.6280537792569367,168.0,49.0,0.11264367816091954,0.7701149425287356,0.22988505747126442,81.0,0.5,0.5318930041152263,0.49304386457164234,48.0,0.47999999999999987,44.0,119.0,38.0,22177,10.006856085513162,1
TF_inst215001.rcp,30.0,4.0,5.166666666666667,3.088509169306267,155.0,51.0,0.11724137931034483,0.20689655172413793,0.7931034482758621,35.0,0.5,1.3761904761904762,1.16671679197995,153.0,0.4434782608695652,49.0,88.0,39.0,41594,10.635735246717989,0
TF_inst216001.rcp,30.0,4.0,5.933333333333334,2.1898756940875788,178.0,78.0,0.1793103448275862,0.4827586206896552,0.5172413793103448,42.0,0.5,1.1646825396825398,1.1023594461094461,103.0,0.45777777777777784,49.0,97.0,48.0,44945,10.713217048175938,0
TF_inst217001.rcp,30.0,4.0,5.333333333333333,2.573367875415838,160.0,29.0,0.06666666666666667,0.7609195402298851,0.23908045977011494,137.0,0.5,0.2944038929440389,0.26524084188317765,57.0,0.5480769230769231,41.0,146.0,9.0,32,3.4965075614664802,1
TF_inst218001.rcp,30.0,4.0,5.966666666666667,2.5097587312108085,179.0,34.0,0.07816091954022988,0.9126436781609195,0.08735632183908049,146.0,0.5,0.3208904109589041,0.3148282914764079,17.0,0.4473684210526314,47.0,160.0,14.0,32,3.4965075614664802,1
TF_inst219001.rcp,30.0,4.0,5.8,2.83313724811677,174.0,28.0,0.06436781609195402,0.42758620689655175,0.5724137931034483,82.0,0.5,0.5962772785622593,0.5109916559691913,91.0,0.36546184738955817,49.0,112.0,30.0,6386,8.76201995356159,1
TF_inst220001.rcp,30.0,4.0,5.6,2.6280537792569367,168.0,49.0,0.11264367816091954,0.7701149425287356,0.22988505747126442,81.0,0.5,0.5881032547699214,0.5262258317813873,49.0,0.4899999999999999,48.0,122.0,41.0,7497,8.922391597295857,1
TF_inst22001.rcp,30.0,4.0,5.6,2.6280537792569367,168.0,49.0,0.11264367816091954,0.7701149425287356,0.22988505747126442,81.0,0.5,0.31319038336582194,0.27360366580030326,1.0,0.009999999999999997,26.0,93.0,12.0,32,3.4965075614664802,1
TF_inst221001.rcp,30.0,4.0,5.166666666666667,3.088509169306267,155.0,51.0,0.11724137931034483,0.20689655172413793,0.7931034482758621,35.0,0.5,1.346938775510204,1.076030850936866,141.0,0.40869565217391307,48.0,82.0,34.0,49496,10.809667340659555,0
TF_inst222001.rcp,30.0,4.0,5.933333333333334,2.1898756940875788,178.0,78.0,0.1793103448275862,0.4827586206896552,0.5172413793103448,42.0,0.5,1.161904761904762,1.0266769688644688,95.0,0.4222222222222223,49.0,93.0,44.0,44068,10.69351186640545,0
TF_inst223001.rcp,30.0,4.0,5.333333333333333,2.573367875415838,160.0,29.0,0.06666666666666667,0.7609195402298851,0.23908045977011494,137.0,0.5,0.3309002433090024,0.3030208918210743,37.0,0.3557692307692308,46.0,139.0,2.0,32,3.4965075614664802,1
TF_inst224001.rcp,30.0,4.0,5.966666666666667,2.5097587312108085,179.0,34.0,0.07816091954022988,0.9126436781609195,0.08735632183908049,146.0,0.5,0.3527397260273973,0.3120119336323374,14.0,0.3684210526315788,52.0,161.0,15.0,32,3.4965075614664802,1
TF_inst225001.rcp,30.0,4.0,5.8,2.83313724811677,174.0,28.0,0.06436781609195402,0.42758620689655175,0.5724137931034483,82.0,0.5,0.5747967479674797,0.5420564559264014,99.0,0.3975903614457831,48.0,130.0,48.0,31202,10.348269523021242,0
TF_inst226001.rcp,30.0,4.0,5.6,2.6280537792569367,168.0,49.0,0.11264367816091954,0.7701149425287356,0.22988505747126442,81.0,0.5,0.5608465608465608,0.5071394654727989,44.0,0.4399999999999999,46.0,128.0,47.0,10238,9.233959237574817,1
TF_inst227001.rcp,30.0,4.0,5.166666666666667,3.088509169306267,155.0,51.0,0.11724137931034483,0.20689655172413793,0.7931034482758621,35.0,0.5,1.2466165413533834,1.075451649958229,151.0,0.43768115942028984,44.0,89.0,45.0,52347,10.86566901117537,0
TF_inst228001.rcp,30.0,4.0,5.933333333333334,2.1898756940875788,178.0,78.0,0.1793103448275862,0.4827586206896552,0.5172413793103448,42.0,0.5,1.1398809523809523,1.0094786818236066,100.0,0.4444444444444445,48.0,86.0,38.0,45133,10.717391121731856,0
TF_inst229001.rcp,30.0,4.0,5.333333333333333,2.573367875415838,160.0,29.0,0.06666666666666667,0.7609195402298851,0.23908045977011494,137.0,0.5,0.3188868613138686,0.28575687622340523,38.0,0.36538461538461536,44.0,148.0,11.0,32,3.4965075614664802,1
TF_inst230001.rcp,30.0,4.0,5.966666666666667,2.5097587312108085,179.0,34.0,0.07816091954022988,0.9126436781609195,0.08735632183908049,146.0,0.5,0.3240582191780822,0.3064711757990868,12.0,0.3157894736842104,48.0,151.0,5.0,32,3.4965075614664802,1
TF_inst23001.rcp,30.0,4.0,5.166666666666667,3.088509169306267,155.0,51.0,0.11724137931034483,0.20689655172413793,0.7931034482758621,35.0,0.5,0.6228571428571429,0.5407248891459417,13.0,0.03768115942028986,22.0,47.0,12.0,27527,10.222958947477316,0
TF_inst231001.rcp,30.0,4.0,5.8,2.83313724811677,174.0,28.0,0.06436781609195402,0.42758620689655175,0.5724137931034483,82.0,0.5,0.5762195121951219,0.5375381097560976,97.0,0.38955823293172687,48.0,129.0,47.0,29888,10.305245798712965,0
TF_inst232001.rcp,30.0,4.0,5.6,2.6280537792569367,168.0,49.0,0.11264367816091954,0.7701149425287356,0.22988505747126442,81.0,0.5,0.6425925925925926,0.4836234401292881,38.0,0.3799999999999999,53.0,116.0,35.0,3248,8.0861025356691,1
TF_inst233001.rcp,30.0,4.0,5.166666666666667,3.088509169306267,155.0,51.0,0.11724137931034483,0.20689655172413793,0.7931034482758621,35.0,0.5,1.4061224489795918,1.038358343337335,146.0,0.42318840579710143,50.0,89.0,39.0,40118,10.599605316540906,0
TF_inst234001.rcp,30.0,4.0,5.933333333333334,2.1898756940875788,178.0,78.0,0.1793103448275862,0.4827586206896552,0.5172413793103448,42.0,0.5,1.2301587301587302,1.0621279761904763,91.0,0.4044444444444445,52.0,89.0,37.0,52752,10.873375921759074,0
TF_inst235001.rcp,30.0,4.0,5.333333333333333,2.573367875415838,160.0,29.0,0.06666666666666667,0.7609195402298851,0.23908045977011494,137.0,0.5,0.3248175182481752,0.2990039537712895,37.0,0.3557692307692308,45.0,137.0,0.0,32,3.4965075614664802,1
TF_inst236001.rcp,30.0,4.0,5.966666666666667,2.5097587312108085,179.0,34.0,0.07816091954022988,0.9126436781609195,0.08735632183908049,146.0,0.5,0.3642590286425903,0.31680676629306764,16.0,0.42105263157894723,54.0,165.0,19.0,32,3.4965075614664802,1
TF_inst237001.rcp,30.0,4.0,5.8,2.83313724811677,174.0,28.0,0.06436781609195402,0.42758620689655175,0.5724137931034483,82.0,0.5,0.5650406504065041,0.5282816734417344,107.0,0.429718875502008,47.0,125.0,43.0,29982,10.30838583336139,0
TF_inst238001.rcp,30.0,4.0,5.6,2.6280537792569367,168.0,49.0,0.11264367816091954,0.7701149425287356,0.22988505747126442,81.0,0.5,0.5394112060778727,0.49244102947806645,39.0,0.3899999999999999,44.0,106.0,25.0,26718,10.193130201800543,1
TF_inst239001.rcp,30.0,4.0,5.166666666666667,3.088509169306267,155.0,51.0,0.11724137931034483,0.20689655172413793,0.7931034482758621,35.0,0.5,1.2747252747252746,1.166047841047841,140.0,0.4057971014492754,45.0,89.0,44.0,47005,10.758030532118873,0
TF_inst240001.rcp,30.0,4.0,5.933333333333334,2.1898756940875788,178.0,78.0,0.1793103448275862,0.4827586206896552,0.5172413793103448,42.0,0.5,1.7543859649122806,1.5716322055137844,172.0,0.7644444444444446,74.0,124.0,50.0,54629,10.908338461389762,0
TF_inst24001.rcp,30.0,4.0,5.933333333333334,2.1898756940875788,178.0,78.0,0.1793103448275862,0.4827586206896552,0.5172413793103448,42.0,0.5,0.5544217687074829,0.5395644368858654,7.0,0.031111111111111114,24.0,48.0,6.0,42128,10.64849161863629,0
TF_inst241001.rcp,30.0,4.0,5.333333333333333,2.573367875415838,160.0,29.0,0.06666666666666667,0.7609195402298851,0.23908045977011494,137.0,0.5,0.5097323600973236,0.42882891535407863,81.0,0.7788461538461539,70.0,158.0,21.0,7713,8.950792138768174,1
TF_inst242001.rcp,30.0,4.0,5.966666666666667,2.5097587312108085,179.0,34.0,0.07816091954022988,0.9126436781609195,0.08735632183908049,146.0,0.5,0.5445205479452054,0.4685216894977169,28.0,0.7368421052631576,80.0,173.0,27.0,2712,7.905810312658931,1
TF_inst243001.rcp,30.0,4.0,5.8,2.83313724811677,174.0,28.0,0.06436781609195402,0.42758620689655175,0.5724137931034483,82.0,0.5,0.8808630393996247,0.8035152178444861,188.0,0.7550200803212851,73.0,164.0,82.0,30876,10.337766849160253,0
TF_inst244001.rcp,30.0,4.0,5.6,2.6280537792569367,168.0,49.0,0.11264367816091954,0.7701149425287356,0.22988505747126442,81.0,0.5,0.8395061728395061,0.7796092796092796,75.0,0.7499999999999998,68.0,131.0,50.0,63540,11.059440645817386,0
TF_inst245001.rcp,30.0,4.0,5.166666666666667,3.088509169306267,155.0,51.0,0.11724137931034483,0.20689655172413793,0.7931034482758621,35.0,0.5,1.9301587301587302,1.6103354162177692,252.0,0.7304347826086957,68.0,106.0,38.0,59560,10.994756276448804,0
TF_inst246001.rcp,30.0,4.0,5.933333333333334,2.1898756940875788,178.0,78.0,0.1793103448275862,0.4827586206896552,0.5172413793103448,42.0,0.5,1.7190476190476192,1.6259253903990747,163.0,0.7244444444444446,73.0,115.0,42.0,53680,10.89081440038412,0
TF_inst247001.rcp,30.0,4.0,5.333333333333333,2.573367875415838,160.0,29.0,0.06666666666666667,0.7609195402298851,0.23908045977011494,137.0,0.5,0.49562043795620436,0.43490766940512426,81.0,0.7788461538461539,68.0,154.0,17.0,17586,9.774915271736365,1
TF_inst248001.rcp,30.0,4.0,5.966666666666667,2.5097587312108085,179.0,34.0,0.07816091954022988,0.9126436781609195,0.08735632183908049,146.0,0.5,0.5222602739726028,0.4514538770053476,25.0,0.657894736842105,77.0,172.0,26.0,1705,7.441906728051625,1
TF_inst249001.rcp,30.0,4.0,5.8,2.83313724811677,174.0,28.0,0.06436781609195402,0.42758620689655175,0.5724137931034483,82.0,0.5,0.90625,0.7850807728856509,184.0,0.7389558232931726,75.0,163.0,81.0,32634,10.393140611069319,0
TF_inst250001.rcp,30.0,4.0,5.6,2.6280537792569367,168.0,49.0,0.11264367816091954,0.7701149425287356,0.22988505747126442,81.0,0.5,0.9479717813051146,0.8053124709922956,71.0,0.7099999999999999,77.0,139.0,58.0,62411,11.041512843561073,0
TF_inst25001.rcp,30.0,4.0,5.333333333333333,2.573367875415838,160.0,29.0,0.06666666666666667,0.7609195402298851,0.23908045977011494,137.0,0.5,0.17309697601668406,0.13943198934074846,4.0,0.038461538461538464,24.0,137.0,0.0,32,3.4965075614664802,1
TF_inst251001.rcp,30.0,4.0,5.166666666666667,3.088509169306267,155.0,51.0,0.11724137931034483,0.20689655172413793,0.7931034482758621,35.0,0.5,1.8165413533834587,1.5985678481919083,271.0,0.7855072463768116,64.0,117.0,53.0,56646,10.944594308301909,0
TF_inst252001.rcp,30.0,4.0,5.933333333333334,2.1898756940875788,178.0,78.0,0.1793103448275862,0.4827586206896552,0.5172413793103448,42.0,0.5,1.6921768707482994,1.6054183911326767,170.0,0.7555555555555556,72.0,123.0,51.0,54826,10.911938052328884,0
TF_inst253001.rcp,30.0,4.0,5.333333333333333,2.573367875415838,160.0,29.0,0.06666666666666667,0.7609195402298851,0.23908045977011494,137.0,0.5,0.5276329509906152,0.444175350197248,76.0,0.7307692307692307,73.0,153.0,16.0,2998,8.00603417874901,1
TF_inst254001.rcp,30.0,4.0,5.966666666666667,2.5097587312108085,179.0,34.0,0.07816091954022988,0.9126436781609195,0.08735632183908049,146.0,0.5,0.5572407045009785,0.4594931249356268,27.0,0.7105263157894735,82.0,156.0,10.0,220,5.3981627015177525,1
TF_inst255001.rcp,30.0,4.0,5.8,2.83313724811677,174.0,28.0,0.06436781609195402,0.42758620689655175,0.5724137931034483,82.0,0.5,0.8923959827833573,0.7732006217120995,179.0,0.7188755020080321,74.0,157.0,75.0,34295,10.442784008277814,0
TF_inst256001.rcp,30.0,4.0,5.6,2.6280537792569367,168.0,49.0,0.11264367816091954,0.7701149425287356,0.22988505747126442,81.0,0.5,0.8813443072702332,0.7877930539967577,77.0,0.7699999999999998,72.0,137.0,56.0,65541,11.090446437502804,0
TF_inst257001.rcp,30.0,4.0,5.166666666666667,3.088509169306267,155.0,51.0,0.11724137931034483,0.20689655172413793,0.7931034482758621,35.0,0.5,2.0014285714285713,1.6774908424908426,254.0,0.736231884057971,71.0,113.0,42.0,60283,11.006822007539567,0
TF_inst258001.rcp,30.0,4.0,5.933333333333334,2.1898756940875788,178.0,78.0,0.1793103448275862,0.4827586206896552,0.5172413793103448,42.0,0.5,1.6408730158730158,1.5473180939042281,180.0,0.8000000000000002,69.0,134.0,65.0,53479,10.88706303121588,0
TF_inst259001.rcp,30.0,4.0,5.333333333333333,2.573367875415838,160.0,29.0,0.06666666666666667,0.7609195402298851,0.23908045977011494,137.0,0.5,0.48175182481751827,0.43039573493631034,79.0,0.7596153846153846,66.0,160.0,23.0,23984,10.085183913936165,1
TF_inst260001.rcp,30.0,4.0,5.966666666666667,2.5097587312108085,179.0,34.0,0.07816091954022988,0.9126436781609195,0.08735632183908049,146.0,0.5,0.5353003161222339,0.45782908111675236,32.0,0.8421052631578945,79.0,179.0,33.0,9403,9.14889040965996,1
TF_inst26001.rcp,30.0,4.0,5.966666666666667,2.5097587312108085,179.0,34.0,0.07816091954022988,0.9126436781609195,0.08735632183908049,146.0,0.5,0.18933463796477495,0.16806015521768947,1.0,0.026315789473684202,28.0,146.0,0.0,32,3.4965075614664802,1
TF_inst261001.rcp,30.0,4.0,5.8,2.83313724811677,174.0,28.0,0.06436781609195402,0.42758620689655175,0.5724137931034483,82.0,0.5,0.8575096277278562,0.7805880594231044,194.0,0.7791164658634537,71.0,152.0,70.0,35756,10.484501333150819,0
TF_inst262001.rcp,30.0,4.0,5.6,2.6280537792569367,168.0,49.0,0.11264367816091954,0.7701149425287356,0.22988505747126442,81.0,0.5,0.811965811965812,0.7466286799620132,76.0,0.7599999999999998,66.0,129.0,48.0,64534,11.074962991269288,0
TF_inst263001.rcp,30.0,4.0,5.166666666666667,3.088509169306267,155.0,51.0,0.11724137931034483,0.20689655172413793,0.7931034482758621,35.0,0.5,2.0345864661654134,1.7031844316674039,256.0,0.7420289855072464,72.0,97.0,25.0,63714,11.06217529264638,0
TF_inst264001.rcp,30.0,4.0,5.933333333333334,2.1898756940875788,178.0,78.0,0.1793103448275862,0.4827586206896552,0.5172413793103448,42.0,0.5,1.7172619047619047,1.5769432773109244,170.0,0.7555555555555556,73.0,115.0,42.0,51995,10.85892207152791,0
TF_inst265001.rcp,30.0,4.0,5.333333333333333,2.573367875415838,160.0,29.0,0.06666666666666667,0.7609195402298851,0.23908045977011494,137.0,0.5,0.5186775440103049,0.4350780914555603,79.0,0.7596153846153846,72.0,159.0,22.0,10843,9.291367210618557,1
TF_inst266001.rcp,30.0,4.0,5.966666666666667,2.5097587312108085,179.0,34.0,0.07816091954022988,0.9126436781609195,0.08735632183908049,146.0,0.5,0.526774595267746,0.4655977584059776,27.0,0.7105263157894735,77.0,168.0,22.0,32,3.4965075614664802,1
TF_inst267001.rcp,30.0,4.0,5.8,2.83313724811677,174.0,28.0,0.06436781609195402,0.42758620689655175,0.5724137931034483,82.0,0.5,0.9031563845050216,0.8127675942007098,181.0,0.7269076305220883,75.0,150.0,68.0,38028,10.546104305546345,0
TF_inst268001.rcp,30.0,4.0,5.6,2.6280537792569367,168.0,49.0,0.11264367816091954,0.7701149425287356,0.22988505747126442,81.0,0.5,0.8732943469785575,0.7765723465041203,72.0,0.7199999999999998,71.0,149.0,68.0,64162,11.069181999552008,0
TF_inst269001.rcp,30.0,4.0,5.166666666666667,3.088509169306267,155.0,51.0,0.11724137931034483,0.20689655172413793,0.7931034482758621,35.0,0.5,1.825,1.650122180451128,256.0,0.7420289855072464,64.0,114.0,50.0,56650,10.944664918551014,0
TF_inst270001.rcp,30.0,4.0,5.933333333333334,2.1898756940875788,178.0,78.0,0.1793103448275862,0.4827586206896552,0.5172413793103448,42.0,0.5,1.8896103896103895,1.6539891209008857,171.0,0.7600000000000001,80.0,124.0,44.0,56343,10.939231036425246,0
TF_inst27001.rcp,30.0,4.0,5.8,2.83313724811677,174.0,28.0,0.06436781609195402,0.42758620689655175,0.5724137931034483,82.0,0.5,0.33807588075880757,0.30009546686375954,11.0,0.04417670682730923,28.0,82.0,0.0,32,3.4965075614664802,1
TF_inst271001.rcp,30.0,4.0,5.333333333333333,2.573367875415838,160.0,29.0,0.06666666666666667,0.7609195402298851,0.23908045977011494,137.0,0.5,0.46634225466342255,0.43692398436923985,84.0,0.8076923076923077,64.0,160.0,23.0,1132,7.0326242610280065,1
TF_inst272001.rcp,30.0,4.0,5.966666666666667,2.5097587312108085,179.0,34.0,0.07816091954022988,0.9126436781609195,0.08735632183908049,146.0,0.5,0.4919053549190536,0.46801058530510586,31.0,0.8157894736842102,72.0,167.0,21.0,4417,8.393442383980062,1
TF_inst273001.rcp,30.0,4.0,5.8,2.83313724811677,174.0,28.0,0.06436781609195402,0.42758620689655175,0.5724137931034483,82.0,0.5,0.8371592539454806,0.7782550215208035,184.0,0.7389558232931726,69.0,148.0,66.0,31531,10.358758182179798,0
TF_inst274001.rcp,30.0,4.0,5.6,2.6280537792569367,168.0,49.0,0.11264367816091954,0.7701149425287356,0.22988505747126442,81.0,0.5,0.8503086419753086,0.7848122427983539,69.0,0.6899999999999998,69.0,151.0,70.0,62780,11.04740775890878,0
TF_inst275001.rcp,30.0,4.0,5.166666666666667,3.088509169306267,155.0,51.0,0.11724137931034483,0.20689655172413793,0.7931034482758621,35.0,0.5,2.085714285714286,1.7181544925662573,256.0,0.7420289855072464,73.0,113.0,40.0,54450,10.905056493665374,0
TF_inst276001.rcp,30.0,4.0,5.933333333333334,2.1898756940875788,178.0,78.0,0.1793103448275862,0.4827586206896552,0.5172413793103448,42.0,0.5,1.8063492063492064,1.5923185941043085,170.0,0.7555555555555556,76.0,121.0,45.0,57786,10.964519115868827,0
TF_inst277001.rcp,30.0,4.0,5.333333333333333,2.573367875415838,160.0,29.0,0.06666666666666667,0.7609195402298851,0.23908045977011494,137.0,0.5,0.4822384428223844,0.44172749391727495,74.0,0.7115384615384616,67.0,151.0,14.0,32,3.4965075614664802,1
TF_inst278001.rcp,30.0,4.0,5.966666666666667,2.5097587312108085,179.0,34.0,0.07816091954022988,0.9126436781609195,0.08735632183908049,146.0,0.5,0.5164383561643836,0.45046393864887013,27.0,0.7105263157894735,76.0,178.0,32.0,235,5.4638318050256105,1
TF_inst279001.rcp,30.0,4.0,5.8,2.83313724811677,174.0,28.0,0.06436781609195402,0.42758620689655175,0.5724137931034483,82.0,0.5,0.8245257452574526,0.7823205018487432,185.0,0.7429718875502007,68.0,135.0,53.0,34511,10.449062368628937,0
TF_inst280001.rcp,30.0,4.0,5.6,2.6280537792569367,168.0,49.0,0.11264367816091954,0.7701149425287356,0.22988505747126442,81.0,0.5,0.8032921810699588,0.7517531364022592,72.0,0.7199999999999998,66.0,149.0,68.0,64289,11.071159377135732,0
TF_inst28001.rcp,30.0,4.0,5.6,2.6280537792569367,168.0,49.0,0.11264367816091954,0.7701149425287356,0.22988505747126442,81.0,0.5,0.2716049382716049,0.24444093714927045,4.0,0.03999999999999999,22.0,87.0,6.0,32,3.4965075614664802,1
TF_inst281001.rcp,30.0,4.0,5.166666666666667,3.088509169306267,155.0,51.0,0.11724137931034483,0.20689655172413793,0.7931034482758621,35.0,0.5,1.894736842105263,1.584896331738437,262.0,0.7594202898550725,67.0,99.0,32.0,61740,11.030703494879953,0
TF_inst282001.rcp,30.0,4.0,5.933333333333334,2.1898756940875788,178.0,78.0,0.1793103448275862,0.4827586206896552,0.5172413793103448,42.0,0.5,1.6682539682539683,1.5946939192343605,171.0,0.7600000000000001,71.0,135.0,64.0,63303,11.055703797289029,0
TF_inst283001.rcp,30.0,4.0,5.333333333333333,2.573367875415838,160.0,29.0,0.06666666666666667,0.7609195402298851,0.23908045977011494,137.0,0.5,0.46934306569343065,0.4364203163017032,80.0,0.7692307692307693,65.0,158.0,21.0,4972,8.511778558714738,1
TF_inst284001.rcp,30.0,4.0,5.966666666666667,2.5097587312108085,179.0,34.0,0.07816091954022988,0.9126436781609195,0.08735632183908049,146.0,0.5,0.4771689497716895,0.45356452907822775,25.0,0.657894736842105,70.0,163.0,17.0,286,5.659482215759621,1
TF_inst285001.rcp,30.0,4.0,5.8,2.83313724811677,174.0,28.0,0.06436781609195402,0.42758620689655175,0.5724137931034483,82.0,0.5,0.8780487804878049,0.7938758128905754,191.0,0.7670682730923694,72.0,145.0,63.0,41723,10.638831781795862,0
TF_inst286001.rcp,30.0,4.0,5.6,2.6280537792569367,168.0,49.0,0.11264367816091954,0.7701149425287356,0.22988505747126442,81.0,0.5,0.8724279835390947,0.771296453485996,74.0,0.7399999999999998,71.0,139.0,58.0,73835,11.209601696528491,0
TF_inst287001.rcp,30.0,4.0,5.166666666666667,3.088509169306267,155.0,51.0,0.11724137931034483,0.20689655172413793,0.7931034482758621,35.0,0.5,1.8952380952380952,1.6936157796451914,257.0,0.744927536231884,67.0,109.0,42.0,56198,10.936654242129169,0
TF_inst288001.rcp,30.0,4.0,5.933333333333334,2.1898756940875788,178.0,78.0,0.1793103448275862,0.4827586206896552,0.5172413793103448,42.0,0.5,1.6868131868131868,1.5643406147884256,166.0,0.7377777777777779,71.0,126.0,55.0,52666,10.87174435243489,0
TF_inst289001.rcp,30.0,4.0,5.333333333333333,2.573367875415838,160.0,29.0,0.06666666666666667,0.7609195402298851,0.23908045977011494,137.0,0.5,0.4994786235662148,0.42791582781639503,80.0,0.7692307692307693,69.0,148.0,11.0,785,6.666956792429207,1
TF_inst290001.rcp,30.0,4.0,5.966666666666667,2.5097587312108085,179.0,34.0,0.07816091954022988,0.9126436781609195,0.08735632183908049,146.0,0.5,0.48904109589041095,0.46313044831880446,27.0,0.7105263157894735,72.0,164.0,18.0,146,4.990432586778736,1
TF_inst29001.rcp,30.0,4.0,5.166666666666667,3.088509169306267,155.0,51.0,0.11724137931034483,0.20689655172413793,0.7931034482758621,35.0,0.5,0.6061224489795919,0.543826530612245,21.0,0.06086956521739131,22.0,40.0,5.0,3362,8.12058871174027,1
TF_inst291001.rcp,30.0,4.0,5.8,2.83313724811677,174.0,28.0,0.06436781609195402,0.42758620689655175,0.5724137931034483,82.0,0.5,0.9578713968957872,0.7897291732657586,189.0,0.7590361445783131,79.0,155.0,73.0,39091,10.573673121458727,0
TF_inst292001.rcp,30.0,4.0,5.6,2.6280537792569367,168.0,49.0,0.11264367816091954,0.7701149425287356,0.22988505747126442,81.0,0.5,0.8419753086419753,0.769541910331384,72.0,0.7199999999999998,69.0,154.0,73.0,61284,11.023290393775266,0
TF_inst293001.rcp,30.0,4.0,5.166666666666667,3.088509169306267,155.0,51.0,0.11724137931034483,0.20689655172413793,0.7931034482758621,35.0,0.5,1.8238095238095238,1.661984126984127,256.0,0.7420289855072464,64.0,108.0,44.0,65728,11.093295507388659,0
TF_inst294001.rcp,30.0,4.0,5.933333333333334,2.1898756940875788,178.0,78.0,0.1793103448275862,0.4827586206896552,0.5172413793103448,42.0,0.5,1.8795518207282913,1.597546176590294,165.0,0.7333333333333334,79.0,116.0,37.0,62155,11.037402632906625,0
TF_inst295001.rcp,30.0,4.0,5.333333333333333,2.573367875415838,160.0,29.0,0.06666666666666667,0.7609195402298851,0.23908045977011494,137.0,0.5,0.4996350364963504,0.4472239195135288,78.0,0.75,69.0,154.0,17.0,2729,7.912056888179006,1
TF_inst296001.rcp,30.0,4.0,5.966666666666667,2.5097587312108085,179.0,34.0,0.07816091954022988,0.9126436781609195,0.08735632183908049,146.0,0.5,0.5112079701120797,0.48183809701473723,29.0,0.7631578947368418,75.0,168.0,22.0,877,6.777646593635117,1
TF_inst297001.rcp,30.0,4.0,5.8,2.83313724811677,174.0,28.0,0.06436781609195402,0.42758620689655175,0.5724137931034483,82.0,0.5,0.8814363143631436,0.8210756722951845,178.0,0.7148594377510039,73.0,147.0,65.0,43795,10.687297767993316,0
TF_inst298001.rcp,30.0,4.0,5.6,2.6280537792569367,168.0,49.0,0.11264367816091954,0.7701149425287356,0.22988505747126442,81.0,0.5,0.9691358024691358,0.8046982167352537,83.0,0.8299999999999997,79.0,146.0,65.0,62366,11.040791568315225,0
TF_inst299001.rcp,30.0,4.0,5.166666666666667,3.088509169306267,155.0,51.0,0.11724137931034483,0.20689655172413793,0.7931034482758621,35.0,0.5,1.7551020408163265,1.663733739109679,249.0,0.7217391304347827,62.0,103.0,41.0,59796,10.998710771456226,0
TF_inst300001.rcp,30.0,4.0,5.933333333333334,2.1898756940875788,178.0,78.0,0.1793103448275862,0.4827586206896552,0.5172413793103448,42.0,0.5,1.7063492063492063,1.5863168183940244,176.0,0.7822222222222224,72.0,133.0,61.0,57567,10.96072213675026,0
TF_inst30001.rcp,30.0,4.0,5.933333333333334,2.1898756940875788,178.0,78.0,0.1793103448275862,0.4827586206896552,0.5172413793103448,42.0,0.5,0.5610119047619048,0.49114757379560015,9.0,0.04000000000000001,24.0,50.0,8.0,10781,9.285633356011614,1
TF_inst3001.rcp,30.0,4.0,5.8,2.83313724811677,174.0,28.0,0.06436781609195402,0.42758620689655175,0.5724137931034483,82.0,0.5,0.29024390243902437,0.2588427663122785,12.0,0.048192771084337345,24.0,95.0,13.0,32,3.4965075614664802,1
TF_inst301001.rcp,30.0,4.0,5.333333333333333,2.573367875415838,160.0,29.0,0.06666666666666667,0.7609195402298851,0.23908045977011494,137.0,0.5,0.4538428510090167,0.448922999856877,75.0,0.7211538461538461,63.0,154.0,17.0,757,6.630683385642372,1
TF_inst302001.rcp,30.0,4.0,5.966666666666667,2.5097587312108085,179.0,34.0,0.07816091954022988,0.9126436781609195,0.08735632183908049,146.0,0.5,0.5010537407797682,0.45964737317477045,25.0,0.657894736842105,74.0,173.0,27.0,66,4.204692619390966,1
TF_inst303001.rcp,30.0,4.0,5.8,2.83313724811677,174.0,28.0,0.06436781609195402,0.42758620689655175,0.5724137931034483,82.0,0.5,0.8286264441591784,0.7763381916543021,185.0,0.7429718875502007,68.0,137.0,55.0,33268,10.412381311452293,0
TF_inst304001.rcp,30.0,4.0,5.6,2.6280537792569367,168.0,49.0,0.11264367816091954,0.7701149425287356,0.22988505747126442,81.0,0.5,0.8401920438957476,0.7803588188578442,83.0,0.8299999999999997,69.0,163.0,82.0,67725,11.123225432440446,0
TF_inst305001.rcp,30.0,4.0,5.166666666666667,3.088509169306267,155.0,51.0,0.11724137931034483,0.20689655172413793,0.7931034482758621,35.0,0.5,1.8317460317460317,1.6665539321789322,251.0,0.7275362318840579,65.0,112.0,47.0,58266,10.972791174342897,0
TF_inst306001.rcp,30.0,4.0,5.933333333333334,2.1898756940875788,178.0,78.0,0.1793103448275862,0.4827586206896552,0.5172413793103448,42.0,0.5,1.649859943977591,1.5296827064158995,173.0,0.768888888888889,70.0,109.0,39.0,50494,10.829629600460658,0
TF_inst307001.rcp,30.0,4.0,5.333333333333333,2.573367875415838,160.0,29.0,0.06666666666666667,0.7609195402298851,0.23908045977011494,137.0,0.5,0.4653284671532847,0.4184084217628657,77.0,0.7403846153846154,64.0,144.0,7.0,772,6.650279048587422,1
TF_inst308001.rcp,30.0,4.0,5.966666666666667,2.5097587312108085,179.0,34.0,0.07816091954022988,0.9126436781609195,0.08735632183908049,146.0,0.5,0.4828767123287671,0.4620291095890411,27.0,0.7105263157894735,71.0,174.0,28.0,451,6.113682179832232,1
TF_inst309001.rcp,30.0,4.0,5.8,2.83313724811677,174.0,28.0,0.06436781609195402,0.42758620689655175,0.5724137931034483,82.0,0.5,0.8780487804878049,0.8013380758807588,179.0,0.7188755020080321,72.0,159.0,77.0,33575,10.421566805013427,0
TF_inst310001.rcp,30.0,4.0,5.6,2.6280537792569367,168.0,49.0,0.11264367816091954,0.7701149425287356,0.22988505747126442,81.0,0.5,0.8471035137701804,0.7846496781681966,74.0,0.7399999999999998,69.0,138.0,57.0,68445,11.133800392193905,0
TF_inst31001.rcp,30.0,4.0,5.333333333333333,2.573367875415838,160.0,29.0,0.06666666666666667,0.7609195402298851,0.23908045977011494,137.0,0.5,0.1828659239339224,0.1497905420602789,2.0,0.019230769230769232,26.0,137.0,0.0,32,3.4965075614664802,1
TF_inst311001.rcp,30.0,4.0,5.166666666666667,3.088509169306267,155.0,51.0,0.11724137931034483,0.20689655172413793,0.7931034482758621,35.0,0.5,1.7936507936507937,1.6388051630908773,260.0,0.7536231884057971,63.0,99.0,36.0,61623,11.028806684032801,0
TF_inst312001.rcp,30.0,4.0,5.933333333333334,2.1898756940875788,178.0,78.0,0.1793103448275862,0.4827586206896552,0.5172413793103448,42.0,0.5,1.7202380952380953,1.6327050264550262,168.0,0.7466666666666668,73.0,118.0,45.0,60516,11.010679596283687,0
TF_inst313001.rcp,30.0,4.0,5.333333333333333,2.573367875415838,160.0,29.0,0.06666666666666667,0.7609195402298851,0.23908045977011494,137.0,0.5,0.5632603406326034,0.4315287915652879,80.0,0.7692307692307693,78.0,154.0,17.0,6737,8.815518423966498,1
TF_inst314001.rcp,30.0,4.0,5.966666666666667,2.5097587312108085,179.0,34.0,0.07816091954022988,0.9126436781609195,0.08735632183908049,146.0,0.5,0.5085616438356164,0.4567542902303176,28.0,0.7368421052631576,75.0,169.0,23.0,2696,7.89989532313973,1
TF_inst315001.rcp,30.0,4.0,5.8,2.83313724811677,174.0,28.0,0.06436781609195402,0.42758620689655175,0.5724137931034483,82.0,0.5,0.8547671840354767,0.7742302644450241,187.0,0.7510040160642569,71.0,156.0,74.0,34380,10.445259365192133,0
TF_inst316001.rcp,30.0,4.0,5.6,2.6280537792569367,168.0,49.0,0.11264367816091954,0.7701149425287356,0.22988505747126442,81.0,0.5,0.8603988603988604,0.7987680874194032,79.0,0.7899999999999998,70.0,143.0,62.0,70674,11.16584718256179,0
TF_inst317001.rcp,30.0,4.0,5.166666666666667,3.088509169306267,155.0,51.0,0.11724137931034483,0.20689655172413793,0.7931034482758621,35.0,0.5,2.019047619047619,1.6883247704676276,260.0,0.7536231884057971,71.0,107.0,36.0,61845,11.032402703134284,0
TF_inst318001.rcp,30.0,4.0,5.933333333333334,2.1898756940875788,178.0,78.0,0.1793103448275862,0.4827586206896552,0.5172413793103448,42.0,0.5,1.6686507936507937,1.577454051796157,160.0,0.7111111111111112,71.0,120.0,49.0,57129,10.953084651718509,0
TF_inst319001.rcp,30.0,4.0,5.333333333333333,2.573367875415838,160.0,29.0,0.06666666666666667,0.7609195402298851,0.23908045977011494,137.0,0.5,0.4543795620437956,0.42363138686131385,74.0,0.7115384615384616,63.0,149.0,12.0,32,3.4965075614664802,1
TF_inst320001.rcp,30.0,4.0,5.966666666666667,2.5097587312108085,179.0,34.0,0.07816091954022988,0.9126436781609195,0.08735632183908049,146.0,0.5,0.4837328767123288,0.4445376068596148,28.0,0.7368421052631576,71.0,178.0,32.0,409,6.016157159698354,1
TF_inst32001.rcp,30.0,4.0,5.966666666666667,2.5097587312108085,179.0,34.0,0.07816091954022988,0.9126436781609195,0.08735632183908049,146.0,0.5,0.1660958904109589,0.15090067134159602,1.0,0.026315789473684202,25.0,151.0,5.0,32,3.4965075614664802,1
TF_inst321001.rcp,30.0,4.0,5.8,2.83313724811677,174.0,28.0,0.06436781609195402,0.42758620689655175,0.5724137931034483,82.0,0.5,0.886392811296534,0.7915215213755008,186.0,0.7469879518072289,73.0,155.0,73.0,38565,10.56012633827955,0
TF_inst322001.rcp,30.0,4.0,5.6,2.6280537792569367,168.0,49.0,0.11264367816091954,0.7701149425287356,0.22988505747126442,81.0,0.5,0.8539094650205762,0.8055555555555556,73.0,0.7299999999999998,70.0,153.0,72.0,61769,11.031173088689945,0
TF_inst323001.rcp,30.0,4.0,5.166666666666667,3.088509169306267,155.0,51.0,0.11724137931034483,0.20689655172413793,0.7931034482758621,35.0,0.5,1.8452380952380953,1.6869139194139193,253.0,0.7333333333333333,65.0,117.0,52.0,62265,11.039170809413337,0
TF_inst324001.rcp,30.0,4.0,5.933333333333334,2.1898756940875788,178.0,78.0,0.1793103448275862,0.4827586206896552,0.5172413793103448,42.0,0.5,1.632936507936508,1.5727346999405822,161.0,0.7155555555555556,69.0,115.0,46.0,49523,10.810212679540582,0
TF_inst325001.rcp,30.0,4.0,5.333333333333333,2.573367875415838,160.0,29.0,0.06666666666666667,0.7609195402298851,0.23908045977011494,137.0,0.5,0.4748175182481752,0.44150191264296035,77.0,0.7403846153846154,66.0,148.0,11.0,1488,7.305860032684009,1
TF_inst326001.rcp,30.0,4.0,5.966666666666667,2.5097587312108085,179.0,34.0,0.07816091954022988,0.9126436781609195,0.08735632183908049,146.0,0.5,0.4863013698630137,0.4562071917808219,24.0,0.6315789473684208,71.0,162.0,16.0,32,3.4965075614664802,1
TF_inst327001.rcp,30.0,4.0,5.8,2.83313724811677,174.0,28.0,0.06436781609195402,0.42758620689655175,0.5724137931034483,82.0,0.5,0.9804878048780488,0.7849085365853659,187.0,0.7510040160642569,81.0,142.0,60.0,37663,10.536460010060003,0
TF_inst328001.rcp,30.0,4.0,5.6,2.6280537792569367,168.0,49.0,0.11264367816091954,0.7701149425287356,0.22988505747126442,81.0,0.5,0.856341189674523,0.8092627665544332,74.0,0.7399999999999998,70.0,146.0,65.0,62819,11.048028773092637,0
TF_inst329001.rcp,30.0,4.0,5.166666666666667,3.088509169306267,155.0,51.0,0.11724137931034483,0.20689655172413793,0.7931034482758621,35.0,0.5,1.9238095238095239,1.6979611075199312,249.0,0.7217391304347827,68.0,96.0,28.0,58340,10.974060384172992,0
TF_inst330001.rcp,30.0,4.0,5.933333333333334,2.1898756940875788,178.0,78.0,0.1793103448275862,0.4827586206896552,0.5172413793103448,42.0,0.5,1.7969924812030076,1.640346781987649,168.0,0.7466666666666668,76.0,141.0,65.0,61797,11.031626280462559,0
TF_inst33001.rcp,30.0,4.0,5.8,2.83313724811677,174.0,28.0,0.06436781609195402,0.42758620689655175,0.5724137931034483,82.0,0.5,0.36713735558408217,0.28455041428404715,17.0,0.0682730923694779,31.0,86.0,4.0,29667,10.29782430285645,0
TF_inst331001.rcp,30.0,4.0,5.333333333333333,2.573367875415838,160.0,29.0,0.06666666666666667,0.7609195402298851,0.23908045977011494,137.0,0.5,0.47039740470397406,0.43154517537582326,75.0,0.7211538461538461,65.0,160.0,23.0,32,3.4965075614664802,1
TF_inst332001.rcp,30.0,4.0,5.966666666666667,2.5097587312108085,179.0,34.0,0.07816091954022988,0.9126436781609195,0.08735632183908049,146.0,0.5,0.4904870624048706,0.45071109208523585,30.0,0.789473684210526,72.0,168.0,22.0,916,6.821107472256465,1
TF_inst333001.rcp,30.0,4.0,5.8,2.83313724811677,174.0,28.0,0.06436781609195402,0.42758620689655175,0.5724137931034483,82.0,0.5,0.8249641319942611,0.777835406612756,183.0,0.7349397590361445,68.0,150.0,68.0,36850,10.514638034291343,0
TF_inst334001.rcp,30.0,4.0,5.6,2.6280537792569367,168.0,49.0,0.11264367816091954,0.7701149425287356,0.22988505747126442,81.0,0.5,0.8308641975308642,0.7547159758965314,82.0,0.8199999999999997,68.0,147.0,66.0,65710,11.093021618159923,0
TF_inst335001.rcp,30.0,4.0,5.166666666666667,3.088509169306267,155.0,51.0,0.11724137931034483,0.20689655172413793,0.7931034482758621,35.0,0.5,2.2775510204081635,1.7621031746031748,255.0,0.7391304347826086,80.0,117.0,37.0,57133,10.953154665021064,0
TF_inst336001.rcp,30.0,4.0,5.933333333333334,2.1898756940875788,178.0,78.0,0.1793103448275862,0.4827586206896552,0.5172413793103448,42.0,0.5,1.8492063492063493,1.5907740289098096,169.0,0.7511111111111112,78.0,111.0,33.0,55003,10.915161188842836,0
TF_inst337001.rcp,30.0,4.0,5.333333333333333,2.573367875415838,160.0,29.0,0.06666666666666667,0.7609195402298851,0.23908045977011494,137.0,0.5,0.5556032632030915,0.43291824989696226,80.0,0.7692307692307693,77.0,160.0,23.0,13603,9.518119146127086,1
TF_inst338001.rcp,30.0,4.0,5.966666666666667,2.5097587312108085,179.0,34.0,0.07816091954022988,0.9126436781609195,0.08735632183908049,146.0,0.5,0.48532289628180036,0.4608117933246358,29.0,0.7631578947368418,71.0,174.0,28.0,673,6.513230110912307,1
TF_inst339001.rcp,30.0,4.0,5.8,2.83313724811677,174.0,28.0,0.06436781609195402,0.42758620689655175,0.5724137931034483,82.0,0.5,0.9418386491557224,0.7977055972482802,183.0,0.7349397590361445,78.0,165.0,83.0,37243,10.52524613700842,0
TF_inst340001.rcp,30.0,4.0,5.6,2.6280537792569367,168.0,49.0,0.11264367816091954,0.7701149425287356,0.22988505747126442,81.0,0.5,0.8995884773662551,0.7740982812878238,75.0,0.7499999999999998,73.0,155.0,74.0,66673,11.107570350812507,0
TF_inst34001.rcp,30.0,4.0,5.6,2.6280537792569367,168.0,49.0,0.11264367816091954,0.7701149425287356,0.22988505747126442,81.0,0.5,0.34132171387073346,0.26626585106977263,8.0,0.07999999999999997,28.0,87.0,6.0,336,5.820082930352362,1
TF_inst341001.rcp,30.0,4.0,5.166666666666667,3.088509169306267,155.0,51.0,0.11724137931034483,0.20689655172413793,0.7931034482758621,35.0,0.5,1.7357142857142858,1.5829545454545455,248.0,0.7188405797101449,61.0,97.0,36.0,56853,10.948241857301557,0
TF_inst342001.rcp,30.0,4.0,5.933333333333334,2.1898756940875788,178.0,78.0,0.1793103448275862,0.4827586206896552,0.5172413793103448,42.0,0.5,1.7817460317460319,1.588031045751634,168.0,0.7466666666666668,75.0,123.0,48.0,57002,10.950859177010642,0
TF_inst343001.rcp,30.0,4.0,5.333333333333333,2.573367875415838,160.0,29.0,0.06666666666666667,0.7609195402298851,0.23908045977011494,137.0,0.5,0.5065693430656935,0.4264920566766853,79.0,0.7596153846153846,70.0,150.0,13.0,32,3.4965075614664802,1
TF_inst344001.rcp,30.0,4.0,5.966666666666667,2.5097587312108085,179.0,34.0,0.07816091954022988,0.9126436781609195,0.08735632183908049,146.0,0.5,0.4794520547945205,0.4460422782126549,27.0,0.7105263157894735,70.0,157.0,11.0,199,5.298317366548036,1
TF_inst345001.rcp,30.0,4.0,5.8,2.83313724811677,174.0,28.0,0.06436781609195402,0.42758620689655175,0.5724137931034483,82.0,0.5,0.9201219512195122,0.8323533681765389,184.0,0.7389558232931726,76.0,158.0,76.0,37654,10.536221026535452,0
TF_inst346001.rcp,30.0,4.0,5.6,2.6280537792569367,168.0,49.0,0.11264367816091954,0.7701149425287356,0.22988505747126442,81.0,0.5,0.8256172839506173,0.7766859315742758,77.0,0.7699999999999998,67.0,141.0,60.0,62990,11.05074713802576,0
TF_inst347001.rcp,30.0,4.0,5.166666666666667,3.088509169306267,155.0,51.0,0.11724137931034483,0.20689655172413793,0.7931034482758621,35.0,0.5,1.9798319327731093,1.7235642975138774,269.0,0.7797101449275362,70.0,92.0,22.0,61038,11.019268283124271,0
TF_inst348001.rcp,30.0,4.0,5.933333333333334,2.1898756940875788,178.0,78.0,0.1793103448275862,0.4827586206896552,0.5172413793103448,42.0,0.5,1.684873949579832,1.6207354469565605,165.0,0.7333333333333334,71.0,115.0,44.0,57000,10.950824090522445,0
TF_inst349001.rcp,30.0,4.0,5.333333333333333,2.573367875415838,160.0,29.0,0.06666666666666667,0.7609195402298851,0.23908045977011494,137.0,0.5,0.5088020609703735,0.439934048436893,80.0,0.7692307692307693,70.0,152.0,15.0,1866,7.532088143541722,1
TF_inst350001.rcp,30.0,4.0,5.966666666666667,2.5097587312108085,179.0,34.0,0.07816091954022988,0.9126436781609195,0.08735632183908049,146.0,0.5,0.5017123287671232,0.4668255671604785,30.0,0.789473684210526,74.0,179.0,33.0,3042,8.02059914989697,1
TF_inst35001.rcp,30.0,4.0,5.166666666666667,3.088509169306267,155.0,51.0,0.11724137931034483,0.20689655172413793,0.7931034482758621,35.0,0.5,0.6190476190476191,0.5132936507936507,8.0,0.02318840579710145,22.0,38.0,3.0,2962,7.993957547573565,1
TF_inst351001.rcp,30.0,4.0,5.8,2.83313724811677,174.0,28.0,0.06436781609195402,0.42758620689655175,0.5724137931034483,82.0,0.5,0.8177150192554558,0.7735127516899019,186.0,0.7469879518072289,68.0,136.0,54.0,35917,10.488993841578681,0
TF_inst352001.rcp,30.0,4.0,5.6,2.6280537792569367,168.0,49.0,0.11264367816091954,0.7701149425287356,0.22988505747126442,81.0,0.5,0.8816267247639796,0.7812886490174071,76.0,0.7599999999999998,72.0,149.0,68.0,68432,11.133610443406448,0
TF_inst353001.rcp,30.0,4.0,5.166666666666667,3.088509169306267,155.0,51.0,0.11724137931034483,0.20689655172413793,0.7931034482758621,35.0,0.5,1.7663865546218487,1.6713633005649813,261.0,0.7565217391304347,62.0,123.0,61.0,66420,11.103768550523514,0
TF_inst354001.rcp,30.0,4.0,5.933333333333334,2.1898756940875788,178.0,78.0,0.1793103448275862,0.4827586206896552,0.5172413793103448,42.0,0.5,1.804029304029304,1.5531376518218623,176.0,0.7822222222222224,76.0,137.0,61.0,56913,10.949296635544345,0
TF_inst355001.rcp,30.0,4.0,5.333333333333333,2.573367875415838,160.0,29.0,0.06666666666666667,0.7609195402298851,0.23908045977011494,137.0,0.5,0.5070185289163391,0.44388870829516247,82.0,0.7884615384615384,70.0,152.0,15.0,33543,10.420613288850598,1
TF_inst356001.rcp,30.0,4.0,5.966666666666667,2.5097587312108085,179.0,34.0,0.07816091954022988,0.9126436781609195,0.08735632183908049,146.0,0.5,0.512720156555773,0.46298633827261,30.0,0.789473684210526,75.0,166.0,20.0,2654,7.884199933676039,1
TF_inst357001.rcp,30.0,4.0,5.8,2.83313724811677,174.0,28.0,0.06436781609195402,0.42758620689655175,0.5724137931034483,82.0,0.5,0.8612804878048781,0.7849154656319292,182.0,0.7309236947791163,71.0,142.0,60.0,41150,10.625003507146516,0
TF_inst358001.rcp,30.0,4.0,5.6,2.6280537792569367,168.0,49.0,0.11264367816091954,0.7701149425287356,0.22988505747126442,81.0,0.5,0.7683369644153958,0.7400024207213749,72.0,0.7199999999999998,63.0,136.0,55.0,61584,11.028173613375584,0
TF_inst359001.rcp,30.0,4.0,5.166666666666667,3.088509169306267,155.0,51.0,0.11724137931034483,0.20689655172413793,0.7931034482758621,35.0,0.5,1.8238095238095238,1.6625,257.0,0.744927536231884,64.0,111.0,47.0,63502,11.058842427859304,0
TF_inst360001.rcp,30.0,4.0,5.933333333333334,2.1898756940875788,178.0,78.0,0.1793103448275862,0.4827586206896552,0.5172413793103448,42.0,1.0,1.0909090909090908,1.0302171373599944,36.0,0.16000000000000003,46.0,73.0,27.0,42062,10.646923773389242,0
TF_inst36001.rcp,30.0,4.0,5.933333333333334,2.1898756940875788,178.0,78.0,0.1793103448275862,0.4827586206896552,0.5172413793103448,42.0,0.5,0.5142857142857142,0.4987015529896169,7.0,0.031111111111111114,22.0,50.0,8.0,1170,7.065613363597717,1
TF_inst361001.rcp,30.0,4.0,5.333333333333333,2.573367875415838,160.0,29.0,0.06666666666666667,0.7609195402298851,0.23908045977011494,137.0,1.0,0.3289885297184567,0.28931783950032125,13.0,0.125,46.0,146.0,9.0,32,3.4965075614664802,1
TF_inst362001.rcp,30.0,4.0,5.966666666666667,2.5097587312108085,179.0,34.0,0.07816091954022988,0.9126436781609195,0.08735632183908049,146.0,1.0,0.3449564134495641,0.3224010222083852,6.0,0.1578947368421052,51.0,155.0,9.0,80,4.394449154672439,1
TF_inst363001.rcp,30.0,4.0,5.8,2.83313724811677,174.0,28.0,0.06436781609195402,0.42758620689655175,0.5724137931034483,82.0,1.0,0.6131436314363143,0.5502806813782424,53.0,0.21285140562248994,51.0,101.0,19.0,32723,10.39586403263359,0
TF_inst364001.rcp,30.0,4.0,5.6,2.6280537792569367,168.0,49.0,0.11264367816091954,0.7701149425287356,0.22988505747126442,81.0,1.0,0.5934744268077602,0.5191504997060552,13.0,0.12999999999999998,49.0,100.0,19.0,2916,7.978310969867722,1
TF_inst365001.rcp,30.0,4.0,5.166666666666667,3.088509169306267,155.0,51.0,0.11724137931034483,0.20689655172413793,0.7931034482758621,35.0,1.0,1.1563025210084035,1.0435811247575955,78.0,0.22608695652173913,41.0,76.0,35.0,42865,10.665834249897078,0
TF_inst366001.rcp,30.0,4.0,5.933333333333334,2.1898756940875788,178.0,78.0,0.1793103448275862,0.4827586206896552,0.5172413793103448,42.0,1.0,1.163265306122449,1.089030612244898,42.0,0.1866666666666667,49.0,81.0,32.0,45252,10.720024245272976,0
TF_inst367001.rcp,30.0,4.0,5.333333333333333,2.573367875415838,160.0,29.0,0.06666666666666667,0.7609195402298851,0.23908045977011494,137.0,1.0,0.3167883211678832,0.3062234298548167,33.0,0.3173076923076923,44.0,143.0,6.0,32,3.4965075614664802,1
TF_inst368001.rcp,30.0,4.0,5.966666666666667,2.5097587312108085,179.0,34.0,0.07816091954022988,0.9126436781609195,0.08735632183908049,146.0,1.0,0.3373287671232877,0.3043404822413686,10.0,0.263157894736842,50.0,157.0,11.0,44,3.8066624897703196,1
TF_inst369001.rcp,30.0,4.0,5.8,2.83313724811677,174.0,28.0,0.06436781609195402,0.42758620689655175,0.5724137931034483,82.0,1.0,0.5888501742160279,0.5238119984690106,33.0,0.1325301204819277,49.0,100.0,18.0,29177,10.28117027963184,0
TF_inst370001.rcp,30.0,4.0,5.6,2.6280537792569367,168.0,49.0,0.11264367816091954,0.7701149425287356,0.22988505747126442,81.0,1.0,0.5763482781026641,0.5106820871623503,32.0,0.3199999999999999,47.0,112.0,31.0,1256,7.136483208590247,1
TF_inst37001.rcp,30.0,4.0,5.333333333333333,2.573367875415838,160.0,29.0,0.06666666666666667,0.7609195402298851,0.23908045977011494,137.0,0.5,0.17107664233576642,0.1536467194445969,0.0,0.0,24.0,137.0,0.0,32,3.4965075614664802,1
TF_inst371001.rcp,30.0,4.0,5.166666666666667,3.088509169306267,155.0,51.0,0.11724137931034483,0.20689655172413793,0.7931034482758621,35.0,1.0,1.3071428571428572,1.1202338435374148,98.0,0.28405797101449276,46.0,79.0,33.0,35192,10.46860247817383,0
TF_inst372001.rcp,30.0,4.0,5.933333333333334,2.1898756940875788,178.0,78.0,0.1793103448275862,0.4827586206896552,0.5172413793103448,42.0,1.0,1.0994397759103642,1.0542701171377642,42.0,0.1866666666666667,47.0,74.0,27.0,42561,10.658717115392617,0
TF_inst373001.rcp,30.0,4.0,5.333333333333333,2.573367875415838,160.0,29.0,0.06666666666666667,0.7609195402298851,0.23908045977011494,137.0,1.0,0.3045786330457863,0.29918566298450366,16.0,0.15384615384615385,42.0,144.0,7.0,32,3.4965075614664802,1
TF_inst374001.rcp,30.0,4.0,5.966666666666667,2.5097587312108085,179.0,34.0,0.07816091954022988,0.9126436781609195,0.08735632183908049,146.0,1.0,0.3264840182648402,0.3045427074939565,16.0,0.42105263157894723,48.0,155.0,9.0,83,4.430816798843313,1
TF_inst375001.rcp,30.0,4.0,5.8,2.83313724811677,174.0,28.0,0.06436781609195402,0.42758620689655175,0.5724137931034483,82.0,1.0,0.5487804878048781,0.5172933604336044,50.0,0.2008032128514056,45.0,92.0,10.0,4133,8.327000740241713,1
TF_inst376001.rcp,30.0,4.0,5.6,2.6280537792569367,168.0,49.0,0.11264367816091954,0.7701149425287356,0.22988505747126442,81.0,1.0,0.5300925925925926,0.5029285914702581,19.0,0.18999999999999995,43.0,99.0,18.0,60,4.110873864173311,1
TF_inst377001.rcp,30.0,4.0,5.166666666666667,3.088509169306267,155.0,51.0,0.11724137931034483,0.20689655172413793,0.7931034482758621,35.0,1.0,1.1539682539682539,1.1340833143464721,67.0,0.19420289855072465,41.0,77.0,36.0,37611,10.535078427396968,0
TF_inst378001.rcp,30.0,4.0,5.933333333333334,2.1898756940875788,178.0,78.0,0.1793103448275862,0.4827586206896552,0.5172413793103448,42.0,1.0,1.0575396825396826,0.9941643323996265,48.0,0.21333333333333335,45.0,75.0,30.0,41463,10.632580859869542,0
TF_inst379001.rcp,30.0,4.0,5.333333333333333,2.573367875415838,160.0,29.0,0.06666666666666667,0.7609195402298851,0.23908045977011494,137.0,1.0,0.33065693430656934,0.29089022470301995,20.0,0.19230769230769232,46.0,144.0,7.0,32,3.4965075614664802,1
TF_inst380001.rcp,30.0,4.0,5.966666666666667,2.5097587312108085,179.0,34.0,0.07816091954022988,0.9126436781609195,0.08735632183908049,146.0,1.0,0.3133561643835616,0.29575946817083,5.0,0.131578947368421,46.0,146.0,0.0,32,3.4965075614664802,1
TF_inst38001.rcp,30.0,4.0,5.966666666666667,2.5097587312108085,179.0,34.0,0.07816091954022988,0.9126436781609195,0.08735632183908049,146.0,0.5,0.17442922374429223,0.15619292237442922,0.0,0.0,26.0,146.0,0.0,32,3.4965075614664802,1
TF_inst381001.rcp,30.0,4.0,5.8,2.83313724811677,174.0,28.0,0.06436781609195402,0.42758620689655175,0.5724137931034483,82.0,1.0,0.5159474671669794,0.48327754139491946,56.0,0.22489959839357426,43.0,95.0,13.0,32007,10.373741150537072,0
TF_inst382001.rcp,30.0,4.0,5.6,2.6280537792569367,168.0,49.0,0.11264367816091954,0.7701149425287356,0.22988505747126442,81.0,1.0,0.533179012345679,0.4816514556914884,21.0,0.20999999999999994,44.0,102.0,21.0,3484,8.156223323194624,1
TF_inst383001.rcp,30.0,4.0,5.166666666666667,3.088509169306267,155.0,51.0,0.11724137931034483,0.20689655172413793,0.7931034482758621,35.0,1.0,1.1966386554621848,1.0978203781512605,100.0,0.2898550724637681,42.0,79.0,37.0,44395,10.70090465427187,0
TF_inst384001.rcp,30.0,4.0,5.933333333333334,2.1898756940875788,178.0,78.0,0.1793103448275862,0.4827586206896552,0.5172413793103448,42.0,1.0,1.175,1.0659931077694236,70.0,0.31111111111111117,50.0,91.0,41.0,47834,10.775512868112267,0
TF_inst385001.rcp,30.0,4.0,5.333333333333333,2.573367875415838,160.0,29.0,0.06666666666666667,0.7609195402298851,0.23908045977011494,137.0,1.0,0.33211678832116787,0.29169570824872404,33.0,0.3173076923076923,46.0,143.0,6.0,758,6.63200177739563,1
TF_inst386001.rcp,30.0,4.0,5.966666666666667,2.5097587312108085,179.0,34.0,0.07816091954022988,0.9126436781609195,0.08735632183908049,146.0,1.0,0.31800391389432486,0.2958572283209673,10.0,0.263157894736842,47.0,158.0,12.0,71,4.276666119016055,1
TF_inst387001.rcp,30.0,4.0,5.8,2.83313724811677,174.0,28.0,0.06436781609195402,0.42758620689655175,0.5724137931034483,82.0,1.0,0.5436456996148908,0.5075485276383864,27.0,0.10843373493975902,45.0,95.0,13.0,60,4.110873864173311,1
TF_inst388001.rcp,30.0,4.0,5.6,2.6280537792569367,168.0,49.0,0.11264367816091954,0.7701149425287356,0.22988505747126442,81.0,1.0,0.5705467372134039,0.55450884849033,30.0,0.29999999999999993,47.0,111.0,30.0,4855,8.487970332739334,1
TF_inst389001.rcp,30.0,4.0,5.166666666666667,3.088509169306267,155.0,51.0,0.11724137931034483,0.20689655172413793,0.7931034482758621,35.0,1.0,1.3682539682539683,1.2145937395937396,83.0,0.24057971014492754,48.0,82.0,34.0,50217,10.824128807147542,0
TF_inst390001.rcp,30.0,4.0,5.933333333333334,2.1898756940875788,178.0,78.0,0.1793103448275862,0.4827586206896552,0.5172413793103448,42.0,1.0,1.1105442176870748,1.06340456222975,43.0,0.19111111111111115,47.0,78.0,31.0,46628,10.749977944151007,0
TF_inst39001.rcp,30.0,4.0,5.8,2.83313724811677,174.0,28.0,0.06436781609195402,0.42758620689655175,0.5724137931034483,82.0,0.5,0.28780487804878047,0.24540989159891602,8.0,0.0321285140562249,24.0,82.0,0.0,32,3.4965075614664802,1
TF_inst391001.rcp,30.0,4.0,5.333333333333333,2.573367875415838,160.0,29.0,0.06666666666666667,0.7609195402298851,0.23908045977011494,137.0,1.0,0.31386861313868614,0.2883369463805499,18.0,0.17307692307692307,43.0,139.0,2.0,32,3.4965075614664802,1
TF_inst392001.rcp,30.0,4.0,5.966666666666667,2.5097587312108085,179.0,34.0,0.07816091954022988,0.9126436781609195,0.08735632183908049,146.0,1.0,0.33843674456083805,0.3115152784257178,8.0,0.21052631578947362,50.0,146.0,0.0,32,3.4965075614664802,1
TF_inst393001.rcp,30.0,4.0,5.8,2.83313724811677,174.0,28.0,0.06436781609195402,0.42758620689655175,0.5724137931034483,82.0,1.0,0.5995934959349594,0.520497801174385,49.0,0.1967871485943775,50.0,109.0,27.0,784,6.665683717782408,1
TF_inst394001.rcp,30.0,4.0,5.6,2.6280537792569367,168.0,49.0,0.11264367816091954,0.7701149425287356,0.22988505747126442,81.0,1.0,0.5613652868554829,0.5247865575479954,25.0,0.24999999999999992,46.0,109.0,28.0,3453,8.147288258706624,1
TF_inst395001.rcp,30.0,4.0,5.166666666666667,3.088509169306267,155.0,51.0,0.11724137931034483,0.20689655172413793,0.7931034482758621,35.0,1.0,1.189010989010989,1.0814030740501328,61.0,0.17681159420289855,42.0,72.0,30.0,39442,10.582611870732505,0
TF_inst396001.rcp,30.0,4.0,5.933333333333334,2.1898756940875788,178.0,78.0,0.1793103448275862,0.4827586206896552,0.5172413793103448,42.0,1.0,1.0297619047619047,0.9870300417175417,46.0,0.20444444444444446,44.0,85.0,41.0,50311,10.82599889622334,0
TF_inst397001.rcp,30.0,4.0,5.333333333333333,2.573367875415838,160.0,29.0,0.06666666666666667,0.7609195402298851,0.23908045977011494,137.0,1.0,0.31386861313868614,0.2725499485307879,21.0,0.20192307692307693,43.0,138.0,1.0,32,3.4965075614664802,1
TF_inst398001.rcp,30.0,4.0,5.966666666666667,2.5097587312108085,179.0,34.0,0.07816091954022988,0.9126436781609195,0.08735632183908049,146.0,1.0,0.3201153568853641,0.2966161084690152,11.0,0.2894736842105262,47.0,156.0,10.0,32,3.4965075614664802,1
TF_inst399001.rcp,30.0,4.0,5.8,2.83313724811677,174.0,28.0,0.06436781609195402,0.42758620689655175,0.5724137931034483,82.0,1.0,0.6123234916559692,0.5381457572166815,75.0,0.3012048192771084,51.0,111.0,29.0,31817,10.367787446365185,0
TF_inst400001.rcp,30.0,4.0,5.6,2.6280537792569367,168.0,49.0,0.11264367816091954,0.7701149425287356,0.22988505747126442,81.0,1.0,0.5869809203142536,0.5257575757575758,25.0,0.24999999999999992,48.0,112.0,31.0,7823,8.964951211714654,1
TF_inst40001.rcp,30.0,4.0,5.6,2.6280537792569367,168.0,49.0,0.11264367816091954,0.7701149425287356,0.22988505747126442,81.0,0.5,0.28669410150891633,0.24609955959858493,3.0,0.029999999999999992,24.0,81.0,0.0,32,3.4965075614664802,1
TF_inst4001.rcp,30.0,4.0,5.6,2.6280537792569367,168.0,49.0,0.11264367816091954,0.7701149425287356,0.22988505747126442,81.0,0.5,0.2828282828282828,0.24363862799535313,0.0,0.0,23.0,81.0,0.0,32,3.4965075614664802,1
TF_inst401001.rcp,30.0,4.0,5.166666666666667,3.088509169306267,155.0,51.0,0.11724137931034483,0.20689655172413793,0.7931034482758621,35.0,1.0,1.2767857142857142,1.1412821859513036,99.0,0.28695652173913044,45.0,84.0,39.0,42367,10.65414863929668,0
TF_inst402001.rcp,30.0,4.0,5.933333333333334,2.1898756940875788,178.0,78.0,0.1793103448275862,0.4827586206896552,0.5172413793103448,42.0,1.0,1.129251700680272,1.0624484642341785,62.0,0.2755555555555556,48.0,95.0,47.0,48050,10.780018225836406,0
TF_inst403001.rcp,30.0,4.0,5.333333333333333,2.573367875415838,160.0,29.0,0.06666666666666667,0.7609195402298851,0.23908045977011494,137.0,1.0,0.2959522229595222,0.28266897336240404,33.0,0.3173076923076923,41.0,139.0,2.0,747,6.617402977974478,1
TF_inst404001.rcp,30.0,4.0,5.966666666666667,2.5097587312108085,179.0,34.0,0.07816091954022988,0.9126436781609195,0.08735632183908049,146.0,1.0,0.3321917808219178,0.3245440617421511,13.0,0.34210526315789463,49.0,153.0,7.0,82,4.418840607796598,1
TF_inst405001.rcp,30.0,4.0,5.8,2.83313724811677,174.0,28.0,0.06436781609195402,0.42758620689655175,0.5724137931034483,82.0,1.0,0.6036585365853658,0.5663117049830786,70.0,0.2811244979919678,50.0,104.0,22.0,32249,10.381273322223919,0
TF_inst406001.rcp,30.0,4.0,5.6,2.6280537792569367,168.0,49.0,0.11264367816091954,0.7701149425287356,0.22988505747126442,81.0,1.0,0.5617283950617284,0.5086852689793867,10.0,0.09999999999999998,46.0,101.0,20.0,309,5.736572297479192,1
TF_inst407001.rcp,30.0,4.0,5.166666666666667,3.088509169306267,155.0,51.0,0.11724137931034483,0.20689655172413793,0.7931034482758621,35.0,1.0,1.2263736263736265,1.0941475191475192,67.0,0.19420289855072465,43.0,67.0,24.0,44409,10.701219948286148,0
TF_inst408001.rcp,30.0,4.0,5.933333333333334,2.1898756940875788,178.0,78.0,0.1793103448275862,0.4827586206896552,0.5172413793103448,42.0,1.0,1.1825396825396826,1.0796381980592507,45.0,0.20000000000000004,50.0,78.0,28.0,50400,10.827766295132466,0
TF_inst409001.rcp,30.0,4.0,5.333333333333333,2.573367875415838,160.0,29.0,0.06666666666666667,0.7609195402298851,0.23908045977011494,137.0,1.0,0.3082537900056148,0.29053050931652546,27.0,0.25961538461538464,43.0,147.0,10.0,32,3.4965075614664802,1
TF_inst410001.rcp,30.0,4.0,5.966666666666667,2.5097587312108085,179.0,34.0,0.07816091954022988,0.9126436781609195,0.08735632183908049,146.0,1.0,0.3458904109589041,0.30691901563048823,6.0,0.1578947368421052,51.0,146.0,0.0,32,3.4965075614664802,1
TF_inst41001.rcp,30.0,4.0,5.166666666666667,3.088509169306267,155.0,51.0,0.11724137931034483,0.20689655172413793,0.7931034482758621,35.0,0.5,0.7194805194805195,0.5790642690642691,15.0,0.043478260869565216,26.0,35.0,0.0,20257,9.916305056246742,1
TF_inst411001.rcp,30.0,4.0,5.8,2.83313724811677,174.0,28.0,0.06436781609195402,0.42758620689655175,0.5724137931034483,82.0,1.0,0.5329985652797704,0.49288806665156437,77.0,0.3092369477911646,44.0,92.0,10.0,31535,10.358885029392502,0
TF_inst412001.rcp,30.0,4.0,5.6,2.6280537792569367,168.0,49.0,0.11264367816091954,0.7701149425287356,0.22988505747126442,81.0,1.0,0.5781893004115226,0.5288065843621399,16.0,0.15999999999999995,47.0,100.0,19.0,75,4.330733340286331,1
TF_inst413001.rcp,30.0,4.0,5.166666666666667,3.088509169306267,155.0,51.0,0.11724137931034483,0.20689655172413793,0.7931034482758621,35.0,1.0,1.2813186813186814,1.0880167451596023,62.0,0.17971014492753623,45.0,75.0,30.0,44464,10.70245764183374,0
TF_inst414001.rcp,30.0,4.0,5.933333333333334,2.1898756940875788,178.0,78.0,0.1793103448275862,0.4827586206896552,0.5172413793103448,42.0,1.0,1.0194805194805194,0.9992406716090927,66.0,0.2933333333333334,43.0,81.0,38.0,40331,10.604900477513105,0
TF_inst415001.rcp,30.0,4.0,5.333333333333333,2.573367875415838,160.0,29.0,0.06666666666666667,0.7609195402298851,0.23908045977011494,137.0,1.0,0.28916339135317237,0.28158432040491205,16.0,0.15384615384615385,40.0,138.0,1.0,32,3.4965075614664802,1
TF_inst416001.rcp,30.0,4.0,5.966666666666667,2.5097587312108085,179.0,34.0,0.07816091954022988,0.9126436781609195,0.08735632183908049,146.0,1.0,0.3367579908675799,0.3121004566210046,8.0,0.21052631578947362,50.0,158.0,12.0,32,3.4965075614664802,1
TF_inst417001.rcp,30.0,4.0,5.8,2.83313724811677,174.0,28.0,0.06436781609195402,0.42758620689655175,0.5724137931034483,82.0,1.0,0.5686777920410783,0.5234286867390205,50.0,0.2008032128514056,47.0,120.0,38.0,31396,10.3544676259307,0
TF_inst418001.rcp,30.0,4.0,5.6,2.6280537792569367,168.0,49.0,0.11264367816091954,0.7701149425287356,0.22988505747126442,81.0,1.0,0.5335097001763669,0.505952380952381,12.0,0.11999999999999997,44.0,95.0,14.0,169,5.135798437050262,1
TF_inst419001.rcp,30.0,4.0,5.166666666666667,3.088509169306267,155.0,51.0,0.11724137931034483,0.20689655172413793,0.7931034482758621,35.0,1.0,1.2,1.123300229182582,62.0,0.17971014492753623,42.0,75.0,33.0,46259,10.74203293578543,0
TF_inst420001.rcp,30.0,4.0,5.933333333333334,2.1898756940875788,178.0,78.0,0.1793103448275862,0.4827586206896552,0.5172413793103448,42.0,1.0,1.068922305764411,1.0314572488914595,38.0,0.16888888888888892,45.0,72.0,27.0,41901,10.643088837467957,0
TF_inst42001.rcp,30.0,4.0,5.933333333333334,2.1898756940875788,178.0,78.0,0.1793103448275862,0.4827586206896552,0.5172413793103448,42.0,0.5,0.5317460317460317,0.4719109866168689,14.0,0.06222222222222223,23.0,47.0,5.0,32,3.4965075614664802,1
TF_inst421001.rcp,30.0,4.0,5.333333333333333,2.573367875415838,160.0,29.0,0.06666666666666667,0.7609195402298851,0.23908045977011494,137.0,1.0,0.30802919708029197,0.2869351931203641,13.0,0.125,43.0,137.0,0.0,32,3.4965075614664802,1
TF_inst422001.rcp,30.0,4.0,5.966666666666667,2.5097587312108085,179.0,34.0,0.07816091954022988,0.9126436781609195,0.08735632183908049,146.0,1.0,0.33667017913593256,0.3060211406743941,13.0,0.34210526315789463,50.0,158.0,12.0,118,4.77912349311153,1
TF_inst423001.rcp,30.0,4.0,5.8,2.83313724811677,174.0,28.0,0.06436781609195402,0.42758620689655175,0.5724137931034483,82.0,1.0,0.6036585365853658,0.5477397983114446,55.0,0.22088353413654616,50.0,114.0,32.0,30552,10.327218159451137,0
TF_inst424001.rcp,30.0,4.0,5.6,2.6280537792569367,168.0,49.0,0.11264367816091954,0.7701149425287356,0.22988505747126442,81.0,1.0,0.5735992402659069,0.5222184980354916,21.0,0.20999999999999994,47.0,104.0,23.0,5106,8.538367426647644,1
TF_inst425001.rcp,30.0,4.0,5.166666666666667,3.088509169306267,155.0,51.0,0.11724137931034483,0.20689655172413793,0.7931034482758621,35.0,1.0,1.0232142857142856,0.9732753759398496,69.0,0.2,36.0,77.0,41.0,43741,10.686064017922497,0
TF_inst426001.rcp,30.0,4.0,5.933333333333334,2.1898756940875788,178.0,78.0,0.1793103448275862,0.4827586206896552,0.5172413793103448,42.0,1.0,1.132936507936508,1.0513038548752833,32.0,0.14222222222222225,48.0,74.0,26.0,48811,10.79573146325173,0
TF_inst427001.rcp,30.0,4.0,5.333333333333333,2.573367875415838,160.0,29.0,0.06666666666666667,0.7609195402298851,0.23908045977011494,137.0,1.0,0.3351581508515815,0.30313694820994086,21.0,0.20192307692307693,46.0,139.0,2.0,32,3.4965075614664802,1
TF_inst428001.rcp,30.0,4.0,5.966666666666667,2.5097587312108085,179.0,34.0,0.07816091954022988,0.9126436781609195,0.08735632183908049,146.0,1.0,0.3386130136986301,0.3031195440504969,6.0,0.1578947368421052,50.0,159.0,13.0,32,3.4965075614664802,1
TF_inst429001.rcp,30.0,4.0,5.8,2.83313724811677,174.0,28.0,0.06436781609195402,0.42758620689655175,0.5724137931034483,82.0,1.0,0.544425087108014,0.49711575687185444,44.0,0.17670682730923692,45.0,102.0,20.0,29535,10.293365137302578,0
TF_inst430001.rcp,30.0,4.0,5.6,2.6280537792569367,168.0,49.0,0.11264367816091954,0.7701149425287356,0.22988505747126442,81.0,1.0,0.5451092117758785,0.5109211775878443,17.0,0.16999999999999996,45.0,107.0,26.0,78,4.3694478524670215,1
TF_inst43001.rcp,30.0,4.0,5.333333333333333,2.573367875415838,160.0,29.0,0.06666666666666667,0.7609195402298851,0.23908045977011494,137.0,0.5,0.145985401459854,0.13108272506082724,5.0,0.04807692307692308,20.0,137.0,0.0,32,3.4965075614664802,1
TF_inst431001.rcp,30.0,4.0,5.166666666666667,3.088509169306267,155.0,51.0,0.11724137931034483,0.20689655172413793,0.7931034482758621,35.0,1.0,1.0857142857142856,1.0264583333333333,94.0,0.27246376811594203,38.0,75.0,37.0,47828,10.775387429075476,0
TF_inst432001.rcp,30.0,4.0,5.933333333333334,2.1898756940875788,178.0,78.0,0.1793103448275862,0.4827586206896552,0.5172413793103448,42.0,1.0,1.07703081232493,1.0426523639758933,57.0,0.25333333333333335,46.0,85.0,39.0,41504,10.633569180889136,0
TF_inst433001.rcp,30.0,4.0,5.333333333333333,2.573367875415838,160.0,29.0,0.06666666666666667,0.7609195402298851,0.23908045977011494,137.0,1.0,0.3126520681265207,0.29002465617965834,15.0,0.14423076923076922,43.0,144.0,7.0,32,3.4965075614664802,1
TF_inst434001.rcp,30.0,4.0,5.966666666666667,2.5097587312108085,179.0,34.0,0.07816091954022988,0.9126436781609195,0.08735632183908049,146.0,1.0,0.34967555875991346,0.3052233979388439,11.0,0.2894736842105262,52.0,151.0,5.0,64,4.174387269895637,1
TF_inst435001.rcp,30.0,4.0,5.8,2.83313724811677,174.0,28.0,0.06436781609195402,0.42758620689655175,0.5724137931034483,82.0,1.0,0.6018292682926829,0.5316140962161502,65.0,0.2610441767068273,50.0,108.0,26.0,279,5.634789603169249,1
TF_inst436001.rcp,30.0,4.0,5.6,2.6280537792569367,168.0,49.0,0.11264367816091954,0.7701149425287356,0.22988505747126442,81.0,1.0,0.5510071474983755,0.5193485851380588,16.0,0.15999999999999995,45.0,117.0,36.0,8815,9.084323531392696,1
TF_inst437001.rcp,30.0,4.0,5.166666666666667,3.088509169306267,155.0,51.0,0.11724137931034483,0.20689655172413793,0.7931034482758621,35.0,1.0,1.2673469387755103,1.1762451571537706,58.0,0.1681159420289855,45.0,68.0,23.0,35464,10.476301573636187,0
TF_inst438001.rcp,30.0,4.0,5.933333333333334,2.1898756940875788,178.0,78.0,0.1793103448275862,0.4827586206896552,0.5172413793103448,42.0,1.0,1.1130952380952381,1.023139579718527,46.0,0.20444444444444446,47.0,76.0,29.0,45954,10.73541793579221,0
TF_inst439001.rcp,30.0,4.0,5.333333333333333,2.573367875415838,160.0,29.0,0.06666666666666667,0.7609195402298851,0.23908045977011494,137.0,1.0,0.308815272318922,0.29504861254765213,23.0,0.22115384615384615,43.0,140.0,3.0,32,3.4965075614664802,1
TF_inst440001.rcp,30.0,4.0,5.966666666666667,2.5097587312108085,179.0,34.0,0.07816091954022988,0.9126436781609195,0.08735632183908049,146.0,1.0,0.3203371970495258,0.3034124004800375,6.0,0.1578947368421052,47.0,157.0,11.0,32,3.4965075614664802,1
TF_inst44001.rcp,30.0,4.0,5.966666666666667,2.5097587312108085,179.0,34.0,0.07816091954022988,0.9126436781609195,0.08735632183908049,146.0,0.5,0.16398066075745366,0.14649899130196745,6.0,0.1578947368421052,24.0,146.0,0.0,32,3.4965075614664802,1
TF_inst441001.rcp,30.0,4.0,5.8,2.83313724811677,174.0,28.0,0.06436781609195402,0.42758620689655175,0.5724137931034483,82.0,1.0,0.6032520325203252,0.5629573170731708,61.0,0.24497991967871482,50.0,120.0,38.0,31733,10.365143940294034,0
TF_inst442001.rcp,30.0,4.0,5.6,2.6280537792569367,168.0,49.0,0.11264367816091954,0.7701149425287356,0.22988505747126442,81.0,1.0,0.5654320987654321,0.5166303558460421,23.0,0.22999999999999993,46.0,103.0,22.0,733,6.598509028614515,1
TF_inst443001.rcp,30.0,4.0,5.166666666666667,3.088509169306267,155.0,51.0,0.11724137931034483,0.20689655172413793,0.7931034482758621,35.0,1.0,1.1766233766233767,1.1256576756576755,81.0,0.23478260869565218,42.0,70.0,28.0,39698,10.589081277441158,0
TF_inst444001.rcp,30.0,4.0,5.933333333333334,2.1898756940875788,178.0,78.0,0.1793103448275862,0.4827586206896552,0.5172413793103448,42.0,1.0,1.0952380952380953,0.9905649905649907,39.0,0.17333333333333337,46.0,81.0,35.0,38742,10.5647053733019,0
TF_inst445001.rcp,30.0,4.0,5.333333333333333,2.573367875415838,160.0,29.0,0.06666666666666667,0.7609195402298851,0.23908045977011494,137.0,1.0,0.31611454239191467,0.2999401753963798,9.0,0.08653846153846154,44.0,143.0,6.0,32,3.4965075614664802,1
TF_inst446001.rcp,30.0,4.0,5.966666666666667,2.5097587312108085,179.0,34.0,0.07816091954022988,0.9126436781609195,0.08735632183908049,146.0,1.0,0.3256849315068493,0.30161479502232924,4.0,0.10526315789473681,48.0,146.0,0.0,32,3.4965075614664802,1
TF_inst447001.rcp,30.0,4.0,5.8,2.83313724811677,174.0,28.0,0.06436781609195402,0.42758620689655175,0.5724137931034483,82.0,1.0,0.5871951219512195,0.5560228359636536,65.0,0.2610441767068273,49.0,118.0,36.0,28700,10.264687244346277,0
TF_inst448001.rcp,30.0,4.0,5.6,2.6280537792569367,168.0,49.0,0.11264367816091954,0.7701149425287356,0.22988505747126442,81.0,1.0,0.49122807017543857,0.45511154429283085,23.0,0.22999999999999993,40.0,108.0,27.0,6278,8.744966011114109,1
TF_inst449001.rcp,30.0,4.0,5.166666666666667,3.088509169306267,155.0,51.0,0.11724137931034483,0.20689655172413793,0.7931034482758621,35.0,1.0,1.1321428571428571,1.0755699344515133,64.0,0.1855072463768116,40.0,66.0,26.0,36644,10.509032272359951,0
TF_inst450001.rcp,30.0,4.0,5.933333333333334,2.1898756940875788,178.0,78.0,0.1793103448275862,0.4827586206896552,0.5172413793103448,42.0,1.0,1.1095238095238096,1.0727874373433584,61.0,0.27111111111111114,47.0,87.0,40.0,46579,10.748926543438332,0
TF_inst45001.rcp,30.0,4.0,5.8,2.83313724811677,174.0,28.0,0.06436781609195402,0.42758620689655175,0.5724137931034483,82.0,0.5,0.2771618625277162,0.2541755500596964,16.0,0.0642570281124498,23.0,95.0,13.0,32,3.4965075614664802,1
TF_inst451001.rcp,30.0,4.0,5.333333333333333,2.573367875415838,160.0,29.0,0.06666666666666667,0.7609195402298851,0.23908045977011494,137.0,1.0,0.3031117940837495,0.2903080580099885,24.0,0.23076923076923078,42.0,151.0,14.0,32,3.4965075614664802,1
TF_inst452001.rcp,30.0,4.0,5.966666666666667,2.5097587312108085,179.0,34.0,0.07816091954022988,0.9126436781609195,0.08735632183908049,146.0,1.0,0.3082191780821918,0.2906317591925018,3.0,0.0789473684210526,45.0,161.0,15.0,32,3.4965075614664802,1
TF_inst453001.rcp,30.0,4.0,5.8,2.83313724811677,174.0,28.0,0.06436781609195402,0.42758620689655175,0.5724137931034483,82.0,1.0,0.5121951219512195,0.4841142490372272,41.0,0.1646586345381526,42.0,100.0,18.0,37,3.6375861597263857,1
TF_inst454001.rcp,30.0,4.0,5.6,2.6280537792569367,168.0,49.0,0.11264367816091954,0.7701149425287356,0.22988505747126442,81.0,1.0,0.5768799102132436,0.5162621586232697,23.0,0.22999999999999993,47.0,98.0,17.0,5369,8.58858318750291,1
TF_inst455001.rcp,30.0,4.0,5.166666666666667,3.088509169306267,155.0,51.0,0.11724137931034483,0.20689655172413793,0.7931034482758621,35.0,1.0,1.1942857142857144,1.129512987012987,44.0,0.12753623188405797,42.0,78.0,36.0,42741,10.662937322350137,0
TF_inst456001.rcp,30.0,4.0,5.933333333333334,2.1898756940875788,178.0,78.0,0.1793103448275862,0.4827586206896552,0.5172413793103448,42.0,1.0,1.1130952380952381,1.0738222425722426,60.0,0.2666666666666667,47.0,93.0,46.0,48685,10.793146793409365,0
TF_inst457001.rcp,30.0,4.0,5.333333333333333,2.573367875415838,160.0,29.0,0.06666666666666667,0.7609195402298851,0.23908045977011494,137.0,1.0,0.31611454239191467,0.29165029009919524,38.0,0.36538461538461536,44.0,146.0,9.0,898,6.80128303447162,1
TF_inst458001.rcp,30.0,4.0,5.966666666666667,2.5097587312108085,179.0,34.0,0.07816091954022988,0.9126436781609195,0.08735632183908049,146.0,1.0,0.33521353746978244,0.30696592388272487,3.0,0.0789473684210526,49.0,146.0,0.0,32,3.4965075614664802,1
TF_inst459001.rcp,30.0,4.0,5.8,2.83313724811677,174.0,28.0,0.06436781609195402,0.42758620689655175,0.5724137931034483,82.0,1.0,0.6367595818815331,0.5422592770691768,37.0,0.14859437751004015,53.0,106.0,24.0,5149,8.546751993657782,1
TF_inst460001.rcp,30.0,4.0,5.6,2.6280537792569367,168.0,49.0,0.11264367816091954,0.7701149425287356,0.22988505747126442,81.0,1.0,0.5599128540305011,0.5209755507141127,17.0,0.16999999999999996,46.0,90.0,9.0,1695,7.4360278163518485,1
TF_inst46001.rcp,30.0,4.0,5.6,2.6280537792569367,168.0,49.0,0.11264367816091954,0.7701149425287356,0.22988505747126442,81.0,0.5,0.25925925925925924,0.2432216362976167,5.0,0.04999999999999999,21.0,85.0,4.0,32,3.4965075614664802,1
TF_inst461001.rcp,30.0,4.0,5.166666666666667,3.088509169306267,155.0,51.0,0.11724137931034483,0.20689655172413793,0.7931034482758621,35.0,1.0,1.051948051948052,0.9871035543403964,56.0,0.16231884057971013,37.0,61.0,24.0,47857,10.775993572039262,0
TF_inst462001.rcp,30.0,4.0,5.933333333333334,2.1898756940875788,178.0,78.0,0.1793103448275862,0.4827586206896552,0.5172413793103448,42.0,1.0,1.1554621848739495,1.0620376355670473,52.0,0.23111111111111113,49.0,86.0,37.0,41580,10.635398611146856,0
TF_inst463001.rcp,30.0,4.0,5.333333333333333,2.573367875415838,160.0,29.0,0.06666666666666667,0.7609195402298851,0.23908045977011494,137.0,1.0,0.3288726682887267,0.3098662167468522,12.0,0.11538461538461539,46.0,138.0,1.0,32,3.4965075614664802,1
TF_inst464001.rcp,30.0,4.0,5.966666666666667,2.5097587312108085,179.0,34.0,0.07816091954022988,0.9126436781609195,0.08735632183908049,146.0,1.0,0.32938978829389787,0.30750705780923343,4.0,0.10526315789473681,49.0,155.0,9.0,32,3.4965075614664802,1
TF_inst465001.rcp,30.0,4.0,5.8,2.83313724811677,174.0,28.0,0.06436781609195402,0.42758620689655175,0.5724137931034483,82.0,1.0,0.5558408215661104,0.5190233587016322,54.0,0.21686746987951805,46.0,108.0,26.0,29666,10.2977905959381,0
TF_inst466001.rcp,30.0,4.0,5.6,2.6280537792569367,168.0,49.0,0.11264367816091954,0.7701149425287356,0.22988505747126442,81.0,1.0,0.5761316872427984,0.5278682818156503,32.0,0.3199999999999999,47.0,103.0,22.0,56645,10.94457665496057,0
TF_inst467001.rcp,30.0,4.0,5.166666666666667,3.088509169306267,155.0,51.0,0.11724137931034483,0.20689655172413793,0.7931034482758621,35.0,1.0,1.2,1.1181302521008405,80.0,0.2318840579710145,42.0,81.0,39.0,48436,10.788019263461779,0
TF_inst468001.rcp,30.0,4.0,5.933333333333334,2.1898756940875788,178.0,78.0,0.1793103448275862,0.4827586206896552,0.5172413793103448,42.0,1.0,1.1888888888888889,1.1027777777777779,45.0,0.20000000000000004,50.0,89.0,39.0,44357,10.700048354785155,0
TF_inst469001.rcp,30.0,4.0,5.333333333333333,2.573367875415838,160.0,29.0,0.06666666666666667,0.7609195402298851,0.23908045977011494,137.0,1.0,0.3075425790754258,0.2873562264985623,10.0,0.09615384615384616,43.0,142.0,5.0,32,3.4965075614664802,1
TF_inst470001.rcp,30.0,4.0,5.966666666666667,2.5097587312108085,179.0,34.0,0.07816091954022988,0.9126436781609195,0.08735632183908049,146.0,1.0,0.3584474885844749,0.30864012557077625,7.0,0.1842105263157894,53.0,160.0,14.0,80,4.394449154672439,1
TF_inst47001.rcp,30.0,4.0,5.166666666666667,3.088509169306267,155.0,51.0,0.11724137931034483,0.20689655172413793,0.7931034482758621,35.0,0.5,0.7318681318681318,0.5835622710622711,21.0,0.06086956521739131,26.0,53.0,18.0,33237,10.411449078687468,0
TF_inst471001.rcp,30.0,4.0,5.8,2.83313724811677,174.0,28.0,0.06436781609195402,0.42758620689655175,0.5724137931034483,82.0,1.0,0.5764966740576497,0.5458317935452082,69.0,0.2771084337349397,48.0,109.0,27.0,32633,10.393109968651016,0
TF_inst472001.rcp,30.0,4.0,5.6,2.6280537792569367,168.0,49.0,0.11264367816091954,0.7701149425287356,0.22988505747126442,81.0,1.0,0.5705467372134039,0.5161890064667842,19.0,0.18999999999999995,47.0,125.0,44.0,18101,9.803777708387116,1
TF_inst473001.rcp,30.0,4.0,5.166666666666667,3.088509169306267,155.0,51.0,0.11724137931034483,0.20689655172413793,0.7931034482758621,35.0,1.0,1.2714285714285714,1.148720397249809,71.0,0.20579710144927535,45.0,66.0,21.0,40246,10.60279074590741,0
TF_inst474001.rcp,30.0,4.0,5.933333333333334,2.1898756940875788,178.0,78.0,0.1793103448275862,0.4827586206896552,0.5172413793103448,42.0,1.0,1.141025641025641,1.093315467212526,38.0,0.16888888888888892,48.0,80.0,32.0,42628,10.660290051825195,0
TF_inst475001.rcp,30.0,4.0,5.333333333333333,2.573367875415838,160.0,29.0,0.06666666666666667,0.7609195402298851,0.23908045977011494,137.0,1.0,0.3151567196221554,0.29436797459017294,21.0,0.20192307692307693,44.0,138.0,1.0,32,3.4965075614664802,1
TF_inst476001.rcp,30.0,4.0,5.966666666666667,2.5097587312108085,179.0,34.0,0.07816091954022988,0.9126436781609195,0.08735632183908049,146.0,1.0,0.3227739726027397,0.30757925008781173,12.0,0.3157894736842104,48.0,164.0,18.0,32,3.4965075614664802,1
TF_inst477001.rcp,30.0,4.0,5.8,2.83313724811677,174.0,28.0,0.06436781609195402,0.42758620689655175,0.5724137931034483,82.0,1.0,0.6144465290806754,0.5471686956603516,54.0,0.21686746987951805,51.0,113.0,31.0,34134,10.438078529852381,0
TF_inst478001.rcp,30.0,4.0,5.6,2.6280537792569367,168.0,49.0,0.11264367816091954,0.7701149425287356,0.22988505747126442,81.0,1.0,0.5693536673928831,0.5042762475360515,19.0,0.18999999999999995,47.0,100.0,19.0,1009,6.917705609835305,1
TF_inst479001.rcp,30.0,4.0,5.166666666666667,3.088509169306267,155.0,51.0,0.11724137931034483,0.20689655172413793,0.7931034482758621,35.0,1.0,1.262857142857143,1.1432916850950905,47.0,0.13623188405797101,45.0,75.0,30.0,36974,10.517997287579,0
TF_inst480001.rcp,30.0,4.0,5.933333333333334,2.1898756940875788,178.0,78.0,0.1793103448275862,0.4827586206896552,0.5172413793103448,42.0,1.0,2.2106227106227108,2.131606488749346,194.0,0.8622222222222223,93.0,150.0,57.0,63191,11.053932989844254,0
TF_inst48001.rcp,30.0,4.0,5.933333333333334,2.1898756940875788,178.0,78.0,0.1793103448275862,0.4827586206896552,0.5172413793103448,42.0,0.5,0.5952380952380952,0.5557501708817498,5.0,0.022222222222222227,25.0,50.0,8.0,4648,8.444407421690585,1
TF_inst481001.rcp,30.0,4.0,5.333333333333333,2.573367875415838,160.0,29.0,0.06666666666666667,0.7609195402298851,0.23908045977011494,137.0,1.0,0.637643378519291,0.5778455121520816,99.0,0.9519230769230769,88.0,154.0,17.0,52605,10.870585460661555,0
TF_inst482001.rcp,30.0,4.0,5.966666666666667,2.5097587312108085,179.0,34.0,0.07816091954022988,0.9126436781609195,0.08735632183908049,146.0,1.0,0.6232876712328768,0.6061643835616438,34.0,0.8947368421052628,91.0,179.0,33.0,31384,10.354085350751632,1
TF_inst483001.rcp,30.0,4.0,5.8,2.83313724811677,174.0,28.0,0.06436781609195402,0.42758620689655175,0.5724137931034483,82.0,1.0,1.1088850174216027,1.059995644599303,218.0,0.8755020080321284,91.0,170.0,79.0,45500,10.725489582719506,0
TF_inst484001.rcp,30.0,4.0,5.6,2.6280537792569367,168.0,49.0,0.11264367816091954,0.7701149425287356,0.22988505747126442,81.0,1.0,1.037037037037037,0.9654695856450244,87.0,0.8699999999999998,84.0,159.0,75.0,57891,10.966334484757494,0
TF_inst485001.rcp,30.0,4.0,5.166666666666667,3.088509169306267,155.0,51.0,0.11724137931034483,0.20689655172413793,0.7931034482758621,35.0,1.0,2.4646616541353383,2.33952850877193,324.0,0.9391304347826087,87.0,146.0,59.0,63853,11.064354506326959,0
TF_inst486001.rcp,30.0,4.0,5.933333333333334,2.1898756940875788,178.0,78.0,0.1793103448275862,0.4827586206896552,0.5172413793103448,42.0,1.0,2.331845238095238,2.1269918403964456,218.0,0.968888888888889,98.0,168.0,70.0,63793,11.06341442102333,0
TF_inst487001.rcp,30.0,4.0,5.333333333333333,2.573367875415838,160.0,29.0,0.06666666666666667,0.7609195402298851,0.23908045977011494,137.0,1.0,0.6332116788321168,0.5982075214451319,98.0,0.9423076923076923,87.0,160.0,23.0,49271,10.80511124736688,0
TF_inst488001.rcp,30.0,4.0,5.966666666666667,2.5097587312108085,179.0,34.0,0.07816091954022988,0.9126436781609195,0.08735632183908049,146.0,1.0,0.6374755381604696,0.6136677309712638,34.0,0.8947368421052628,94.0,173.0,27.0,5455,8.604471199523298,1
TF_inst489001.rcp,30.0,4.0,5.8,2.83313724811677,174.0,28.0,0.06436781609195402,0.42758620689655175,0.5724137931034483,82.0,1.0,1.0682926829268293,1.0203760162601627,222.0,0.8915662650602408,88.0,167.0,79.0,52912,10.87640433434749,0
TF_inst490001.rcp,30.0,4.0,5.6,2.6280537792569367,168.0,49.0,0.11264367816091954,0.7701149425287356,0.22988505747126442,81.0,1.0,1.1054994388327721,1.0386572275461166,95.0,0.9499999999999997,90.0,158.0,68.0,64324,11.071703637149945,0
TF_inst49001.rcp,30.0,4.0,5.333333333333333,2.573367875415838,160.0,29.0,0.06666666666666667,0.7609195402298851,0.23908045977011494,137.0,0.5,0.17323600973236009,0.15462474201429252,5.0,0.04807692307692308,24.0,138.0,1.0,32,3.4965075614664802,1
TF_inst491001.rcp,30.0,4.0,5.166666666666667,3.088509169306267,155.0,51.0,0.11724137931034483,0.20689655172413793,0.7931034482758621,35.0,1.0,2.311111111111111,2.224584500466854,319.0,0.9246376811594202,81.0,134.0,53.0,56570,10.943251765395033,0
TF_inst492001.rcp,30.0,4.0,5.933333333333334,2.1898756940875788,178.0,78.0,0.1793103448275862,0.4827586206896552,0.5172413793103448,42.0,1.0,2.183982683982684,2.141549422799423,210.0,0.9333333333333335,92.0,163.0,71.0,70223,11.159445411928015,0
TF_inst493001.rcp,30.0,4.0,5.333333333333333,2.573367875415838,160.0,29.0,0.06666666666666667,0.7609195402298851,0.23908045977011494,137.0,1.0,0.6332116788321168,0.5844392833443929,104.0,1.0,87.0,160.0,23.0,57174,10.953872018890982,0
TF_inst494001.rcp,30.0,4.0,5.966666666666667,2.5097587312108085,179.0,34.0,0.07816091954022988,0.9126436781609195,0.08735632183908049,146.0,1.0,0.6382316313823163,0.6168164027753069,33.0,0.8684210526315786,94.0,173.0,27.0,28160,10.2456933210051,1
TF_inst495001.rcp,30.0,4.0,5.8,2.83313724811677,174.0,28.0,0.06436781609195402,0.42758620689655175,0.5724137931034483,82.0,1.0,1.0918220946915351,1.04131300861413,218.0,0.8755020080321284,90.0,155.0,65.0,45099,10.71663752549077,0
TF_inst496001.rcp,30.0,4.0,5.6,2.6280537792569367,168.0,49.0,0.11264367816091954,0.7701149425287356,0.22988505747126442,81.0,1.0,1.1319038336582197,1.0555909976962607,89.0,0.8899999999999998,92.0,164.0,72.0,68960,11.141296406392527,0
TF_inst497001.rcp,30.0,4.0,5.166666666666667,3.088509169306267,155.0,51.0,0.11724137931034483,0.20689655172413793,0.7931034482758621,35.0,1.0,2.4087912087912087,2.3233589939472292,298.0,0.863768115942029,85.0,135.0,50.0,61839,11.032305683261304,0
TF_inst498001.rcp,30.0,4.0,5.933333333333334,2.1898756940875788,178.0,78.0,0.1793103448275862,0.4827586206896552,0.5172413793103448,42.0,1.0,2.1984126984126986,2.1484623015873012,221.0,0.9822222222222223,93.0,167.0,74.0,58144,10.970695169727144,0
TF_inst499001.rcp,30.0,4.0,5.333333333333333,2.573367875415838,160.0,29.0,0.06666666666666667,0.7609195402298851,0.23908045977011494,137.0,1.0,0.6318430656934306,0.6043111313868613,103.0,0.9903846153846154,87.0,160.0,23.0,50846,10.836576402686164,0
TF_inst500001.rcp,30.0,4.0,5.966666666666667,2.5097587312108085,179.0,34.0,0.07816091954022988,0.9126436781609195,0.08735632183908049,146.0,1.0,0.5962509012256669,0.5929302601538092,38.0,0.9999999999999997,88.0,179.0,33.0,76660,11.24714838346204,0
TF_inst50001.rcp,30.0,4.0,5.966666666666667,2.5097587312108085,179.0,34.0,0.07816091954022988,0.9126436781609195,0.08735632183908049,146.0,0.5,0.1780821917808219,0.15134936454754938,1.0,0.026315789473684202,26.0,146.0,0.0,32,3.4965075614664802,1
TF_inst5001.rcp,30.0,4.0,5.166666666666667,3.088509169306267,155.0,51.0,0.11724137931034483,0.20689655172413793,0.7931034482758621,35.0,0.5,0.6571428571428571,0.582020757020757,6.0,0.017391304347826087,23.0,38.0,3.0,26765,10.19488770435632,1
TF_inst501001.rcp,30.0,4.0,5.8,2.83313724811677,174.0,28.0,0.06436781609195402,0.42758620689655175,0.5724137931034483,82.0,1.0,1.2032520325203253,1.1014856118955927,234.0,0.9397590361445782,99.0,169.0,70.0,61446,11.02593029362343,0
TF_inst502001.rcp,30.0,4.0,5.6,2.6280537792569367,168.0,49.0,0.11264367816091954,0.7701149425287356,0.22988505747126442,81.0,1.0,1.0891632373113855,1.0274953602840313,94.0,0.9399999999999997,89.0,164.0,75.0,64413,11.073086279770727,0
TF_inst503001.rcp,30.0,4.0,5.166666666666667,3.088509169306267,155.0,51.0,0.11724137931034483,0.20689655172413793,0.7931034482758621,35.0,1.0,2.3836734693877553,2.2699355531686356,309.0,0.8956521739130435,84.0,136.0,52.0,66342,11.102593533064349,0
TF_inst504001.rcp,30.0,4.0,5.933333333333334,2.1898756940875788,178.0,78.0,0.1793103448275862,0.4827586206896552,0.5172413793103448,42.0,1.0,2.126984126984127,2.0898602389673817,207.0,0.9200000000000002,90.0,157.0,67.0,59168,10.988153035071614,0
TF_inst505001.rcp,30.0,4.0,5.333333333333333,2.573367875415838,160.0,29.0,0.06666666666666667,0.7609195402298851,0.23908045977011494,137.0,1.0,0.5891553701772679,0.5685830592764899,98.0,0.9423076923076923,81.0,155.0,18.0,49566,10.811080568707087,0
TF_inst506001.rcp,30.0,4.0,5.966666666666667,2.5097587312108085,179.0,34.0,0.07816091954022988,0.9126436781609195,0.08735632183908049,146.0,1.0,0.6326276463262764,0.6179399437780836,34.0,0.8947368421052628,93.0,179.0,33.0,45553,10.726653714419808,1
TF_inst507001.rcp,30.0,4.0,5.8,2.83313724811677,174.0,28.0,0.06436781609195402,0.42758620689655175,0.5724137931034483,82.0,1.0,1.1362984218077474,1.071364094418255,230.0,0.9236947791164658,94.0,166.0,72.0,53221,10.882227123682771,0
TF_inst508001.rcp,30.0,4.0,5.6,2.6280537792569367,168.0,49.0,0.11264367816091954,0.7701149425287356,0.22988505747126442,81.0,1.0,1.0885984023238926,1.0560021052940443,98.0,0.9799999999999998,89.0,168.0,79.0,72385,11.18976818950964,0
TF_inst509001.rcp,30.0,4.0,5.166666666666667,3.088509169306267,155.0,51.0,0.11724137931034483,0.20689655172413793,0.7931034482758621,35.0,1.0,2.3653061224489798,2.3290816326530615,316.0,0.9159420289855073,83.0,150.0,67.0,64873,11.0802022060912,0
TF_inst510001.rcp,30.0,4.0,5.933333333333334,2.1898756940875788,178.0,78.0,0.1793103448275862,0.4827586206896552,0.5172413793103448,42.0,1.0,2.2514880952380953,2.1161316609977323,203.0,0.9022222222222224,95.0,144.0,49.0,55841,10.930281553413765,0
TF_inst51001.rcp,30.0,4.0,5.8,2.83313724811677,174.0,28.0,0.06436781609195402,0.42758620689655175,0.5724137931034483,82.0,0.5,0.2997967479674797,0.27552376485303315,10.0,0.04016064257028112,25.0,82.0,0.0,32,3.4965075614664802,1
TF_inst511001.rcp,30.0,4.0,5.333333333333333,2.573367875415838,160.0,29.0,0.06666666666666667,0.7609195402298851,0.23908045977011494,137.0,1.0,0.6231751824817519,0.5765532672923184,99.0,0.9519230769230769,86.0,160.0,23.0,48836,10.796243501276619,0
TF_inst512001.rcp,30.0,4.0,5.966666666666667,2.5097587312108085,179.0,34.0,0.07816091954022988,0.9126436781609195,0.08735632183908049,146.0,1.0,0.6671232876712329,0.6252273861682658,36.0,0.9473684210526312,98.0,179.0,33.0,76682,11.247435320024945,0
TF_inst513001.rcp,30.0,4.0,5.8,2.83313724811677,174.0,28.0,0.06436781609195402,0.42758620689655175,0.5724137931034483,82.0,1.0,1.0635888501742161,1.0303714473594316,240.0,0.9638554216867469,88.0,165.0,77.0,58052,10.969111665377257,0
TF_inst514001.rcp,30.0,4.0,5.6,2.6280537792569367,168.0,49.0,0.11264367816091954,0.7701149425287356,0.22988505747126442,81.0,1.0,1.059779077322937,1.0324773482059055,95.0,0.9499999999999997,86.0,166.0,80.0,63200,11.05407540279458,0
TF_inst515001.rcp,30.0,4.0,5.166666666666667,3.088509169306267,155.0,51.0,0.11724137931034483,0.20689655172413793,0.7931034482758621,35.0,1.0,2.346031746031746,2.156469102792632,314.0,0.9101449275362319,83.0,136.0,53.0,70305,11.160612422663181,0
TF_inst516001.rcp,30.0,4.0,5.933333333333334,2.1898756940875788,178.0,78.0,0.1793103448275862,0.4827586206896552,0.5172413793103448,42.0,1.0,2.2663690476190474,2.1272454975579977,214.0,0.9511111111111112,96.0,168.0,72.0,67097,11.113909516256243,0
TF_inst517001.rcp,30.0,4.0,5.333333333333333,2.573367875415838,160.0,29.0,0.06666666666666667,0.7609195402298851,0.23908045977011494,137.0,1.0,0.6121654501216545,0.5958935757065318,99.0,0.9519230769230769,84.0,160.0,23.0,53654,10.890329940361228,0
TF_inst518001.rcp,30.0,4.0,5.966666666666667,2.5097587312108085,179.0,34.0,0.07816091954022988,0.9126436781609195,0.08735632183908049,146.0,1.0,0.6462328767123288,0.6200071712914179,35.0,0.921052631578947,95.0,178.0,32.0,69348,11.146907006028343,1
TF_inst519001.rcp,30.0,4.0,5.8,2.83313724811677,174.0,28.0,0.06436781609195402,0.42758620689655175,0.5724137931034483,82.0,1.0,1.1292682926829267,1.0950803769401332,227.0,0.9116465863453814,93.0,170.0,77.0,46621,10.749827811712468,0
TF_inst520001.rcp,30.0,4.0,5.6,2.6280537792569367,168.0,49.0,0.11264367816091954,0.7701149425287356,0.22988505747126442,81.0,1.0,1.0682643427741467,1.048956691658217,89.0,0.8899999999999998,87.0,155.0,68.0,67213,11.1156368381462,0
TF_inst52001.rcp,30.0,4.0,5.6,2.6280537792569367,168.0,49.0,0.11264367816091954,0.7701149425287356,0.22988505747126442,81.0,0.5,0.30718954248366015,0.2596936922917315,5.0,0.04999999999999999,25.0,86.0,5.0,32,3.4965075614664802,1
TF_inst521001.rcp,30.0,4.0,5.166666666666667,3.088509169306267,155.0,51.0,0.11724137931034483,0.20689655172413793,0.7931034482758621,35.0,1.0,2.4,2.233231292517007,318.0,0.9217391304347826,84.0,135.0,51.0,67620,11.121673864676634,0
TF_inst522001.rcp,30.0,4.0,5.933333333333334,2.1898756940875788,178.0,78.0,0.1793103448275862,0.4827586206896552,0.5172413793103448,42.0,1.0,2.2948717948717947,2.1569199795302736,211.0,0.9377777777777779,97.0,167.0,70.0,61998,11.034873534864897,0
TF_inst523001.rcp,30.0,4.0,5.333333333333333,2.573367875415838,160.0,29.0,0.06666666666666667,0.7609195402298851,0.23908045977011494,137.0,1.0,0.6070559610705596,0.5851844703350177,99.0,0.9519230769230769,84.0,153.0,16.0,48873,10.797000836720295,0
TF_inst524001.rcp,30.0,4.0,5.966666666666667,2.5097587312108085,179.0,34.0,0.07816091954022988,0.9126436781609195,0.08735632183908049,146.0,1.0,0.6286950252343186,0.6078525323852203,29.0,0.7631578947368418,92.0,179.0,33.0,11679,9.365633256382218,1
TF_inst525001.rcp,30.0,4.0,5.8,2.83313724811677,174.0,28.0,0.06436781609195402,0.42758620689655175,0.5724137931034483,82.0,1.0,1.1699186991869919,1.0939756755867154,232.0,0.931726907630522,96.0,164.0,68.0,58824,10.982322213595562,0
TF_inst526001.rcp,30.0,4.0,5.6,2.6280537792569367,168.0,49.0,0.11264367816091954,0.7701149425287356,0.22988505747126442,81.0,1.0,1.0740740740740742,1.018925754458162,91.0,0.9099999999999997,87.0,158.0,71.0,66546,11.10566374391912,0
TF_inst527001.rcp,30.0,4.0,5.166666666666667,3.088509169306267,155.0,51.0,0.11724137931034483,0.20689655172413793,0.7931034482758621,35.0,1.0,2.299159663865546,2.1777404741801027,326.0,0.9449275362318841,81.0,142.0,61.0,77757,11.261356718638943,0
TF_inst528001.rcp,30.0,4.0,5.933333333333334,2.1898756940875788,178.0,78.0,0.1793103448275862,0.4827586206896552,0.5172413793103448,42.0,1.0,2.1746031746031744,2.1244866244866243,204.0,0.9066666666666667,92.0,153.0,61.0,58740,10.98089322878203,0
TF_inst529001.rcp,30.0,4.0,5.333333333333333,2.573367875415838,160.0,29.0,0.06666666666666667,0.7609195402298851,0.23908045977011494,137.0,1.0,0.6125304136253041,0.5859206183111293,95.0,0.9134615384615384,84.0,160.0,23.0,51475,10.848870958613556,0
TF_inst530001.rcp,30.0,4.0,5.966666666666667,2.5097587312108085,179.0,34.0,0.07816091954022988,0.9126436781609195,0.08735632183908049,146.0,1.0,0.6478310502283106,0.6147926179604262,37.0,0.9736842105263154,95.0,179.0,33.0,74076,11.212860371739787,0
TF_inst53001.rcp,30.0,4.0,5.166666666666667,3.088509169306267,155.0,51.0,0.11724137931034483,0.20689655172413793,0.7931034482758621,35.0,0.5,0.6952380952380952,0.5993697478991596,29.0,0.08405797101449275,25.0,56.0,21.0,30279,10.318242707551384,0
TF_inst531001.rcp,30.0,4.0,5.8,2.83313724811677,174.0,28.0,0.06436781609195402,0.42758620689655175,0.5724137931034483,82.0,1.0,1.1405648267008985,1.0807470913054993,233.0,0.9357429718875501,94.0,170.0,76.0,56444,10.941021991695647,0
TF_inst532001.rcp,30.0,4.0,5.6,2.6280537792569367,168.0,49.0,0.11264367816091954,0.7701149425287356,0.22988505747126442,81.0,1.0,1.110082304526749,1.0912802047061307,91.0,0.9099999999999997,90.0,163.0,73.0,64871,11.080171376624394,0
TF_inst533001.rcp,30.0,4.0,5.166666666666667,3.088509169306267,155.0,51.0,0.11724137931034483,0.20689655172413793,0.7931034482758621,35.0,1.0,2.275324675324675,2.1749066722750934,309.0,0.8956521739130435,80.0,141.0,61.0,68358,11.132528508684848,0
TF_inst534001.rcp,30.0,4.0,5.933333333333334,2.1898756940875788,178.0,78.0,0.1793103448275862,0.4827586206896552,0.5172413793103448,42.0,1.0,2.2698412698412698,2.1088174853274646,216.0,0.9600000000000001,96.0,166.0,70.0,65193,11.08512271914035,0
TF_inst535001.rcp,30.0,4.0,5.333333333333333,2.573367875415838,160.0,29.0,0.06666666666666667,0.7609195402298851,0.23908045977011494,137.0,1.0,0.5954118873826904,0.5644032795599991,95.0,0.9134615384615384,82.0,159.0,22.0,50726,10.834213592206538,0
TF_inst536001.rcp,30.0,4.0,5.966666666666667,2.5097587312108085,179.0,34.0,0.07816091954022988,0.9126436781609195,0.08735632183908049,146.0,1.0,0.6406124093473006,0.6131468836696475,33.0,0.8684210526315786,94.0,174.0,28.0,30305,10.319100991696107,1
TF_inst537001.rcp,30.0,4.0,5.8,2.83313724811677,174.0,28.0,0.06436781609195402,0.42758620689655175,0.5724137931034483,82.0,1.0,1.1294037940379404,1.0847361708911207,224.0,0.899598393574297,93.0,156.0,63.0,49722,10.814222881696587,0
TF_inst538001.rcp,30.0,4.0,5.6,2.6280537792569367,168.0,49.0,0.11264367816091954,0.7701149425287356,0.22988505747126442,81.0,1.0,1.101010101010101,0.9905481092981092,96.0,0.9599999999999997,90.0,160.0,70.0,66838,11.110042021496275,0
TF_inst539001.rcp,30.0,4.0,5.166666666666667,3.088509169306267,155.0,51.0,0.11724137931034483,0.20689655172413793,0.7931034482758621,35.0,1.0,2.4703296703296704,2.320467032967033,310.0,0.8985507246376812,87.0,135.0,48.0,65550,11.090583744605611,0
TF_inst540001.rcp,30.0,4.0,5.933333333333334,2.1898756940875788,178.0,78.0,0.1793103448275862,0.4827586206896552,0.5172413793103448,42.0,1.0,2.25,2.133074688208617,206.0,0.9155555555555557,95.0,159.0,64.0,62346,11.040470834473451,0
TF_inst54001.rcp,30.0,4.0,5.933333333333334,2.1898756940875788,178.0,78.0,0.1793103448275862,0.4827586206896552,0.5172413793103448,42.0,0.5,0.5333333333333333,0.5117007992007991,9.0,0.04000000000000001,23.0,48.0,6.0,1793,7.492203042618741,1
TF_inst541001.rcp,30.0,4.0,5.333333333333333,2.573367875415838,160.0,29.0,0.06666666666666667,0.7609195402298851,0.23908045977011494,137.0,1.0,0.5781021897810219,0.5686815693430657,100.0,0.9615384615384616,80.0,160.0,23.0,56695,10.945458940490091,0
TF_inst542001.rcp,30.0,4.0,5.966666666666667,2.5097587312108085,179.0,34.0,0.07816091954022988,0.9126436781609195,0.08735632183908049,146.0,1.0,0.6643835616438356,0.6233327325162221,32.0,0.8421052631578945,97.0,173.0,27.0,2079,7.640123172695364,1
TF_inst543001.rcp,30.0,4.0,5.8,2.83313724811677,174.0,28.0,0.06436781609195402,0.42758620689655175,0.5724137931034483,82.0,1.0,1.1373555840821565,1.0757751555248345,244.0,0.9799196787148593,94.0,174.0,80.0,63756,11.062834260914231,0
TF_inst544001.rcp,30.0,4.0,5.6,2.6280537792569367,168.0,49.0,0.11264367816091954,0.7701149425287356,0.22988505747126442,81.0,1.0,1.1253561253561253,1.056795348900612,96.0,0.9599999999999997,92.0,162.0,70.0,74957,11.224683235659883,0
TF_inst545001.rcp,30.0,4.0,5.166666666666667,3.088509169306267,155.0,51.0,0.11724137931034483,0.20689655172413793,0.7931034482758621,35.0,1.0,2.3174603174603177,2.2025335775335777,304.0,0.881159420289855,82.0,139.0,57.0,64269,11.070848238365333,0
TF_inst546001.rcp,30.0,4.0,5.933333333333334,2.1898756940875788,178.0,78.0,0.1793103448275862,0.4827586206896552,0.5172413793103448,42.0,1.0,2.2261904761904763,2.116765007438382,214.0,0.9511111111111112,94.0,159.0,65.0,53910,10.895089817707918,0
TF_inst547001.rcp,30.0,4.0,5.333333333333333,2.573367875415838,160.0,29.0,0.06666666666666667,0.7609195402298851,0.23908045977011494,137.0,1.0,0.5835574337303112,0.5579497433031817,92.0,0.8846153846153846,80.0,159.0,22.0,21932,9.995747630961425,1
TF_inst548001.rcp,30.0,4.0,5.966666666666667,2.5097587312108085,179.0,34.0,0.07816091954022988,0.9126436781609195,0.08735632183908049,146.0,1.0,0.6390410958904109,0.6108836369110342,33.0,0.8684210526315786,94.0,168.0,22.0,9027,9.108086137937427,1
TF_inst549001.rcp,30.0,4.0,5.8,2.83313724811677,174.0,28.0,0.06436781609195402,0.42758620689655175,0.5724137931034483,82.0,1.0,1.0462130937098844,1.0270198728252038,221.0,0.8875502008032128,86.0,161.0,75.0,38334,10.554118595992994,0
TF_inst550001.rcp,30.0,4.0,5.6,2.6280537792569367,168.0,49.0,0.11264367816091954,0.7701149425287356,0.22988505747126442,81.0,1.0,1.095679012345679,1.061109714541087,91.0,0.9099999999999997,89.0,165.0,76.0,67689,11.122693737502653,0
TF_inst55001.rcp,30.0,4.0,5.333333333333333,2.573367875415838,160.0,29.0,0.06666666666666667,0.7609195402298851,0.23908045977011494,137.0,0.5,0.14996682149966822,0.1394218008269103,1.0,0.009615384615384616,21.0,137.0,0.0,32,3.4965075614664802,1
TF_inst551001.rcp,30.0,4.0,5.166666666666667,3.088509169306267,155.0,51.0,0.11724137931034483,0.20689655172413793,0.7931034482758621,35.0,1.0,2.2657142857142856,2.152034632034632,315.0,0.9130434782608695,80.0,146.0,66.0,65755,11.0937062006294,0
TF_inst552001.rcp,30.0,4.0,5.933333333333334,2.1898756940875788,178.0,78.0,0.1793103448275862,0.4827586206896552,0.5172413793103448,42.0,1.0,2.2014652014652016,2.120581052933994,210.0,0.9333333333333335,93.0,160.0,67.0,60973,11.018202822785636,0
TF_inst553001.rcp,30.0,4.0,5.333333333333333,2.573367875415838,160.0,29.0,0.06666666666666667,0.7609195402298851,0.23908045977011494,137.0,1.0,0.6116788321167883,0.5917016216930343,97.0,0.9326923076923077,84.0,160.0,23.0,50352,10.82681347929128,0
TF_inst554001.rcp,30.0,4.0,5.966666666666667,2.5097587312108085,179.0,34.0,0.07816091954022988,0.9126436781609195,0.08735632183908049,146.0,1.0,0.6382705479452054,0.6154451303773131,37.0,0.9736842105263154,94.0,179.0,33.0,82064,11.315266895166037,0
TF_inst555001.rcp,30.0,4.0,5.8,2.83313724811677,174.0,28.0,0.06436781609195402,0.42758620689655175,0.5724137931034483,82.0,1.0,1.1512195121951219,1.034483716464763,240.0,0.9638554216867469,95.0,174.0,79.0,47143,10.760962026517749,0
TF_inst556001.rcp,30.0,4.0,5.6,2.6280537792569367,168.0,49.0,0.11264367816091954,0.7701149425287356,0.22988505747126442,81.0,1.0,1.0977366255144032,1.0286676052270594,89.0,0.8899999999999998,89.0,163.0,74.0,69581,11.150261192184757,0
TF_inst557001.rcp,30.0,4.0,5.166666666666667,3.088509169306267,155.0,51.0,0.11724137931034483,0.20689655172413793,0.7931034482758621,35.0,1.0,2.188888888888889,2.1776984126984127,334.0,0.9681159420289855,77.0,149.0,72.0,64744,11.07821175650294,0
TF_inst558001.rcp,30.0,4.0,5.933333333333334,2.1898756940875788,178.0,78.0,0.1793103448275862,0.4827586206896552,0.5172413793103448,42.0,1.0,2.2394179894179893,2.1168427784969137,210.0,0.9333333333333335,95.0,164.0,69.0,58543,10.977533887258987,0
TF_inst559001.rcp,30.0,4.0,5.333333333333333,2.573367875415838,160.0,29.0,0.06666666666666667,0.7609195402298851,0.23908045977011494,137.0,1.0,0.6038118410381184,0.5914236977433289,91.0,0.875,83.0,155.0,18.0,51922,10.857517130910551,0
TF_inst560001.rcp,30.0,4.0,5.966666666666667,2.5097587312108085,179.0,34.0,0.07816091954022988,0.9126436781609195,0.08735632183908049,146.0,1.0,0.619322278298486,0.5926252235507823,37.0,0.9736842105263154,91.0,179.0,33.0,79484,11.283323603594972,0
TF_inst56001.rcp,30.0,4.0,5.966666666666667,2.5097587312108085,179.0,34.0,0.07816091954022988,0.9126436781609195,0.08735632183908049,146.0,0.5,0.1708523592085236,0.15520284510010537,2.0,0.052631578947368404,25.0,146.0,0.0,32,3.4965075614664802,1
TF_inst561001.rcp,30.0,4.0,5.8,2.83313724811677,174.0,28.0,0.06436781609195402,0.42758620689655175,0.5724137931034483,82.0,1.0,1.123059866962306,1.079305907507127,222.0,0.8915662650602408,93.0,167.0,74.0,53748,10.892080341165677,0
TF_inst562001.rcp,30.0,4.0,5.6,2.6280537792569367,168.0,49.0,0.11264367816091954,0.7701149425287356,0.22988505747126442,81.0,1.0,1.0792722547108513,1.028027244036016,91.0,0.9099999999999997,88.0,166.0,78.0,70682,11.16596037035461,0
TF_inst563001.rcp,30.0,4.0,5.166666666666667,3.088509169306267,155.0,51.0,0.11724137931034483,0.20689655172413793,0.7931034482758621,35.0,1.0,2.436734693877551,2.3065244046336484,329.0,0.9536231884057971,86.0,145.0,59.0,67247,11.116142557244897,0
TF_inst564001.rcp,30.0,4.0,5.933333333333334,2.1898756940875788,178.0,78.0,0.1793103448275862,0.4827586206896552,0.5172413793103448,42.0,1.0,2.1926406926406927,2.0845547309833026,212.0,0.9422222222222223,93.0,162.0,69.0,65264,11.08621118382289,0
TF_inst565001.rcp,30.0,4.0,5.333333333333333,2.573367875415838,160.0,29.0,0.06666666666666667,0.7609195402298851,0.23908045977011494,137.0,1.0,0.6246089676746611,0.5943821689259645,97.0,0.9326923076923077,86.0,160.0,23.0,49107,10.801777233300731,0
TF_inst566001.rcp,30.0,4.0,5.966666666666667,2.5097587312108085,179.0,34.0,0.07816091954022988,0.9126436781609195,0.08735632183908049,146.0,1.0,0.6700913242009132,0.6348897962767825,32.0,0.8421052631578945,98.0,178.0,32.0,26814,10.196716711417025,1
TF_inst567001.rcp,30.0,4.0,5.8,2.83313724811677,174.0,28.0,0.06436781609195402,0.42758620689655175,0.5724137931034483,82.0,1.0,1.080931263858093,1.026098088902967,224.0,0.899598393574297,89.0,170.0,81.0,49328,10.806267422382335,0
TF_inst568001.rcp,30.0,4.0,5.6,2.6280537792569367,168.0,49.0,0.11264367816091954,0.7701149425287356,0.22988505747126442,81.0,1.0,1.1292665214233841,1.1011508717047072,90.0,0.8999999999999997,92.0,153.0,61.0,60725,11.014127221416956,0
TF_inst569001.rcp,30.0,4.0,5.166666666666667,3.088509169306267,155.0,51.0,0.11724137931034483,0.20689655172413793,0.7931034482758621,35.0,1.0,2.2357142857142858,2.1594954648526077,311.0,0.9014492753623189,79.0,139.0,60.0,66821,11.109787646621156,0
TF_inst570001.rcp,30.0,4.0,5.933333333333334,2.1898756940875788,178.0,78.0,0.1793103448275862,0.4827586206896552,0.5172413793103448,42.0,1.0,2.1373626373626373,2.086874930624931,204.0,0.9066666666666667,90.0,159.0,69.0,61512,11.02700381357038,0
TF_inst57001.rcp,30.0,4.0,5.8,2.83313724811677,174.0,28.0,0.06436781609195402,0.42758620689655175,0.5724137931034483,82.0,0.5,0.28330206378986866,0.2553952991452991,10.0,0.04016064257028112,24.0,86.0,4.0,32,3.4965075614664802,1
TF_inst571001.rcp,30.0,4.0,5.333333333333333,2.573367875415838,160.0,29.0,0.06666666666666667,0.7609195402298851,0.23908045977011494,137.0,1.0,0.6343729263437292,0.6118285607336702,90.0,0.8653846153846154,87.0,154.0,17.0,54568,10.907221234925327,0
TF_inst572001.rcp,30.0,4.0,5.966666666666667,2.5097587312108085,179.0,34.0,0.07816091954022988,0.9126436781609195,0.08735632183908049,146.0,1.0,0.6077865897620764,0.5930962579696621,36.0,0.9473684210526312,89.0,170.0,24.0,19306,9.868223003435817,1
TF_inst573001.rcp,30.0,4.0,5.8,2.83313724811677,174.0,28.0,0.06436781609195402,0.42758620689655175,0.5724137931034483,82.0,1.0,1.0953436807095345,1.0622821304313415,228.0,0.9156626506024096,90.0,160.0,70.0,55539,10.92485876086079,0
TF_inst574001.rcp,30.0,4.0,5.6,2.6280537792569367,168.0,49.0,0.11264367816091954,0.7701149425287356,0.22988505747126442,81.0,1.0,1.0343915343915344,1.01282726895472,88.0,0.8799999999999998,84.0,150.0,66.0,69001,11.14189076866657,0
TF_inst575001.rcp,30.0,4.0,5.166666666666667,3.088509169306267,155.0,51.0,0.11724137931034483,0.20689655172413793,0.7931034482758621,35.0,1.0,2.362406015037594,2.2682397959183676,301.0,0.8724637681159421,83.0,137.0,54.0,63060,11.051857790886416,0
TF_inst576001.rcp,30.0,4.0,5.933333333333334,2.1898756940875788,178.0,78.0,0.1793103448275862,0.4827586206896552,0.5172413793103448,42.0,1.0,2.235294117647059,2.0821827086097597,203.0,0.9022222222222224,94.0,157.0,63.0,62494,11.042841832524322,0
TF_inst577001.rcp,30.0,4.0,5.333333333333333,2.573367875415838,160.0,29.0,0.06666666666666667,0.7609195402298851,0.23908045977011494,137.0,1.0,0.6474881923572349,0.6027395567331812,92.0,0.8846153846153846,89.0,159.0,22.0,54928,10.913796721182786,0
TF_inst578001.rcp,30.0,4.0,5.966666666666667,2.5097587312108085,179.0,34.0,0.07816091954022988,0.9126436781609195,0.08735632183908049,146.0,1.0,0.6465753424657534,0.6261986301369863,35.0,0.921052631578947,95.0,179.0,33.0,75195,11.227853317033851,1
TF_inst579001.rcp,30.0,4.0,5.8,2.83313724811677,174.0,28.0,0.06436781609195402,0.42758620689655175,0.5724137931034483,82.0,1.0,1.0684281842818428,1.0268750421525707,230.0,0.9236947791164658,88.0,166.0,78.0,45023,10.714950959914116,0
TF_inst580001.rcp,30.0,4.0,5.6,2.6280537792569367,168.0,49.0,0.11264367816091954,0.7701149425287356,0.22988505747126442,81.0,1.0,1.0777777777777777,1.027798551756885,98.0,0.9799999999999998,88.0,168.0,80.0,69892,11.154720780145734,0
TF_inst58001.rcp,30.0,4.0,5.6,2.6280537792569367,168.0,49.0,0.11264367816091954,0.7701149425287356,0.22988505747126442,81.0,0.5,0.297119341563786,0.2678669410150892,5.0,0.04999999999999999,25.0,89.0,8.0,32,3.4965075614664802,1
TF_inst581001.rcp,30.0,4.0,5.166666666666667,3.088509169306267,155.0,51.0,0.11724137931034483,0.20689655172413793,0.7931034482758621,35.0,1.0,2.5164835164835164,2.2041334104491996,318.0,0.9217391304347826,89.0,151.0,62.0,66955,11.111790966222511,0
TF_inst582001.rcp,30.0,4.0,5.933333333333334,2.1898756940875788,178.0,78.0,0.1793103448275862,0.4827586206896552,0.5172413793103448,42.0,1.0,2.1278195488721803,2.0454050041069056,207.0,0.9200000000000002,90.0,161.0,71.0,60802,11.01539440884224,0
TF_inst583001.rcp,30.0,4.0,5.333333333333333,2.573367875415838,160.0,29.0,0.06666666666666667,0.7609195402298851,0.23908045977011494,137.0,1.0,0.5993084902036112,0.567675226064302,93.0,0.8942307692307693,83.0,155.0,18.0,45648,10.728736979978141,0
TF_inst584001.rcp,30.0,4.0,5.966666666666667,2.5097587312108085,179.0,34.0,0.07816091954022988,0.9126436781609195,0.08735632183908049,146.0,1.0,0.6503424657534247,0.6301282051282051,31.0,0.8157894736842102,95.0,178.0,32.0,14300,9.568084743872936,1
TF_inst585001.rcp,30.0,4.0,5.8,2.83313724811677,174.0,28.0,0.06436781609195402,0.42758620689655175,0.5724137931034483,82.0,1.0,1.1890243902439024,1.0854674796747967,232.0,0.931726907630522,98.0,163.0,65.0,59530,10.99425246425933,0
TF_inst586001.rcp,30.0,4.0,5.6,2.6280537792569367,168.0,49.0,0.11264367816091954,0.7701149425287356,0.22988505747126442,81.0,1.0,1.0685871056241427,1.0114177840786027,93.0,0.9299999999999997,87.0,156.0,69.0,64981,11.081865587450576,0
TF_inst587001.rcp,30.0,4.0,5.166666666666667,3.088509169306267,155.0,51.0,0.11724137931034483,0.20689655172413793,0.7931034482758621,35.0,1.0,2.5914285714285716,2.3521861471861474,304.0,0.881159420289855,91.0,142.0,51.0,68399,11.133128103610641,0
TF_inst588001.rcp,30.0,4.0,5.933333333333334,2.1898756940875788,178.0,78.0,0.1793103448275862,0.4827586206896552,0.5172413793103448,42.0,1.0,2.1488095238095237,2.129864445778311,200.0,0.888888888888889,91.0,150.0,59.0,66529,11.105408252735932,0
TF_inst589001.rcp,30.0,4.0,5.333333333333333,2.573367875415838,160.0,29.0,0.06666666666666667,0.7609195402298851,0.23908045977011494,137.0,1.0,0.6100653092585478,0.5915382864632599,95.0,0.9134615384615384,84.0,159.0,22.0,49594,10.811645301180095,0
TF_inst590001.rcp,30.0,4.0,5.966666666666667,2.5097587312108085,179.0,34.0,0.07816091954022988,0.9126436781609195,0.08735632183908049,146.0,1.0,0.6426269137792103,0.6172777330110126,35.0,0.921052631578947,94.0,179.0,33.0,73176,11.200636442925564,0
TF_inst59001.rcp,30.0,4.0,5.166666666666667,3.088509169306267,155.0,51.0,0.11724137931034483,0.20689655172413793,0.7931034482758621,35.0,0.5,0.7142857142857143,0.5766483516483517,10.0,0.028985507246376812,25.0,43.0,8.0,34275,10.442200679789009,0
TF_inst591001.rcp,30.0,4.0,5.8,2.83313724811677,174.0,28.0,0.06436781609195402,0.42758620689655175,0.5724137931034483,82.0,1.0,1.0886917960088691,1.0522699420677362,225.0,0.9036144578313252,90.0,160.0,70.0,59147,10.987798056493379,0
TF_inst592001.rcp,30.0,4.0,5.6,2.6280537792569367,168.0,49.0,0.11264367816091954,0.7701149425287356,0.22988505747126442,81.0,1.0,1.151440329218107,1.0856481481481481,96.0,0.9599999999999997,94.0,166.0,72.0,67801,11.124346972018488,0
TF_inst593001.rcp,30.0,4.0,5.166666666666667,3.088509169306267,155.0,51.0,0.11724137931034483,0.20689655172413793,0.7931034482758621,35.0,1.0,2.29010989010989,2.147399921507064,330.0,0.9565217391304348,81.0,135.0,54.0,67687,11.122664190604336,0
TF_inst594001.rcp,30.0,4.0,5.933333333333334,2.1898756940875788,178.0,78.0,0.1793103448275862,0.4827586206896552,0.5172413793103448,42.0,1.0,2.1636904761904763,2.084143287268287,213.0,0.9466666666666668,91.0,163.0,72.0,54591,10.90764263085135,0
TF_inst595001.rcp,30.0,4.0,5.333333333333333,2.573367875415838,160.0,29.0,0.06666666666666667,0.7609195402298851,0.23908045977011494,137.0,1.0,0.6099452554744526,0.5822350930699471,99.0,0.9519230769230769,84.0,160.0,23.0,51786,10.854894431499561,0
TF_inst596001.rcp,30.0,4.0,5.966666666666667,2.5097587312108085,179.0,34.0,0.07816091954022988,0.9126436781609195,0.08735632183908049,146.0,1.0,0.6515981735159817,0.6266680626828959,36.0,0.9473684210526312,96.0,179.0,33.0,83052,11.327234237206607,0
TF_inst597001.rcp,30.0,4.0,5.8,2.83313724811677,174.0,28.0,0.06436781609195402,0.42758620689655175,0.5724137931034483,82.0,1.0,1.137015781922525,1.0802905308464847,233.0,0.9357429718875501,94.0,160.0,66.0,59694,10.997003543779488,0
TF_inst598001.rcp,30.0,4.0,5.6,2.6280537792569367,168.0,49.0,0.11264367816091954,0.7701149425287356,0.22988505747126442,81.0,1.0,1.1160493827160494,1.0350664767331434,91.0,0.9099999999999997,91.0,155.0,64.0,74564,11.219426507196882,0
TF_inst599001.rcp,30.0,4.0,5.166666666666667,3.088509169306267,155.0,51.0,0.11724137931034483,0.20689655172413793,0.7931034482758621,35.0,1.0,2.3095238095238093,2.243704906204906,326.0,0.9449275362318841,81.0,141.0,60.0,65882,11.095635720595403,0
TF_inst600001.rcp,30.0,4.0,5.933333333333334,2.1898756940875788,178.0,78.0,0.1793103448275862,0.4827586206896552,0.5172413793103448,42.0,1.0,3.2838827838827838,3.1732828574933833,225.0,1.0000000000000002,138.0,178.0,40.0,64888,11.080433396801446,0
TF_inst60001.rcp,30.0,4.0,5.933333333333334,2.1898756940875788,178.0,78.0,0.1793103448275862,0.4827586206896552,0.5172413793103448,42.0,0.5,0.5909090909090909,0.5324603157420496,4.0,0.01777777777777778,25.0,48.0,6.0,8463,9.043577154098081,1
TF_inst6001.rcp,30.0,4.0,5.933333333333334,2.1898756940875788,178.0,78.0,0.1793103448275862,0.4827586206896552,0.5172413793103448,42.0,0.5,0.6402116402116402,0.5830971277399849,10.0,0.04444444444444445,27.0,56.0,14.0,41531,10.634219493423345,0
TF_inst601001.rcp,30.0,4.0,5.333333333333333,2.573367875415838,160.0,29.0,0.06666666666666667,0.7609195402298851,0.23908045977011494,137.0,1.0,0.8905109489051095,0.8786560155173294,104.0,1.0,122.0,160.0,23.0,59370,10.991561170646536,0
TF_inst602001.rcp,30.0,4.0,5.966666666666667,2.5097587312108085,179.0,34.0,0.07816091954022988,0.9126436781609195,0.08735632183908049,146.0,1.0,0.976961394769614,0.9218725903057035,38.0,0.9999999999999997,143.0,179.0,33.0,77629,11.259709229399727,0
TF_inst603001.rcp,30.0,4.0,5.8,2.83313724811677,174.0,28.0,0.06436781609195402,0.42758620689655175,0.5724137931034483,82.0,1.0,1.7066752246469834,1.6045651476251606,249.0,0.9999999999999999,140.0,174.0,34.0,60391,11.00861192481946,0
TF_inst604001.rcp,30.0,4.0,5.6,2.6280537792569367,168.0,49.0,0.11264367816091954,0.7701149425287356,0.22988505747126442,81.0,1.0,1.6111111111111112,1.5542668399393544,100.0,0.9999999999999997,131.0,168.0,37.0,74347,11.216512051728243,0
TF_inst605001.rcp,30.0,4.0,5.166666666666667,3.088509169306267,155.0,51.0,0.11724137931034483,0.20689655172413793,0.7931034482758621,35.0,1.0,3.430075187969925,3.290357142857143,345.0,1.0,121.0,155.0,34.0,68472,11.134194785964674,0
TF_inst606001.rcp,30.0,4.0,5.933333333333334,2.1898756940875788,178.0,78.0,0.1793103448275862,0.4827586206896552,0.5172413793103448,42.0,1.0,3.2633053221288515,3.1958475246159073,225.0,1.0000000000000002,138.0,178.0,40.0,64630,11.07644945082794,0
TF_inst607001.rcp,30.0,4.0,5.333333333333333,2.573367875415838,160.0,29.0,0.06666666666666667,0.7609195402298851,0.23908045977011494,137.0,1.0,0.9096715328467153,0.8926923539820706,104.0,1.0,125.0,160.0,23.0,59773,10.998326062784663,0
TF_inst608001.rcp,30.0,4.0,5.966666666666667,2.5097587312108085,179.0,34.0,0.07816091954022988,0.9126436781609195,0.08735632183908049,146.0,1.0,0.9315068493150684,0.9205764840182649,38.0,0.9999999999999997,136.0,179.0,33.0,76654,11.247070113744554,0
TF_inst609001.rcp,30.0,4.0,5.8,2.83313724811677,174.0,28.0,0.06436781609195402,0.42758620689655175,0.5724137931034483,82.0,1.0,1.651761517615176,1.598070645479182,249.0,0.9999999999999999,136.0,174.0,38.0,59178,10.988322028210893,0
TF_inst610001.rcp,30.0,4.0,5.6,2.6280537792569367,168.0,49.0,0.11264367816091954,0.7701149425287356,0.22988505747126442,81.0,1.0,1.5711934156378602,1.5320396864073764,100.0,0.9999999999999997,128.0,168.0,40.0,74286,11.215691249044829,0
TF_inst61001.rcp,30.0,4.0,5.333333333333333,2.573367875415838,160.0,29.0,0.06666666666666667,0.7609195402298851,0.23908045977011494,137.0,0.5,0.15371404036066982,0.14027576003576547,3.0,0.028846153846153848,22.0,137.0,0.0,32,3.4965075614664802,1
TF_inst611001.rcp,30.0,4.0,5.166666666666667,3.088509169306267,155.0,51.0,0.11724137931034483,0.20689655172413793,0.7931034482758621,35.0,1.0,3.6214285714285714,3.3600935828877008,345.0,1.0,127.0,155.0,28.0,68695,11.137446252352321,0
TF_inst612001.rcp,30.0,4.0,5.933333333333334,2.1898756940875788,178.0,78.0,0.1793103448275862,0.4827586206896552,0.5172413793103448,42.0,1.0,3.425396825396825,3.2336176137121515,225.0,1.0000000000000002,144.0,178.0,34.0,65606,11.091437676556433,0
TF_inst613001.rcp,30.0,4.0,5.333333333333333,2.573367875415838,160.0,29.0,0.06666666666666667,0.7609195402298851,0.23908045977011494,137.0,1.0,0.9036496350364963,0.8811192725265289,104.0,1.0,124.0,160.0,23.0,60568,11.01153849001536,0
TF_inst614001.rcp,30.0,4.0,5.966666666666667,2.5097587312108085,179.0,34.0,0.07816091954022988,0.9126436781609195,0.08735632183908049,146.0,1.0,0.9417808219178082,0.9188941575927877,38.0,0.9999999999999997,138.0,179.0,33.0,76953,11.250963119722385,0
TF_inst615001.rcp,30.0,4.0,5.8,2.83313724811677,174.0,28.0,0.06436781609195402,0.42758620689655175,0.5724137931034483,82.0,1.0,1.6791158536585367,1.5954218284405695,249.0,0.9999999999999999,138.0,174.0,36.0,60607,11.01218217654575,0
TF_inst616001.rcp,30.0,4.0,5.6,2.6280537792569367,168.0,49.0,0.11264367816091954,0.7701149425287356,0.22988505747126442,81.0,1.0,1.6365740740740742,1.5630698005698005,100.0,0.9999999999999997,133.0,168.0,35.0,73984,11.211617648936635,0
TF_inst617001.rcp,30.0,4.0,5.166666666666667,3.088509169306267,155.0,51.0,0.11724137931034483,0.20689655172413793,0.7931034482758621,35.0,1.0,3.494285714285714,3.3070687748783723,344.0,0.9971014492753624,123.0,155.0,32.0,68634,11.13655788768576,0
TF_inst618001.rcp,30.0,4.0,5.933333333333334,2.1898756940875788,178.0,78.0,0.1793103448275862,0.4827586206896552,0.5172413793103448,42.0,1.0,3.2354497354497354,3.2052735624164193,225.0,1.0000000000000002,136.0,178.0,42.0,65418,11.088568015130239,0
TF_inst619001.rcp,30.0,4.0,5.333333333333333,2.573367875415838,160.0,29.0,0.06666666666666667,0.7609195402298851,0.23908045977011494,137.0,1.0,0.9367396593673966,0.892143592417315,104.0,1.0,129.0,160.0,23.0,60639,11.012710020316254,0
TF_inst620001.rcp,30.0,4.0,5.966666666666667,2.5097587312108085,179.0,34.0,0.07816091954022988,0.9126436781609195,0.08735632183908049,146.0,1.0,0.958904109589041,0.9261944932082422,38.0,0.9999999999999997,140.0,179.0,33.0,76820,11.249233319258543,0
TF_inst62001.rcp,30.0,4.0,5.966666666666667,2.5097587312108085,179.0,34.0,0.07816091954022988,0.9126436781609195,0.08735632183908049,146.0,0.5,0.1780821917808219,0.16700144889357216,1.0,0.026315789473684202,26.0,146.0,0.0,32,3.4965075614664802,1
TF_inst621001.rcp,30.0,4.0,5.8,2.83313724811677,174.0,28.0,0.06436781609195402,0.42758620689655175,0.5724137931034483,82.0,1.0,1.6432926829268293,1.5791913032766691,249.0,0.9999999999999999,135.0,174.0,39.0,61034,11.0192027491039,0
TF_inst622001.rcp,30.0,4.0,5.6,2.6280537792569367,168.0,49.0,0.11264367816091954,0.7701149425287356,0.22988505747126442,81.0,1.0,1.5971410006497726,1.5629278489902272,100.0,0.9999999999999997,130.0,168.0,38.0,74318,11.216121918068886,0
TF_inst623001.rcp,30.0,4.0,5.166666666666667,3.088509169306267,155.0,51.0,0.11724137931034483,0.20689655172413793,0.7931034482758621,35.0,1.0,3.3314285714285714,3.285486656200942,345.0,1.0,117.0,155.0,38.0,68332,11.132148091391757,0
TF_inst624001.rcp,30.0,4.0,5.933333333333334,2.1898756940875788,178.0,78.0,0.1793103448275862,0.4827586206896552,0.5172413793103448,42.0,1.0,3.2261904761904763,3.1368930905695613,225.0,1.0000000000000002,136.0,178.0,42.0,65837,11.094952458218854,0
TF_inst625001.rcp,30.0,4.0,5.333333333333333,2.573367875415838,160.0,29.0,0.06666666666666667,0.7609195402298851,0.23908045977011494,137.0,1.0,0.9046228710462287,0.876750700280112,104.0,1.0,124.0,160.0,23.0,60161,11.004796202751981,0
TF_inst626001.rcp,30.0,4.0,5.966666666666667,2.5097587312108085,179.0,34.0,0.07816091954022988,0.9126436781609195,0.08735632183908049,146.0,1.0,0.9363013698630137,0.9015315829528159,38.0,0.9999999999999997,137.0,179.0,33.0,77847,11.262513486501826,0
TF_inst627001.rcp,30.0,4.0,5.8,2.83313724811677,174.0,28.0,0.06436781609195402,0.42758620689655175,0.5724137931034483,82.0,1.0,1.6971544715447155,1.5995998919779408,249.0,0.9999999999999999,140.0,174.0,34.0,59911,11.000632097929204,0
TF_inst628001.rcp,30.0,4.0,5.6,2.6280537792569367,168.0,49.0,0.11264367816091954,0.7701149425287356,0.22988505747126442,81.0,1.0,1.606837606837607,1.5689562224649944,100.0,0.9999999999999997,131.0,168.0,37.0,73986,11.211644681077852,0
TF_inst629001.rcp,30.0,4.0,5.166666666666667,3.088509169306267,155.0,51.0,0.11724137931034483,0.20689655172413793,0.7931034482758621,35.0,1.0,3.4158730158730157,3.3501806599832915,345.0,1.0,120.0,155.0,35.0,68705,11.137591810641394,0
TF_inst630001.rcp,30.0,4.0,5.933333333333334,2.1898756940875788,178.0,78.0,0.1793103448275862,0.4827586206896552,0.5172413793103448,42.0,1.0,3.2968253968253967,3.1934066938178782,225.0,1.0000000000000002,139.0,178.0,39.0,65306,11.086854507069045,0
TF_inst63001.rcp,30.0,4.0,5.8,2.83313724811677,174.0,28.0,0.06436781609195402,0.42758620689655175,0.5724137931034483,82.0,0.5,0.32413350449293965,0.2816910398368527,8.0,0.0321285140562249,27.0,88.0,6.0,32,3.4965075614664802,1
TF_inst631001.rcp,30.0,4.0,5.333333333333333,2.573367875415838,160.0,29.0,0.06666666666666667,0.7609195402298851,0.23908045977011494,137.0,1.0,0.9227814060699193,0.8856223588167498,104.0,1.0,127.0,160.0,23.0,59684,10.996836011529139,0
TF_inst632001.rcp,30.0,4.0,5.966666666666667,2.5097587312108085,179.0,34.0,0.07816091954022988,0.9126436781609195,0.08735632183908049,146.0,1.0,0.9457762557077626,0.9129030856296114,38.0,0.9999999999999997,139.0,179.0,33.0,77565,11.25888446582814,0
TF_inst633001.rcp,30.0,4.0,5.8,2.83313724811677,174.0,28.0,0.06436781609195402,0.42758620689655175,0.5724137931034483,82.0,1.0,1.6983739837398375,1.634776748837007,249.0,0.9999999999999999,140.0,174.0,34.0,60087,11.003565433365848,0
TF_inst634001.rcp,30.0,4.0,5.6,2.6280537792569367,168.0,49.0,0.11264367816091954,0.7701149425287356,0.22988505747126442,81.0,1.0,1.5486968449931413,1.5273832820129116,100.0,0.9999999999999997,126.0,168.0,42.0,73937,11.210982183166179,0
TF_inst635001.rcp,30.0,4.0,5.166666666666667,3.088509169306267,155.0,51.0,0.11724137931034483,0.20689655172413793,0.7931034482758621,35.0,1.0,3.392857142857143,3.2340948963317384,345.0,1.0,119.0,155.0,36.0,68332,11.132148091391757,0
TF_inst636001.rcp,30.0,4.0,5.933333333333334,2.1898756940875788,178.0,78.0,0.1793103448275862,0.4827586206896552,0.5172413793103448,42.0,1.0,3.2186147186147185,3.1752886002886003,225.0,1.0000000000000002,136.0,178.0,42.0,65517,11.090080193030527,0
TF_inst637001.rcp,30.0,4.0,5.333333333333333,2.573367875415838,160.0,29.0,0.06666666666666667,0.7609195402298851,0.23908045977011494,137.0,1.0,0.8652068126520681,0.8494857332448573,104.0,1.0,119.0,160.0,23.0,60010,11.00228315773407,0
TF_inst638001.rcp,30.0,4.0,5.966666666666667,2.5097587312108085,179.0,34.0,0.07816091954022988,0.9126436781609195,0.08735632183908049,146.0,1.0,0.9452054794520548,0.8982639116471128,38.0,0.9999999999999997,138.0,179.0,33.0,77324,11.255772597553271,0
TF_inst639001.rcp,30.0,4.0,5.8,2.83313724811677,174.0,28.0,0.06436781609195402,0.42758620689655175,0.5724137931034483,82.0,1.0,1.648493543758967,1.6066636619346069,249.0,0.9999999999999999,136.0,174.0,38.0,60730,11.014209555082415,0
TF_inst640001.rcp,30.0,4.0,5.6,2.6280537792569367,168.0,49.0,0.11264367816091954,0.7701149425287356,0.22988505747126442,81.0,1.0,1.6092592592592592,1.5504188712522045,100.0,0.9999999999999997,131.0,168.0,37.0,74848,11.223228029705087,0
TF_inst64001.rcp,30.0,4.0,5.6,2.6280537792569367,168.0,49.0,0.11264367816091954,0.7701149425287356,0.22988505747126442,81.0,0.5,0.34132171387073346,0.264859638698648,6.0,0.059999999999999984,28.0,83.0,2.0,32,3.4965075614664802,1
TF_inst641001.rcp,30.0,4.0,5.166666666666667,3.088509169306267,155.0,51.0,0.11724137931034483,0.20689655172413793,0.7931034482758621,35.0,1.0,3.4483516483516485,3.3791324465008676,345.0,1.0,121.0,155.0,34.0,68892,11.140309855323784,0
TF_inst642001.rcp,30.0,4.0,5.933333333333334,2.1898756940875788,178.0,78.0,0.1793103448275862,0.4827586206896552,0.5172413793103448,42.0,1.0,3.3154761904761907,3.137772817460317,225.0,1.0000000000000002,140.0,178.0,38.0,65107,11.083802708511389,0
TF_inst643001.rcp,30.0,4.0,5.333333333333333,2.573367875415838,160.0,29.0,0.06666666666666667,0.7609195402298851,0.23908045977011494,137.0,1.0,0.9531630170316302,0.8847703771289538,104.0,1.0,131.0,160.0,23.0,60295,11.007021045523306,0
TF_inst644001.rcp,30.0,4.0,5.966666666666667,2.5097587312108085,179.0,34.0,0.07816091954022988,0.9126436781609195,0.08735632183908049,146.0,1.0,0.9556596971881759,0.9310512296723544,38.0,0.9999999999999997,140.0,179.0,33.0,77359,11.256225130127175,0
TF_inst645001.rcp,30.0,4.0,5.8,2.83313724811677,174.0,28.0,0.06436781609195402,0.42758620689655175,0.5724137931034483,82.0,1.0,1.678622668579627,1.6220634219916858,249.0,0.9999999999999999,138.0,174.0,36.0,60097,11.003731842099363,0
TF_inst646001.rcp,30.0,4.0,5.6,2.6280537792569367,168.0,49.0,0.11264367816091954,0.7701149425287356,0.22988505747126442,81.0,1.0,1.623931623931624,1.566168091168091,100.0,0.9999999999999997,132.0,168.0,36.0,74987,11.225083379717082,0
TF_inst647001.rcp,30.0,4.0,5.166666666666667,3.088509169306267,155.0,51.0,0.11724137931034483,0.20689655172413793,0.7931034482758621,35.0,1.0,3.323809523809524,3.2271245421245425,345.0,1.0,117.0,155.0,38.0,69166,11.144279149250275,0
TF_inst648001.rcp,30.0,4.0,5.933333333333334,2.1898756940875788,178.0,78.0,0.1793103448275862,0.4827586206896552,0.5172413793103448,42.0,1.0,3.2063492063492065,3.140376984126984,225.0,1.0000000000000002,135.0,178.0,43.0,64565,11.075443235428446,0
TF_inst649001.rcp,30.0,4.0,5.333333333333333,2.573367875415838,160.0,29.0,0.06666666666666667,0.7609195402298851,0.23908045977011494,137.0,1.0,0.9124087591240876,0.867655376275238,104.0,1.0,125.0,160.0,23.0,59503,10.993798816164851,0
TF_inst650001.rcp,30.0,4.0,5.966666666666667,2.5097587312108085,179.0,34.0,0.07816091954022988,0.9126436781609195,0.08735632183908049,146.0,1.0,0.9486301369863014,0.9267219193504236,38.0,0.9999999999999997,139.0,179.0,33.0,78326,11.268647650125732,0
TF_inst65001.rcp,30.0,4.0,5.166666666666667,3.088509169306267,155.0,51.0,0.11724137931034483,0.20689655172413793,0.7931034482758621,35.0,0.5,0.6642857142857143,0.5546899529042386,19.0,0.05507246376811594,24.0,42.0,7.0,32,3.4965075614664802,1
TF_inst651001.rcp,30.0,4.0,5.8,2.83313724811677,174.0,28.0,0.06436781609195402,0.42758620689655175,0.5724137931034483,82.0,1.0,1.6371951219512195,1.6119433492267254,249.0,0.9999999999999999,135.0,174.0,39.0,60034,11.002683004464819,0
TF_inst652001.rcp,30.0,4.0,5.6,2.6280537792569367,168.0,49.0,0.11264367816091954,0.7701149425287356,0.22988505747126442,81.0,1.0,1.5735129068462401,1.532937469211979,100.0,0.9999999999999997,128.0,168.0,40.0,74727,11.221610133552685,0
TF_inst653001.rcp,30.0,4.0,5.166666666666667,3.088509169306267,155.0,51.0,0.11724137931034483,0.20689655172413793,0.7931034482758621,35.0,1.0,3.412857142857143,3.27609243697479,345.0,1.0,120.0,155.0,35.0,68263,11.13113782021642,0
TF_inst654001.rcp,30.0,4.0,5.933333333333334,2.1898756940875788,178.0,78.0,0.1793103448275862,0.4827586206896552,0.5172413793103448,42.0,1.0,3.220779220779221,3.1914011914011913,225.0,1.0000000000000002,136.0,178.0,42.0,65770,11.093934290680341,0
TF_inst655001.rcp,30.0,4.0,5.333333333333333,2.573367875415838,160.0,29.0,0.06666666666666667,0.7609195402298851,0.23908045977011494,137.0,1.0,0.9018653690186537,0.883740549798944,104.0,1.0,124.0,160.0,23.0,59939,11.001099340870654,0
TF_inst656001.rcp,30.0,4.0,5.966666666666667,2.5097587312108085,179.0,34.0,0.07816091954022988,0.9126436781609195,0.08735632183908049,146.0,1.0,0.9730308219178082,0.932933789954338,38.0,0.9999999999999997,143.0,179.0,33.0,78207,11.267127223091212,0
TF_inst657001.rcp,30.0,4.0,5.8,2.83313724811677,174.0,28.0,0.06436781609195402,0.42758620689655175,0.5724137931034483,82.0,1.0,1.7166427546628407,1.6518449605451937,249.0,0.9999999999999999,141.0,174.0,33.0,59580,10.995092010282178,0
TF_inst658001.rcp,30.0,4.0,5.6,2.6280537792569367,168.0,49.0,0.11264367816091954,0.7701149425287356,0.22988505747126442,81.0,1.0,1.5967078189300412,1.568156145349128,100.0,0.9999999999999997,130.0,168.0,38.0,74879,11.223642111151474,0
TF_inst659001.rcp,30.0,4.0,5.166666666666667,3.088509169306267,155.0,51.0,0.11724137931034483,0.20689655172413793,0.7931034482758621,35.0,1.0,3.3214285714285716,3.2873182957393485,345.0,1.0,117.0,155.0,38.0,68943,11.141049859855618,0
TF_inst660001.rcp,30.0,4.0,5.933333333333334,2.1898756940875788,178.0,78.0,0.1793103448275862,0.4827586206896552,0.5172413793103448,42.0,1.0,3.3222222222222224,3.25055441634389,225.0,1.0000000000000002,140.0,178.0,38.0,64672,11.077099082726058,0
TF_inst66001.rcp,30.0,4.0,5.933333333333334,2.1898756940875788,178.0,78.0,0.1793103448275862,0.4827586206896552,0.5172413793103448,42.0,0.5,0.5977443609022557,0.5459219572996663,9.0,0.04000000000000001,26.0,54.0,12.0,23772,10.076305761898272,1
TF_inst661001.rcp,30.0,4.0,5.333333333333333,2.573367875415838,160.0,29.0,0.06666666666666667,0.7609195402298851,0.23908045977011494,137.0,1.0,0.9085158150851581,0.8873723791895133,104.0,1.0,125.0,160.0,23.0,59891,11.00029821925761,0
TF_inst662001.rcp,30.0,4.0,5.966666666666667,2.5097587312108085,179.0,34.0,0.07816091954022988,0.9126436781609195,0.08735632183908049,146.0,1.0,0.9383561643835616,0.9189117199391172,38.0,0.9999999999999997,137.0,179.0,33.0,77356,11.256186349644096,0
TF_inst663001.rcp,30.0,4.0,5.8,2.83313724811677,174.0,28.0,0.06436781609195402,0.42758620689655175,0.5724137931034483,82.0,1.0,1.670731707317073,1.6240174967309113,249.0,0.9999999999999999,137.0,174.0,37.0,60496,11.010349056012608,0
TF_inst664001.rcp,30.0,4.0,5.6,2.6280537792569367,168.0,49.0,0.11264367816091954,0.7701149425287356,0.22988505747126442,81.0,1.0,1.570079883805374,1.547843042941082,100.0,0.9999999999999997,128.0,168.0,40.0,74726,11.22159675159825,0
TF_inst665001.rcp,30.0,4.0,5.166666666666667,3.088509169306267,155.0,51.0,0.11724137931034483,0.20689655172413793,0.7931034482758621,35.0,1.0,3.6638655462184873,3.4433155080213904,345.0,1.0,129.0,155.0,26.0,68352,11.132440732922605,0
TF_inst666001.rcp,30.0,4.0,5.933333333333334,2.1898756940875788,178.0,78.0,0.1793103448275862,0.4827586206896552,0.5172413793103448,42.0,1.0,3.244360902255639,3.152478575775789,225.0,1.0000000000000002,137.0,178.0,41.0,64498,11.074404998787708,0
TF_inst667001.rcp,30.0,4.0,5.333333333333333,2.573367875415838,160.0,29.0,0.06666666666666667,0.7609195402298851,0.23908045977011494,137.0,1.0,0.9003864319450408,0.8871911340262337,104.0,1.0,124.0,160.0,23.0,59438,10.992705855562368,0
TF_inst668001.rcp,30.0,4.0,5.966666666666667,2.5097587312108085,179.0,34.0,0.07816091954022988,0.9126436781609195,0.08735632183908049,146.0,1.0,0.9397981254506128,0.9145252543459105,38.0,0.9999999999999997,138.0,179.0,33.0,77544,11.258613691993553,0
TF_inst669001.rcp,30.0,4.0,5.8,2.83313724811677,174.0,28.0,0.06436781609195402,0.42758620689655175,0.5724137931034483,82.0,1.0,1.670731707317073,1.6268038617886178,249.0,0.9999999999999999,137.0,174.0,37.0,60195,11.00536118390661,0
TF_inst670001.rcp,30.0,4.0,5.6,2.6280537792569367,168.0,49.0,0.11264367816091954,0.7701149425287356,0.22988505747126442,81.0,1.0,1.6280864197530864,1.5669642857142858,100.0,0.9999999999999997,132.0,168.0,36.0,73137,11.200103346511339,0
TF_inst67001.rcp,30.0,4.0,5.333333333333333,2.573367875415838,160.0,29.0,0.06666666666666667,0.7609195402298851,0.23908045977011494,137.0,0.5,0.16655607166556072,0.139992727437079,2.0,0.019230769230769232,23.0,137.0,0.0,32,3.4965075614664802,1
TF_inst671001.rcp,30.0,4.0,5.166666666666667,3.088509169306267,155.0,51.0,0.11724137931034483,0.20689655172413793,0.7931034482758621,35.0,1.0,3.6153846153846154,3.3589042536410956,345.0,1.0,127.0,155.0,28.0,69128,11.1437296033349,0
TF_inst672001.rcp,30.0,4.0,5.933333333333334,2.1898756940875788,178.0,78.0,0.1793103448275862,0.4827586206896552,0.5172413793103448,42.0,1.0,3.3095238095238093,3.24639939309057,225.0,1.0000000000000002,139.0,178.0,39.0,65058,11.083049829481919,0
TF_inst673001.rcp,30.0,4.0,5.333333333333333,2.573367875415838,160.0,29.0,0.06666666666666667,0.7609195402298851,0.23908045977011494,137.0,1.0,0.8899026763990268,0.8691265922427366,104.0,1.0,122.0,160.0,23.0,60370,11.008264136172082,0
TF_inst674001.rcp,30.0,4.0,5.966666666666667,2.5097587312108085,179.0,34.0,0.07816091954022988,0.9126436781609195,0.08735632183908049,146.0,1.0,0.9463470319634704,0.9301429944724825,38.0,0.9999999999999997,139.0,179.0,33.0,78371,11.269221999690657,0
TF_inst675001.rcp,30.0,4.0,5.8,2.83313724811677,174.0,28.0,0.06436781609195402,0.42758620689655175,0.5724137931034483,82.0,1.0,1.5318428184281843,1.5146290870376236,249.0,0.9999999999999999,126.0,174.0,48.0,57138,10.953242174756578,0
TF_inst676001.rcp,30.0,4.0,5.6,2.6280537792569367,168.0,49.0,0.11264367816091954,0.7701149425287356,0.22988505747126442,81.0,1.0,1.5914702581369249,1.5555132617019871,100.0,0.9999999999999997,129.0,168.0,39.0,73901,11.210495170169539,0
TF_inst677001.rcp,30.0,4.0,5.166666666666667,3.088509169306267,155.0,51.0,0.11724137931034483,0.20689655172413793,0.7931034482758621,35.0,1.0,3.451948051948052,3.324675324675325,345.0,1.0,121.0,155.0,34.0,66569,11.10600930459475,0
TF_inst678001.rcp,30.0,4.0,5.933333333333334,2.1898756940875788,178.0,78.0,0.1793103448275862,0.4827586206896552,0.5172413793103448,42.0,1.0,3.2055137844611528,3.1387225504236778,225.0,1.0000000000000002,135.0,178.0,43.0,65551,11.090598999786652,0
TF_inst679001.rcp,30.0,4.0,5.333333333333333,2.573367875415838,160.0,29.0,0.06666666666666667,0.7609195402298851,0.23908045977011494,137.0,1.0,0.9113138686131387,0.8699840385635622,104.0,1.0,125.0,160.0,23.0,60552,11.011274293583776,0
TF_inst680001.rcp,30.0,4.0,5.966666666666667,2.5097587312108085,179.0,34.0,0.07816091954022988,0.9126436781609195,0.08735632183908049,146.0,1.0,0.9474885844748858,0.9120033941347397,38.0,0.9999999999999997,139.0,179.0,33.0,77320,11.255720866502989,0
TF_inst68001.rcp,30.0,4.0,5.966666666666667,2.5097587312108085,179.0,34.0,0.07816091954022988,0.9126436781609195,0.08735632183908049,146.0,0.5,0.1668297455968689,0.15828680787383445,2.0,0.052631578947368404,25.0,153.0,7.0,32,3.4965075614664802,1
TF_inst681001.rcp,30.0,4.0,5.8,2.83313724811677,174.0,28.0,0.06436781609195402,0.42758620689655175,0.5724137931034483,82.0,1.0,1.6152439024390244,1.566440317812269,249.0,0.9999999999999999,133.0,174.0,41.0,59876,11.000047737078107,0
TF_inst682001.rcp,30.0,4.0,5.6,2.6280537792569367,168.0,49.0,0.11264367816091954,0.7701149425287356,0.22988505747126442,81.0,1.0,1.5746913580246913,1.516330467372134,100.0,0.9999999999999997,128.0,168.0,40.0,74591,11.219788541835484,0
TF_inst683001.rcp,30.0,4.0,5.166666666666667,3.088509169306267,155.0,51.0,0.11724137931034483,0.20689655172413793,0.7931034482758621,35.0,1.0,3.5714285714285716,3.474876373626374,344.0,0.9971014492753624,125.0,155.0,30.0,68440,11.133727339237783,0
TF_inst684001.rcp,30.0,4.0,5.933333333333334,2.1898756940875788,178.0,78.0,0.1793103448275862,0.4827586206896552,0.5172413793103448,42.0,1.0,3.2757936507936507,3.191183688387636,225.0,1.0000000000000002,138.0,178.0,40.0,62577,11.04416905761981,0
TF_inst685001.rcp,30.0,4.0,5.333333333333333,2.573367875415838,160.0,29.0,0.06666666666666667,0.7609195402298851,0.23908045977011494,137.0,1.0,0.9108720706876681,0.8843329811755667,104.0,1.0,125.0,160.0,23.0,56170,10.936155888465745,0
TF_inst686001.rcp,30.0,4.0,5.966666666666667,2.5097587312108085,179.0,34.0,0.07816091954022988,0.9126436781609195,0.08735632183908049,146.0,1.0,0.9512489927477841,0.9365850792371744,38.0,0.9999999999999997,139.0,179.0,33.0,78342,11.268851901099827,0
TF_inst687001.rcp,30.0,4.0,5.8,2.83313724811677,174.0,28.0,0.06436781609195402,0.42758620689655175,0.5724137931034483,82.0,1.0,1.6569105691056911,1.618225372188787,249.0,0.9999999999999999,136.0,174.0,38.0,60677,11.013336473130225,0
TF_inst688001.rcp,30.0,4.0,5.6,2.6280537792569367,168.0,49.0,0.11264367816091954,0.7701149425287356,0.22988505747126442,81.0,1.0,1.6008230452674896,1.5529773039032297,100.0,0.9999999999999997,130.0,168.0,38.0,74607,11.220003019048102,0
TF_inst689001.rcp,30.0,4.0,5.166666666666667,3.088509169306267,155.0,51.0,0.11724137931034483,0.20689655172413793,0.7931034482758621,35.0,1.0,3.533333333333333,3.377619047619048,345.0,1.0,124.0,155.0,31.0,68414,11.13334737781391,0
TF_inst690001.rcp,30.0,4.0,5.933333333333334,2.1898756940875788,178.0,78.0,0.1793103448275862,0.4827586206896552,0.5172413793103448,42.0,1.0,3.25974025974026,3.235138217046112,225.0,1.0000000000000002,137.0,178.0,41.0,65893,11.095802669304595,0
TF_inst69001.rcp,30.0,4.0,5.8,2.83313724811677,174.0,28.0,0.06436781609195402,0.42758620689655175,0.5724137931034483,82.0,0.5,0.33797909407665505,0.3010505754408193,5.0,0.02008032128514056,28.0,83.0,1.0,32,3.4965075614664802,1
TF_inst691001.rcp,30.0,4.0,5.333333333333333,2.573367875415838,160.0,29.0,0.06666666666666667,0.7609195402298851,0.23908045977011494,137.0,1.0,0.9114963503649635,0.8915401372542172,104.0,1.0,125.0,160.0,23.0,61143,11.02098701692272,0
TF_inst692001.rcp,30.0,4.0,5.966666666666667,2.5097587312108085,179.0,34.0,0.07816091954022988,0.9126436781609195,0.08735632183908049,146.0,1.0,0.9224945926459985,0.914393217633124,38.0,0.9999999999999997,135.0,179.0,33.0,77766,11.261472455658843,0
TF_inst693001.rcp,30.0,4.0,5.8,2.83313724811677,174.0,28.0,0.06436781609195402,0.42758620689655175,0.5724137931034483,82.0,1.0,1.6407982261640799,1.6208045302378158,249.0,0.9999999999999999,135.0,174.0,39.0,59859,10.99976378140669,0
TF_inst694001.rcp,30.0,4.0,5.6,2.6280537792569367,168.0,49.0,0.11264367816091954,0.7701149425287356,0.22988505747126442,81.0,1.0,1.6042120551924473,1.5627851575477993,100.0,0.9999999999999997,130.0,168.0,38.0,74109,11.213305754945404,0
TF_inst695001.rcp,30.0,4.0,5.166666666666667,3.088509169306267,155.0,51.0,0.11724137931034483,0.20689655172413793,0.7931034482758621,35.0,1.0,3.4923076923076923,3.354029304029304,345.0,1.0,123.0,155.0,32.0,68548,11.135304096992007,0
TF_inst696001.rcp,30.0,4.0,5.933333333333334,2.1898756940875788,178.0,78.0,0.1793103448275862,0.4827586206896552,0.5172413793103448,42.0,1.0,3.284126984126984,3.147590702947846,225.0,1.0000000000000002,138.0,178.0,40.0,64914,11.080834000794354,0
TF_inst697001.rcp,30.0,4.0,5.333333333333333,2.573367875415838,160.0,29.0,0.06666666666666667,0.7609195402298851,0.23908045977011494,137.0,1.0,0.9019812304483837,0.8775862443517553,104.0,1.0,124.0,160.0,23.0,60511,11.010596971458185,0
TF_inst698001.rcp,30.0,4.0,5.966666666666667,2.5097587312108085,179.0,34.0,0.07816091954022988,0.9126436781609195,0.08735632183908049,146.0,1.0,0.9258662369057212,0.9153043395967448,38.0,0.9999999999999997,136.0,179.0,33.0,77211,11.254310164347766,0
TF_inst699001.rcp,30.0,4.0,5.8,2.83313724811677,174.0,28.0,0.06436781609195402,0.42758620689655175,0.5724137931034483,82.0,1.0,1.631859756097561,1.5474753002934165,249.0,0.9999999999999999,134.0,174.0,40.0,58586,10.978268107950893,0
TF_inst700001.rcp,30.0,4.0,5.6,2.6280537792569367,168.0,49.0,0.11264367816091954,0.7701149425287356,0.22988505747126442,81.0,1.0,1.683127572016461,1.5915410917453403,100.0,0.9999999999999997,137.0,168.0,31.0,74403,11.217264982816841,0
TF_inst70001.rcp,30.0,4.0,5.6,2.6280537792569367,168.0,49.0,0.11264367816091954,0.7701149425287356,0.22988505747126442,81.0,0.5,0.33042846768336964,0.25089253520626065,2.0,0.019999999999999993,27.0,83.0,2.0,32,3.4965075614664802,1
TF_inst7001.rcp,30.0,4.0,5.333333333333333,2.573367875415838,160.0,29.0,0.06666666666666667,0.7609195402298851,0.23908045977011494,137.0,0.5,0.1767466110531804,0.1542984590429846,6.0,0.057692307692307696,25.0,137.0,0.0,32,3.4965075614664802,1
TF_inst701001.rcp,30.0,4.0,5.166666666666667,3.088509169306267,155.0,51.0,0.11724137931034483,0.20689655172413793,0.7931034482758621,35.0,1.0,3.5785714285714287,3.4246708683473392,345.0,1.0,126.0,155.0,29.0,68751,11.138261106014776,0
TF_inst702001.rcp,30.0,4.0,5.933333333333334,2.1898756940875788,178.0,78.0,0.1793103448275862,0.4827586206896552,0.5172413793103448,42.0,1.0,3.314625850340136,3.2231670445956158,225.0,1.0000000000000002,140.0,178.0,38.0,64975,11.081773249926078,0
TF_inst703001.rcp,30.0,4.0,5.333333333333333,2.573367875415838,160.0,29.0,0.06666666666666667,0.7609195402298851,0.23908045977011494,137.0,1.0,0.9207507820646507,0.8785554976248406,104.0,1.0,127.0,160.0,23.0,59889,11.000264825258508,0
TF_inst704001.rcp,30.0,4.0,5.966666666666667,2.5097587312108085,179.0,34.0,0.07816091954022988,0.9126436781609195,0.08735632183908049,146.0,1.0,0.9794520547945206,0.9350949564134496,38.0,0.9999999999999997,143.0,179.0,33.0,77732,11.261035156616504,0
TF_inst705001.rcp,30.0,4.0,5.8,2.83313724811677,174.0,28.0,0.06436781609195402,0.42758620689655175,0.5724137931034483,82.0,1.0,1.6359756097560976,1.6088622505543237,249.0,0.9999999999999999,135.0,174.0,39.0,59433,10.992621732170127,0
TF_inst706001.rcp,30.0,4.0,5.6,2.6280537792569367,168.0,49.0,0.11264367816091954,0.7701149425287356,0.22988505747126442,81.0,1.0,1.6216412490922294,1.5799848204388969,100.0,0.9999999999999997,132.0,168.0,36.0,75054,11.225976457094276,0
TF_inst707001.rcp,30.0,4.0,5.166666666666667,3.088509169306267,155.0,51.0,0.11724137931034483,0.20689655172413793,0.7931034482758621,35.0,1.0,3.4705882352941178,3.303956582633053,345.0,1.0,122.0,155.0,33.0,69228,11.145175128962807,0
TF_inst708001.rcp,30.0,4.0,5.933333333333334,2.1898756940875788,178.0,78.0,0.1793103448275862,0.4827586206896552,0.5172413793103448,42.0,1.0,3.2282913165266107,3.158158263305322,225.0,1.0000000000000002,136.0,178.0,42.0,65296,11.086701372402121,0
TF_inst709001.rcp,30.0,4.0,5.333333333333333,2.573367875415838,160.0,29.0,0.06666666666666667,0.7609195402298851,0.23908045977011494,137.0,1.0,0.8943752683555174,0.8723003434950622,104.0,1.0,123.0,160.0,23.0,60681,11.013402392708365,0
TF_inst710001.rcp,30.0,4.0,5.966666666666667,2.5097587312108085,179.0,34.0,0.07816091954022988,0.9126436781609195,0.08735632183908049,146.0,1.0,0.9599578503688093,0.9330605847729136,38.0,0.9999999999999997,141.0,179.0,33.0,78456,11.270305982988683,0
TF_inst71001.rcp,30.0,4.0,5.166666666666667,3.088509169306267,155.0,51.0,0.11724137931034483,0.20689655172413793,0.7931034482758621,35.0,0.5,0.5842857142857143,0.5129365079365079,19.0,0.05507246376811594,21.0,48.0,13.0,28047,10.241672607161016,0
TF_inst711001.rcp,30.0,4.0,5.8,2.83313724811677,174.0,28.0,0.06436781609195402,0.42758620689655175,0.5724137931034483,82.0,1.0,1.647560975609756,1.594397683510328,249.0,0.9999999999999999,136.0,174.0,38.0,57982,10.96790514311707,0
TF_inst712001.rcp,30.0,4.0,5.6,2.6280537792569367,168.0,49.0,0.11264367816091954,0.7701149425287356,0.22988505747126442,81.0,1.0,1.6565656565656566,1.5539541984169178,100.0,0.9999999999999997,135.0,168.0,33.0,74401,11.217238102180307,0
TF_inst713001.rcp,30.0,4.0,5.166666666666667,3.088509169306267,155.0,51.0,0.11724137931034483,0.20689655172413793,0.7931034482758621,35.0,1.0,3.4721804511278194,3.3235701433069855,345.0,1.0,122.0,155.0,33.0,68353,11.132455362751363,0
TF_inst714001.rcp,30.0,4.0,5.933333333333334,2.1898756940875788,178.0,78.0,0.1793103448275862,0.4827586206896552,0.5172413793103448,42.0,1.0,3.179365079365079,3.107010582010582,225.0,1.0000000000000002,134.0,178.0,44.0,65213,11.085429448791242,0
TF_inst715001.rcp,30.0,4.0,5.333333333333333,2.573367875415838,160.0,29.0,0.06666666666666667,0.7609195402298851,0.23908045977011494,137.0,1.0,0.8913219789132197,0.8694352281943523,104.0,1.0,123.0,160.0,23.0,60277,11.006722473689681,0
TF_inst716001.rcp,30.0,4.0,5.966666666666667,2.5097587312108085,179.0,34.0,0.07816091954022988,0.9126436781609195,0.08735632183908049,146.0,1.0,0.9444444444444444,0.9151718496245804,38.0,0.9999999999999997,138.0,179.0,33.0,77984,11.264271779485926,0
TF_inst717001.rcp,30.0,4.0,5.8,2.83313724811677,174.0,28.0,0.06436781609195402,0.42758620689655175,0.5724137931034483,82.0,1.0,1.630820399113082,1.5966796733475357,249.0,0.9999999999999999,134.0,174.0,40.0,60267,11.00655656192118,0
TF_inst718001.rcp,30.0,4.0,5.6,2.6280537792569367,168.0,49.0,0.11264367816091954,0.7701149425287356,0.22988505747126442,81.0,1.0,1.6146848602988955,1.5728957020075442,100.0,0.9999999999999997,131.0,168.0,37.0,74558,11.219346037252363,0
TF_inst719001.rcp,30.0,4.0,5.166666666666667,3.088509169306267,155.0,51.0,0.11724137931034483,0.20689655172413793,0.7931034482758621,35.0,1.0,3.5196428571428573,3.3896761994271394,345.0,1.0,124.0,155.0,31.0,67958,11.126659861139645,0
TF_inst72001.rcp,30.0,4.0,5.933333333333334,2.1898756940875788,178.0,78.0,0.1793103448275862,0.4827586206896552,0.5172413793103448,42.0,0.5,0.6060606060606061,0.5178189457601223,9.0,0.04000000000000001,26.0,55.0,13.0,41237,10.62711544034966,0
TF_inst73001.rcp,30.0,4.0,5.333333333333333,2.573367875415838,160.0,29.0,0.06666666666666667,0.7609195402298851,0.23908045977011494,137.0,0.5,0.19364534134821812,0.16016481907958938,3.0,0.028846153846153848,27.0,138.0,1.0,32,3.4965075614664802,1
TF_inst74001.rcp,30.0,4.0,5.966666666666667,2.5097587312108085,179.0,34.0,0.07816091954022988,0.9126436781609195,0.08735632183908049,146.0,0.5,0.1656678082191781,0.15349502529322231,3.0,0.0789473684210526,25.0,146.0,0.0,32,3.4965075614664802,1
TF_inst75001.rcp,30.0,4.0,5.8,2.83313724811677,174.0,28.0,0.06436781609195402,0.42758620689655175,0.5724137931034483,82.0,0.5,0.28734756097560976,0.2758433005003127,5.0,0.02008032128514056,24.0,87.0,5.0,32,3.4965075614664802,1
TF_inst76001.rcp,30.0,4.0,5.6,2.6280537792569367,168.0,49.0,0.11264367816091954,0.7701149425287356,0.22988505747126442,81.0,0.5,0.3271604938271605,0.2780602483575193,5.0,0.04999999999999999,27.0,83.0,2.0,32,3.4965075614664802,1
TF_inst77001.rcp,30.0,4.0,5.166666666666667,3.088509169306267,155.0,51.0,0.11724137931034483,0.20689655172413793,0.7931034482758621,35.0,0.5,0.6373626373626373,0.5343594563331405,12.0,0.034782608695652174,23.0,44.0,9.0,31152,10.34666582776446,0
TF_inst78001.rcp,30.0,4.0,5.933333333333334,2.1898756940875788,178.0,78.0,0.1793103448275862,0.4827586206896552,0.5172413793103448,42.0,0.5,0.5974025974025974,0.5513784461152882,13.0,0.05777777777777778,26.0,54.0,12.0,5715,8.651024539049757,1
TF_inst79001.rcp,30.0,4.0,5.333333333333333,2.573367875415838,160.0,29.0,0.06666666666666667,0.7609195402298851,0.23908045977011494,137.0,0.5,0.16634652324241261,0.14178570181259387,6.0,0.057692307692307696,23.0,138.0,1.0,32,3.4965075614664802,1
TF_inst80001.rcp,30.0,4.0,5.966666666666667,2.5097587312108085,179.0,34.0,0.07816091954022988,0.9126436781609195,0.08735632183908049,146.0,0.5,0.17270058708414873,0.15882868558382257,2.0,0.052631578947368404,26.0,146.0,0.0,32,3.4965075614664802,1
TF_inst8001.rcp,30.0,4.0,5.966666666666667,2.5097587312108085,179.0,34.0,0.07816091954022988,0.9126436781609195,0.08735632183908049,146.0,0.5,0.1678082191780822,0.15542437015039756,1.0,0.026315789473684202,25.0,146.0,0.0,32,3.4965075614664802,1
TF_inst81001.rcp,30.0,4.0,5.8,2.83313724811677,174.0,28.0,0.06436781609195402,0.42758620689655175,0.5724137931034483,82.0,0.5,0.29817073170731706,0.25896486643437866,4.0,0.01606425702811245,25.0,87.0,5.0,32,3.4965075614664802,1
TF_inst82001.rcp,30.0,4.0,5.6,2.6280537792569367,168.0,49.0,0.11264367816091954,0.7701149425287356,0.22988505747126442,81.0,0.5,0.3073424301494477,0.2521354045691851,0.0,0.0,25.0,81.0,0.0,32,3.4965075614664802,1
TF_inst83001.rcp,30.0,4.0,5.166666666666667,3.088509169306267,155.0,51.0,0.11724137931034483,0.20689655172413793,0.7931034482758621,35.0,0.5,0.7076923076923077,0.5279434850863423,11.0,0.03188405797101449,25.0,43.0,8.0,32904,10.40137990089022,0
TF_inst84001.rcp,30.0,4.0,5.933333333333334,2.1898756940875788,178.0,78.0,0.1793103448275862,0.4827586206896552,0.5172413793103448,42.0,0.5,0.5922619047619048,0.5438810941043084,22.0,0.0977777777777778,25.0,58.0,16.0,40850,10.617686579792686,0
TF_inst85001.rcp,30.0,4.0,5.333333333333333,2.573367875415838,160.0,29.0,0.06666666666666667,0.7609195402298851,0.23908045977011494,137.0,0.5,0.1630170316301703,0.15056916927354883,8.0,0.07692307692307693,23.0,137.0,0.0,32,3.4965075614664802,1
TF_inst86001.rcp,30.0,4.0,5.966666666666667,2.5097587312108085,179.0,34.0,0.07816091954022988,0.9126436781609195,0.08735632183908049,146.0,0.5,0.19863013698630136,0.16210796683489545,2.0,0.052631578947368404,29.0,146.0,0.0,32,3.4965075614664802,1
TF_inst87001.rcp,30.0,4.0,5.8,2.83313724811677,174.0,28.0,0.06436781609195402,0.42758620689655175,0.5724137931034483,82.0,0.5,0.3333333333333333,0.2766722099039172,7.0,0.028112449799196783,28.0,82.0,0.0,32,3.4965075614664802,1
TF_inst88001.rcp,30.0,4.0,5.6,2.6280537792569367,168.0,49.0,0.11264367816091954,0.7701149425287356,0.22988505747126442,81.0,0.5,0.3093681917211329,0.2567964710250572,7.0,0.06999999999999998,26.0,88.0,7.0,154,5.043425116919247,1
TF_inst89001.rcp,30.0,4.0,5.166666666666667,3.088509169306267,155.0,51.0,0.11724137931034483,0.20689655172413793,0.7931034482758621,35.0,0.5,0.6514285714285715,0.5186309523809524,19.0,0.05507246376811594,23.0,47.0,12.0,29710,10.299272626590986,0
TF_inst90001.rcp,30.0,4.0,5.933333333333334,2.1898756940875788,178.0,78.0,0.1793103448275862,0.4827586206896552,0.5172413793103448,42.0,0.5,0.6062271062271062,0.5279527296748658,12.0,0.05333333333333334,26.0,51.0,9.0,8073,8.996404301412886,1
TF_inst9001.rcp,30.0,4.0,5.8,2.83313724811677,174.0,28.0,0.06436781609195402,0.42758620689655175,0.5724137931034483,82.0,0.5,0.33825417201540436,0.2708498177047599,17.0,0.0682730923694779,28.0,92.0,10.0,32,3.4965075614664802,1
TF_inst91001.rcp,30.0,4.0,5.333333333333333,2.573367875415838,160.0,29.0,0.06666666666666667,0.7609195402298851,0.23908045977011494,137.0,0.5,0.1854014598540146,0.14842976169160887,3.0,0.028846153846153848,26.0,137.0,0.0,32,3.4965075614664802,1
TF_inst92001.rcp,30.0,4.0,5.966666666666667,2.5097587312108085,179.0,34.0,0.07816091954022988,0.9126436781609195,0.08735632183908049,146.0,0.5,0.17123287671232876,0.1459371108343711,1.0,0.026315789473684202,25.0,146.0,0.0,32,3.4965075614664802,1
TF_inst93001.rcp,30.0,4.0,5.8,2.83313724811677,174.0,28.0,0.06436781609195402,0.42758620689655175,0.5724137931034483,82.0,0.5,0.29831144465290804,0.2478111319574734,16.0,0.0642570281124498,25.0,86.0,4.0,32,3.4965075614664802,1
TF_inst94001.rcp,30.0,4.0,5.6,2.6280537792569367,168.0,49.0,0.11264367816091954,0.7701149425287356,0.22988505747126442,81.0,0.5,0.301440329218107,0.2455512040207029,4.0,0.03999999999999999,25.0,81.0,0.0,32,3.4965075614664802,1
TF_inst95001.rcp,30.0,4.0,5.166666666666667,3.088509169306267,155.0,51.0,0.11724137931034483,0.20689655172413793,0.7931034482758621,35.0,0.5,0.6857142857142857,0.5561309523809523,16.0,0.0463768115942029,24.0,45.0,10.0,32,3.4965075614664802,1
TF_inst96001.rcp,30.0,4.0,5.933333333333334,2.1898756940875788,178.0,78.0,0.1793103448275862,0.4827586206896552,0.5172413793103448,42.0,0.5,0.5886243386243386,0.5334535834535835,15.0,0.06666666666666668,25.0,47.0,5.0,12769,9.454853949026585,1
TF_inst97001.rcp,30.0,4.0,5.333333333333333,2.573367875415838,160.0,29.0,0.06666666666666667,0.7609195402298851,0.23908045977011494,137.0,0.5,0.17193836171938362,0.14430804394308044,8.0,0.07692307692307693,24.0,137.0,0.0,32,3.4965075614664802,1
TF_inst98001.rcp,30.0,4.0,5.966666666666667,2.5097587312108085,179.0,34.0,0.07816091954022988,0.9126436781609195,0.08735632183908049,146.0,0.5,0.1796042617960426,0.15598839421613395,3.0,0.0789473684210526,27.0,146.0,0.0,32,3.4965075614664802,1
TF_inst99001.rcp,30.0,4.0,5.8,2.83313724811677,174.0,28.0,0.06436781609195402,0.42758620689655175,0.5724137931034483,82.0,0.5,0.324577861163227,0.26860685046660654,9.0,0.03614457831325301,27.0,85.0,3.0,32,3.4965075614664802,1
VAR_inst1.rcp,30.0,4.0,4.333333333333333,3.123388473365994,130.0,64.0,0.1471264367816092,0.3310344827586207,0.6689655172413793,28.0,0.2,0.7482142857142857,0.46756145640074215,14.0,0.048109965635738834,21.0,37.0,9.0,31955,10.372115235601932,0
VAR_inst100001.rcp,30.0,7.0,5.266666666666667,2.55516905289824,158.0,49.0,0.11264367816091954,0.8804597701149425,0.11954022988505753,81.0,0.2,0.345679012345679,0.23840499680835814,8.0,0.15384615384615377,28.0,104.0,23.0,231,5.44673737166631,1
VAR_inst10001.rcp,30.0,4.0,5.266666666666667,2.55516905289824,158.0,49.0,0.11264367816091954,0.8804597701149425,0.11954022988505753,81.0,0.2,0.17901234567901234,0.12899860048982853,1.0,0.01923076923076922,15.0,81.0,0.0,32,3.4965075614664802,1
VAR_inst1001.rcp,30.0,3.0,5.266666666666667,2.55516905289824,158.0,49.0,0.11264367816091954,0.8804597701149425,0.11954022988505753,81.0,0.19999999999999998,0.20769789397240376,0.18439113537152751,1.0,0.01923076923076922,17.0,81.0,0.0,32,3.4965075614664802,1
VAR_inst101001.rcp,30.0,7.0,5.533333333333333,2.8836705005176224,166.0,36.0,0.08275862068965517,0.9356321839080459,0.06436781609195408,142.0,0.20000000000000004,0.1752738654147105,0.12262197218373906,3.0,0.10714285714285705,25.0,142.0,0.0,32,3.4965075614664802,1
VAR_inst102001.rcp,30.0,10.0,4.333333333333333,3.123388473365994,130.0,64.0,0.1471264367816092,0.3310344827586207,0.6689655172413793,28.0,0.20000000000000007,0.9489795918367347,0.46092304520875943,46.0,0.15807560137457044,27.0,46.0,18.0,37853,10.541491933598865,0
VAR_inst103001.rcp,30.0,7.0,5.266666666666667,2.55516905289824,158.0,49.0,0.11264367816091954,0.8804597701149425,0.11954022988505753,81.0,0.20000000000000004,0.3421516754850088,0.24525193354558433,8.0,0.15384615384615377,28.0,97.0,16.0,97,4.584967478670572,1
VAR_inst104001.rcp,30.0,7.0,5.533333333333333,2.8836705005176224,166.0,36.0,0.08275862068965517,0.9356321839080459,0.06436781609195408,142.0,0.20000000000000004,0.2323943661971831,0.14818050459620466,7.0,0.24999999999999978,33.0,147.0,5.0,32,3.4965075614664802,1
VAR_inst105001.rcp,30.0,10.0,4.333333333333333,3.123388473365994,130.0,64.0,0.1471264367816092,0.3310344827586207,0.6689655172413793,28.0,0.20000000000000007,1.096638655462185,0.4944351688043639,43.0,0.14776632302405499,31.0,41.0,10.0,35650,10.481532475939918,0
VAR_inst106001.rcp,30.0,7.0,5.266666666666667,2.55516905289824,158.0,49.0,0.11264367816091954,0.8804597701149425,0.11954022988505753,81.0,0.19999999999999998,0.4093567251461988,0.23552988880195788,14.0,0.2692307692307691,34.0,112.0,31.0,651,6.480044561926653,1
VAR_inst107001.rcp,30.0,5.0,5.533333333333333,2.8836705005176224,166.0,36.0,0.08275862068965517,0.9356321839080459,0.06436781609195408,142.0,0.20000000000000004,0.2765258215962441,0.1740610328638498,6.0,0.2142857142857141,40.0,143.0,1.0,32,3.4965075614664802,1
VAR_inst108001.rcp,30.0,9.0,4.333333333333333,3.123388473365994,130.0,64.0,0.1471264367816092,0.3310344827586207,0.6689655172413793,28.0,0.2,0.9384920634920635,0.48214838544845545,47.0,0.16151202749140894,27.0,42.0,14.0,37626,10.535477156784617,0
VAR_inst109001.rcp,30.0,7.0,5.266666666666667,2.55516905289824,158.0,49.0,0.11264367816091954,0.8804597701149425,0.11954022988505753,81.0,0.20000000000000004,0.3991769547325103,0.24811970572204492,11.0,0.21153846153846145,33.0,94.0,13.0,144,4.976733742420574,1
VAR_inst110001.rcp,30.0,6.0,5.533333333333333,2.8836705005176224,166.0,36.0,0.08275862068965517,0.9356321839080459,0.06436781609195408,142.0,0.2,0.19718309859154928,0.13400746358492838,4.0,0.14285714285714274,28.0,148.0,6.0,32,3.4965075614664802,1
VAR_inst11001.rcp,30.0,4.0,5.533333333333333,2.8836705005176224,166.0,36.0,0.08275862068965517,0.9356321839080459,0.06436781609195408,142.0,0.2,0.14929577464788732,0.10063009636767976,3.0,0.10714285714285705,22.0,147.0,5.0,32,3.4965075614664802,1
VAR_inst111001.rcp,30.0,9.0,4.333333333333333,3.123388473365994,130.0,64.0,0.1471264367816092,0.3310344827586207,0.6689655172413793,28.0,0.20000000000000004,0.6655844155844156,0.48749462038935726,53.0,0.18213058419243985,19.0,48.0,20.0,38821,10.566742375231037,0
VAR_inst112001.rcp,30.0,8.0,5.266666666666667,2.55516905289824,158.0,49.0,0.11264367816091954,0.8804597701149425,0.11954022988505753,81.0,0.2,0.3851851851851852,0.24418186547475762,8.0,0.15384615384615377,32.0,96.0,15.0,291,5.676753802268282,1
VAR_inst113001.rcp,30.0,6.0,5.533333333333333,2.8836705005176224,166.0,36.0,0.08275862068965517,0.9356321839080459,0.06436781609195408,142.0,0.20000000000000007,0.2017102615694165,0.1352544560291039,2.0,0.07142857142857137,29.0,143.0,1.0,32,3.4965075614664802,1
VAR_inst114001.rcp,30.0,8.0,4.333333333333333,3.123388473365994,130.0,64.0,0.1471264367816092,0.3310344827586207,0.6689655172413793,28.0,0.2,0.8763736263736264,0.6041716091801093,50.0,0.1718213058419244,25.0,50.0,22.0,40762,10.615530086198365,0
VAR_inst115001.rcp,30.0,6.0,5.266666666666667,2.55516905289824,158.0,49.0,0.11264367816091954,0.8804597701149425,0.11954022988505753,81.0,0.2,0.263668430335097,0.20922595922595918,7.0,0.13461538461538455,22.0,86.0,5.0,68,4.23410650459726,1
VAR_inst116001.rcp,30.0,7.0,5.533333333333333,2.8836705005176224,166.0,36.0,0.08275862068965517,0.9356321839080459,0.06436781609195408,142.0,0.2,0.2226435536294691,0.13423240915419218,5.0,0.1785714285714284,32.0,145.0,3.0,32,3.4965075614664802,1
VAR_inst117001.rcp,30.0,9.0,4.333333333333333,3.123388473365994,130.0,64.0,0.1471264367816092,0.3310344827586207,0.6689655172413793,28.0,0.20000000000000004,0.8846153846153846,0.4851890008140008,46.0,0.15807560137457044,25.0,48.0,20.0,34668,10.453601194882646,0
VAR_inst118001.rcp,30.0,7.0,5.266666666666667,2.55516905289824,158.0,49.0,0.11264367816091954,0.8804597701149425,0.11954022988505753,81.0,0.2,0.3389450056116723,0.24633581709605104,7.0,0.13461538461538455,28.0,98.0,17.0,109,4.700480365792417,1
VAR_inst119001.rcp,30.0,6.0,5.533333333333333,2.8836705005176224,166.0,36.0,0.08275862068965517,0.9356321839080459,0.06436781609195408,142.0,0.2,0.23672806067172264,0.17494797846910523,6.0,0.2142857142857141,34.0,143.0,1.0,32,3.4965075614664802,1
VAR_inst120001.rcp,30.0,10.0,4.333333333333333,3.123388473365994,130.0,64.0,0.1471264367816092,0.3310344827586207,0.6689655172413793,28.0,0.20000000000000007,1.0647321428571428,0.6854422599459363,83.0,0.2852233676975945,30.0,62.0,32.0,40319,10.60460290274525,0
VAR_inst12001.rcp,30.0,6.0,4.333333333333333,3.123388473365994,130.0,64.0,0.1471264367816092,0.3310344827586207,0.6689655172413793,28.0,0.2,0.6655844155844156,0.2992661578187894,6.0,0.020618556701030927,19.0,32.0,4.0,29207,10.282197923335472,0
VAR_inst121001.rcp,30.0,9.0,5.266666666666667,2.55516905289824,158.0,49.0,0.11264367816091954,0.8804597701149425,0.11954022988505753,81.0,0.20000000000000004,0.4207818930041152,0.2900630727700444,15.0,0.2884615384615383,35.0,97.0,16.0,510,6.236369590203704,1
VAR_inst122001.rcp,30.0,10.0,5.533333333333333,2.8836705005176224,166.0,36.0,0.08275862068965517,0.9356321839080459,0.06436781609195408,142.0,0.20000000000000007,0.24559859154929578,0.17573740844033653,7.0,0.24999999999999978,35.0,143.0,1.0,32,3.4965075614664802,1
VAR_inst123001.rcp,30.0,10.0,4.333333333333333,3.123388473365994,130.0,64.0,0.1471264367816092,0.3310344827586207,0.6689655172413793,28.0,0.20000000000000007,1.1952380952380952,0.7329429347496574,85.0,0.2920962199312715,34.0,60.0,26.0,37161,10.5230420127927,0
VAR_inst124001.rcp,30.0,10.0,5.266666666666667,2.55516905289824,158.0,49.0,0.11264367816091954,0.8804597701149425,0.11954022988505753,81.0,0.20000000000000007,0.5012345679012346,0.30176253227336824,18.0,0.34615384615384603,41.0,120.0,39.0,3855,8.257385655730436,1
VAR_inst125001.rcp,30.0,10.0,5.533333333333333,2.8836705005176224,166.0,36.0,0.08275862068965517,0.9356321839080459,0.06436781609195408,142.0,0.20000000000000007,0.26134585289514867,0.17248166761144784,6.0,0.2142857142857141,38.0,148.0,6.0,32,3.4965075614664802,1
VAR_inst126001.rcp,30.0,10.0,4.333333333333333,3.123388473365994,130.0,64.0,0.1471264367816092,0.3310344827586207,0.6689655172413793,28.0,0.20000000000000007,1.0974025974025974,0.6974040688843319,81.0,0.27835051546391754,31.0,46.0,15.0,41181,10.625756546668091,0
VAR_inst127001.rcp,30.0,10.0,5.266666666666667,2.55516905289824,158.0,49.0,0.11264367816091954,0.8804597701149425,0.11954022988505753,81.0,0.20000000000000007,0.43790849673202614,0.2929520746170213,15.0,0.2884615384615383,36.0,99.0,18.0,713,6.570882962339584,1
VAR_inst128001.rcp,30.0,10.0,5.533333333333333,2.8836705005176224,166.0,36.0,0.08275862068965517,0.9356321839080459,0.06436781609195408,142.0,0.20000000000000007,0.2112676056338028,0.17517150056830866,11.0,0.3928571428571425,30.0,162.0,20.0,110,4.709530201312334,1
VAR_inst129001.rcp,30.0,10.0,4.333333333333333,3.123388473365994,130.0,64.0,0.1471264367816092,0.3310344827586207,0.6689655172413793,28.0,0.20000000000000007,0.9154135338345865,0.6842341120137172,96.0,0.32989690721649484,26.0,45.0,17.0,40474,10.608439778545836,0
VAR_inst130001.rcp,30.0,10.0,5.266666666666667,2.55516905289824,158.0,49.0,0.11264367816091954,0.8804597701149425,0.11954022988505753,81.0,0.20000000000000007,0.3958333333333333,0.2822337483584761,15.0,0.2884615384615383,33.0,112.0,31.0,879,6.779921907472252,1
VAR_inst13001.rcp,30.0,3.0,5.266666666666667,2.55516905289824,158.0,49.0,0.11264367816091954,0.8804597701149425,0.11954022988505753,81.0,0.19999999999999998,0.21502057613168724,0.18996995231563132,0.0,0.0,18.0,81.0,0.0,32,3.4965075614664802,1
VAR_inst131001.rcp,30.0,8.0,5.533333333333333,2.8836705005176224,166.0,36.0,0.08275862068965517,0.9356321839080459,0.06436781609195408,142.0,0.2,0.2029449423815621,0.1648163309695,9.0,0.3214285714285711,29.0,153.0,11.0,71,4.276666119016055,1
VAR_inst132001.rcp,30.0,10.0,4.333333333333333,3.123388473365994,130.0,64.0,0.1471264367816092,0.3310344827586207,0.6689655172413793,28.0,0.20000000000000007,1.1279761904761905,0.6871680490377969,83.0,0.2852233676975945,32.0,59.0,27.0,40061,10.598183533085924,0
VAR_inst133001.rcp,30.0,10.0,5.266666666666667,2.55516905289824,158.0,49.0,0.11264367816091954,0.8804597701149425,0.11954022988505753,81.0,0.20000000000000007,0.4348422496570645,0.28772100650096294,18.0,0.34615384615384603,36.0,118.0,37.0,322,5.777652323222656,1
VAR_inst134001.rcp,30.0,10.0,5.533333333333333,2.8836705005176224,166.0,36.0,0.08275862068965517,0.9356321839080459,0.06436781609195408,142.0,0.20000000000000007,0.27323943661971833,0.17310443767776,11.0,0.3928571428571425,39.0,161.0,19.0,68,4.23410650459726,1
VAR_inst135001.rcp,30.0,10.0,4.333333333333333,3.123388473365994,130.0,64.0,0.1471264367816092,0.3310344827586207,0.6689655172413793,28.0,0.20000000000000007,1.1318681318681318,0.7156964329253969,82.0,0.281786941580756,32.0,47.0,15.0,34945,10.461559291898984,0
VAR_inst136001.rcp,30.0,10.0,5.266666666666667,2.55516905289824,158.0,49.0,0.11264367816091954,0.8804597701149425,0.11954022988505753,81.0,0.20000000000000007,0.3872053872053872,0.29334258353350207,17.0,0.3269230769230768,32.0,103.0,22.0,1775,7.4821189235521155,1
VAR_inst137001.rcp,30.0,8.0,5.533333333333333,2.8836705005176224,166.0,36.0,0.08275862068965517,0.9356321839080459,0.06436781609195408,142.0,0.2,0.2590543259557344,0.18354582315386614,6.0,0.2142857142857141,37.0,148.0,6.0,32,3.4965075614664802,1
VAR_inst138001.rcp,30.0,10.0,4.333333333333333,3.123388473365994,130.0,64.0,0.1471264367816092,0.3310344827586207,0.6689655172413793,28.0,0.20000000000000007,0.9821428571428571,0.6320355834641549,87.0,0.29896907216494845,28.0,55.0,27.0,40582,10.611104538690634,0
VAR_inst139001.rcp,30.0,10.0,5.266666666666667,2.55516905289824,158.0,49.0,0.11264367816091954,0.8804597701149425,0.11954022988505753,81.0,0.20000000000000007,0.404320987654321,0.29292237871973564,14.0,0.2692307692307691,33.0,101.0,20.0,185,5.225746673713202,1
VAR_inst140001.rcp,30.0,9.0,5.533333333333333,2.8836705005176224,166.0,36.0,0.08275862068965517,0.9356321839080459,0.06436781609195408,142.0,0.19999999999999993,0.24067937033968517,0.1791951005966653,10.0,0.3571428571428568,35.0,155.0,13.0,32,3.4965075614664802,1
VAR_inst14001.rcp,30.0,4.0,5.533333333333333,2.8836705005176224,166.0,36.0,0.08275862068965517,0.9356321839080459,0.06436781609195408,142.0,0.2,0.10211267605633803,0.07624217527386541,3.0,0.10714285714285705,15.0,144.0,2.0,32,3.4965075614664802,1
VAR_inst141001.rcp,30.0,10.0,4.333333333333333,3.123388473365994,130.0,64.0,0.1471264367816092,0.3310344827586207,0.6689655172413793,28.0,0.20000000000000007,0.967032967032967,0.6973357897324062,80.0,0.27491408934707906,28.0,51.0,23.0,42448,10.65605863433599,0
VAR_inst142001.rcp,30.0,10.0,5.266666666666667,2.55516905289824,158.0,49.0,0.11264367816091954,0.8804597701149425,0.11954022988505753,81.0,0.20000000000000007,0.42430149447693305,0.2986725622604535,20.0,0.38461538461538447,35.0,117.0,36.0,1220,7.107425474110705,1
VAR_inst143001.rcp,30.0,10.0,5.533333333333333,2.8836705005176224,166.0,36.0,0.08275862068965517,0.9356321839080459,0.06436781609195408,142.0,0.20000000000000007,0.23498888065233506,0.1731212423748289,4.0,0.14285714285714274,34.0,142.0,0.0,32,3.4965075614664802,1
VAR_inst144001.rcp,30.0,10.0,4.333333333333333,3.123388473365994,130.0,64.0,0.1471264367816092,0.3310344827586207,0.6689655172413793,28.0,0.20000000000000007,1.0404761904761906,0.7141052531152321,90.0,0.30927835051546393,30.0,50.0,20.0,44916,10.712571621225875,0
VAR_inst145001.rcp,30.0,9.0,5.266666666666667,2.55516905289824,158.0,49.0,0.11264367816091954,0.8804597701149425,0.11954022988505753,81.0,0.2,0.502880658436214,0.31688101430294613,13.0,0.2499999999999999,41.0,99.0,18.0,604,6.405228458030842,1
VAR_inst146001.rcp,30.0,7.0,5.533333333333333,2.8836705005176224,166.0,36.0,0.08275862068965517,0.9356321839080459,0.06436781609195408,142.0,0.2,0.2549295774647887,0.174791543411623,7.0,0.24999999999999978,37.0,153.0,11.0,32,3.4965075614664802,1
VAR_inst147001.rcp,30.0,10.0,4.333333333333333,3.123388473365994,130.0,64.0,0.1471264367816092,0.3310344827586207,0.6689655172413793,28.0,0.20000000000000007,1.1458333333333333,0.7080383269121658,77.0,0.2646048109965636,33.0,55.0,22.0,43982,10.691558474606374,0
VAR_inst148001.rcp,30.0,10.0,5.266666666666667,2.55516905289824,158.0,49.0,0.11264367816091954,0.8804597701149425,0.11954022988505753,81.0,0.20000000000000007,0.3816872427983539,0.29421627150385316,17.0,0.3269230769230768,31.0,129.0,48.0,3385,8.12740456269308,1
VAR_inst149001.rcp,30.0,9.0,5.533333333333333,2.8836705005176224,166.0,36.0,0.08275862068965517,0.9356321839080459,0.06436781609195408,142.0,0.2,0.24106175514626219,0.18204737313954017,7.0,0.24999999999999978,35.0,146.0,4.0,184,5.220355825078324,1
VAR_inst150001.rcp,30.0,10.0,4.333333333333333,3.123388473365994,130.0,64.0,0.1471264367816092,0.3310344827586207,0.6689655172413793,28.0,0.20000000000000007,1.2142857142857142,0.6724077019471756,79.0,0.27147766323024053,34.0,59.0,25.0,40552,10.610365039544332,0
VAR_inst15001.rcp,30.0,7.0,4.333333333333333,3.123388473365994,130.0,64.0,0.1471264367816092,0.3310344827586207,0.6689655172413793,28.0,0.2,0.4770408163265306,0.3077577214526731,8.0,0.027491408934707903,14.0,29.0,1.0,28950,10.273360024718905,0
VAR_inst151001.rcp,30.0,9.0,5.266666666666667,2.55516905289824,158.0,49.0,0.11264367816091954,0.8804597701149425,0.11954022988505753,81.0,0.19999999999999998,0.45614035087719296,0.3125429196822959,18.0,0.34615384615384603,37.0,109.0,28.0,1341,7.201916317531627,1
VAR_inst152001.rcp,30.0,9.0,5.533333333333333,2.8836705005176224,166.0,36.0,0.08275862068965517,0.9356321839080459,0.06436781609195408,142.0,0.2,0.30164319248826293,0.17918730179110054,9.0,0.3214285714285711,43.0,153.0,11.0,32,3.4965075614664802,1
VAR_inst153001.rcp,30.0,10.0,4.333333333333333,3.123388473365994,130.0,64.0,0.1471264367816092,0.3310344827586207,0.6689655172413793,28.0,0.20000000000000007,1.1726190476190477,0.7318397839905193,85.0,0.2920962199312715,33.0,50.0,17.0,43499,10.680516217076775,0
VAR_inst154001.rcp,30.0,9.0,5.266666666666667,2.55516905289824,158.0,49.0,0.11264367816091954,0.8804597701149425,0.11954022988505753,81.0,0.2,0.4672364672364672,0.31462583975037944,12.0,0.23076923076923067,38.0,99.0,18.0,99,4.605170185988092,1
VAR_inst155001.rcp,30.0,9.0,5.533333333333333,2.8836705005176224,166.0,36.0,0.08275862068965517,0.9356321839080459,0.06436781609195408,142.0,0.2,0.22919334186939821,0.1693036039211129,11.0,0.3928571428571425,33.0,162.0,20.0,186,5.231108616854587,1
VAR_inst156001.rcp,30.0,10.0,4.333333333333333,3.123388473365994,130.0,64.0,0.1471264367816092,0.3310344827586207,0.6689655172413793,28.0,0.20000000000000007,1.0089285714285714,0.7155050616737924,87.0,0.29896907216494845,29.0,47.0,18.0,41930,10.643780689153017,0
VAR_inst157001.rcp,30.0,9.0,5.266666666666667,2.55516905289824,158.0,49.0,0.11264367816091954,0.8804597701149425,0.11954022988505753,81.0,0.2,0.4246913580246914,0.3045849383812346,13.0,0.2499999999999999,35.0,108.0,27.0,829,6.721425700790643,1
VAR_inst158001.rcp,30.0,10.0,5.533333333333333,2.8836705005176224,166.0,36.0,0.08275862068965517,0.9356321839080459,0.06436781609195408,142.0,0.20000000000000007,0.3075117370892019,0.17862351850027908,9.0,0.3214285714285711,44.0,155.0,13.0,338,5.82600010738045,1
VAR_inst159001.rcp,30.0,10.0,4.333333333333333,3.123388473365994,130.0,64.0,0.1471264367816092,0.3310344827586207,0.6689655172413793,28.0,0.20000000000000007,1.0476190476190477,0.706629446941947,83.0,0.2852233676975945,30.0,60.0,30.0,34839,10.458521430966439,0
VAR_inst160001.rcp,30.0,10.0,5.266666666666667,2.55516905289824,158.0,49.0,0.11264367816091954,0.8804597701149425,0.11954022988505753,81.0,0.20000000000000007,0.406721536351166,0.291142631644581,18.0,0.34615384615384603,33.0,124.0,43.0,1495,7.310550158534422,1
VAR_inst16001.rcp,30.0,2.0,5.266666666666667,2.55516905289824,158.0,49.0,0.11264367816091954,0.8804597701149425,0.11954022988505753,81.0,0.2,0.19428200129954515,0.15814317929901006,2.0,0.03846153846153844,16.0,89.0,8.0,86,4.465908118654584,1
VAR_inst161001.rcp,30.0,8.0,5.533333333333333,2.8836705005176224,166.0,36.0,0.08275862068965517,0.9356321839080459,0.06436781609195408,142.0,0.2,0.20539906103286384,0.1706527676157958,9.0,0.3214285714285711,30.0,151.0,9.0,32,3.4965075614664802,1
VAR_inst162001.rcp,30.0,10.0,4.333333333333333,3.123388473365994,130.0,64.0,0.1471264367816092,0.3310344827586207,0.6689655172413793,28.0,0.20000000000000007,0.8538961038961039,0.645423891584606,78.0,0.26804123711340205,24.0,48.0,20.0,36691,10.510314026629546,0
VAR_inst163001.rcp,30.0,10.0,5.266666666666667,2.55516905289824,158.0,49.0,0.11264367816091954,0.8804597701149425,0.11954022988505753,81.0,0.20000000000000007,0.3855650522317189,0.29671736215853856,14.0,0.2692307692307691,32.0,97.0,16.0,207,5.337538079701318,1
VAR_inst164001.rcp,30.0,8.0,5.533333333333333,2.8836705005176224,166.0,36.0,0.08275862068965517,0.9356321839080459,0.06436781609195408,142.0,0.2,0.25997652582159625,0.18876871317775937,12.0,0.4285714285714282,37.0,157.0,15.0,112,4.727387818712341,1
VAR_inst165001.rcp,30.0,10.0,4.333333333333333,3.123388473365994,130.0,64.0,0.1471264367816092,0.3310344827586207,0.6689655172413793,28.0,0.20000000000000007,1.0654761904761905,0.6635872134401547,81.0,0.27835051546391754,30.0,48.0,18.0,48027,10.779539453150608,0
VAR_inst166001.rcp,30.0,10.0,5.266666666666667,2.55516905289824,158.0,49.0,0.11264367816091954,0.8804597701149425,0.11954022988505753,81.0,0.20000000000000007,0.3917695473251029,0.2925835148874365,16.0,0.30769230769230754,32.0,105.0,24.0,2163,7.679713639966372,1
VAR_inst167001.rcp,30.0,9.0,5.533333333333333,2.8836705005176224,166.0,36.0,0.08275862068965517,0.9356321839080459,0.06436781609195408,142.0,0.2,0.23032311516155757,0.18170784775786297,8.0,0.2857142857142855,33.0,150.0,8.0,32,3.4965075614664802,1
VAR_inst168001.rcp,30.0,10.0,4.333333333333333,3.123388473365994,130.0,64.0,0.1471264367816092,0.3310344827586207,0.6689655172413793,28.0,0.20000000000000007,1.0672268907563025,0.6879682225454284,80.0,0.27491408934707906,30.0,56.0,26.0,40267,10.603312387849314,0
VAR_inst169001.rcp,30.0,10.0,5.266666666666667,2.55516905289824,158.0,49.0,0.11264367816091954,0.8804597701149425,0.11954022988505753,81.0,0.20000000000000007,0.43132716049382713,0.2945121647899426,13.0,0.2499999999999999,35.0,111.0,30.0,578,6.361302477572996,1
VAR_inst170001.rcp,30.0,9.0,5.533333333333333,2.8836705005176224,166.0,36.0,0.08275862068965517,0.9356321839080459,0.06436781609195408,142.0,0.1999999999999999,0.2580025608194622,0.18438626621621648,10.0,0.3571428571428568,37.0,146.0,4.0,32,3.4965075614664802,1
VAR_inst17001.rcp,30.0,2.0,5.533333333333333,2.8836705005176224,166.0,36.0,0.08275862068965517,0.9356321839080459,0.06436781609195408,142.0,0.2,0.11924882629107982,0.11754694835680751,0.0,0.0,17.0,142.0,0.0,32,3.4965075614664802,1
VAR_inst171001.rcp,30.0,10.0,4.333333333333333,3.123388473365994,130.0,64.0,0.1471264367816092,0.3310344827586207,0.6689655172413793,28.0,0.20000000000000007,1.1984126984126984,0.7249931190424888,79.0,0.27147766323024053,34.0,48.0,14.0,38202,10.550669325542444,0
VAR_inst172001.rcp,30.0,9.0,5.266666666666667,2.55516905289824,158.0,49.0,0.11264367816091954,0.8804597701149425,0.11954022988505753,81.0,0.2,0.4382716049382716,0.29938090331202744,11.0,0.21153846153846145,36.0,101.0,20.0,334,5.814130531825066,1
VAR_inst173001.rcp,30.0,10.0,5.533333333333333,2.8836705005176224,166.0,36.0,0.08275862068965517,0.9356321839080459,0.06436781609195408,142.0,0.20000000000000007,0.2605633802816901,0.1826789016929862,11.0,0.3928571428571425,37.0,152.0,10.0,32,3.4965075614664802,1
VAR_inst174001.rcp,30.0,10.0,4.333333333333333,3.123388473365994,130.0,64.0,0.1471264367816092,0.3310344827586207,0.6689655172413793,28.0,0.20000000000000007,0.9183673469387755,0.7170664804383292,78.0,0.26804123711340205,26.0,47.0,19.0,40006,10.59680971778536,0
VAR_inst175001.rcp,30.0,9.0,5.266666666666667,2.55516905289824,158.0,49.0,0.11264367816091954,0.8804597701149425,0.11954022988505753,81.0,0.2,0.3862433862433862,0.31158734641547514,12.0,0.23076923076923067,32.0,104.0,23.0,163,5.099866427824199,1
VAR_inst176001.rcp,30.0,9.0,5.533333333333333,2.8836705005176224,166.0,36.0,0.08275862068965517,0.9356321839080459,0.06436781609195408,142.0,0.2,0.25160051216389245,0.16843629612892247,10.0,0.3571428571428568,36.0,157.0,15.0,73,4.30406509320417,1
VAR_inst177001.rcp,30.0,10.0,4.333333333333333,3.123388473365994,130.0,64.0,0.1471264367816092,0.3310344827586207,0.6689655172413793,28.0,0.20000000000000007,1.1409774436090225,0.713260825677345,85.0,0.2920962199312715,32.0,53.0,21.0,42675,10.661391980311352,0
VAR_inst178001.rcp,30.0,10.0,5.266666666666667,2.55516905289824,158.0,49.0,0.11264367816091954,0.8804597701149425,0.11954022988505753,81.0,0.20000000000000007,0.3807667316439246,0.27989379162925776,9.0,0.17307692307692302,31.0,93.0,12.0,342,5.8377304471659395,1
VAR_inst179001.rcp,30.0,10.0,5.533333333333333,2.8836705005176224,166.0,36.0,0.08275862068965517,0.9356321839080459,0.06436781609195408,142.0,0.20000000000000007,0.2863849765258216,0.18117910420901745,12.0,0.4285714285714282,41.0,152.0,10.0,298,5.700443573390687,1
VAR_inst180001.rcp,30.0,10.0,4.333333333333333,3.123388473365994,130.0,64.0,0.1471264367816092,0.3310344827586207,0.6689655172413793,28.0,0.6000000000000001,1.4928571428571429,0.7329166666666667,113.0,0.38831615120274915,42.0,71.0,29.0,51644,10.852148664440733,0
VAR_inst18001.rcp,30.0,5.0,4.333333333333333,3.123388473365994,130.0,64.0,0.1471264367816092,0.3310344827586207,0.6689655172413793,28.0,0.20000000000000004,0.634453781512605,0.35127951180472194,13.0,0.044673539518900345,18.0,36.0,8.0,29145,10.280072961093643,0
VAR_inst181001.rcp,30.0,7.0,5.266666666666667,2.55516905289824,158.0,49.0,0.11264367816091954,0.8804597701149425,0.11954022988505753,81.0,0.6000000000000001,0.5123456790123457,0.34705227120087795,23.0,0.4423076923076921,42.0,107.0,26.0,5523,8.616857514529183,1
VAR_inst182001.rcp,30.0,7.0,5.533333333333333,2.8836705005176224,166.0,36.0,0.08275862068965517,0.9356321839080459,0.06436781609195408,142.0,0.6,0.34321719792438843,0.2194523868356337,12.0,0.4285714285714282,49.0,148.0,6.0,35,3.58351893845611,1
VAR_inst183001.rcp,30.0,10.0,4.333333333333333,3.123388473365994,130.0,64.0,0.1471264367816092,0.3310344827586207,0.6689655172413793,28.0,0.6000000000000001,1.3017857142857143,0.6725835442752736,120.0,0.41237113402061853,37.0,69.0,32.0,42730,10.662679931125757,0
VAR_inst184001.rcp,30.0,8.0,5.266666666666667,2.55516905289824,158.0,49.0,0.11264367816091954,0.8804597701149425,0.11954022988505753,81.0,0.6,0.6466049382716049,0.34441296816167816,25.0,0.48076923076923056,53.0,118.0,37.0,4830,8.482808764554406,1
VAR_inst185001.rcp,30.0,6.0,5.533333333333333,2.8836705005176224,166.0,36.0,0.08275862068965517,0.9356321839080459,0.06436781609195408,142.0,0.6000000000000001,0.4440326167531505,0.227761304670126,9.0,0.3214285714285711,64.0,155.0,13.0,230,5.442417710521793,1
VAR_inst186001.rcp,30.0,10.0,4.333333333333333,3.123388473365994,130.0,64.0,0.1471264367816092,0.3310344827586207,0.6689655172413793,28.0,0.6000000000000001,1.6233766233766234,0.634012586141069,128.0,0.43986254295532645,46.0,62.0,16.0,45441,10.724192066510948,0
VAR_inst187001.rcp,30.0,7.0,5.266666666666667,2.55516905289824,158.0,49.0,0.11264367816091954,0.8804597701149425,0.11954022988505753,81.0,0.6,0.5881834215167548,0.35117045768674837,16.0,0.30769230769230754,48.0,108.0,27.0,549,6.309918278226516,1
VAR_inst188001.rcp,30.0,7.0,5.533333333333333,2.8836705005176224,166.0,36.0,0.08275862068965517,0.9356321839080459,0.06436781609195408,142.0,0.6,0.4699530516431925,0.21907488723430818,12.0,0.4285714285714282,67.0,157.0,15.0,100,4.61512051684126,1
VAR_inst189001.rcp,30.0,10.0,4.333333333333333,3.123388473365994,130.0,64.0,0.1471264367816092,0.3310344827586207,0.6689655172413793,28.0,0.6000000000000001,1.3995535714285714,0.7124922239936338,111.0,0.38144329896907214,40.0,67.0,27.0,47357,10.765491038936457,0
VAR_inst190001.rcp,30.0,6.0,5.266666666666667,2.55516905289824,158.0,49.0,0.11264367816091954,0.8804597701149425,0.11954022988505753,81.0,0.6,0.63668430335097,0.3966276688090414,10.0,0.19230769230769224,52.0,103.0,22.0,41,3.7376696182833684,1
VAR_inst19001.rcp,30.0,3.0,5.266666666666667,2.55516905289824,158.0,49.0,0.11264367816091954,0.8804597701149425,0.11954022988505753,81.0,0.19999999999999998,0.19753086419753085,0.139834559587646,1.0,0.01923076923076922,16.0,82.0,1.0,48,3.8918202981106265,1
VAR_inst191001.rcp,30.0,9.0,5.533333333333333,2.8836705005176224,166.0,36.0,0.08275862068965517,0.9356321839080459,0.06436781609195408,142.0,0.6000000000000001,0.29911045218680504,0.17748429464351934,9.0,0.3214285714285711,43.0,147.0,5.0,32,3.4965075614664802,1
VAR_inst192001.rcp,30.0,10.0,4.333333333333333,3.123388473365994,130.0,64.0,0.1471264367816092,0.3310344827586207,0.6689655172413793,28.0,0.6000000000000001,1.5023809523809524,0.6456314286848344,119.0,0.40893470790378006,43.0,66.0,23.0,48159,10.782284079982702,0
VAR_inst193001.rcp,30.0,8.0,5.266666666666667,2.55516905289824,158.0,49.0,0.11264367816091954,0.8804597701149425,0.11954022988505753,81.0,0.6,0.6510721247563352,0.3261773988785298,15.0,0.2884615384615383,53.0,123.0,42.0,1993,7.597897950521784,1
VAR_inst194001.rcp,30.0,9.0,5.533333333333333,2.8836705005176224,166.0,36.0,0.08275862068965517,0.9356321839080459,0.06436781609195408,142.0,0.6000000000000001,0.476056338028169,0.1848478356107464,10.0,0.3571428571428568,68.0,151.0,9.0,156,5.056245805348308,1
VAR_inst195001.rcp,30.0,10.0,4.333333333333333,3.123388473365994,130.0,64.0,0.1471264367816092,0.3310344827586207,0.6689655172413793,28.0,0.6000000000000001,1.4761904761904763,0.7410567006522888,84.0,0.28865979381443296,42.0,60.0,18.0,47201,10.762191543557298,0
VAR_inst196001.rcp,30.0,6.0,5.266666666666667,2.55516905289824,158.0,49.0,0.11264367816091954,0.8804597701149425,0.11954022988505753,81.0,0.6,0.8079561042524005,0.4158644664999058,18.0,0.34615384615384603,66.0,113.0,32.0,2649,7.882314918980268,1
VAR_inst197001.rcp,30.0,8.0,5.533333333333333,2.8836705005176224,166.0,36.0,0.08275862068965517,0.9356321839080459,0.06436781609195408,142.0,0.6,0.35246478873239434,0.18737327720009608,16.0,0.571428571428571,51.0,152.0,10.0,64,4.174387269895637,1
VAR_inst198001.rcp,30.0,10.0,4.333333333333333,3.123388473365994,130.0,64.0,0.1471264367816092,0.3310344827586207,0.6689655172413793,28.0,0.6000000000000001,2.0576923076923075,0.7376121447996447,125.0,0.42955326460481097,58.0,85.0,27.0,52530,10.86915875050772,0
VAR_inst199001.rcp,30.0,7.0,5.266666666666667,2.55516905289824,158.0,49.0,0.11264367816091954,0.8804597701149425,0.11954022988505753,81.0,0.6,0.5969135802469135,0.3561727445014093,12.0,0.23076923076923067,49.0,115.0,34.0,526,6.267200548541362,1
VAR_inst200001.rcp,30.0,8.0,5.533333333333333,2.8836705005176224,166.0,36.0,0.08275862068965517,0.9356321839080459,0.06436781609195408,142.0,0.6,0.33388566694283345,0.18585603649948698,9.0,0.3214285714285711,48.0,151.0,9.0,32,3.4965075614664802,1
VAR_inst20001.rcp,30.0,3.0,5.533333333333333,2.8836705005176224,166.0,36.0,0.08275862068965517,0.9356321839080459,0.06436781609195408,142.0,0.19999999999999998,0.09859154929577464,0.07453051643192488,0.0,0.0,14.0,142.0,0.0,32,3.4965075614664802,1
VAR_inst2001.rcp,30.0,2.0,5.533333333333333,2.8836705005176224,166.0,36.0,0.08275862068965517,0.9356321839080459,0.06436781609195408,142.0,0.2,0.1052195526097763,0.10073184203258768,0.0,0.0,15.0,142.0,0.0,32,3.4965075614664802,1
VAR_inst201001.rcp,30.0,10.0,4.333333333333333,3.123388473365994,130.0,64.0,0.1471264367816092,0.3310344827586207,0.6689655172413793,28.0,0.6000000000000001,2.0032467532467533,0.7280987945877652,141.0,0.4845360824742268,57.0,82.0,25.0,51353,10.846498109109664,0
VAR_inst202001.rcp,30.0,6.0,5.266666666666667,2.55516905289824,158.0,49.0,0.11264367816091954,0.8804597701149425,0.11954022988505753,81.0,0.6,0.7014590347923682,0.39243411917703863,23.0,0.4423076923076921,57.0,124.0,43.0,22402,10.01695015744693,1
VAR_inst203001.rcp,30.0,7.0,5.533333333333333,2.8836705005176224,166.0,36.0,0.08275862068965517,0.9356321839080459,0.06436781609195408,142.0,0.6000000000000001,0.4658450704225352,0.22325104472991794,15.0,0.5357142857142853,67.0,164.0,22.0,325,5.786897381366708,1
VAR_inst204001.rcp,30.0,10.0,4.333333333333333,3.123388473365994,130.0,64.0,0.1471264367816092,0.3310344827586207,0.6689655172413793,28.0,0.6000000000000001,1.1976190476190476,0.6847219009061114,96.0,0.32989690721649484,34.0,60.0,26.0,39182,10.575998258245631,0
VAR_inst205001.rcp,30.0,7.0,5.266666666666667,2.55516905289824,158.0,49.0,0.11264367816091954,0.8804597701149425,0.11954022988505753,81.0,0.6000000000000001,0.7209876543209877,0.34971046898291475,21.0,0.4038461538461537,59.0,119.0,38.0,21585,9.97980023538529,1
VAR_inst206001.rcp,30.0,7.0,5.533333333333333,2.8836705005176224,166.0,36.0,0.08275862068965517,0.9356321839080459,0.06436781609195408,142.0,0.6,0.2916975537435137,0.22185339958028724,14.0,0.49999999999999956,42.0,159.0,17.0,427,6.059123195581797,1
VAR_inst207001.rcp,30.0,10.0,4.333333333333333,3.123388473365994,130.0,64.0,0.1471264367816092,0.3310344827586207,0.6689655172413793,28.0,0.6000000000000001,1.6629464285714286,0.7556304284534328,123.0,0.422680412371134,47.0,72.0,25.0,45498,10.725445626675544,0
VAR_inst208001.rcp,30.0,6.0,5.266666666666667,2.55516905289824,158.0,49.0,0.11264367816091954,0.8804597701149425,0.11954022988505753,81.0,0.6,0.5925925925925926,0.39517252295030075,26.0,0.4999999999999998,48.0,116.0,35.0,1498,7.312553498102598,1
VAR_inst209001.rcp,30.0,7.0,5.533333333333333,2.8836705005176224,166.0,36.0,0.08275862068965517,0.9356321839080459,0.06436781609195408,142.0,0.6,0.35590465872156013,0.20479451802389428,19.0,0.6785714285714279,51.0,163.0,21.0,624,6.437751649736401,1
VAR_inst210001.rcp,30.0,10.0,4.333333333333333,3.123388473365994,130.0,64.0,0.1471264367816092,0.3310344827586207,0.6689655172413793,28.0,0.6000000000000001,1.7351190476190477,0.6726568807347502,157.0,0.5395189003436426,49.0,71.0,22.0,51802,10.855203341628478,0
VAR_inst21001.rcp,30.0,5.0,4.333333333333333,3.123388473365994,130.0,64.0,0.1471264367816092,0.3310344827586207,0.6689655172413793,28.0,0.20000000000000007,0.7276785714285714,0.3986185344583177,13.0,0.044673539518900345,21.0,34.0,6.0,30073,10.311416290082265,0
VAR_inst211001.rcp,30.0,5.0,5.266666666666667,2.55516905289824,158.0,49.0,0.11264367816091954,0.8804597701149425,0.11954022988505753,81.0,0.6,0.6944444444444444,0.4385684128202188,19.0,0.36538461538461525,57.0,113.0,32.0,8142,9.004913941467132,1
VAR_inst212001.rcp,30.0,7.0,5.533333333333333,2.8836705005176224,166.0,36.0,0.08275862068965517,0.9356321839080459,0.06436781609195408,142.0,0.6,0.5952557449962935,0.21262799468878044,8.0,0.2857142857142855,85.0,153.0,11.0,90,4.51085950651685,1
VAR_inst213001.rcp,30.0,10.0,4.333333333333333,3.123388473365994,130.0,64.0,0.1471264367816092,0.3310344827586207,0.6689655172413793,28.0,0.6000000000000001,1.8130252100840336,0.7329194754825006,149.0,0.5120274914089347,51.0,87.0,36.0,50276,10.825302995052983,0
VAR_inst214001.rcp,30.0,5.0,5.266666666666667,2.55516905289824,158.0,49.0,0.11264367816091954,0.8804597701149425,0.11954022988505753,81.0,0.5999999999999999,0.533713200379867,0.47227046736850664,27.0,0.519230769230769,44.0,112.0,31.0,27385,10.21778721289218,1
VAR_inst215001.rcp,30.0,6.0,5.533333333333333,2.8836705005176224,166.0,36.0,0.08275862068965517,0.9356321839080459,0.06436781609195408,142.0,0.6000000000000001,0.5449620801733478,0.249185175153485,19.0,0.6785714285714279,78.0,163.0,21.0,255,5.545177444479562,1
VAR_inst216001.rcp,30.0,10.0,4.333333333333333,3.123388473365994,130.0,64.0,0.1471264367816092,0.3310344827586207,0.6689655172413793,28.0,0.6000000000000001,2.642857142857143,0.7285339351051425,171.0,0.5876288659793815,74.0,95.0,21.0,45715,10.730203625017488,0
VAR_inst217001.rcp,30.0,4.0,5.266666666666667,2.55516905289824,158.0,49.0,0.11264367816091954,0.8804597701149425,0.11954022988505753,81.0,0.6,0.934156378600823,0.5580056714043642,27.0,0.519230769230769,76.0,119.0,38.0,41311,10.628908293646369,1
VAR_inst218001.rcp,30.0,5.0,5.533333333333333,2.8836705005176224,166.0,36.0,0.08275862068965517,0.9356321839080459,0.06436781609195408,142.0,0.6000000000000001,0.5385470719051149,0.27416326908821353,12.0,0.4285714285714282,77.0,159.0,17.0,126,4.844187086458591,1
VAR_inst219001.rcp,30.0,10.0,4.333333333333333,3.123388473365994,130.0,64.0,0.1471264367816092,0.3310344827586207,0.6689655172413793,28.0,0.6000000000000001,2.3418367346938775,0.7279987926344627,133.0,0.4570446735395189,66.0,82.0,16.0,51337,10.846186497686585,0
VAR_inst220001.rcp,30.0,4.0,5.266666666666667,2.55516905289824,158.0,49.0,0.11264367816091954,0.8804597701149425,0.11954022988505753,81.0,0.6,1.2410656270305394,0.5778743412028012,24.0,0.46153846153846134,101.0,132.0,31.0,36131,10.494934178269734,1
VAR_inst22001.rcp,30.0,3.0,5.266666666666667,2.55516905289824,158.0,49.0,0.11264367816091954,0.8804597701149425,0.11954022988505753,81.0,0.2,0.2072310405643739,0.13201887275961352,2.0,0.03846153846153844,17.0,82.0,1.0,65,4.189654742026425,1
VAR_inst221001.rcp,30.0,7.0,5.533333333333333,2.8836705005176224,166.0,36.0,0.08275862068965517,0.9356321839080459,0.06436781609195408,142.0,0.6000000000000002,0.638136511375948,0.2112617767640785,18.0,0.6428571428571422,91.0,153.0,11.0,483,6.182084906716632,1
VAR_inst222001.rcp,30.0,10.0,4.333333333333333,3.123388473365994,130.0,64.0,0.1471264367816092,0.3310344827586207,0.6689655172413793,28.0,0.6000000000000001,2.00765306122449,0.6839482530835914,145.0,0.49828178694158076,57.0,78.0,21.0,49926,10.818317217571767,0
VAR_inst223001.rcp,30.0,4.0,5.266666666666667,2.55516905289824,158.0,49.0,0.11264367816091954,0.8804597701149425,0.11954022988505753,81.0,0.6,0.9841269841269841,0.5630756417793455,20.0,0.38461538461538447,80.0,117.0,36.0,6333,8.753687227098585,1
VAR_inst224001.rcp,30.0,5.0,5.533333333333333,2.8836705005176224,166.0,36.0,0.08275862068965517,0.9356321839080459,0.06436781609195408,142.0,0.6000000000000001,0.5196177062374245,0.27920213988543474,17.0,0.6071428571428567,74.0,155.0,13.0,134,4.90527477843843,1
VAR_inst225001.rcp,30.0,10.0,4.333333333333333,3.123388473365994,130.0,64.0,0.1471264367816092,0.3310344827586207,0.6689655172413793,28.0,0.6000000000000001,1.7291666666666667,0.6468697927889104,123.0,0.422680412371134,49.0,72.0,23.0,51633,10.85193564920934,0
VAR_inst226001.rcp,30.0,4.0,5.266666666666667,2.55516905289824,158.0,49.0,0.11264367816091954,0.8804597701149425,0.11954022988505753,81.0,0.6,0.7390946502057614,0.535664739563375,18.0,0.34615384615384603,60.0,110.0,29.0,2575,7.853993087224244,1
VAR_inst227001.rcp,30.0,7.0,5.533333333333333,2.8836705005176224,166.0,36.0,0.08275862068965517,0.9356321839080459,0.06436781609195408,142.0,0.6000000000000001,0.41657638136511377,0.2203763495165156,17.0,0.6071428571428567,60.0,152.0,10.0,751,6.62273632394984,1
VAR_inst228001.rcp,30.0,10.0,4.333333333333333,3.123388473365994,130.0,64.0,0.1471264367816092,0.3310344827586207,0.6689655172413793,28.0,0.6000000000000001,2.242857142857143,0.770885167464115,158.0,0.5429553264604811,63.0,83.0,20.0,51270,10.844880569171112,0
VAR_inst229001.rcp,30.0,3.0,5.266666666666667,2.55516905289824,158.0,49.0,0.11264367816091954,0.8804597701149425,0.11954022988505753,81.0,0.6,0.8992852501624431,0.6815077818001795,32.0,0.6153846153846151,73.0,127.0,46.0,95047,11.462137306138123,0
VAR_inst230001.rcp,30.0,5.0,5.533333333333333,2.8836705005176224,166.0,36.0,0.08275862068965517,0.9356321839080459,0.06436781609195408,142.0,0.5999999999999999,0.43587842846553004,0.2844499193302228,20.0,0.7142857142857136,62.0,156.0,14.0,506,6.2285110035911835,1
VAR_inst23001.rcp,30.0,3.0,5.533333333333333,2.8836705005176224,166.0,36.0,0.08275862068965517,0.9356321839080459,0.06436781609195408,142.0,0.19999999999999998,0.1619718309859155,0.1170249567580924,1.0,0.035714285714285685,23.0,148.0,6.0,60,4.110873864173311,1
VAR_inst231001.rcp,30.0,10.0,4.333333333333333,3.123388473365994,130.0,64.0,0.1471264367816092,0.3310344827586207,0.6689655172413793,28.0,0.6000000000000001,2.7521008403361344,0.7115292843612723,159.0,0.5463917525773195,78.0,93.0,15.0,54699,10.909618988410072,0
VAR_inst232001.rcp,30.0,3.0,5.266666666666667,2.55516905289824,158.0,49.0,0.11264367816091954,0.8804597701149425,0.11954022988505753,81.0,0.5999999999999999,0.8372615039281706,0.7424652634204291,31.0,0.5961538461538459,68.0,125.0,44.0,93426,11.444935661670707,0
VAR_inst233001.rcp,30.0,6.0,5.533333333333333,2.8836705005176224,166.0,36.0,0.08275862068965517,0.9356321839080459,0.06436781609195408,142.0,0.6,0.5645539906103286,0.22853842887200929,16.0,0.571428571428571,81.0,163.0,21.0,1324,7.1891677384203225,1
VAR_inst234001.rcp,30.0,10.0,4.333333333333333,3.123388473365994,130.0,64.0,0.1471264367816092,0.3310344827586207,0.6689655172413793,28.0,0.6000000000000001,2.8452380952380953,0.7289389338731443,151.0,0.5189003436426117,80.0,91.0,11.0,52377,10.866241934820323,0
VAR_inst235001.rcp,30.0,4.0,5.266666666666667,2.55516905289824,158.0,49.0,0.11264367816091954,0.8804597701149425,0.11954022988505753,81.0,0.6,0.9144620811287478,0.5516261644733866,29.0,0.5576923076923075,75.0,134.0,53.0,88156,11.386874594769628,0
VAR_inst236001.rcp,30.0,7.0,5.533333333333333,2.8836705005176224,166.0,36.0,0.08275862068965517,0.9356321839080459,0.06436781609195408,142.0,0.6000000000000001,0.39146644573322287,0.21935049209282842,8.0,0.2857142857142855,56.0,149.0,7.0,101,4.624972813284271,1
VAR_inst237001.rcp,30.0,10.0,4.333333333333333,3.123388473365994,130.0,64.0,0.1471264367816092,0.3310344827586207,0.6689655172413793,28.0,0.6000000000000001,2.05672268907563,0.7366350018875173,166.0,0.570446735395189,58.0,88.0,30.0,50871,10.837067952947244,0
VAR_inst238001.rcp,30.0,5.0,5.266666666666667,2.55516905289824,158.0,49.0,0.11264367816091954,0.8804597701149425,0.11954022988505753,81.0,0.6,0.599647266313933,0.4396318907430018,21.0,0.4038461538461537,49.0,101.0,20.0,958,6.8658910748834385,1
VAR_inst239001.rcp,30.0,6.0,5.533333333333333,2.8836705005176224,166.0,36.0,0.08275862068965517,0.9356321839080459,0.06436781609195408,142.0,0.6,0.42189500640204863,0.24686121781192202,7.0,0.24999999999999978,60.0,156.0,14.0,112,4.727387818712341,1
VAR_inst240001.rcp,30.0,10.0,4.333333333333333,3.123388473365994,130.0,64.0,0.1471264367816092,0.3310344827586207,0.6689655172413793,28.0,0.6000000000000001,2.2785714285714285,1.3731345367094208,260.0,0.8934707903780069,64.0,117.0,53.0,58827,10.982373211020205,0
VAR_inst24001.rcp,30.0,5.0,4.333333333333333,3.123388473365994,130.0,64.0,0.1471264367816092,0.3310344827586207,0.6689655172413793,28.0,0.20000000000000007,0.5819327731092437,0.38457683073229293,7.0,0.024054982817869417,17.0,35.0,7.0,29564,10.29434650825493,0
VAR_inst241001.rcp,30.0,10.0,5.266666666666667,2.55516905289824,158.0,49.0,0.11264367816091954,0.8804597701149425,0.11954022988505753,81.0,0.6000000000000001,0.8342151675485009,0.5908897172786062,47.0,0.9038461538461535,68.0,156.0,75.0,76243,11.241694002848963,0
VAR_inst242001.rcp,30.0,10.0,5.533333333333333,2.8836705005176224,166.0,36.0,0.08275862068965517,0.9356321839080459,0.06436781609195408,142.0,0.6000000000000001,0.5407709414381023,0.3586827316905153,25.0,0.892857142857142,77.0,166.0,24.0,1473,7.295735072749282,1
VAR_inst243001.rcp,30.0,10.0,4.333333333333333,3.123388473365994,130.0,64.0,0.1471264367816092,0.3310344827586207,0.6689655172413793,28.0,0.6000000000000001,2.198051948051948,1.3981607485651604,252.0,0.865979381443299,62.0,106.0,44.0,62334,11.040278344779075,0
VAR_inst244001.rcp,30.0,10.0,5.266666666666667,2.55516905289824,158.0,49.0,0.11264367816091954,0.8804597701149425,0.11954022988505753,81.0,0.6000000000000001,0.8263374485596707,0.5915624328668991,45.0,0.865384615384615,67.0,149.0,68.0,74213,11.214708090603065,0
VAR_inst245001.rcp,30.0,10.0,5.533333333333333,2.8836705005176224,166.0,36.0,0.08275862068965517,0.9356321839080459,0.06436781609195408,142.0,0.6000000000000001,0.48544600938967136,0.3489992017169011,26.0,0.9285714285714277,69.0,166.0,24.0,6256,8.741456115998364,1
VAR_inst246001.rcp,30.0,10.0,4.333333333333333,3.123388473365994,130.0,64.0,0.1471264367816092,0.3310344827586207,0.6689655172413793,28.0,0.6000000000000001,2.1483516483516483,1.4297552776171194,262.0,0.9003436426116839,61.0,112.0,51.0,56881,10.948734225602985,0
VAR_inst247001.rcp,30.0,10.0,5.266666666666667,2.55516905289824,158.0,49.0,0.11264367816091954,0.8804597701149425,0.11954022988505753,81.0,0.6000000000000001,0.85039941902687,0.5977282069983595,50.0,0.9615384615384611,69.0,154.0,73.0,68727,11.137911964317892,0
VAR_inst248001.rcp,30.0,10.0,5.533333333333333,2.8836705005176224,166.0,36.0,0.08275862068965517,0.9356321839080459,0.06436781609195408,142.0,0.6000000000000001,0.5539906103286385,0.35068655775780877,26.0,0.9285714285714277,79.0,166.0,24.0,4742,8.464425125877582,1
VAR_inst249001.rcp,30.0,10.0,4.333333333333333,3.123388473365994,130.0,64.0,0.1471264367816092,0.3310344827586207,0.6689655172413793,28.0,0.6000000000000001,2.550595238095238,1.4168101324844746,270.0,0.9278350515463918,72.0,111.0,39.0,60443,11.009472595533651,0
VAR_inst250001.rcp,30.0,10.0,5.266666666666667,2.55516905289824,158.0,49.0,0.11264367816091954,0.8804597701149425,0.11954022988505753,81.0,0.6000000000000001,0.8271604938271605,0.587938554022432,45.0,0.865384615384615,67.0,146.0,65.0,66539,11.105558549572468,0
VAR_inst25001.rcp,30.0,4.0,5.266666666666667,2.55516905289824,158.0,49.0,0.11264367816091954,0.8804597701149425,0.11954022988505753,81.0,0.2,0.20458553791887124,0.1401409048467872,2.0,0.03846153846153844,17.0,85.0,4.0,32,3.4965075614664802,1
VAR_inst251001.rcp,30.0,10.0,5.533333333333333,2.8836705005176224,166.0,36.0,0.08275862068965517,0.9356321839080459,0.06436781609195408,142.0,0.6000000000000001,0.5786384976525821,0.3640812562123555,24.0,0.8571428571428564,83.0,164.0,22.0,1471,7.294377299288821,1
VAR_inst252001.rcp,30.0,10.0,4.333333333333333,3.123388473365994,130.0,64.0,0.1471264367816092,0.3310344827586207,0.6689655172413793,28.0,0.6000000000000001,2.0504201680672267,1.365798819527811,273.0,0.9381443298969072,58.0,112.0,54.0,59182,10.988389617470986,0
VAR_inst253001.rcp,30.0,10.0,5.266666666666667,2.55516905289824,158.0,49.0,0.11264367816091954,0.8804597701149425,0.11954022988505753,81.0,0.6000000000000001,1.0219478737997256,0.600976208200867,43.0,0.8269230769230765,83.0,149.0,66.0,70215,11.159331484271954,0
VAR_inst254001.rcp,30.0,10.0,5.533333333333333,2.8836705005176224,166.0,36.0,0.08275862068965517,0.9356321839080459,0.06436781609195408,142.0,0.6000000000000001,0.5367203219315896,0.3517937624260118,27.0,0.9642857142857134,77.0,166.0,24.0,23107,10.047934156901157,1
VAR_inst255001.rcp,30.0,10.0,4.333333333333333,3.123388473365994,130.0,64.0,0.1471264367816092,0.3310344827586207,0.6689655172413793,28.0,0.6000000000000001,2.061224489795918,1.3091044432280337,243.0,0.8350515463917526,58.0,98.0,40.0,55428,10.922858201478968,0
VAR_inst256001.rcp,30.0,10.0,5.266666666666667,2.55516905289824,158.0,49.0,0.11264367816091954,0.8804597701149425,0.11954022988505753,81.0,0.6000000000000001,0.9002057613168725,0.5745893419096033,44.0,0.8461538461538458,73.0,148.0,67.0,74221,11.214815881166105,0
VAR_inst257001.rcp,30.0,10.0,5.533333333333333,2.8836705005176224,166.0,36.0,0.08275862068965517,0.9356321839080459,0.06436781609195408,142.0,0.6000000000000001,0.560641627543036,0.33757426874496166,26.0,0.9285714285714277,80.0,166.0,24.0,5630,8.636042325254618,1
VAR_inst258001.rcp,30.0,10.0,4.333333333333333,3.123388473365994,130.0,64.0,0.1471264367816092,0.3310344827586207,0.6689655172413793,28.0,0.6000000000000001,2.045238095238095,1.4014185083921924,266.0,0.9140893470790378,58.0,116.0,58.0,56342,10.939213288149046,0
VAR_inst259001.rcp,30.0,10.0,5.266666666666667,2.55516905289824,158.0,49.0,0.11264367816091954,0.8804597701149425,0.11954022988505753,81.0,0.6000000000000001,0.8791887125220459,0.5911142049056279,47.0,0.9038461538461535,72.0,148.0,67.0,71874,11.182683778099651,0
VAR_inst260001.rcp,30.0,10.0,5.533333333333333,2.8836705005176224,166.0,36.0,0.08275862068965517,0.9356321839080459,0.06436781609195408,142.0,0.6000000000000001,0.46566901408450706,0.3435255023904568,23.0,0.8214285714285707,67.0,157.0,15.0,978,6.88653164253051,1
VAR_inst26001.rcp,30.0,4.0,5.533333333333333,2.8836705005176224,166.0,36.0,0.08275862068965517,0.9356321839080459,0.06436781609195408,142.0,0.2,0.1146322378716745,0.0938429186228482,0.0,0.0,17.0,142.0,0.0,32,3.4965075614664802,1
VAR_inst261001.rcp,30.0,10.0,4.333333333333333,3.123388473365994,130.0,64.0,0.1471264367816092,0.3310344827586207,0.6689655172413793,28.0,0.6000000000000001,1.9605263157894737,1.3016060458964596,256.0,0.8797250859106529,55.0,103.0,48.0,61467,11.026271993175223,0
VAR_inst262001.rcp,30.0,10.0,5.266666666666667,2.55516905289824,158.0,49.0,0.11264367816091954,0.8804597701149425,0.11954022988505753,81.0,0.6000000000000001,0.8470507544581619,0.5598621263953507,45.0,0.865384615384615,69.0,148.0,67.0,75792,11.235761219081137,0
VAR_inst263001.rcp,30.0,10.0,5.533333333333333,2.8836705005176224,166.0,36.0,0.08275862068965517,0.9356321839080459,0.06436781609195408,142.0,0.6000000000000001,0.5178127589063795,0.3561081914955154,23.0,0.8214285714285707,74.0,157.0,15.0,3861,8.258940462988459,1
VAR_inst264001.rcp,30.0,10.0,4.333333333333333,3.123388473365994,130.0,64.0,0.1471264367816092,0.3310344827586207,0.6689655172413793,28.0,0.6000000000000001,2.1726190476190474,1.4572265539757798,262.0,0.9003436426116839,61.0,121.0,60.0,56913,10.949296635544345,0
VAR_inst265001.rcp,30.0,10.0,5.266666666666667,2.55516905289824,158.0,49.0,0.11264367816091954,0.8804597701149425,0.11954022988505753,81.0,0.6000000000000001,1.0253772290809329,0.5939634876042685,50.0,0.9615384615384611,84.0,157.0,73.0,71718,11.18051098450976,0
VAR_inst266001.rcp,30.0,10.0,5.533333333333333,2.8836705005176224,166.0,36.0,0.08275862068965517,0.9356321839080459,0.06436781609195408,142.0,0.6000000000000001,0.5521126760563381,0.34099778259575275,26.0,0.9285714285714277,79.0,166.0,24.0,5272,8.57035473953047,1
VAR_inst267001.rcp,30.0,10.0,4.333333333333333,3.123388473365994,130.0,64.0,0.1471264367816092,0.3310344827586207,0.6689655172413793,28.0,0.6000000000000001,2.4395604395604398,1.3926177759166483,261.0,0.8969072164948454,69.0,117.0,48.0,58340,10.974060384172992,0
VAR_inst268001.rcp,30.0,10.0,5.266666666666667,2.55516905289824,158.0,49.0,0.11264367816091954,0.8804597701149425,0.11954022988505753,81.0,0.6000000000000001,0.8567901234567902,0.597473544973545,50.0,0.9615384615384611,70.0,153.0,72.0,75192,11.22781342049886,0
VAR_inst269001.rcp,30.0,10.0,5.533333333333333,2.8836705005176224,166.0,36.0,0.08275862068965517,0.9356321839080459,0.06436781609195408,142.0,0.6000000000000001,0.5412474849094567,0.3542313690030954,25.0,0.892857142857142,77.0,166.0,24.0,3828,8.250358951477294,1
VAR_inst270001.rcp,30.0,10.0,4.333333333333333,3.123388473365994,130.0,64.0,0.1471264367816092,0.3310344827586207,0.6689655172413793,28.0,0.6000000000000001,2.655844155844156,1.4845415510701887,265.0,0.9106529209621993,75.0,115.0,40.0,58701,10.98022907678602,0
VAR_inst27001.rcp,30.0,6.0,4.333333333333333,3.123388473365994,130.0,64.0,0.1471264367816092,0.3310344827586207,0.6689655172413793,28.0,0.20000000000000004,1.0089285714285714,0.39904100529100534,15.0,0.05154639175257732,29.0,38.0,9.0,29836,10.303504513070566,0
VAR_inst271001.rcp,30.0,10.0,5.266666666666667,2.55516905289824,158.0,49.0,0.11264367816091954,0.8804597701149425,0.11954022988505753,81.0,0.6000000000000001,0.9992283950617284,0.6033541189505242,48.0,0.9230769230769227,81.0,144.0,63.0,75352,11.229939017462476,0
VAR_inst272001.rcp,30.0,10.0,5.533333333333333,2.8836705005176224,166.0,36.0,0.08275862068965517,0.9356321839080459,0.06436781609195408,142.0,0.6000000000000001,0.5960307298335468,0.35501413785744773,26.0,0.9285714285714277,85.0,166.0,24.0,6156,8.72534492491121,1
VAR_inst273001.rcp,30.0,10.0,4.333333333333333,3.123388473365994,130.0,64.0,0.1471264367816092,0.3310344827586207,0.6689655172413793,28.0,0.6000000000000001,2.835714285714286,1.4567443914904938,275.0,0.9450171821305842,80.0,115.0,35.0,57268,10.955514744086512,0
VAR_inst274001.rcp,30.0,9.0,5.266666666666667,2.55516905289824,158.0,49.0,0.11264367816091954,0.8804597701149425,0.11954022988505753,81.0,0.6000000000000001,1.1025641025641026,0.6290124620804716,50.0,0.9615384615384611,90.0,155.0,65.0,80906,11.301055625879394,0
VAR_inst275001.rcp,30.0,8.0,5.533333333333333,2.8836705005176224,166.0,36.0,0.08275862068965517,0.9356321839080459,0.06436781609195408,142.0,0.6,0.5980885311871227,0.4052695153765732,26.0,0.9285714285714277,85.0,166.0,24.0,4689,8.453187861440325,1
VAR_inst276001.rcp,30.0,10.0,4.333333333333333,3.123388473365994,130.0,64.0,0.1471264367816092,0.3310344827586207,0.6689655172413793,28.0,0.6000000000000001,2.4799107142857144,1.3823246216502796,254.0,0.872852233676976,70.0,108.0,38.0,58749,10.981046432006405,0
VAR_inst277001.rcp,30.0,9.0,5.266666666666667,2.55516905289824,158.0,49.0,0.11264367816091954,0.8804597701149425,0.11954022988505753,81.0,0.6000000000000001,0.9211775878442545,0.6083177187086651,45.0,0.865384615384615,75.0,144.0,63.0,79046,11.277797891253337,0
VAR_inst278001.rcp,30.0,9.0,5.533333333333333,2.8836705005176224,166.0,36.0,0.08275862068965517,0.9356321839080459,0.06436781609195408,142.0,0.6000000000000001,0.6717527386541471,0.3828296236453514,24.0,0.8571428571428564,96.0,157.0,15.0,1857,7.527255919373784,1
VAR_inst279001.rcp,30.0,10.0,4.333333333333333,3.123388473365994,130.0,64.0,0.1471264367816092,0.3310344827586207,0.6689655172413793,28.0,0.6000000000000001,2.2467532467532467,1.3946289993270038,262.0,0.9003436426116839,63.0,122.0,59.0,57417,10.958113121999125,0
VAR_inst280001.rcp,30.0,9.0,5.266666666666667,2.55516905289824,158.0,49.0,0.11264367816091954,0.8804597701149425,0.11954022988505753,81.0,0.6000000000000001,1.0793650793650793,0.644979404214297,48.0,0.9230769230769227,88.0,151.0,63.0,79404,11.282316617544748,0
VAR_inst28001.rcp,30.0,4.0,5.266666666666667,2.55516905289824,158.0,49.0,0.11264367816091954,0.8804597701149425,0.11954022988505753,81.0,0.2,0.23311546840958605,0.1595609183844478,2.0,0.03846153846153844,19.0,89.0,8.0,233,5.455321115357702,1
VAR_inst281001.rcp,30.0,10.0,5.533333333333333,2.8836705005176224,166.0,36.0,0.08275862068965517,0.9356321839080459,0.06436781609195408,142.0,0.6000000000000001,0.6363636363636364,0.3606259909656761,25.0,0.892857142857142,91.0,165.0,23.0,6668,8.805225202632306,1
VAR_inst282001.rcp,30.0,10.0,4.333333333333333,3.123388473365994,130.0,64.0,0.1471264367816092,0.3310344827586207,0.6689655172413793,28.0,0.6000000000000001,3.0375,1.3982435966810967,265.0,0.9106529209621993,86.0,123.0,37.0,64125,11.068605176893387,0
VAR_inst283001.rcp,30.0,7.0,5.266666666666667,2.55516905289824,158.0,49.0,0.11264367816091954,0.8804597701149425,0.11954022988505753,81.0,0.6,1.0555555555555556,0.7871489181012989,50.0,0.9615384615384611,86.0,155.0,69.0,80748,11.299100857107293,0
VAR_inst284001.rcp,30.0,8.0,5.533333333333333,2.8836705005176224,166.0,36.0,0.08275862068965517,0.9356321839080459,0.06436781609195408,142.0,0.6,0.5900402414486922,0.4266759865097959,26.0,0.9285714285714277,84.0,163.0,21.0,7482,8.920389060080359,1
VAR_inst285001.rcp,30.0,10.0,4.333333333333333,3.123388473365994,130.0,64.0,0.1471264367816092,0.3310344827586207,0.6689655172413793,28.0,0.6000000000000001,2.5824175824175826,1.3585454706358067,266.0,0.9140893470790378,73.0,117.0,44.0,58995,10.985224923979393,0
VAR_inst286001.rcp,30.0,10.0,5.266666666666667,2.55516905289824,158.0,49.0,0.11264367816091954,0.8804597701149425,0.11954022988505753,81.0,0.6000000000000001,0.9639917695473251,0.5782925766640364,42.0,0.8076923076923074,79.0,146.0,65.0,73419,11.203951657050824,0
VAR_inst287001.rcp,30.0,10.0,5.533333333333333,2.8836705005176224,166.0,36.0,0.08275862068965517,0.9356321839080459,0.06436781609195408,142.0,0.6000000000000001,0.5944835680751174,0.3641912219351118,23.0,0.8214285714285707,85.0,163.0,21.0,635,6.455198563340122,1
VAR_inst288001.rcp,30.0,10.0,4.333333333333333,3.123388473365994,130.0,64.0,0.1471264367816092,0.3310344827586207,0.6689655172413793,28.0,0.6000000000000001,2.4404761904761907,1.346648449973168,274.0,0.9415807560137457,69.0,114.0,45.0,58311,10.97356318306205,0
VAR_inst289001.rcp,30.0,9.0,5.266666666666667,2.55516905289824,158.0,49.0,0.11264367816091954,0.8804597701149425,0.11954022988505753,81.0,0.6000000000000001,1.0043572984749456,0.6533329301484712,46.0,0.8846153846153842,82.0,154.0,72.0,77947,11.263797216684026,0
VAR_inst290001.rcp,30.0,10.0,5.533333333333333,2.8836705005176224,166.0,36.0,0.08275862068965517,0.9356321839080459,0.06436781609195408,142.0,0.6000000000000001,0.6601186063750927,0.35442871356502914,22.0,0.785714285714285,94.0,165.0,23.0,234,5.459585514144159,1
VAR_inst29001.rcp,30.0,2.0,5.533333333333333,2.8836705005176224,166.0,36.0,0.08275862068965517,0.9356321839080459,0.06436781609195408,142.0,0.2,0.16153169014084506,0.1484497261345853,0.0,0.0,23.0,142.0,0.0,32,3.4965075614664802,1
VAR_inst291001.rcp,30.0,10.0,4.333333333333333,3.123388473365994,130.0,64.0,0.1471264367816092,0.3310344827586207,0.6689655172413793,28.0,0.6000000000000001,2.6346153846153846,1.397107452967692,261.0,0.8969072164948454,74.0,113.0,39.0,58020,10.968560292962923,0
VAR_inst292001.rcp,30.0,9.0,5.266666666666667,2.55516905289824,158.0,49.0,0.11264367816091954,0.8804597701149425,0.11954022988505753,81.0,0.6000000000000001,1.056437389770723,0.6158515759369064,48.0,0.9230769230769227,86.0,148.0,62.0,77284,11.25525516658642,0
VAR_inst293001.rcp,30.0,9.0,5.533333333333333,2.8836705005176224,166.0,36.0,0.08275862068965517,0.9356321839080459,0.06436781609195408,142.0,0.6000000000000001,0.6403420523138833,0.3878529092572901,27.0,0.9642857142857134,91.0,166.0,24.0,9115,9.117786390365575,1
VAR_inst294001.rcp,30.0,10.0,4.333333333333333,3.123388473365994,130.0,64.0,0.1471264367816092,0.3310344827586207,0.6689655172413793,28.0,0.6000000000000001,2.1398809523809526,1.3191454368522035,255.0,0.8762886597938144,60.0,115.0,55.0,56557,10.943021939266325,0
VAR_inst295001.rcp,30.0,8.0,5.266666666666667,2.55516905289824,158.0,49.0,0.11264367816091954,0.8804597701149425,0.11954022988505753,81.0,0.6,0.9820426487093153,0.6922729790785347,49.0,0.942307692307692,80.0,155.0,74.0,77449,11.257387845845015,0
VAR_inst296001.rcp,30.0,7.0,5.533333333333333,2.8836705005176224,166.0,36.0,0.08275862068965517,0.9356321839080459,0.06436781609195408,142.0,0.6,0.6728553137003841,0.4500047627311209,28.0,0.9999999999999991,96.0,166.0,24.0,26627,10.189718572720594,1
VAR_inst297001.rcp,30.0,10.0,4.333333333333333,3.123388473365994,130.0,64.0,0.1471264367816092,0.3310344827586207,0.6689655172413793,28.0,0.6000000000000001,2.6554621848739495,1.407857790321993,267.0,0.9175257731958762,75.0,118.0,43.0,65977,11.097076632107324,0
VAR_inst298001.rcp,30.0,9.0,5.266666666666667,2.55516905289824,158.0,49.0,0.11264367816091954,0.8804597701149425,0.11954022988505753,81.0,0.6000000000000001,1.1098115659519168,0.6495166044149022,48.0,0.9230769230769227,90.0,153.0,63.0,73849,11.209791287959526,0
VAR_inst299001.rcp,30.0,10.0,5.533333333333333,2.8836705005176224,166.0,36.0,0.08275862068965517,0.9356321839080459,0.06436781609195408,142.0,0.6000000000000001,0.6755146262188516,0.34619351704681794,25.0,0.892857142857142,96.0,165.0,23.0,2317,7.748460023899697,1
VAR_inst300001.rcp,30.0,10.0,4.333333333333333,3.123388473365994,130.0,64.0,0.1471264367816092,0.3310344827586207,0.6689655172413793,28.0,0.6000000000000001,2.7886904761904763,2.1066643050147307,290.0,0.9965635738831615,79.0,130.0,51.0,61392,11.025051101121338,0
VAR_inst30001.rcp,30.0,2.0,4.333333333333333,3.123388473365994,130.0,64.0,0.1471264367816092,0.3310344827586207,0.6689655172413793,28.0,0.2,0.7790178571428571,0.562828256302521,20.0,0.06872852233676977,22.0,35.0,7.0,35495,10.477175293058746,0
VAR_inst3001.rcp,30.0,5.0,4.333333333333333,3.123388473365994,130.0,64.0,0.1471264367816092,0.3310344827586207,0.6689655172413793,28.0,0.20000000000000007,0.46683673469387754,0.2865677179962894,13.0,0.044673539518900345,14.0,28.0,0.0,32,3.4965075614664802,1
VAR_inst301001.rcp,30.0,10.0,5.266666666666667,2.55516905289824,158.0,49.0,0.11264367816091954,0.8804597701149425,0.11954022988505753,81.0,0.6000000000000001,1.1067019400352733,0.8779529729529729,52.0,0.9999999999999996,90.0,158.0,68.0,71585,11.178654803103855,0
VAR_inst302001.rcp,30.0,10.0,5.533333333333333,2.8836705005176224,166.0,36.0,0.08275862068965517,0.9356321839080459,0.06436781609195408,142.0,0.6000000000000001,0.6334507042253521,0.5261367564360523,28.0,0.9999999999999991,90.0,166.0,24.0,26627,10.189718572720594,1
VAR_inst303001.rcp,30.0,10.0,4.333333333333333,3.123388473365994,130.0,64.0,0.1471264367816092,0.3310344827586207,0.6689655172413793,28.0,0.6000000000000001,2.6266233766233764,2.073431794567907,290.0,0.9965635738831615,74.0,129.0,55.0,61354,11.024431946410647,0
VAR_inst304001.rcp,30.0,10.0,5.266666666666667,2.55516905289824,158.0,49.0,0.11264367816091954,0.8804597701149425,0.11954022988505753,81.0,0.6000000000000001,1.1566951566951567,0.9027397867456347,52.0,0.9999999999999996,94.0,158.0,64.0,71546,11.17810985538439,0
VAR_inst305001.rcp,30.0,10.0,5.533333333333333,2.8836705005176224,166.0,36.0,0.08275862068965517,0.9356321839080459,0.06436781609195408,142.0,0.6000000000000001,0.7426056338028169,0.522706788979491,28.0,0.9999999999999991,106.0,166.0,24.0,26627,10.189718572720594,1
VAR_inst306001.rcp,30.0,10.0,4.333333333333333,3.123388473365994,130.0,64.0,0.1471264367816092,0.3310344827586207,0.6689655172413793,28.0,0.6000000000000001,2.5454545454545454,2.0723350351212746,289.0,0.993127147766323,72.0,125.0,53.0,65575,11.090965054332866,0
VAR_inst307001.rcp,30.0,10.0,5.266666666666667,2.55516905289824,158.0,49.0,0.11264367816091954,0.8804597701149425,0.11954022988505753,81.0,0.6000000000000001,1.083514887436456,0.8668385844366236,52.0,0.9999999999999996,88.0,158.0,70.0,70998,11.170421071417223,0
VAR_inst308001.rcp,30.0,10.0,5.533333333333333,2.8836705005176224,166.0,36.0,0.08275862068965517,0.9356321839080459,0.06436781609195408,142.0,0.6000000000000001,0.6483903420523138,0.522639193001144,28.0,0.9999999999999991,93.0,166.0,24.0,26627,10.189718572720594,1
VAR_inst309001.rcp,30.0,10.0,4.333333333333333,3.123388473365994,130.0,64.0,0.1471264367816092,0.3310344827586207,0.6689655172413793,28.0,0.6000000000000001,2.811688311688312,2.1205142581508127,290.0,0.9965635738831615,79.0,128.0,49.0,61552,11.02765387128589,0
VAR_inst310001.rcp,30.0,10.0,5.266666666666667,2.55516905289824,158.0,49.0,0.11264367816091954,0.8804597701149425,0.11954022988505753,81.0,0.6000000000000001,1.1552028218694885,0.8867532286159738,52.0,0.9999999999999996,94.0,158.0,64.0,71165,11.17277045525733,0
VAR_inst31001.rcp,30.0,3.0,5.266666666666667,2.55516905289824,158.0,49.0,0.11264367816091954,0.8804597701149425,0.11954022988505753,81.0,0.19999999999999998,0.3308641975308642,0.190380658436214,2.0,0.03846153846153844,27.0,83.0,2.0,32,3.4965075614664802,1
VAR_inst311001.rcp,30.0,10.0,5.533333333333333,2.8836705005176224,166.0,36.0,0.08275862068965517,0.9356321839080459,0.06436781609195408,142.0,0.6000000000000001,0.6332159624413145,0.5376021257076669,28.0,0.9999999999999991,90.0,166.0,24.0,26627,10.189718572720594,1
VAR_inst312001.rcp,30.0,10.0,4.333333333333333,3.123388473365994,130.0,64.0,0.1471264367816092,0.3310344827586207,0.6689655172413793,28.0,0.6000000000000001,2.93609022556391,2.166802925316857,290.0,0.9965635738831615,83.0,130.0,47.0,61105,11.020365340011082,0
VAR_inst313001.rcp,30.0,10.0,5.266666666666667,2.55516905289824,158.0,49.0,0.11264367816091954,0.8804597701149425,0.11954022988505753,81.0,0.6000000000000001,1.0762527233115469,0.8713129221299155,52.0,0.9999999999999996,88.0,158.0,70.0,71130,11.172278526394377,0
VAR_inst314001.rcp,30.0,10.0,5.533333333333333,2.8836705005176224,166.0,36.0,0.08275862068965517,0.9356321839080459,0.06436781609195408,142.0,0.6000000000000001,0.6380281690140845,0.5235964150918584,28.0,0.9999999999999991,91.0,166.0,24.0,26627,10.189718572720594,1
VAR_inst315001.rcp,30.0,10.0,4.333333333333333,3.123388473365994,130.0,64.0,0.1471264367816092,0.3310344827586207,0.6689655172413793,28.0,0.6000000000000001,2.725,2.1081001509455457,291.0,1.0,77.0,130.0,53.0,61245,11.022653820151987,0
VAR_inst316001.rcp,30.0,10.0,5.266666666666667,2.55516905289824,158.0,49.0,0.11264367816091954,0.8804597701149425,0.11954022988505753,81.0,0.6000000000000001,1.050682261208577,0.8842442160618116,52.0,0.9999999999999996,86.0,158.0,72.0,70701,11.16622914002769,0
VAR_inst317001.rcp,30.0,10.0,5.533333333333333,2.8836705005176224,166.0,36.0,0.08275862068965517,0.9356321839080459,0.06436781609195408,142.0,0.6000000000000001,0.6,0.5325384693940922,28.0,0.9999999999999991,86.0,166.0,24.0,26627,10.189718572720594,1
VAR_inst318001.rcp,30.0,10.0,4.333333333333333,3.123388473365994,130.0,64.0,0.1471264367816092,0.3310344827586207,0.6689655172413793,28.0,0.6000000000000001,2.7625,2.0480491328846595,291.0,1.0,78.0,130.0,52.0,61010,11.018809454767185,0
VAR_inst319001.rcp,30.0,10.0,5.266666666666667,2.55516905289824,158.0,49.0,0.11264367816091954,0.8804597701149425,0.11954022988505753,81.0,0.6000000000000001,1.045267489711934,0.8790474919329121,52.0,0.9999999999999996,85.0,158.0,73.0,70552,11.164119479410191,0
VAR_inst320001.rcp,30.0,10.0,5.533333333333333,2.8836705005176224,166.0,36.0,0.08275862068965517,0.9356321839080459,0.06436781609195408,142.0,0.6000000000000001,0.7037852112676056,0.5204623149329196,28.0,0.9999999999999991,100.0,166.0,24.0,26627,10.189718572720594,1
VAR_inst32001.rcp,30.0,4.0,5.533333333333333,2.8836705005176224,166.0,36.0,0.08275862068965517,0.9356321839080459,0.06436781609195408,142.0,0.2,0.1267605633802817,0.09398054996646546,1.0,0.035714285714285685,18.0,143.0,1.0,32,3.4965075614664802,1
VAR_inst321001.rcp,30.0,10.0,4.333333333333333,3.123388473365994,130.0,64.0,0.1471264367816092,0.3310344827586207,0.6689655172413793,28.0,0.6000000000000001,2.5588235294117645,2.1147727940857366,291.0,1.0,72.0,130.0,58.0,61694,11.029958169332634,0
VAR_inst322001.rcp,30.0,10.0,5.266666666666667,2.55516905289824,158.0,49.0,0.11264367816091954,0.8804597701149425,0.11954022988505753,81.0,0.6000000000000001,1.1005291005291005,0.8932077850133406,52.0,0.9999999999999996,90.0,158.0,68.0,71332,11.175114332427764,0
VAR_inst323001.rcp,30.0,10.0,5.533333333333333,2.8836705005176224,166.0,36.0,0.08275862068965517,0.9356321839080459,0.06436781609195408,142.0,0.6000000000000001,0.647887323943662,0.5308067308060768,28.0,0.9999999999999991,92.0,166.0,24.0,26627,10.189718572720594,1
VAR_inst324001.rcp,30.0,10.0,4.333333333333333,3.123388473365994,130.0,64.0,0.1471264367816092,0.3310344827586207,0.6689655172413793,28.0,0.6000000000000001,2.6596638655462184,2.085033218415572,291.0,1.0,75.0,130.0,55.0,61260,11.022898704119024,0
VAR_inst325001.rcp,30.0,10.0,5.266666666666667,2.55516905289824,158.0,49.0,0.11264367816091954,0.8804597701149425,0.11954022988505753,81.0,0.6000000000000001,1.0239197530864197,0.8634565778378128,52.0,0.9999999999999996,83.0,158.0,75.0,71237,11.173781662893846,0
VAR_inst326001.rcp,30.0,10.0,5.533333333333333,2.8836705005176224,166.0,36.0,0.08275862068965517,0.9356321839080459,0.06436781609195408,142.0,0.6000000000000001,0.7050538525269263,0.5248482655726857,28.0,0.9999999999999991,101.0,166.0,24.0,26627,10.189718572720594,1
VAR_inst327001.rcp,30.0,10.0,4.333333333333333,3.123388473365994,130.0,64.0,0.1471264367816092,0.3310344827586207,0.6689655172413793,28.0,0.6000000000000001,2.8125,2.161074900193791,291.0,1.0,79.0,130.0,51.0,62211,11.03830318616445,0
VAR_inst328001.rcp,30.0,10.0,5.266666666666667,2.55516905289824,158.0,49.0,0.11264367816091954,0.8804597701149425,0.11954022988505753,81.0,0.6000000000000001,1.1481481481481481,0.8549082789458033,52.0,0.9999999999999996,93.0,158.0,65.0,70592,11.16468626842399,0
VAR_inst329001.rcp,30.0,10.0,5.533333333333333,2.8836705005176224,166.0,36.0,0.08275862068965517,0.9356321839080459,0.06436781609195408,142.0,0.6000000000000001,0.5985915492957746,0.5118396426826419,28.0,0.9999999999999991,85.0,166.0,24.0,26627,10.189718572720594,1
VAR_inst330001.rcp,30.0,10.0,4.333333333333333,3.123388473365994,130.0,64.0,0.1471264367816092,0.3310344827586207,0.6689655172413793,28.0,0.6000000000000001,2.8642857142857143,2.085497598560955,289.0,0.993127147766323,81.0,130.0,49.0,60998,11.018612749578452,0
VAR_inst33001.rcp,30.0,3.0,4.333333333333333,3.123388473365994,130.0,64.0,0.1471264367816092,0.3310344827586207,0.6689655172413793,28.0,0.2,0.8370535714285714,0.5268003034547152,18.0,0.061855670103092786,24.0,45.0,17.0,31146,10.346473211391473,0
VAR_inst331001.rcp,30.0,10.0,5.266666666666667,2.55516905289824,158.0,49.0,0.11264367816091954,0.8804597701149425,0.11954022988505753,81.0,0.6000000000000001,1.1820987654320987,0.8902247236343095,52.0,0.9999999999999996,96.0,158.0,62.0,70856,11.168419040520687,0
VAR_inst332001.rcp,30.0,10.0,5.533333333333333,2.8836705005176224,166.0,36.0,0.08275862068965517,0.9356321839080459,0.06436781609195408,142.0,0.6000000000000001,0.6694542253521126,0.5255510232910158,28.0,0.9999999999999991,96.0,166.0,24.0,26627,10.189718572720594,1
VAR_inst333001.rcp,30.0,10.0,4.333333333333333,3.123388473365994,130.0,64.0,0.1471264367816092,0.3310344827586207,0.6689655172413793,28.0,0.6000000000000001,2.7464285714285714,2.047147999059764,291.0,1.0,77.0,130.0,53.0,61654,11.029309608304631,0
VAR_inst334001.rcp,30.0,10.0,5.266666666666667,2.55516905289824,158.0,49.0,0.11264367816091954,0.8804597701149425,0.11954022988505753,81.0,0.6000000000000001,1.1424501424501425,0.8766963209702002,52.0,0.9999999999999996,93.0,158.0,65.0,71788,11.181486539956866,0
VAR_inst335001.rcp,30.0,10.0,5.533333333333333,2.8836705005176224,166.0,36.0,0.08275862068965517,0.9356321839080459,0.06436781609195408,142.0,0.6000000000000001,0.7100248550124275,0.5310727175386183,28.0,0.9999999999999991,101.0,166.0,24.0,26627,10.189718572720594,1
VAR_inst336001.rcp,30.0,10.0,4.333333333333333,3.123388473365994,130.0,64.0,0.1471264367816092,0.3310344827586207,0.6689655172413793,28.0,0.6000000000000001,2.8904761904761904,2.068539733293023,289.0,0.993127147766323,81.0,125.0,44.0,66329,11.102397562519602,0
VAR_inst337001.rcp,30.0,10.0,5.266666666666667,2.55516905289824,158.0,49.0,0.11264367816091954,0.8804597701149425,0.11954022988505753,81.0,0.6000000000000001,1.1277777777777778,0.8794583353257817,52.0,0.9999999999999996,92.0,158.0,66.0,71506,11.177550625987903,0
VAR_inst338001.rcp,30.0,10.0,5.533333333333333,2.8836705005176224,166.0,36.0,0.08275862068965517,0.9356321839080459,0.06436781609195408,142.0,0.6000000000000001,0.7028169014084507,0.5100850049793711,27.0,0.9642857142857134,100.0,166.0,24.0,10000,9.210440366976517,1
VAR_inst339001.rcp,30.0,10.0,4.333333333333333,3.123388473365994,130.0,64.0,0.1471264367816092,0.3310344827586207,0.6689655172413793,28.0,0.6000000000000001,2.7301587301587302,2.148134657739921,291.0,1.0,77.0,130.0,53.0,62443,11.042025434076557,0
VAR_inst340001.rcp,30.0,10.0,5.266666666666667,2.55516905289824,158.0,49.0,0.11264367816091954,0.8804597701149425,0.11954022988505753,81.0,0.6000000000000001,1.0788224121557455,0.8732621545121544,52.0,0.9999999999999996,88.0,158.0,70.0,71030,11.170871680451109,0
VAR_inst34001.rcp,30.0,3.0,5.266666666666667,2.55516905289824,158.0,49.0,0.11264367816091954,0.8804597701149425,0.11954022988505753,81.0,0.19999999999999998,0.3073424301494477,0.25105990681039414,1.0,0.01923076923076922,25.0,81.0,0.0,32,3.4965075614664802,1
VAR_inst341001.rcp,30.0,10.0,5.533333333333333,2.8836705005176224,166.0,36.0,0.08275862068965517,0.9356321839080459,0.06436781609195408,142.0,0.6000000000000001,0.6711267605633803,0.536400247459992,28.0,0.9999999999999991,96.0,166.0,24.0,26627,10.189718572720594,1
VAR_inst342001.rcp,30.0,10.0,4.333333333333333,3.123388473365994,130.0,64.0,0.1471264367816092,0.3310344827586207,0.6689655172413793,28.0,0.6000000000000001,2.837912087912088,2.0598878140999988,288.0,0.9896907216494846,80.0,129.0,49.0,62186,11.037901253667622,0
VAR_inst343001.rcp,30.0,10.0,5.266666666666667,2.55516905289824,158.0,49.0,0.11264367816091954,0.8804597701149425,0.11954022988505753,81.0,0.6000000000000001,1.149270482603816,0.8909277093395886,52.0,0.9999999999999996,94.0,158.0,64.0,71399,11.176053148327675,0
VAR_inst344001.rcp,30.0,10.0,5.533333333333333,2.8836705005176224,166.0,36.0,0.08275862068965517,0.9356321839080459,0.06436781609195408,142.0,0.6000000000000001,0.6637323943661971,0.5375483955770824,28.0,0.9999999999999991,95.0,166.0,24.0,26627,10.189718572720594,1
VAR_inst345001.rcp,30.0,10.0,4.333333333333333,3.123388473365994,130.0,64.0,0.1471264367816092,0.3310344827586207,0.6689655172413793,28.0,0.6000000000000001,2.609126984126984,2.0683056211688458,291.0,1.0,74.0,130.0,56.0,62307,11.039845107446496,0
VAR_inst346001.rcp,30.0,10.0,5.266666666666667,2.55516905289824,158.0,49.0,0.11264367816091954,0.8804597701149425,0.11954022988505753,81.0,0.6000000000000001,1.1176088369070825,0.8815132022196865,52.0,0.9999999999999996,91.0,158.0,67.0,70844,11.168249670998327,0
VAR_inst347001.rcp,30.0,10.0,5.533333333333333,2.8836705005176224,166.0,36.0,0.08275862068965517,0.9356321839080459,0.06436781609195408,142.0,0.6000000000000001,0.6789906103286385,0.5287014513851387,28.0,0.9999999999999991,97.0,166.0,24.0,26627,10.189718572720594,1
VAR_inst348001.rcp,30.0,10.0,4.333333333333333,3.123388473365994,130.0,64.0,0.1471264367816092,0.3310344827586207,0.6689655172413793,28.0,0.6000000000000001,2.830357142857143,2.094892576785959,291.0,1.0,80.0,130.0,50.0,62092,11.036388540150964,0
VAR_inst349001.rcp,30.0,10.0,5.266666666666667,2.55516905289824,158.0,49.0,0.11264367816091954,0.8804597701149425,0.11954022988505753,81.0,0.6000000000000001,1.1041666666666667,0.8883757314841768,52.0,0.9999999999999996,90.0,158.0,68.0,70912,11.169209052553029,0
VAR_inst350001.rcp,30.0,10.0,5.533333333333333,2.8836705005176224,166.0,36.0,0.08275862068965517,0.9356321839080459,0.06436781609195408,142.0,0.6000000000000001,0.7299295774647887,0.5236542711982853,28.0,0.9999999999999991,104.0,166.0,24.0,26627,10.189718572720594,1
VAR_inst35001.rcp,30.0,2.0,5.533333333333333,2.8836705005176224,166.0,36.0,0.08275862068965517,0.9356321839080459,0.06436781609195408,142.0,0.2,0.18529929577464788,0.13637030516431925,4.0,0.14285714285714274,27.0,145.0,3.0,32,3.4965075614664802,1
VAR_inst351001.rcp,30.0,10.0,4.333333333333333,3.123388473365994,130.0,64.0,0.1471264367816092,0.3310344827586207,0.6689655172413793,28.0,0.6000000000000001,3.0297619047619047,2.1320560090064733,290.0,0.9965635738831615,85.0,129.0,44.0,61128,11.020741664308893,0
VAR_inst352001.rcp,30.0,10.0,5.266666666666667,2.55516905289824,158.0,49.0,0.11264367816091954,0.8804597701149425,0.11954022988505753,81.0,0.6000000000000001,1.1337448559670782,0.8657329025750078,52.0,0.9999999999999996,92.0,158.0,66.0,70904,11.169096231895447,0
VAR_inst353001.rcp,30.0,10.0,5.533333333333333,2.8836705005176224,166.0,36.0,0.08275862068965517,0.9356321839080459,0.06436781609195408,142.0,0.6000000000000001,0.7240717029449424,0.525083685413096,28.0,0.9999999999999991,103.0,166.0,24.0,26627,10.189718572720594,1
VAR_inst354001.rcp,30.0,10.0,4.333333333333333,3.123388473365994,130.0,64.0,0.1471264367816092,0.3310344827586207,0.6689655172413793,28.0,0.6000000000000001,2.7375,2.0924958619811562,290.0,0.9965635738831615,77.0,130.0,53.0,61717,11.030330901545064,0
VAR_inst355001.rcp,30.0,10.0,5.266666666666667,2.55516905289824,158.0,49.0,0.11264367816091954,0.8804597701149425,0.11954022988505753,81.0,0.6000000000000001,1.087369420702754,0.8949885403670808,52.0,0.9999999999999996,89.0,158.0,69.0,71360,11.175506780608618,0
VAR_inst356001.rcp,30.0,10.0,5.533333333333333,2.8836705005176224,166.0,36.0,0.08275862068965517,0.9356321839080459,0.06436781609195408,142.0,0.6000000000000001,0.7409456740442656,0.5332723647690071,28.0,0.9999999999999991,106.0,166.0,24.0,26627,10.189718572720594,1
VAR_inst357001.rcp,30.0,10.0,4.333333333333333,3.123388473365994,130.0,64.0,0.1471264367816092,0.3310344827586207,0.6689655172413793,28.0,0.6000000000000001,2.2625,2.014632398413911,291.0,1.0,64.0,130.0,66.0,62089,11.036340224358938,0
VAR_inst358001.rcp,30.0,10.0,5.266666666666667,2.55516905289824,158.0,49.0,0.11264367816091954,0.8804597701149425,0.11954022988505753,81.0,0.6000000000000001,1.0812215724496426,0.8746045492175523,51.0,0.9807692307692304,88.0,158.0,70.0,81430,11.30751131487208,0
VAR_inst359001.rcp,30.0,10.0,5.533333333333333,2.8836705005176224,166.0,36.0,0.08275862068965517,0.9356321839080459,0.06436781609195408,142.0,0.6000000000000001,0.6813380281690141,0.5276882115471702,28.0,0.9999999999999991,97.0,166.0,24.0,26627,10.189718572720594,1
VAR_inst360001.rcp,30.0,10.0,4.333333333333333,3.123388473365994,130.0,64.0,0.1471264367816092,0.3310344827586207,0.6689655172413793,28.0,1.0,2.6160714285714284,1.2278834867280246,248.0,0.852233676975945,74.0,116.0,42.0,52949,10.877103351029552,0
VAR_inst36001.rcp,30.0,3.0,4.333333333333333,3.123388473365994,130.0,64.0,0.1471264367816092,0.3310344827586207,0.6689655172413793,28.0,0.19999999999999998,1.3571428571428572,0.6955215419501134,14.0,0.048109965635738834,38.0,43.0,5.0,31413,10.355008932402978,0
VAR_inst361001.rcp,30.0,9.0,5.266666666666667,2.55516905289824,158.0,49.0,0.11264367816091954,0.8804597701149425,0.11954022988505753,81.0,1.0,1.1925925925925926,0.5155844542100897,47.0,0.9038461538461535,97.0,151.0,54.0,68356,11.13249925095349,0
VAR_inst362001.rcp,30.0,10.0,5.533333333333333,2.8836705005176224,166.0,36.0,0.08275862068965517,0.9356321839080459,0.06436781609195408,142.0,1.0,0.6029252437703142,0.28972078641572385,22.0,0.785714285714285,86.0,165.0,23.0,1683,7.428927194802272,1
VAR_inst363001.rcp,30.0,10.0,4.333333333333333,3.123388473365994,130.0,64.0,0.1471264367816092,0.3310344827586207,0.6689655172413793,28.0,1.0,2.7589285714285716,1.1546761399934775,257.0,0.8831615120274914,78.0,104.0,26.0,50711,10.833917847964003,0
VAR_inst364001.rcp,30.0,10.0,5.266666666666667,2.55516905289824,158.0,49.0,0.11264367816091954,0.8804597701149425,0.11954022988505753,81.0,1.0,1.1289437585733881,0.4949712137293837,46.0,0.8846153846153842,92.0,151.0,59.0,61083,11.020005245073072,0
VAR_inst365001.rcp,30.0,10.0,5.533333333333333,2.8836705005176224,166.0,36.0,0.08275862068965517,0.9356321839080459,0.06436781609195408,142.0,1.0,0.5563380281690141,0.31128266123693016,20.0,0.7142857142857136,79.0,159.0,17.0,1395,7.241366283322318,1
VAR_inst366001.rcp,30.0,10.0,4.333333333333333,3.123388473365994,130.0,64.0,0.1471264367816092,0.3310344827586207,0.6689655172413793,28.0,1.0,2.9571428571428573,1.143150272929685,239.0,0.8213058419243986,83.0,103.0,20.0,47490,10.768295498386117,0
VAR_inst367001.rcp,30.0,9.0,5.266666666666667,2.55516905289824,158.0,49.0,0.11264367816091954,0.8804597701149425,0.11954022988505753,81.0,1.0,1.0266406757634827,0.49162796107782025,48.0,0.9230769230769227,84.0,158.0,74.0,68973,11.141484900973866,0
VAR_inst368001.rcp,30.0,10.0,5.533333333333333,2.8836705005176224,166.0,36.0,0.08275862068965517,0.9356321839080459,0.06436781609195408,142.0,1.0,0.5528169014084507,0.2851782665691117,17.0,0.6071428571428567,79.0,157.0,15.0,253,5.537334267018537,1
VAR_inst369001.rcp,30.0,10.0,4.333333333333333,3.123388473365994,130.0,64.0,0.1471264367816092,0.3310344827586207,0.6689655172413793,28.0,1.0,3.029017857142857,1.1543245390261367,261.0,0.8969072164948454,85.0,111.0,26.0,51955,10.858152485527174,0
VAR_inst370001.rcp,30.0,10.0,5.266666666666667,2.55516905289824,158.0,49.0,0.11264367816091954,0.8804597701149425,0.11954022988505753,81.0,1.0,1.0784832451499118,0.4932880578632212,41.0,0.7884615384615381,88.0,145.0,57.0,60154,11.004679843467624,0
VAR_inst37001.rcp,30.0,3.0,5.266666666666667,2.55516905289824,158.0,49.0,0.11264367816091954,0.8804597701149425,0.11954022988505753,81.0,0.19999999999999993,0.289437585733882,0.22741197988111564,3.0,0.05769230769230767,24.0,86.0,5.0,80,4.394449154672439,1
VAR_inst371001.rcp,30.0,10.0,5.533333333333333,2.8836705005176224,166.0,36.0,0.08275862068965517,0.9356321839080459,0.06436781609195408,142.0,1.0,0.6741357234314981,0.286378140638704,26.0,0.9285714285714277,96.0,160.0,18.0,6398,8.76389700713946,1
VAR_inst372001.rcp,30.0,10.0,4.333333333333333,3.123388473365994,130.0,64.0,0.1471264367816092,0.3310344827586207,0.6689655172413793,28.0,1.0,2.8088235294117645,1.1628924735763524,244.0,0.8384879725085911,79.0,110.0,31.0,52479,10.86818742361797,0
VAR_inst373001.rcp,30.0,9.0,5.266666666666667,2.55516905289824,158.0,49.0,0.11264367816091954,0.8804597701149425,0.11954022988505753,81.0,1.0,1.1783264746227708,0.5053838488721083,44.0,0.8461538461538458,96.0,144.0,48.0,64446,11.073598459572551,0
VAR_inst374001.rcp,30.0,10.0,5.533333333333333,2.8836705005176224,166.0,36.0,0.08275862068965517,0.9356321839080459,0.06436781609195408,142.0,1.0,0.6004694835680752,0.294862663744706,24.0,0.8571428571428564,86.0,162.0,20.0,3305,8.10349427838097,1
VAR_inst375001.rcp,30.0,10.0,4.333333333333333,3.123388473365994,130.0,64.0,0.1471264367816092,0.3310344827586207,0.6689655172413793,28.0,1.0,2.412087912087912,1.2017797023882548,228.0,0.7835051546391752,68.0,109.0,41.0,54253,10.901432001403476,0
VAR_inst376001.rcp,30.0,10.0,5.266666666666667,2.55516905289824,158.0,49.0,0.11264367816091954,0.8804597701149425,0.11954022988505753,81.0,1.0,0.9629629629629629,0.48166226535507584,33.0,0.6346153846153844,78.0,130.0,49.0,63179,11.053743074356076,0
VAR_inst377001.rcp,30.0,10.0,5.533333333333333,2.8836705005176224,166.0,36.0,0.08275862068965517,0.9356321839080459,0.06436781609195408,142.0,1.0,0.7850041425020713,0.29323975540077885,27.0,0.9642857142857134,112.0,166.0,24.0,13047,9.476390144300849,1
VAR_inst378001.rcp,30.0,10.0,4.333333333333333,3.123388473365994,130.0,64.0,0.1471264367816092,0.3310344827586207,0.6689655172413793,28.0,1.0,2.892857142857143,1.20471347108344,226.0,0.7766323024054983,81.0,112.0,31.0,50725,10.834193878644593,0
VAR_inst379001.rcp,30.0,8.0,5.266666666666667,2.55516905289824,158.0,49.0,0.11264367816091954,0.8804597701149425,0.11954022988505753,81.0,1.0,1.0939643347050754,0.5390369671677004,45.0,0.865384615384615,89.0,153.0,64.0,69382,11.147397159715752,0
VAR_inst380001.rcp,30.0,10.0,5.533333333333333,2.8836705005176224,166.0,36.0,0.08275862068965517,0.9356321839080459,0.06436781609195408,142.0,1.0,0.6868544600938967,0.2880959277650454,21.0,0.7499999999999993,98.0,166.0,24.0,963,6.871091294610546,1
VAR_inst38001.rcp,30.0,1.0,5.533333333333333,2.8836705005176224,166.0,36.0,0.08275862068965517,0.9356321839080459,0.06436781609195408,142.0,0.2,0.22769953051643194,0.22769953051643194,2.0,0.07142857142857137,33.0,143.0,1.0,32,3.4965075614664802,1
VAR_inst381001.rcp,30.0,10.0,4.333333333333333,3.123388473365994,130.0,64.0,0.1471264367816092,0.3310344827586207,0.6689655172413793,28.0,1.0,2.67032967032967,1.159060592185592,245.0,0.8419243986254296,75.0,115.0,40.0,49180,10.803262649032352,0
VAR_inst382001.rcp,30.0,9.0,5.266666666666667,2.55516905289824,158.0,49.0,0.11264367816091954,0.8804597701149425,0.11954022988505753,81.0,1.0,0.8065843621399177,0.49789156062965134,39.0,0.7499999999999997,66.0,138.0,57.0,64162,11.069181999552008,0
VAR_inst383001.rcp,30.0,10.0,5.533333333333333,2.8836705005176224,166.0,36.0,0.08275862068965517,0.9356321839080459,0.06436781609195408,142.0,1.0,0.6404929577464789,0.2998991036979416,28.0,0.9999999999999991,91.0,166.0,24.0,26627,10.189718572720594,1
VAR_inst384001.rcp,30.0,10.0,4.333333333333333,3.123388473365994,130.0,64.0,0.1471264367816092,0.3310344827586207,0.6689655172413793,28.0,1.0,2.737012987012987,1.1809618138753477,250.0,0.8591065292096219,77.0,110.0,33.0,48174,10.782595493282567,0
VAR_inst385001.rcp,30.0,10.0,5.266666666666667,2.55516905289824,158.0,49.0,0.11264367816091954,0.8804597701149425,0.11954022988505753,81.0,1.0,1.128858024691358,0.4836055014275688,47.0,0.9038461538461535,92.0,149.0,57.0,61595,11.028352212348304,0
VAR_inst386001.rcp,30.0,10.0,5.533333333333333,2.8836705005176224,166.0,36.0,0.08275862068965517,0.9356321839080459,0.06436781609195408,142.0,1.0,0.6037805782060786,0.29137951235199194,28.0,0.9999999999999991,86.0,166.0,24.0,26627,10.189718572720594,1
VAR_inst387001.rcp,30.0,10.0,4.333333333333333,3.123388473365994,130.0,64.0,0.1471264367816092,0.3310344827586207,0.6689655172413793,28.0,1.0,2.369047619047619,1.1233720381785397,228.0,0.7835051546391752,67.0,104.0,37.0,50837,10.83639938542652,0
VAR_inst388001.rcp,30.0,9.0,5.266666666666667,2.55516905289824,158.0,49.0,0.11264367816091954,0.8804597701149425,0.11954022988505753,81.0,1.0,1.0791575889615106,0.5078056880346055,45.0,0.865384615384615,88.0,148.0,60.0,65628,11.091772950417356,0
VAR_inst389001.rcp,30.0,10.0,5.533333333333333,2.8836705005176224,166.0,36.0,0.08275862068965517,0.9356321839080459,0.06436781609195408,142.0,1.0,0.6502347417840375,0.2885138713256491,26.0,0.9285714285714277,93.0,165.0,23.0,18324,9.816021526754852,1
VAR_inst390001.rcp,30.0,10.0,4.333333333333333,3.123388473365994,130.0,64.0,0.1471264367816092,0.3310344827586207,0.6689655172413793,28.0,1.0,3.7815126050420167,1.1506377726529209,283.0,0.9725085910652921,106.0,126.0,20.0,55016,10.915397507364945,0
VAR_inst39001.rcp,30.0,3.0,4.333333333333333,3.123388473365994,130.0,64.0,0.1471264367816092,0.3310344827586207,0.6689655172413793,28.0,0.19999999999999993,0.6738095238095239,0.5448870573870573,18.0,0.061855670103092786,19.0,32.0,4.0,32766,10.397177190355384,0
VAR_inst391001.rcp,30.0,5.0,5.266666666666667,2.55516905289824,158.0,49.0,0.11264367816091954,0.8804597701149425,0.11954022988505753,81.0,1.0,1.6262626262626263,0.7719589002435006,52.0,0.9999999999999996,132.0,158.0,26.0,79388,11.282115098594986,0
VAR_inst392001.rcp,30.0,9.0,5.533333333333333,2.8836705005176224,166.0,36.0,0.08275862068965517,0.9356321839080459,0.06436781609195408,142.0,1.0,0.7725766362883182,0.3200998589461721,26.0,0.9285714285714277,110.0,166.0,24.0,9115,9.117786390365575,1
VAR_inst393001.rcp,30.0,10.0,4.333333333333333,3.123388473365994,130.0,64.0,0.1471264367816092,0.3310344827586207,0.6689655172413793,28.0,1.0,1.980952380952381,1.1431367651955886,222.0,0.7628865979381443,56.0,102.0,46.0,49253,10.804745861576322,0
VAR_inst394001.rcp,30.0,5.0,5.266666666666667,2.55516905289824,158.0,49.0,0.11264367816091954,0.8804597701149425,0.11954022988505753,81.0,1.0,1.3722222222222222,0.7712152021302348,50.0,0.9615384615384611,112.0,155.0,43.0,77746,11.26121524408805,0
VAR_inst395001.rcp,30.0,9.0,5.533333333333333,2.8836705005176224,166.0,36.0,0.08275862068965517,0.9356321839080459,0.06436781609195408,142.0,1.0,0.9951816160118606,0.31173179427441844,28.0,0.9999999999999991,142.0,166.0,24.0,26627,10.189718572720594,1
VAR_inst396001.rcp,30.0,10.0,4.333333333333333,3.123388473365994,130.0,64.0,0.1471264367816092,0.3310344827586207,0.6689655172413793,28.0,1.0,3.204081632653061,1.1462928714609388,252.0,0.865979381443299,90.0,110.0,20.0,53924,10.895349471257358,0
VAR_inst397001.rcp,30.0,9.0,5.266666666666667,2.55516905289824,158.0,49.0,0.11264367816091954,0.8804597701149425,0.11954022988505753,81.0,1.0,1.6535493827160495,0.49792648145044666,50.0,0.9615384615384611,134.0,153.0,19.0,63308,11.055782778120422,0
VAR_inst398001.rcp,30.0,9.0,5.533333333333333,2.8836705005176224,166.0,36.0,0.08275862068965517,0.9356321839080459,0.06436781609195408,142.0,1.0,0.8926056338028169,0.3128792925494186,27.0,0.9642857142857134,127.0,166.0,24.0,13047,9.476390144300849,1
VAR_inst399001.rcp,30.0,10.0,4.333333333333333,3.123388473365994,130.0,64.0,0.1471264367816092,0.3310344827586207,0.6689655172413793,28.0,1.0,2.75,1.0691421280050482,280.0,0.9621993127147767,77.0,113.0,36.0,58187,10.971434426893353,0
VAR_inst400001.rcp,30.0,8.0,5.266666666666667,2.55516905289824,158.0,49.0,0.11264367816091954,0.8804597701149425,0.11954022988505753,81.0,1.0,1.4343434343434343,0.5601822048520392,49.0,0.942307692307692,117.0,155.0,38.0,72499,11.191341840842766,0
VAR_inst40001.rcp,30.0,3.0,5.266666666666667,2.55516905289824,158.0,49.0,0.11264367816091954,0.8804597701149425,0.11954022988505753,81.0,0.19999999999999998,0.27914951989026066,0.24263831732967542,2.0,0.03846153846153844,23.0,81.0,0.0,51,3.9512437185814275,1
VAR_inst4001.rcp,30.0,3.0,5.266666666666667,2.55516905289824,158.0,49.0,0.11264367816091954,0.8804597701149425,0.11954022988505753,81.0,0.2,0.2734567901234568,0.21021947873799726,1.0,0.01923076923076922,23.0,82.0,1.0,78,4.3694478524670215,1
VAR_inst401001.rcp,30.0,10.0,5.533333333333333,2.8836705005176224,166.0,36.0,0.08275862068965517,0.9356321839080459,0.06436781609195408,142.0,1.0,0.9809444904722452,0.29690873160594744,28.0,0.9999999999999991,140.0,166.0,24.0,26627,10.189718572720594,1
VAR_inst402001.rcp,30.0,10.0,4.333333333333333,3.123388473365994,130.0,64.0,0.1471264367816092,0.3310344827586207,0.6689655172413793,28.0,1.0,4.121428571428571,1.1798820852104797,286.0,0.9828178694158075,116.0,128.0,12.0,55696,10.927681564500782,0
VAR_inst403001.rcp,30.0,7.0,5.266666666666667,2.55516905289824,158.0,49.0,0.11264367816091954,0.8804597701149425,0.11954022988505753,81.0,1.0,1.1381172839506173,0.5787738139690325,42.0,0.8076923076923074,93.0,139.0,46.0,72360,11.189422759203678,0
VAR_inst404001.rcp,30.0,10.0,5.533333333333333,2.8836705005176224,166.0,36.0,0.08275862068965517,0.9356321839080459,0.06436781609195408,142.0,1.0,1.0400866738894907,0.28640657683317283,28.0,0.9999999999999991,148.0,166.0,18.0,26627,10.189718572720594,1
VAR_inst405001.rcp,30.0,10.0,4.333333333333333,3.123388473365994,130.0,64.0,0.1471264367816092,0.3310344827586207,0.6689655172413793,28.0,1.0,3.1160714285714284,1.1303598010176958,259.0,0.8900343642611683,88.0,111.0,23.0,50959,10.838796290246044,0
VAR_inst406001.rcp,30.0,9.0,5.266666666666667,2.55516905289824,158.0,49.0,0.11264367816091954,0.8804597701149425,0.11954022988505753,81.0,1.0,1.2846003898635479,0.507651549056077,52.0,0.9999999999999996,105.0,158.0,53.0,63389,11.057061399278211,0
VAR_inst407001.rcp,30.0,10.0,5.533333333333333,2.8836705005176224,166.0,36.0,0.08275862068965517,0.9356321839080459,0.06436781609195408,142.0,1.0,0.7546948356807511,0.28783726311987984,27.0,0.9642857142857134,108.0,166.0,24.0,8956,9.100190628475195,1
VAR_inst408001.rcp,30.0,10.0,4.333333333333333,3.123388473365994,130.0,64.0,0.1471264367816092,0.3310344827586207,0.6689655172413793,28.0,1.0,3.7797619047619047,1.1471770293198864,289.0,0.993127147766323,106.0,128.0,22.0,52769,10.873698126399713,0
VAR_inst409001.rcp,30.0,8.0,5.266666666666667,2.55516905289824,158.0,49.0,0.11264367816091954,0.8804597701149425,0.11954022988505753,81.0,1.0,0.9295570079883806,0.562330549503752,43.0,0.8269230769230765,76.0,149.0,68.0,71343,11.175268526867258,0
VAR_inst410001.rcp,30.0,10.0,5.533333333333333,2.8836705005176224,166.0,36.0,0.08275862068965517,0.9356321839080459,0.06436781609195408,142.0,1.0,0.7708559046587216,0.28504864658033674,26.0,0.9285714285714277,110.0,166.0,24.0,7458,8.917176635955164,1
VAR_inst41001.rcp,30.0,4.0,5.533333333333333,2.8836705005176224,166.0,36.0,0.08275862068965517,0.9356321839080459,0.06436781609195408,142.0,0.2,0.12483994878361075,0.11266950453384848,1.0,0.035714285714285685,18.0,143.0,1.0,32,3.4965075614664802,1
VAR_inst411001.rcp,30.0,10.0,4.333333333333333,3.123388473365994,130.0,64.0,0.1471264367816092,0.3310344827586207,0.6689655172413793,28.0,1.0,3.473684210526316,1.1659708107264497,284.0,0.9759450171821306,98.0,127.0,29.0,50931,10.838246688693326,0
VAR_inst412001.rcp,30.0,8.0,5.266666666666667,2.55516905289824,158.0,49.0,0.11264367816091954,0.8804597701149425,0.11954022988505753,81.0,1.0,1.3940329218106995,0.5766480787075831,49.0,0.942307692307692,113.0,153.0,40.0,72222,11.187513833708381,0
VAR_inst413001.rcp,30.0,10.0,5.533333333333333,2.8836705005176224,166.0,36.0,0.08275862068965517,0.9356321839080459,0.06436781609195408,142.0,1.0,0.6566901408450704,0.2940054386030981,24.0,0.8571428571428564,94.0,163.0,21.0,3996,8.293299358711323,1
VAR_inst414001.rcp,30.0,10.0,4.333333333333333,3.123388473365994,130.0,64.0,0.1471264367816092,0.3310344827586207,0.6689655172413793,28.0,1.0,3.5441176470588234,1.1540254018273977,277.0,0.9518900343642611,100.0,124.0,24.0,55064,10.916269584599045,0
VAR_inst415001.rcp,30.0,7.0,5.266666666666667,2.55516905289824,158.0,49.0,0.11264367816091954,0.8804597701149425,0.11954022988505753,81.0,1.0,1.0886644219977553,0.6017478005438102,48.0,0.9230769230769227,89.0,155.0,66.0,70499,11.16336798880036,0
VAR_inst416001.rcp,30.0,7.0,5.533333333333333,2.8836705005176224,166.0,36.0,0.08275862068965517,0.9356321839080459,0.06436781609195408,142.0,1.0,0.941101152368758,0.37933357722090116,28.0,0.9999999999999991,134.0,166.0,24.0,26627,10.189718572720594,1
VAR_inst417001.rcp,30.0,10.0,4.333333333333333,3.123388473365994,130.0,64.0,0.1471264367816092,0.3310344827586207,0.6689655172413793,28.0,1.0,3.2023809523809526,1.1262276160464189,276.0,0.9484536082474226,90.0,119.0,29.0,57125,10.953014633513746,0
VAR_inst418001.rcp,30.0,7.0,5.266666666666667,2.55516905289824,158.0,49.0,0.11264367816091954,0.8804597701149425,0.11954022988505753,81.0,1.0,1.6131687242798354,0.6060909960692096,50.0,0.9615384615384611,131.0,155.0,24.0,74708,11.221355845791255,0
VAR_inst419001.rcp,30.0,10.0,5.533333333333333,2.8836705005176224,166.0,36.0,0.08275862068965517,0.9356321839080459,0.06436781609195408,142.0,1.0,0.6811424100156495,0.29006367654254983,25.0,0.892857142857142,97.0,166.0,24.0,3348,8.116417072794205,1
VAR_inst420001.rcp,30.0,10.0,4.333333333333333,3.123388473365994,130.0,64.0,0.1471264367816092,0.3310344827586207,0.6689655172413793,28.0,1.0,3.48109243697479,2.3136280961900155,291.0,1.0,98.0,130.0,32.0,54582,10.907477757940512,0
VAR_inst42001.rcp,30.0,4.0,4.333333333333333,3.123388473365994,130.0,64.0,0.1471264367816092,0.3310344827586207,0.6689655172413793,28.0,0.2,0.7802197802197802,0.45621565934065933,14.0,0.048109965635738834,22.0,34.0,6.0,27966,10.23878052266729,0
VAR_inst421001.rcp,30.0,10.0,5.266666666666667,2.55516905289824,158.0,49.0,0.11264367816091954,0.8804597701149425,0.11954022988505753,81.0,1.0,1.41005291005291,0.9814627142404919,52.0,0.9999999999999996,115.0,158.0,43.0,61073,11.019841522680395,0
VAR_inst422001.rcp,30.0,10.0,5.533333333333333,2.8836705005176224,166.0,36.0,0.08275862068965517,0.9356321839080459,0.06436781609195408,142.0,1.0,0.8106876553438277,0.5938024862346527,28.0,0.9999999999999991,116.0,166.0,24.0,26627,10.189718572720594,1
VAR_inst423001.rcp,30.0,10.0,4.333333333333333,3.123388473365994,130.0,64.0,0.1471264367816092,0.3310344827586207,0.6689655172413793,28.0,1.0,3.3705357142857144,2.2577370687110574,291.0,1.0,95.0,130.0,35.0,54316,10.902592532430562,0
VAR_inst424001.rcp,30.0,10.0,5.266666666666667,2.55516905289824,158.0,49.0,0.11264367816091954,0.8804597701149425,0.11954022988505753,81.0,1.0,1.4410774410774412,0.9799488423099534,52.0,0.9999999999999996,117.0,158.0,41.0,60651,11.01290788992083,0
VAR_inst425001.rcp,30.0,10.0,5.533333333333333,2.8836705005176224,166.0,36.0,0.08275862068965517,0.9356321839080459,0.06436781609195408,142.0,1.0,0.7816901408450704,0.5811378245392549,28.0,0.9999999999999991,111.0,166.0,24.0,26627,10.189718572720594,1
VAR_inst426001.rcp,30.0,10.0,4.333333333333333,3.123388473365994,130.0,64.0,0.1471264367816092,0.3310344827586207,0.6689655172413793,28.0,1.0,3.6447368421052633,2.3567799013851642,291.0,1.0,103.0,130.0,27.0,54147,10.899476317305677,0
VAR_inst427001.rcp,30.0,10.0,5.266666666666667,2.55516905289824,158.0,49.0,0.11264367816091954,0.8804597701149425,0.11954022988505753,81.0,1.0,1.4805996472663139,0.9801620133233481,52.0,0.9999999999999996,120.0,158.0,38.0,59854,10.99968024968547,0
VAR_inst428001.rcp,30.0,10.0,5.533333333333333,2.8836705005176224,166.0,36.0,0.08275862068965517,0.9356321839080459,0.06436781609195408,142.0,1.0,0.8536776212832551,0.5836994239257354,28.0,0.9999999999999991,122.0,166.0,24.0,26627,10.189718572720594,1
VAR_inst429001.rcp,30.0,10.0,4.333333333333333,3.123388473365994,130.0,64.0,0.1471264367816092,0.3310344827586207,0.6689655172413793,28.0,1.0,3.3293650793650795,2.356625992793756,291.0,1.0,94.0,130.0,36.0,52533,10.869215858012614,0
VAR_inst430001.rcp,30.0,10.0,5.266666666666667,2.55516905289824,158.0,49.0,0.11264367816091954,0.8804597701149425,0.11954022988505753,81.0,1.0,1.5555555555555556,0.9990490114174324,52.0,0.9999999999999996,126.0,158.0,32.0,60859,11.016331423450962,0
VAR_inst43001.rcp,30.0,4.0,5.266666666666667,2.55516905289824,158.0,49.0,0.11264367816091954,0.8804597701149425,0.11954022988505753,81.0,0.2,0.3037037037037037,0.16993917937545389,4.0,0.07692307692307689,25.0,89.0,8.0,266,5.58724865840025,1
VAR_inst431001.rcp,30.0,10.0,5.533333333333333,2.8836705005176224,166.0,36.0,0.08275862068965517,0.9356321839080459,0.06436781609195408,142.0,1.0,0.852112676056338,0.5888852760368698,28.0,0.9999999999999991,121.0,166.0,24.0,26627,10.189718572720594,1
VAR_inst432001.rcp,30.0,10.0,4.333333333333333,3.123388473365994,130.0,64.0,0.1471264367816092,0.3310344827586207,0.6689655172413793,28.0,1.0,3.217032967032967,2.2835735940646655,290.0,0.9965635738831615,91.0,130.0,39.0,54421,10.904523762856343,0
VAR_inst433001.rcp,30.0,10.0,5.266666666666667,2.55516905289824,158.0,49.0,0.11264367816091954,0.8804597701149425,0.11954022988505753,81.0,1.0,1.5237166991552957,0.9662242587388787,52.0,0.9999999999999996,124.0,158.0,34.0,58618,10.978814155095153,0
VAR_inst434001.rcp,30.0,10.0,5.533333333333333,2.8836705005176224,166.0,36.0,0.08275862068965517,0.9356321839080459,0.06436781609195408,142.0,1.0,0.7987927565392354,0.5545437861556555,28.0,0.9999999999999991,114.0,166.0,24.0,26627,10.189718572720594,1
VAR_inst435001.rcp,30.0,10.0,4.333333333333333,3.123388473365994,130.0,64.0,0.1471264367816092,0.3310344827586207,0.6689655172413793,28.0,1.0,3.491758241758242,2.3391846357147936,291.0,1.0,98.0,130.0,32.0,51979,10.858614308195481,0
VAR_inst436001.rcp,30.0,10.0,5.266666666666667,2.55516905289824,158.0,49.0,0.11264367816091954,0.8804597701149425,0.11954022988505753,81.0,1.0,1.489337822671156,0.9672087583198694,52.0,0.9999999999999996,121.0,158.0,37.0,59945,11.001199435961073,0
VAR_inst437001.rcp,30.0,10.0,5.533333333333333,2.8836705005176224,166.0,36.0,0.08275862068965517,0.9356321839080459,0.06436781609195408,142.0,1.0,0.926056338028169,0.5935190241269364,28.0,0.9999999999999991,132.0,166.0,24.0,26627,10.189718572720594,1
VAR_inst438001.rcp,30.0,10.0,4.333333333333333,3.123388473365994,130.0,64.0,0.1471264367816092,0.3310344827586207,0.6689655172413793,28.0,1.0,3.116883116883117,2.2947212550521376,291.0,1.0,88.0,130.0,42.0,54349,10.903199892549356,0
VAR_inst439001.rcp,30.0,10.0,5.266666666666667,2.55516905289824,158.0,49.0,0.11264367816091954,0.8804597701149425,0.11954022988505753,81.0,1.0,1.4287317620650954,0.9878428534861283,52.0,0.9999999999999996,116.0,158.0,42.0,60524,11.01081178180626,0
VAR_inst440001.rcp,30.0,10.0,5.533333333333333,2.8836705005176224,166.0,36.0,0.08275862068965517,0.9356321839080459,0.06436781609195408,142.0,1.0,0.8687122736418511,0.5704631251295447,28.0,0.9999999999999991,124.0,166.0,24.0,26627,10.189718572720594,1
VAR_inst44001.rcp,30.0,4.0,5.533333333333333,2.8836705005176224,166.0,36.0,0.08275862068965517,0.9356321839080459,0.06436781609195408,142.0,0.2,0.15977112676056338,0.10567581626120358,0.0,0.0,23.0,142.0,0.0,32,3.4965075614664802,1
VAR_inst441001.rcp,30.0,10.0,4.333333333333333,3.123388473365994,130.0,64.0,0.1471264367816092,0.3310344827586207,0.6689655172413793,28.0,1.0,3.1766917293233083,2.264038577951117,291.0,1.0,89.0,130.0,41.0,54243,10.901247666207835,0
VAR_inst442001.rcp,30.0,10.0,5.266666666666667,2.55516905289824,158.0,49.0,0.11264367816091954,0.8804597701149425,0.11954022988505753,81.0,1.0,1.5548293391430645,0.9576410547285447,52.0,0.9999999999999996,126.0,158.0,32.0,61074,11.019857896125941,0
VAR_inst443001.rcp,30.0,10.0,5.533333333333333,2.8836705005176224,166.0,36.0,0.08275862068965517,0.9356321839080459,0.06436781609195408,142.0,1.0,0.9366197183098591,0.5768124268486738,28.0,0.9999999999999991,133.0,166.0,24.0,26627,10.189718572720594,1
VAR_inst444001.rcp,30.0,10.0,4.333333333333333,3.123388473365994,130.0,64.0,0.1471264367816092,0.3310344827586207,0.6689655172413793,28.0,1.0,3.4714285714285715,2.275546999501555,291.0,1.0,98.0,130.0,32.0,53327,10.88421680054752,0
VAR_inst445001.rcp,30.0,10.0,5.266666666666667,2.55516905289824,158.0,49.0,0.11264367816091954,0.8804597701149425,0.11954022988505753,81.0,1.0,1.4113060428849902,0.9777902148612216,52.0,0.9999999999999996,115.0,158.0,43.0,60896,11.016939191400878,0
VAR_inst446001.rcp,30.0,10.0,5.533333333333333,2.8836705005176224,166.0,36.0,0.08275862068965517,0.9356321839080459,0.06436781609195408,142.0,1.0,0.8933098591549296,0.5948165845713321,28.0,0.9999999999999991,127.0,166.0,24.0,26627,10.189718572720594,1
VAR_inst447001.rcp,30.0,10.0,4.333333333333333,3.123388473365994,130.0,64.0,0.1471264367816092,0.3310344827586207,0.6689655172413793,28.0,1.0,3.5454545454545454,2.3297551239395276,291.0,1.0,100.0,130.0,30.0,54660,10.908905754228723,0
VAR_inst448001.rcp,30.0,10.0,5.266666666666667,2.55516905289824,158.0,49.0,0.11264367816091954,0.8804597701149425,0.11954022988505753,81.0,1.0,1.2495590828924161,0.9781077119040082,52.0,0.9999999999999996,102.0,158.0,56.0,59628,10.995897311894359,0
VAR_inst449001.rcp,30.0,10.0,5.533333333333333,2.8836705005176224,166.0,36.0,0.08275862068965517,0.9356321839080459,0.06436781609195408,142.0,1.0,0.9272300469483568,0.5887199407078239,28.0,0.9999999999999991,132.0,166.0,24.0,26627,10.189718572720594,1
VAR_inst450001.rcp,30.0,10.0,4.333333333333333,3.123388473365994,130.0,64.0,0.1471264367816092,0.3310344827586207,0.6689655172413793,28.0,1.0,4.028061224489796,2.3369277464390246,291.0,1.0,113.0,130.0,17.0,52204,10.862933554724211,0
VAR_inst45001.rcp,30.0,7.0,4.333333333333333,3.123388473365994,130.0,64.0,0.1471264367816092,0.3310344827586207,0.6689655172413793,28.0,0.20000000000000004,0.8086734693877551,0.294800181977553,11.0,0.037800687285223365,23.0,42.0,14.0,29474,10.291297725405572,0
VAR_inst451001.rcp,30.0,10.0,5.266666666666667,2.55516905289824,158.0,49.0,0.11264367816091954,0.8804597701149425,0.11954022988505753,81.0,1.0,1.612962962962963,0.9725150021022054,52.0,0.9999999999999996,131.0,158.0,27.0,61073,11.019841522680395,0
VAR_inst452001.rcp,30.0,10.0,5.533333333333333,2.8836705005176224,166.0,36.0,0.08275862068965517,0.9356321839080459,0.06436781609195408,142.0,1.0,0.9967989756722151,0.5882091752283725,28.0,0.9999999999999991,142.0,166.0,24.0,26627,10.189718572720594,1
VAR_inst453001.rcp,30.0,10.0,4.333333333333333,3.123388473365994,130.0,64.0,0.1471264367816092,0.3310344827586207,0.6689655172413793,28.0,1.0,4.119047619047619,2.2921876491824795,291.0,1.0,116.0,130.0,14.0,54659,10.90888745948206,0
VAR_inst454001.rcp,30.0,9.0,5.266666666666667,2.55516905289824,158.0,49.0,0.11264367816091954,0.8804597701149425,0.11954022988505753,81.0,1.0,1.7561728395061729,1.0652510488761429,52.0,0.9999999999999996,143.0,158.0,15.0,63004,11.050969367303793,0
VAR_inst455001.rcp,30.0,10.0,5.533333333333333,2.8836705005176224,166.0,36.0,0.08275862068965517,0.9356321839080459,0.06436781609195408,142.0,1.0,1.033044420368364,0.5898239490073582,28.0,0.9999999999999991,147.0,166.0,19.0,26627,10.189718572720594,1
VAR_inst456001.rcp,30.0,10.0,4.333333333333333,3.123388473365994,130.0,64.0,0.1471264367816092,0.3310344827586207,0.6689655172413793,28.0,1.0,3.511904761904762,2.292662410857485,291.0,1.0,99.0,130.0,31.0,54640,10.90853979568774,0
VAR_inst457001.rcp,30.0,10.0,5.266666666666667,2.55516905289824,158.0,49.0,0.11264367816091954,0.8804597701149425,0.11954022988505753,81.0,1.0,1.6666666666666667,0.9705154105154105,52.0,0.9999999999999996,135.0,158.0,23.0,60850,11.016183532134377,0
VAR_inst458001.rcp,30.0,10.0,5.533333333333333,2.8836705005176224,166.0,36.0,0.08275862068965517,0.9356321839080459,0.06436781609195408,142.0,1.0,1.0558350100603622,0.5839793404026169,28.0,0.9999999999999991,150.0,166.0,16.0,26627,10.189718572720594,1
VAR_inst459001.rcp,30.0,10.0,4.333333333333333,3.123388473365994,130.0,64.0,0.1471264367816092,0.3310344827586207,0.6689655172413793,28.0,1.0,4.0519480519480515,2.33144960924193,291.0,1.0,114.0,130.0,16.0,54553,10.906946315795638,0
VAR_inst460001.rcp,30.0,10.0,5.266666666666667,2.55516905289824,158.0,49.0,0.11264367816091954,0.8804597701149425,0.11954022988505753,81.0,1.0,1.6263374485596709,0.976332033788174,52.0,0.9999999999999996,132.0,158.0,26.0,61016,11.018907792853605,0
VAR_inst46001.rcp,30.0,2.0,5.266666666666667,2.55516905289824,158.0,49.0,0.11264367816091954,0.8804597701149425,0.11954022988505753,81.0,0.2,0.2768959435626102,0.22619047619047616,2.0,0.03846153846153844,23.0,86.0,5.0,65,4.189654742026425,1
VAR_inst461001.rcp,30.0,10.0,5.533333333333333,2.8836705005176224,166.0,36.0,0.08275862068965517,0.9356321839080459,0.06436781609195408,142.0,1.0,1.046165884194053,0.5967377977454069,28.0,0.9999999999999991,149.0,166.0,17.0,26627,10.189718572720594,1
VAR_inst462001.rcp,30.0,10.0,4.333333333333333,3.123388473365994,130.0,64.0,0.1471264367816092,0.3310344827586207,0.6689655172413793,28.0,1.0,3.939732142857143,2.370244963369964,291.0,1.0,111.0,130.0,19.0,53466,10.886819920140972,0
VAR_inst463001.rcp,30.0,10.0,5.266666666666667,2.55516905289824,158.0,49.0,0.11264367816091954,0.8804597701149425,0.11954022988505753,81.0,1.0,1.526374859708193,0.9664430541842822,52.0,0.9999999999999996,124.0,158.0,34.0,60199,11.005427631296913,0
VAR_inst464001.rcp,30.0,10.0,5.533333333333333,2.8836705005176224,166.0,36.0,0.08275862068965517,0.9356321839080459,0.06436781609195408,142.0,1.0,0.9978331527627302,0.5927330973017593,28.0,0.9999999999999991,142.0,166.0,24.0,26627,10.189718572720594,1
VAR_inst465001.rcp,30.0,10.0,4.333333333333333,3.123388473365994,130.0,64.0,0.1471264367816092,0.3310344827586207,0.6689655172413793,28.0,1.0,4.206766917293233,2.296703427782597,291.0,1.0,118.0,130.0,12.0,52517,10.868911246960494,0
VAR_inst466001.rcp,30.0,10.0,5.266666666666667,2.55516905289824,158.0,49.0,0.11264367816091954,0.8804597701149425,0.11954022988505753,81.0,1.0,1.5802469135802468,1.0078933583563212,52.0,0.9999999999999996,128.0,158.0,30.0,59844,10.999513165307471,0
VAR_inst467001.rcp,30.0,10.0,5.533333333333333,2.8836705005176224,166.0,36.0,0.08275862068965517,0.9356321839080459,0.06436781609195408,142.0,1.0,0.9359154929577465,0.5739221686327113,28.0,0.9999999999999991,133.0,166.0,24.0,26627,10.189718572720594,1
VAR_inst468001.rcp,30.0,10.0,4.333333333333333,3.123388473365994,130.0,64.0,0.1471264367816092,0.3310344827586207,0.6689655172413793,28.0,1.0,3.456043956043956,2.28659239809284,291.0,1.0,97.0,130.0,33.0,54382,10.903806884005734,0
VAR_inst469001.rcp,30.0,10.0,5.266666666666667,2.55516905289824,158.0,49.0,0.11264367816091954,0.8804597701149425,0.11954022988505753,81.0,1.0,1.7340930674264008,0.96307366350667,52.0,0.9999999999999996,141.0,158.0,17.0,61212,11.022114864243498,0
VAR_inst470001.rcp,30.0,10.0,5.533333333333333,2.8836705005176224,166.0,36.0,0.08275862068965517,0.9356321839080459,0.06436781609195408,142.0,1.0,0.9341046277665996,0.5876903722086428,28.0,0.9999999999999991,133.0,166.0,24.0,26627,10.189718572720594,1
VAR_inst47001.rcp,30.0,2.0,5.533333333333333,2.8836705005176224,166.0,36.0,0.08275862068965517,0.9356321839080459,0.06436781609195408,142.0,0.2,0.10663983903420524,0.08073440643863179,0.0,0.0,16.0,142.0,0.0,32,3.4965075614664802,1
VAR_inst471001.rcp,30.0,10.0,4.333333333333333,3.123388473365994,130.0,64.0,0.1471264367816092,0.3310344827586207,0.6689655172413793,28.0,1.0,3.810267857142857,2.424706438887664,291.0,1.0,107.0,130.0,23.0,53130,10.880515841025813,0
VAR_inst472001.rcp,30.0,10.0,5.266666666666667,2.55516905289824,158.0,49.0,0.11264367816091954,0.8804597701149425,0.11954022988505753,81.0,1.0,1.6286799620132955,0.9818961696739477,52.0,0.9999999999999996,132.0,158.0,26.0,60904,11.01707055213406,0
VAR_inst473001.rcp,30.0,10.0,5.533333333333333,2.8836705005176224,166.0,36.0,0.08275862068965517,0.9356321839080459,0.06436781609195408,142.0,1.0,1.039906103286385,0.5880814904510017,28.0,0.9999999999999991,148.0,166.0,18.0,26627,10.189718572720594,1
VAR_inst474001.rcp,30.0,10.0,4.333333333333333,3.123388473365994,130.0,64.0,0.1471264367816092,0.3310344827586207,0.6689655172413793,28.0,1.0,3.9201680672268906,2.38309085780061,291.0,1.0,110.0,130.0,20.0,51451,10.848404613198607,0
VAR_inst475001.rcp,30.0,9.0,5.266666666666667,2.55516905289824,158.0,49.0,0.11264367816091954,0.8804597701149425,0.11954022988505753,81.0,1.0,1.5728395061728395,1.07846042980393,52.0,0.9999999999999996,128.0,158.0,30.0,63006,11.051001110312399,0
VAR_inst476001.rcp,30.0,10.0,5.533333333333333,2.8836705005176224,166.0,36.0,0.08275862068965517,0.9356321839080459,0.06436781609195408,142.0,1.0,0.9624413145539906,0.5917967003950084,28.0,0.9999999999999991,137.0,166.0,24.0,26627,10.189718572720594,1
VAR_inst477001.rcp,30.0,10.0,4.333333333333333,3.123388473365994,130.0,64.0,0.1471264367816092,0.3310344827586207,0.6689655172413793,28.0,1.0,3.864795918367347,2.3340405935101316,291.0,1.0,109.0,130.0,21.0,54518,10.906304543749371,0
VAR_inst478001.rcp,30.0,10.0,5.266666666666667,2.55516905289824,158.0,49.0,0.11264367816091954,0.8804597701149425,0.11954022988505753,81.0,1.0,1.5850480109739369,0.9760873416155207,52.0,0.9999999999999996,129.0,158.0,29.0,61103,11.020332609465298,0
VAR_inst479001.rcp,30.0,10.0,5.533333333333333,2.8836705005176224,166.0,36.0,0.08275862068965517,0.9356321839080459,0.06436781609195408,142.0,1.0,1.0436619718309859,0.5863074218837747,28.0,0.9999999999999991,149.0,166.0,17.0,26627,10.189718572720594,1
VAR_inst480001.rcp,30.0,10.0,4.333333333333333,3.123388473365994,130.0,64.0,0.1471264367816092,0.3310344827586207,0.6689655172413793,28.0,1.0,3.989795918367347,3.4263321794642287,291.0,1.0,112.0,130.0,18.0,53709,10.891354482899505,0
VAR_inst48001.rcp,30.0,3.0,4.333333333333333,3.123388473365994,130.0,64.0,0.1471264367816092,0.3310344827586207,0.6689655172413793,28.0,0.19999999999999998,0.5208333333333334,0.3846647633412339,25.0,0.0859106529209622,15.0,34.0,6.0,32487,10.388626069366135,0
VAR_inst481001.rcp,30.0,10.0,5.266666666666667,2.55516905289824,158.0,49.0,0.11264367816091954,0.8804597701149425,0.11954022988505753,81.0,1.0,1.7299382716049383,1.4833830667436332,52.0,0.9999999999999996,141.0,158.0,17.0,60948,11.01779272788393,0
VAR_inst482001.rcp,30.0,10.0,5.533333333333333,2.8836705005176224,166.0,36.0,0.08275862068965517,0.9356321839080459,0.06436781609195408,142.0,1.0,1.0309859154929577,0.8882009144887147,28.0,0.9999999999999991,147.0,166.0,19.0,26627,10.189718572720594,1
VAR_inst483001.rcp,30.0,10.0,4.333333333333333,3.123388473365994,130.0,64.0,0.1471264367816092,0.3310344827586207,0.6689655172413793,28.0,1.0,4.212053571428571,3.565117233695711,291.0,1.0,118.0,130.0,12.0,54431,10.904707495195588,0
VAR_inst484001.rcp,30.0,10.0,5.266666666666667,2.55516905289824,158.0,49.0,0.11264367816091954,0.8804597701149425,0.11954022988505753,81.0,1.0,1.7072310405643738,1.4611213550429236,52.0,0.9999999999999996,139.0,158.0,19.0,60983,11.01836681366811,0
VAR_inst485001.rcp,30.0,10.0,5.533333333333333,2.8836705005176224,166.0,36.0,0.08275862068965517,0.9356321839080459,0.06436781609195408,142.0,1.0,1.0467012601927355,0.8858065815043206,28.0,0.9999999999999991,149.0,166.0,17.0,26627,10.189718572720594,1
VAR_inst486001.rcp,30.0,10.0,4.333333333333333,3.123388473365994,130.0,64.0,0.1471264367816092,0.3310344827586207,0.6689655172413793,28.0,1.0,4.171875,3.520499950578317,291.0,1.0,117.0,130.0,13.0,54637,10.908484890353675,0
VAR_inst487001.rcp,30.0,10.0,5.266666666666667,2.55516905289824,158.0,49.0,0.11264367816091954,0.8804597701149425,0.11954022988505753,81.0,1.0,1.7298474945533768,1.4728886456457837,52.0,0.9999999999999996,141.0,158.0,17.0,60435,11.009340232859731,0
VAR_inst488001.rcp,30.0,10.0,5.533333333333333,2.8836705005176224,166.0,36.0,0.08275862068965517,0.9356321839080459,0.06436781609195408,142.0,1.0,0.9972613458528952,0.8575181202853116,28.0,0.9999999999999991,142.0,166.0,24.0,26627,10.189718572720594,1
VAR_inst489001.rcp,30.0,10.0,4.333333333333333,3.123388473365994,130.0,64.0,0.1471264367816092,0.3310344827586207,0.6689655172413793,28.0,1.0,4.107142857142857,3.5031801182011266,291.0,1.0,115.0,130.0,15.0,54510,10.906157795147806,0
VAR_inst490001.rcp,30.0,10.0,5.266666666666667,2.55516905289824,158.0,49.0,0.11264367816091954,0.8804597701149425,0.11954022988505753,81.0,1.0,1.713991769547325,1.455382135860292,52.0,0.9999999999999996,139.0,158.0,19.0,61000,11.0186455364637,0
VAR_inst49001.rcp,30.0,2.0,5.266666666666667,2.55516905289824,158.0,49.0,0.11264367816091954,0.8804597701149425,0.11954022988505753,81.0,0.2,0.28830791575889614,0.28358750907770514,2.0,0.03846153846153844,24.0,84.0,3.0,127,4.852030263919617,1
VAR_inst491001.rcp,30.0,10.0,5.533333333333333,2.8836705005176224,166.0,36.0,0.08275862068965517,0.9356321839080459,0.06436781609195408,142.0,1.0,1.055509527754764,0.8685673299819945,28.0,0.9999999999999991,150.0,166.0,16.0,26627,10.189718572720594,1
VAR_inst492001.rcp,30.0,10.0,4.333333333333333,3.123388473365994,130.0,64.0,0.1471264367816092,0.3310344827586207,0.6689655172413793,28.0,1.0,4.079831932773109,3.545627159586691,291.0,1.0,115.0,130.0,15.0,53116,10.880252306651878,0
VAR_inst493001.rcp,30.0,10.0,5.266666666666667,2.55516905289824,158.0,49.0,0.11264367816091954,0.8804597701149425,0.11954022988505753,81.0,1.0,1.7476851851851851,1.449933856483564,52.0,0.9999999999999996,142.0,158.0,16.0,60010,11.00228315773407,0
VAR_inst494001.rcp,30.0,10.0,5.533333333333333,2.8836705005176224,166.0,36.0,0.08275862068965517,0.9356321839080459,0.06436781609195408,142.0,1.0,1.052034428794992,0.8766521350324167,28.0,0.9999999999999991,150.0,166.0,16.0,26627,10.189718572720594,1
VAR_inst495001.rcp,30.0,10.0,4.333333333333333,3.123388473365994,130.0,64.0,0.1471264367816092,0.3310344827586207,0.6689655172413793,28.0,1.0,4.226190476190476,3.4739448889603692,291.0,1.0,119.0,130.0,11.0,54590,10.907624312981353,0
VAR_inst496001.rcp,30.0,10.0,5.266666666666667,2.55516905289824,158.0,49.0,0.11264367816091954,0.8804597701149425,0.11954022988505753,81.0,1.0,1.7485970819304153,1.4502653389495497,52.0,0.9999999999999996,142.0,158.0,16.0,60860,11.016347854469439,0
VAR_inst497001.rcp,30.0,10.0,5.533333333333333,2.8836705005176224,166.0,36.0,0.08275862068965517,0.9356321839080459,0.06436781609195408,142.0,1.0,1.0155935613682092,0.8709451246220313,28.0,0.9999999999999991,145.0,166.0,21.0,26627,10.189718572720594,1
VAR_inst498001.rcp,30.0,10.0,4.333333333333333,3.123388473365994,130.0,64.0,0.1471264367816092,0.3310344827586207,0.6689655172413793,28.0,1.0,4.136160714285714,3.511369763814617,291.0,1.0,116.0,130.0,14.0,54555,10.906982976046766,0
VAR_inst499001.rcp,30.0,10.0,5.266666666666667,2.55516905289824,158.0,49.0,0.11264367816091954,0.8804597701149425,0.11954022988505753,81.0,1.0,1.7366255144032923,1.4845499292122386,52.0,0.9999999999999996,141.0,158.0,17.0,61260,11.022898704119024,0
VAR_inst500001.rcp,30.0,10.0,5.533333333333333,2.8836705005176224,166.0,36.0,0.08275862068965517,0.9356321839080459,0.06436781609195408,142.0,1.0,1.0629890453834117,0.8890486166806589,28.0,0.9999999999999991,151.0,166.0,15.0,26627,10.189718572720594,1
VAR_inst50001.rcp,30.0,2.0,5.533333333333333,2.8836705005176224,166.0,36.0,0.08275862068965517,0.9356321839080459,0.06436781609195408,142.0,0.2,0.18873239436619718,0.14835680751173708,1.0,0.035714285714285685,27.0,142.0,0.0,32,3.4965075614664802,1
VAR_inst5001.rcp,30.0,4.0,5.533333333333333,2.8836705005176224,166.0,36.0,0.08275862068965517,0.9356321839080459,0.06436781609195408,142.0,0.2,0.10865191146881288,0.09037837707358704,2.0,0.07142857142857137,16.0,143.0,1.0,32,3.4965075614664802,1
VAR_inst501001.rcp,30.0,10.0,4.333333333333333,3.123388473365994,130.0,64.0,0.1471264367816092,0.3310344827586207,0.6689655172413793,28.0,1.0,4.087662337662338,3.4863295732045727,291.0,1.0,115.0,130.0,15.0,54649,10.908704493604684,0
VAR_inst502001.rcp,30.0,10.0,5.266666666666667,2.55516905289824,158.0,49.0,0.11264367816091954,0.8804597701149425,0.11954022988505753,81.0,1.0,1.7194163860830527,1.4593102284330355,52.0,0.9999999999999996,140.0,158.0,18.0,61037,11.019251900021803,0
VAR_inst503001.rcp,30.0,10.0,5.533333333333333,2.8836705005176224,166.0,36.0,0.08275862068965517,0.9356321839080459,0.06436781609195408,142.0,1.0,1.0202982601491302,0.8830120818572504,28.0,0.9999999999999991,145.0,166.0,21.0,26627,10.189718572720594,1
VAR_inst504001.rcp,30.0,10.0,4.333333333333333,3.123388473365994,130.0,64.0,0.1471264367816092,0.3310344827586207,0.6689655172413793,28.0,1.0,4.238095238095238,3.4795735795391645,291.0,1.0,119.0,130.0,11.0,54366,10.903512631130047,0
VAR_inst505001.rcp,30.0,10.0,5.266666666666667,2.55516905289824,158.0,49.0,0.11264367816091954,0.8804597701149425,0.11954022988505753,81.0,1.0,1.7492283950617284,1.469032799712911,52.0,0.9999999999999996,142.0,158.0,16.0,60864,11.016413575843696,0
VAR_inst506001.rcp,30.0,10.0,5.533333333333333,2.8836705005176224,166.0,36.0,0.08275862068965517,0.9356321839080459,0.06436781609195408,142.0,1.0,0.9972914409534128,0.8602393492228011,28.0,0.9999999999999991,142.0,166.0,24.0,26627,10.189718572720594,1
VAR_inst507001.rcp,30.0,10.0,4.333333333333333,3.123388473365994,130.0,64.0,0.1471264367816092,0.3310344827586207,0.6689655172413793,28.0,1.0,4.261278195488722,3.4958438309534343,291.0,1.0,120.0,130.0,10.0,54712,10.909856620136853,0
VAR_inst508001.rcp,30.0,10.0,5.266666666666667,2.55516905289824,158.0,49.0,0.11264367816091954,0.8804597701149425,0.11954022988505753,81.0,1.0,1.7777777777777777,1.4556411888764829,52.0,0.9999999999999996,144.0,158.0,14.0,60527,11.01086134687281,0
VAR_inst509001.rcp,30.0,10.0,5.533333333333333,2.8836705005176224,166.0,36.0,0.08275862068965517,0.9356321839080459,0.06436781609195408,142.0,1.0,1.0128040973111396,0.8884763090772172,28.0,0.9999999999999991,144.0,166.0,22.0,26627,10.189718572720594,1
VAR_inst510001.rcp,30.0,10.0,4.333333333333333,3.123388473365994,130.0,64.0,0.1471264367816092,0.3310344827586207,0.6689655172413793,28.0,1.0,4.193609022556391,3.5351503657683168,291.0,1.0,118.0,130.0,12.0,54357,10.9033470758296,0
VAR_inst51001.rcp,30.0,4.0,4.333333333333333,3.123388473365994,130.0,64.0,0.1471264367816092,0.3310344827586207,0.6689655172413793,28.0,0.2,0.5987394957983193,0.4749328898225957,19.0,0.06529209621993128,17.0,38.0,10.0,29792,10.302028745571468,0
VAR_inst511001.rcp,30.0,10.0,5.266666666666667,2.55516905289824,158.0,49.0,0.11264367816091954,0.8804597701149425,0.11954022988505753,81.0,1.0,1.7868745938921378,1.4675171324840228,52.0,0.9999999999999996,145.0,158.0,13.0,60610,11.012231673736794,0
VAR_inst512001.rcp,30.0,10.0,5.533333333333333,2.8836705005176224,166.0,36.0,0.08275862068965517,0.9356321839080459,0.06436781609195408,142.0,1.0,1.0503521126760564,0.8758258642765686,28.0,0.9999999999999991,150.0,166.0,16.0,26627,10.189718572720594,1
VAR_inst513001.rcp,30.0,10.0,4.333333333333333,3.123388473365994,130.0,64.0,0.1471264367816092,0.3310344827586207,0.6689655172413793,28.0,1.0,4.326923076923077,3.462635836385836,291.0,1.0,122.0,130.0,8.0,54433,10.904744237612876,0
VAR_inst514001.rcp,30.0,10.0,5.266666666666667,2.55516905289824,158.0,49.0,0.11264367816091954,0.8804597701149425,0.11954022988505753,81.0,1.0,1.7912457912457913,1.4679570624890828,52.0,0.9999999999999996,146.0,158.0,12.0,60815,11.01560819122903,0
VAR_inst515001.rcp,30.0,10.0,5.533333333333333,2.8836705005176224,166.0,36.0,0.08275862068965517,0.9356321839080459,0.06436781609195408,142.0,1.0,1.0845070422535212,0.8916303652669371,28.0,0.9999999999999991,154.0,166.0,12.0,26627,10.189718572720594,1
VAR_inst516001.rcp,30.0,10.0,4.333333333333333,3.123388473365994,130.0,64.0,0.1471264367816092,0.3310344827586207,0.6689655172413793,28.0,1.0,4.266071428571428,3.5030938016232134,291.0,1.0,120.0,130.0,10.0,54530,10.90652462628121,0
VAR_inst517001.rcp,30.0,10.0,5.266666666666667,2.55516905289824,158.0,49.0,0.11264367816091954,0.8804597701149425,0.11954022988505753,81.0,1.0,1.7299382716049383,1.443293004199867,52.0,0.9999999999999996,141.0,158.0,17.0,60103,11.003831674048996,0
VAR_inst518001.rcp,30.0,10.0,5.533333333333333,2.8836705005176224,166.0,36.0,0.08275862068965517,0.9356321839080459,0.06436781609195408,142.0,1.0,1.0549295774647887,0.8725269913156366,28.0,0.9999999999999991,150.0,166.0,16.0,26627,10.189718572720594,1
VAR_inst519001.rcp,30.0,10.0,4.333333333333333,3.123388473365994,130.0,64.0,0.1471264367816092,0.3310344827586207,0.6689655172413793,28.0,1.0,4.052521008403361,3.424221013871749,291.0,1.0,114.0,130.0,16.0,54291,10.902132165417855,0
VAR_inst520001.rcp,30.0,10.0,5.266666666666667,2.55516905289824,158.0,49.0,0.11264367816091954,0.8804597701149425,0.11954022988505753,81.0,1.0,1.8102664067576348,1.460279497414,52.0,0.9999999999999996,147.0,158.0,11.0,61239,11.02255584977162,0
VAR_inst52001.rcp,30.0,3.0,5.266666666666667,2.55516905289824,158.0,49.0,0.11264367816091954,0.8804597701149425,0.11954022988505753,81.0,0.2,0.32021604938271603,0.23123904739401815,2.0,0.03846153846153844,26.0,86.0,5.0,131,4.882801922586371,1
VAR_inst521001.rcp,30.0,10.0,5.533333333333333,2.8836705005176224,166.0,36.0,0.08275862068965517,0.9356321839080459,0.06436781609195408,142.0,1.0,1.022300469483568,0.8719671106738869,28.0,0.9999999999999991,146.0,166.0,20.0,26627,10.189718572720594,1
VAR_inst522001.rcp,30.0,10.0,4.333333333333333,3.123388473365994,130.0,64.0,0.1471264367816092,0.3310344827586207,0.6689655172413793,28.0,1.0,4.247252747252747,3.468272216443933,291.0,1.0,119.0,130.0,11.0,54155,10.899624049615001,0
VAR_inst523001.rcp,30.0,10.0,5.266666666666667,2.55516905289824,158.0,49.0,0.11264367816091954,0.8804597701149425,0.11954022988505753,81.0,1.0,1.7502374169040835,1.4624559519141562,52.0,0.9999999999999996,142.0,158.0,16.0,60896,11.016939191400878,0
VAR_inst524001.rcp,30.0,10.0,5.533333333333333,2.8836705005176224,166.0,36.0,0.08275862068965517,0.9356321839080459,0.06436781609195408,142.0,1.0,1.0555555555555556,0.8740188334851048,28.0,0.9999999999999991,150.0,166.0,16.0,26627,10.189718572720594,1
VAR_inst525001.rcp,30.0,10.0,4.333333333333333,3.123388473365994,130.0,64.0,0.1471264367816092,0.3310344827586207,0.6689655172413793,28.0,1.0,4.126623376623376,3.4128132957728545,291.0,1.0,116.0,130.0,14.0,54541,10.906726326060939,0
VAR_inst526001.rcp,30.0,10.0,5.266666666666667,2.55516905289824,158.0,49.0,0.11264367816091954,0.8804597701149425,0.11954022988505753,81.0,1.0,1.7724867724867726,1.466568804994731,52.0,0.9999999999999996,144.0,158.0,14.0,60734,11.014275417134371,0
VAR_inst527001.rcp,30.0,10.0,5.533333333333333,2.8836705005176224,166.0,36.0,0.08275862068965517,0.9356321839080459,0.06436781609195408,142.0,1.0,1.05962441314554,0.8728702528938814,28.0,0.9999999999999991,151.0,166.0,15.0,26627,10.189718572720594,1
VAR_inst528001.rcp,30.0,10.0,4.333333333333333,3.123388473365994,130.0,64.0,0.1471264367816092,0.3310344827586207,0.6689655172413793,28.0,1.0,4.097744360902255,3.471494244060034,291.0,1.0,115.0,130.0,15.0,54595,10.907715898976086,0
VAR_inst529001.rcp,30.0,10.0,5.266666666666667,2.55516905289824,158.0,49.0,0.11264367816091954,0.8804597701149425,0.11954022988505753,81.0,1.0,1.7537361923326835,1.452205897870386,52.0,0.9999999999999996,143.0,158.0,15.0,61013,11.018858625019192,0
VAR_inst530001.rcp,30.0,10.0,5.533333333333333,2.8836705005176224,166.0,36.0,0.08275862068965517,0.9356321839080459,0.06436781609195408,142.0,1.0,1.0663983903420524,0.8634155633704319,28.0,0.9999999999999991,152.0,166.0,14.0,26627,10.189718572720594,1
VAR_inst53001.rcp,30.0,2.0,5.533333333333333,2.8836705005176224,166.0,36.0,0.08275862068965517,0.9356321839080459,0.06436781609195408,142.0,0.2,0.22359154929577466,0.1772887323943662,0.0,0.0,32.0,142.0,0.0,32,3.4965075614664802,1
VAR_inst531001.rcp,30.0,10.0,4.333333333333333,3.123388473365994,130.0,64.0,0.1471264367816092,0.3310344827586207,0.6689655172413793,28.0,1.0,4.299450549450549,3.470114061220734,291.0,1.0,121.0,130.0,9.0,54554,10.906964646089198,0
VAR_inst532001.rcp,30.0,10.0,5.266666666666667,2.55516905289824,158.0,49.0,0.11264367816091954,0.8804597701149425,0.11954022988505753,81.0,1.0,1.7810699588477366,1.4703554295212362,52.0,0.9999999999999996,145.0,158.0,13.0,61147,11.021052434120925,0
VAR_inst533001.rcp,30.0,10.0,5.533333333333333,2.8836705005176224,166.0,36.0,0.08275862068965517,0.9356321839080459,0.06436781609195408,142.0,1.0,1.0533199195171026,0.8791774278280624,28.0,0.9999999999999991,150.0,166.0,16.0,26627,10.189718572720594,1
VAR_inst534001.rcp,30.0,10.0,4.333333333333333,3.123388473365994,130.0,64.0,0.1471264367816092,0.3310344827586207,0.6689655172413793,28.0,1.0,4.011904761904762,3.4829440755568575,291.0,1.0,113.0,130.0,17.0,54508,10.9061211046323,0
VAR_inst535001.rcp,30.0,10.0,5.266666666666667,2.55516905289824,158.0,49.0,0.11264367816091954,0.8804597701149425,0.11954022988505753,81.0,1.0,1.7757201646090535,1.4562448388374314,52.0,0.9999999999999996,144.0,158.0,14.0,61026,11.019071668177626,0
VAR_inst536001.rcp,30.0,10.0,5.533333333333333,2.8836705005176224,166.0,36.0,0.08275862068965517,0.9356321839080459,0.06436781609195408,142.0,1.0,1.0357981220657277,0.8630198498684415,28.0,0.9999999999999991,148.0,166.0,18.0,26627,10.189718572720594,1
VAR_inst537001.rcp,30.0,10.0,4.333333333333333,3.123388473365994,130.0,64.0,0.1471264367816092,0.3310344827586207,0.6689655172413793,28.0,1.0,4.285714285714286,3.4944499361516166,291.0,1.0,120.0,130.0,10.0,54717,10.909948001920872,0
VAR_inst538001.rcp,30.0,10.0,5.266666666666667,2.55516905289824,158.0,49.0,0.11264367816091954,0.8804597701149425,0.11954022988505753,81.0,1.0,1.7247639796659404,1.4566454388023016,52.0,0.9999999999999996,140.0,158.0,18.0,60704,11.013781345978076,0
VAR_inst539001.rcp,30.0,10.0,5.533333333333333,2.8836705005176224,166.0,36.0,0.08275862068965517,0.9356321839080459,0.06436781609195408,142.0,1.0,1.051307847082495,0.870777116611858,28.0,0.9999999999999991,150.0,166.0,16.0,26627,10.189718572720594,1
VAR_inst54001.rcp,30.0,3.0,4.333333333333333,3.123388473365994,130.0,64.0,0.1471264367816092,0.3310344827586207,0.6689655172413793,28.0,0.19999999999999993,0.8474025974025974,0.5836181362497151,17.0,0.058419243986254296,24.0,33.0,5.0,32749,10.396658241063397,0
VAR_inst55001.rcp,30.0,3.0,5.266666666666667,2.55516905289824,158.0,49.0,0.11264367816091954,0.8804597701149425,0.11954022988505753,81.0,0.19999999999999998,0.19135802469135801,0.1589849108367627,3.0,0.05769230769230767,16.0,89.0,8.0,41,3.7376696182833684,1
VAR_inst56001.rcp,30.0,2.0,5.533333333333333,2.8836705005176224,166.0,36.0,0.08275862068965517,0.9356321839080459,0.06436781609195408,142.0,0.2,0.1936619718309859,0.1593986998916576,1.0,0.035714285714285685,28.0,143.0,1.0,32,3.4965075614664802,1
VAR_inst57001.rcp,30.0,4.0,4.333333333333333,3.123388473365994,130.0,64.0,0.1471264367816092,0.3310344827586207,0.6689655172413793,28.0,0.2,0.6857142857142857,0.44449404761904765,17.0,0.058419243986254296,20.0,35.0,7.0,32141,10.377918865109015,0
VAR_inst58001.rcp,30.0,3.0,5.266666666666667,2.55516905289824,158.0,49.0,0.11264367816091954,0.8804597701149425,0.11954022988505753,81.0,0.19999999999999993,0.21481481481481482,0.20816714150047486,1.0,0.01923076923076922,18.0,86.0,5.0,64,4.174387269895637,1
VAR_inst59001.rcp,30.0,3.0,5.533333333333333,2.8836705005176224,166.0,36.0,0.08275862068965517,0.9356321839080459,0.06436781609195408,142.0,0.19999999999999993,0.11619718309859155,0.10440140845070423,0.0,0.0,17.0,142.0,0.0,32,3.4965075614664802,1
VAR_inst60001.rcp,30.0,10.0,4.333333333333333,3.123388473365994,130.0,64.0,0.1471264367816092,0.3310344827586207,0.6689655172413793,28.0,0.20000000000000007,0.8703007518796992,0.49826783361792754,41.0,0.140893470790378,25.0,39.0,11.0,35811,10.486038311754047,0
VAR_inst6001.rcp,30.0,4.0,4.333333333333333,3.123388473365994,130.0,64.0,0.1471264367816092,0.3310344827586207,0.6689655172413793,28.0,0.2,0.6205357142857143,0.4246419111903134,16.0,0.054982817869415807,18.0,33.0,5.0,35096,10.465870935715712,0
VAR_inst61001.rcp,30.0,8.0,5.266666666666667,2.55516905289824,158.0,49.0,0.11264367816091954,0.8804597701149425,0.11954022988505753,81.0,0.2,0.26995884773662554,0.2029208897782241,6.0,0.11538461538461534,22.0,84.0,3.0,50,3.9318256327243257,1
VAR_inst62001.rcp,30.0,7.0,5.533333333333333,2.8836705005176224,166.0,36.0,0.08275862068965517,0.9356321839080459,0.06436781609195408,142.0,0.20000000000000004,0.20358514724711907,0.13641256646423874,3.0,0.10714285714285705,29.0,144.0,2.0,32,3.4965075614664802,1
VAR_inst63001.rcp,30.0,10.0,4.333333333333333,3.123388473365994,130.0,64.0,0.1471264367816092,0.3310344827586207,0.6689655172413793,28.0,0.20000000000000007,1.0612244897959184,0.4399107549718452,42.0,0.14432989690721648,30.0,52.0,22.0,32381,10.385357991846698,0
VAR_inst64001.rcp,30.0,7.0,5.266666666666667,2.55516905289824,158.0,49.0,0.11264367816091954,0.8804597701149425,0.11954022988505753,81.0,0.2,0.3395061728395062,0.24564848126939628,10.0,0.19230769230769224,28.0,98.0,17.0,230,5.442417710521793,1
VAR_inst65001.rcp,30.0,8.0,5.533333333333333,2.8836705005176224,166.0,36.0,0.08275862068965517,0.9356321839080459,0.06436781609195408,142.0,0.2,0.23401950162513543,0.13482310920691204,5.0,0.1785714285714284,34.0,143.0,1.0,32,3.4965075614664802,1
VAR_inst66001.rcp,30.0,10.0,4.333333333333333,3.123388473365994,130.0,64.0,0.1471264367816092,0.3310344827586207,0.6689655172413793,28.0,0.20000000000000007,0.8188775510204082,0.47156769117903574,45.0,0.15463917525773196,23.0,49.0,21.0,37263,10.525782992124123,0
VAR_inst67001.rcp,30.0,8.0,5.266666666666667,2.55516905289824,158.0,49.0,0.11264367816091954,0.8804597701149425,0.11954022988505753,81.0,0.2,0.2975308641975309,0.19989794579398695,10.0,0.19230769230769224,25.0,96.0,15.0,94,4.553876891600541,1
VAR_inst68001.rcp,30.0,8.0,5.533333333333333,2.8836705005176224,166.0,36.0,0.08275862068965517,0.9356321839080459,0.06436781609195408,142.0,0.2,0.18532246108228317,0.12043209967540491,2.0,0.07142857142857137,27.0,143.0,1.0,32,3.4965075614664802,1
VAR_inst69001.rcp,30.0,10.0,4.333333333333333,3.123388473365994,130.0,64.0,0.1471264367816092,0.3310344827586207,0.6689655172413793,28.0,0.20000000000000007,0.7969924812030075,0.46555176366031625,49.0,0.16838487972508592,23.0,45.0,17.0,36928,10.516752429223827,0
VAR_inst70001.rcp,30.0,7.0,5.266666666666667,2.55516905289824,158.0,49.0,0.11264367816091954,0.8804597701149425,0.11954022988505753,81.0,0.20000000000000004,0.36507936507936506,0.21180632271902114,6.0,0.11538461538461534,30.0,95.0,14.0,64,4.174387269895637,1
VAR_inst7001.rcp,30.0,2.0,5.266666666666667,2.55516905289824,158.0,49.0,0.11264367816091954,0.8804597701149425,0.11954022988505753,81.0,0.2,0.1875,0.17511924803591472,4.0,0.07692307692307689,16.0,82.0,1.0,32,3.4965075614664802,1
VAR_inst71001.rcp,30.0,6.0,5.533333333333333,2.8836705005176224,166.0,36.0,0.08275862068965517,0.9356321839080459,0.06436781609195408,142.0,0.20000000000000004,0.1706392199349946,0.12903263127271655,5.0,0.1785714285714284,25.0,146.0,4.0,114,4.74493212836325,1
VAR_inst72001.rcp,30.0,10.0,4.333333333333333,3.123388473365994,130.0,64.0,0.1471264367816092,0.3310344827586207,0.6689655172413793,28.0,0.20000000000000007,1.0582706766917294,0.4787516024076174,49.0,0.16838487972508592,30.0,45.0,15.0,32040,10.37477161168151,0
VAR_inst73001.rcp,30.0,7.0,5.266666666666667,2.55516905289824,158.0,49.0,0.11264367816091954,0.8804597701149425,0.11954022988505753,81.0,0.20000000000000004,0.265993265993266,0.2180569051914081,9.0,0.17307692307692302,22.0,96.0,15.0,402,5.998936561946683,1
VAR_inst74001.rcp,30.0,7.0,5.533333333333333,2.8836705005176224,166.0,36.0,0.08275862068965517,0.9356321839080459,0.06436781609195408,142.0,0.2,0.16031483015741507,0.12301237767160236,3.0,0.10714285714285705,23.0,142.0,0.0,32,3.4965075614664802,1
VAR_inst75001.rcp,30.0,10.0,4.333333333333333,3.123388473365994,130.0,64.0,0.1471264367816092,0.3310344827586207,0.6689655172413793,28.0,0.20000000000000007,0.924812030075188,0.4244031438486326,45.0,0.15463917525773196,26.0,53.0,25.0,40865,10.618053700469373,0
VAR_inst76001.rcp,30.0,6.0,5.266666666666667,2.55516905289824,158.0,49.0,0.11264367816091954,0.8804597701149425,0.11954022988505753,81.0,0.20000000000000004,0.391358024691358,0.2444183046034898,9.0,0.17307692307692302,32.0,93.0,12.0,50,3.9318256327243257,1
VAR_inst77001.rcp,30.0,8.0,5.533333333333333,2.8836705005176224,166.0,36.0,0.08275862068965517,0.9356321839080459,0.06436781609195408,142.0,0.2,0.19567404426559357,0.1366609746196477,3.0,0.10714285714285705,28.0,144.0,2.0,32,3.4965075614664802,1
VAR_inst78001.rcp,30.0,10.0,4.333333333333333,3.123388473365994,130.0,64.0,0.1471264367816092,0.3310344827586207,0.6689655172413793,28.0,0.20000000000000007,0.6458333333333334,0.4134500370661085,46.0,0.15807560137457044,19.0,40.0,12.0,34029,10.434997767494952,0
VAR_inst79001.rcp,30.0,8.0,5.266666666666667,2.55516905289824,158.0,49.0,0.11264367816091954,0.8804597701149425,0.11954022988505753,81.0,0.2,0.28600823045267487,0.1978547835638479,6.0,0.11538461538461534,24.0,96.0,15.0,185,5.225746673713202,1
VAR_inst80001.rcp,30.0,6.0,5.533333333333333,2.8836705005176224,166.0,36.0,0.08275862068965517,0.9356321839080459,0.06436781609195408,142.0,0.20000000000000004,0.16123054114158636,0.1276281168794141,4.0,0.14285714285714274,23.0,149.0,7.0,32,3.4965075614664802,1
VAR_inst8001.rcp,30.0,1.0,5.533333333333333,2.8836705005176224,166.0,36.0,0.08275862068965517,0.9356321839080459,0.06436781609195408,142.0,0.2,0.0880281690140845,0.0880281690140845,0.0,0.0,13.0,142.0,0.0,32,3.4965075614664802,1
VAR_inst81001.rcp,30.0,10.0,4.333333333333333,3.123388473365994,130.0,64.0,0.1471264367816092,0.3310344827586207,0.6689655172413793,28.0,0.20000000000000007,0.8796992481203008,0.4876837524360744,46.0,0.15807560137457044,25.0,41.0,13.0,37708,10.537654071735847,0
VAR_inst82001.rcp,30.0,8.0,5.266666666666667,2.55516905289824,158.0,49.0,0.11264367816091954,0.8804597701149425,0.11954022988505753,81.0,0.2,0.3367003367003367,0.2345279570395311,7.0,0.13461538461538455,28.0,91.0,10.0,259,5.560681631015528,1
VAR_inst83001.rcp,30.0,6.0,5.533333333333333,2.8836705005176224,166.0,36.0,0.08275862068965517,0.9356321839080459,0.06436781609195408,142.0,0.2,0.25463306152705706,0.15703436015704364,5.0,0.1785714285714284,37.0,149.0,7.0,32,3.4965075614664802,1
VAR_inst84001.rcp,30.0,10.0,4.333333333333333,3.123388473365994,130.0,64.0,0.1471264367816092,0.3310344827586207,0.6689655172413793,28.0,0.20000000000000007,0.75,0.4355669890333756,38.0,0.13058419243986255,21.0,48.0,20.0,31196,10.348077215328342,0
VAR_inst85001.rcp,30.0,10.0,5.266666666666667,2.55516905289824,158.0,49.0,0.11264367816091954,0.8804597701149425,0.11954022988505753,81.0,0.20000000000000007,0.2677063027940221,0.18736322976203723,7.0,0.13461538461538455,22.0,89.0,8.0,229,5.438079308923196,1
VAR_inst86001.rcp,30.0,7.0,5.533333333333333,2.8836705005176224,166.0,36.0,0.08275862068965517,0.9356321839080459,0.06436781609195408,142.0,0.20000000000000004,0.1440460947503201,0.11867711233020738,1.0,0.035714285714285685,21.0,142.0,0.0,32,3.4965075614664802,1
VAR_inst87001.rcp,30.0,10.0,4.333333333333333,3.123388473365994,130.0,64.0,0.1471264367816092,0.3310344827586207,0.6689655172413793,28.0,0.20000000000000007,0.7107142857142857,0.42344732054581125,46.0,0.15807560137457044,20.0,46.0,18.0,32895,10.401106348814837,0
VAR_inst88001.rcp,30.0,8.0,5.266666666666667,2.55516905289824,158.0,49.0,0.11264367816091954,0.8804597701149425,0.11954022988505753,81.0,0.2,0.3296296296296296,0.20795540275889432,10.0,0.19230769230769224,27.0,94.0,13.0,144,4.976733742420574,1
VAR_inst89001.rcp,30.0,5.0,5.533333333333333,2.8836705005176224,166.0,36.0,0.08275862068965517,0.9356321839080459,0.06436781609195408,142.0,0.20000000000000004,0.20742637644046094,0.13442230925660917,1.0,0.035714285714285685,30.0,146.0,4.0,32,3.4965075614664802,1
VAR_inst90001.rcp,30.0,9.0,4.333333333333333,3.123388473365994,130.0,64.0,0.1471264367816092,0.3310344827586207,0.6689655172413793,28.0,0.2,1.153061224489796,0.5224827065329056,54.0,0.18556701030927836,33.0,47.0,14.0,39154,10.575283407185038,0
VAR_inst9001.rcp,30.0,4.0,4.333333333333333,3.123388473365994,130.0,64.0,0.1471264367816092,0.3310344827586207,0.6689655172413793,28.0,0.2,0.6696428571428571,0.4298200859291085,14.0,0.048109965635738834,19.0,33.0,5.0,27246,10.21269870228773,0
VAR_inst91001.rcp,30.0,5.0,5.266666666666667,2.55516905289824,158.0,49.0,0.11264367816091954,0.8804597701149425,0.11954022988505753,81.0,0.20000000000000007,0.4469135802469136,0.3209585692626628,4.0,0.07692307692307689,37.0,84.0,3.0,127,4.852030263919617,1
VAR_inst92001.rcp,30.0,6.0,5.533333333333333,2.8836705005176224,166.0,36.0,0.08275862068965517,0.9356321839080459,0.06436781609195408,142.0,0.2,0.2012072434607646,0.16267012117424187,6.0,0.2142857142857141,29.0,156.0,14.0,32,3.4965075614664802,1
VAR_inst93001.rcp,30.0,8.0,4.333333333333333,3.123388473365994,130.0,64.0,0.1471264367816092,0.3310344827586207,0.6689655172413793,28.0,0.2,0.8908730158730159,0.57722360789795,51.0,0.17525773195876287,25.0,53.0,25.0,32322,10.383534330109535,0
VAR_inst94001.rcp,30.0,8.0,5.266666666666667,2.55516905289824,158.0,49.0,0.11264367816091954,0.8804597701149425,0.11954022988505753,81.0,0.2,0.3402777777777778,0.2506101188726103,11.0,0.21153846153846145,28.0,93.0,12.0,834,6.727431724850855,1
VAR_inst95001.rcp,30.0,6.0,5.533333333333333,2.8836705005176224,166.0,36.0,0.08275862068965517,0.9356321839080459,0.06436781609195408,142.0,0.2,0.22417840375586853,0.1490243254819684,1.0,0.035714285714285685,32.0,148.0,6.0,60,4.110873864173311,1
VAR_inst96001.rcp,30.0,9.0,4.333333333333333,3.123388473365994,130.0,64.0,0.1471264367816092,0.3310344827586207,0.6689655172413793,28.0,0.2,0.8373015873015873,0.5135036202590197,55.0,0.18900343642611683,24.0,46.0,18.0,37282,10.526292737664825,0
VAR_inst97001.rcp,30.0,7.0,5.266666666666667,2.55516905289824,158.0,49.0,0.11264367816091954,0.8804597701149425,0.11954022988505753,81.0,0.20000000000000004,0.3533950617283951,0.2287788072875792,12.0,0.23076923076923067,29.0,103.0,22.0,909,6.813444599510896,1
VAR_inst98001.rcp,30.0,7.0,5.533333333333333,2.8836705005176224,166.0,36.0,0.08275862068965517,0.9356321839080459,0.06436781609195408,142.0,0.20000000000000004,0.2414486921529175,0.1321392641563668,1.0,0.035714285714285685,35.0,142.0,0.0,32,3.4965075614664802,1
VAR_inst99001.rcp,30.0,9.0,4.333333333333333,3.123388473365994,130.0,64.0,0.1471264367816092,0.3310344827586207,0.6689655172413793,28.0,0.20000000000000004,1.1409774436090225,0.5271885069817401,42.0,0.14432989690721648,32.0,48.0,16.0,40877,10.618347300001723,0
