instance,n_activities,n_resources,mean_duration,std_duration,total_duration,n_precedence_edges,precedence_density,order_strength,unordered_pair_ratio,critical_path_length,resource_factor,max_resource_pressure,mean_resource_pressure,n_conflict_pairs,conflict_density,resource_lower_bound,heuristic_ub,ub_lb_gap
J3010_1.RCP,30.0,4.0,5.466666666666667,3.1804961178337496,164.0,42.0,0.09655172413793103,0.3264367816091954,0.6735632183908046,41.0,0.7583333333333333,0.7104984093319194,0.6283156592435489,0.0,0.0,30.0,53.0,12.0
J3010_10.RCP,30.0,4.0,5.233333333333333,3.0515933907095523,157.0,42.0,0.09655172413793103,0.2850574712643678,0.7149425287356321,37.0,0.7583333333333333,0.7759009009009009,0.7250606584845716,0.0,0.0,29.0,49.0,12.0
J3010_2.RCP,30.0,4.0,5.466666666666667,2.667499869832341,164.0,42.0,0.09655172413793103,0.38850574712643676,0.6114942528735632,52.0,0.7583333333333333,0.7865384615384615,0.6537834448160535,0.0,0.0,41.0,67.0,15.0
J3010_3.RCP,30.0,4.0,6.166666666666667,2.745703714694812,185.0,42.0,0.09655172413793103,0.38620689655172413,0.6137931034482759,61.0,0.7583333333333333,0.7489214840379638,0.6267913432957682,5.0,0.018726591760299626,46.0,74.0,13.0
J3010_4.RCP,30.0,4.0,6.266666666666667,3.08688984074406,188.0,42.0,0.09655172413793103,0.367816091954023,0.632183908045977,53.0,0.7583333333333333,0.7616683217477657,0.6920782781399767,0.0,0.0,41.0,71.0,18.0
J3010_5.RCP,30.0,4.0,5.433333333333334,2.551905606056428,163.0,42.0,0.09655172413793103,0.2827586206896552,0.7172413793103448,41.0,0.7583333333333333,0.7896341463414634,0.6871019304828676,0.0,0.0,33.0,48.0,7.0
J3010_6.RCP,30.0,4.0,4.866666666666666,2.963481436119049,146.0,42.0,0.09655172413793103,0.32873563218390806,0.6712643678160919,40.0,0.7583333333333333,0.760576923076923,0.7257752694165738,4.0,0.0136986301369863,31.0,59.0,19.0
J3010_7.RCP,30.0,4.0,6.266666666666667,2.920426148507935,188.0,42.0,0.09655172413793103,0.3264367816091954,0.6735632183908046,47.0,0.7583333333333333,0.6621276595744681,0.6078477465110959,0.0,0.0,32.0,55.0,8.0
J3010_8.RCP,30.0,4.0,5.866666666666666,2.872087897138402,176.0,42.0,0.09655172413793103,0.3057471264367816,0.6942528735632184,50.0,0.7583333333333333,0.7409523809523809,0.6874786379198143,2.0,0.006622516556291391,38.0,62.0,12.0
J3010_9.RCP,30.0,4.0,5.066666666666666,3.0103525079668367,152.0,42.0,0.09655172413793103,0.2850574712643678,0.7149425287356321,49.0,0.7583333333333333,0.5969387755102041,0.5519766124094063,0.0,0.0,30.0,49.0,0.0
J3011_1.RCP,30.0,4.0,5.366666666666666,2.5882211823738883,161.0,42.0,0.09655172413793103,0.3839080459770115,0.6160919540229886,52.0,0.7583333333333333,0.8183760683760684,0.6137126068376069,6.0,0.022388059701492536,43.0,64.0,12.0
J3011_10.RCP,30.0,4.0,5.066666666666666,2.8744081516413464,152.0,42.0,0.09655172413793103,0.31494252873563217,0.6850574712643678,38.0,0.7583333333333333,0.6732456140350878,0.5732090643274854,0.0,0.0,26.0,43.0,5.0
J3011_2.RCP,30.0,4.0,6.633333333333334,2.575310121562493,199.0,42.0,0.09655172413793103,0.31724137931034485,0.6827586206896552,56.0,0.7583333333333333,0.7321428571428571,0.5672880044751568,0.0,0.0,41.0,62.0,6.0
J3011_3.RCP,30.0,4.0,6.166666666666667,2.864534090485843,185.0,42.0,0.09655172413793103,0.3793103448275862,0.6206896551724138,81.0,0.7583333333333333,0.4489337822671156,0.3707387509811257,0.0,0.0,37.0,83.0,2.0
J3011_4.RCP,30.0,4.0,6.366666666666666,3.08202675019035,191.0,42.0,0.09655172413793103,0.42528735632183906,0.5747126436781609,60.0,0.7583333333333333,0.6333333333333333,0.5465212789661319,2.0,0.008,38.0,64.0,4.0
J3011_5.RCP,30.0,4.0,5.766666666666667,2.4722908854384875,173.0,42.0,0.09655172413793103,0.3448275862068966,0.6551724137931034,48.0,0.7583333333333333,0.7986111111111112,0.655969158496732,1.0,0.0035087719298245615,39.0,56.0,8.0
J3011_6.RCP,30.0,4.0,5.566666666666666,3.0949780110509493,167.0,42.0,0.09655172413793103,0.31724137931034485,0.6827586206896552,44.0,0.7583333333333333,0.6118181818181818,0.5824489421868455,0.0,0.0,27.0,48.0,4.0
J3011_7.RCP,30.0,4.0,5.833333333333333,2.7698776547389636,175.0,42.0,0.09655172413793103,0.26666666666666666,0.7333333333333334,35.0,0.7583333333333333,0.7201970443349753,0.659166774201257,0.0,0.0,26.0,39.0,4.0
J3011_8.RCP,30.0,4.0,6.1,2.855987861785597,183.0,42.0,0.09655172413793103,0.3471264367816092,0.6528735632183909,62.0,0.7583333333333333,0.6444281524926686,0.582820668111692,0.0,0.0,40.0,63.0,1.0
J3011_9.RCP,30.0,4.0,5.066666666666666,2.6948510575210314,152.0,42.0,0.09655172413793103,0.3954022988505747,0.6045977011494252,67.0,0.7583333333333333,0.5741878841088675,0.4346628203520214,2.0,0.0076045627376425855,39.0,67.0,0.0
J3012_1.RCP,30.0,4.0,5.9,2.8442925306655784,177.0,42.0,0.09655172413793103,0.3103448275862069,0.6896551724137931,47.0,0.7583333333333333,0.5263987391646966,0.4758806365815127,0.0,0.0,25.0,47.0,0.0
J3012_10.RCP,30.0,4.0,6.033333333333333,2.915285387211497,181.0,42.0,0.09655172413793103,0.296551724137931,0.703448275862069,57.0,0.7583333333333333,0.4378947368421053,0.37942511694950576,0.0,0.0,25.0,57.0,0.0
J3012_2.RCP,30.0,4.0,5.933333333333334,2.943165340619215,178.0,42.0,0.09655172413793103,0.31264367816091954,0.6873563218390805,46.0,0.7583333333333333,0.6336317135549873,0.5173183838752893,0.0,0.0,30.0,46.0,0.0
J3012_3.RCP,30.0,4.0,4.933333333333334,2.2647050335284042,148.0,42.0,0.09655172413793103,0.3103448275862069,0.6896551724137931,37.0,0.7583333333333333,0.5900900900900901,0.4750866250866251,0.0,0.0,22.0,37.0,0.0
J3012_4.RCP,30.0,4.0,6.833333333333333,2.817603394533888,205.0,42.0,0.09655172413793103,0.33793103448275863,0.6620689655172414,63.0,0.7583333333333333,0.44160997732426305,0.3855509784911778,0.0,0.0,28.0,63.0,0.0
J3012_5.RCP,30.0,4.0,5.533333333333333,3.0521395046025592,166.0,42.0,0.09655172413793103,0.26666666666666666,0.7333333333333334,47.0,0.7583333333333333,0.43617021276595747,0.3736533074768369,0.0,0.0,21.0,47.0,0.0
J3012_6.RCP,30.0,4.0,5.3,3.0127506811328852,159.0,42.0,0.09655172413793103,0.3103448275862069,0.6896551724137931,53.0,0.7583333333333333,0.5291222313371616,0.4595459458051747,0.0,0.0,29.0,53.0,0.0
J3012_7.RCP,30.0,4.0,6.766666666666667,2.641758673476608,203.0,42.0,0.09655172413793103,0.3218390804597701,0.6781609195402298,55.0,0.7583333333333333,0.4683385579937304,0.4136319737431353,0.0,0.0,26.0,55.0,0.0
J3012_8.RCP,30.0,4.0,5.666666666666667,2.947692129257886,170.0,42.0,0.09655172413793103,0.271264367816092,0.728735632183908,35.0,0.7583333333333333,0.4864661654135338,0.38326362442903794,0.0,0.0,18.0,35.0,0.0
J3012_9.RCP,30.0,4.0,6.233333333333333,2.8246927069840515,187.0,42.0,0.09655172413793103,0.3425287356321839,0.6574712643678161,52.0,0.7583333333333333,0.5177514792899408,0.47144390300498895,0.0,0.0,27.0,52.0,0.0
J3013_1.RCP,30.0,4.0,5.033333333333333,2.9493878837631526,151.0,42.0,0.09655172413793103,0.3586206896551724,0.6413793103448275,34.0,1.0,1.3872549019607843,1.3124848236508226,29.0,0.1039426523297491,48.0,74.0,26.0
J3013_10.RCP,30.0,4.0,4.566666666666666,2.9629189811550516,137.0,42.0,0.09655172413793103,0.32413793103448274,0.6758620689655173,52.0,1.0,0.9264705882352942,0.8165723981900452,66.0,0.22448979591836735,49.0,82.0,30.0
J3013_2.RCP,30.0,4.0,4.9,2.6627053911388696,147.0,42.0,0.09655172413793103,0.28735632183908044,0.7126436781609196,32.0,1.0,1.6875,1.4684372446895426,59.0,0.19032258064516128,54.0,74.0,20.0
J3013_3.RCP,30.0,4.0,5.866666666666666,2.679966832298904,176.0,42.0,0.09655172413793103,0.32873563218390806,0.6712643678160919,45.0,1.0,1.3375,1.260443899782135,99.0,0.339041095890411,61.0,86.0,25.0
J3013_4.RCP,30.0,4.0,5.0,2.569046515733026,150.0,42.0,0.09655172413793103,0.367816091954023,0.632183908045977,50.0,1.0,1.08625,1.0324816176470588,84.0,0.3054545454545455,55.0,83.0,28.0
J3013_5.RCP,30.0,4.0,5.333333333333333,3.003701420285016,160.0,42.0,0.09655172413793103,0.30344827586206896,0.6965517241379311,43.0,1.0,1.2596899224806202,1.1651295789633682,29.0,0.09570957095709572,55.0,79.0,24.0
J3013_6.RCP,30.0,4.0,5.3,2.979373535941183,159.0,42.0,0.09655172413793103,0.32873563218390806,0.6712643678160919,44.0,1.0,1.213903743315508,1.0980931607092597,19.0,0.06506849315068493,54.0,72.0,18.0
J3013_7.RCP,30.0,4.0,5.3,3.1743765792146754,159.0,42.0,0.09655172413793103,0.36091954022988504,0.639080459770115,50.0,1.0,1.23,1.1114792956656347,108.0,0.38848920863309355,62.0,94.0,32.0
J3013_8.RCP,30.0,4.0,6.066666666666666,2.9089898972361907,182.0,42.0,0.09655172413793103,0.35402298850574715,0.6459770114942529,48.0,1.0,1.6681547619047619,1.4908017113095238,151.0,0.5373665480427047,81.0,127.0,46.0
J3013_9.RCP,30.0,4.0,5.533333333333333,3.1382939455839516,166.0,42.0,0.09655172413793103,0.3448275862068966,0.6551724137931034,51.0,1.0,1.077124183006536,0.9976547481737792,72.0,0.25263157894736843,55.0,78.0,23.0
J3014_1.RCP,30.0,4.0,4.7,2.9228981051917176,141.0,42.0,0.09655172413793103,0.42528735632183906,0.5747126436781609,43.0,1.0,0.8520084566596194,0.789677086479412,0.0,0.0,37.0,52.0,9.0
J3014_10.RCP,30.0,4.0,5.933333333333334,3.119116684077223,178.0,42.0,0.09655172413793103,0.3701149425287356,0.6298850574712644,58.0,1.0,0.6883289124668435,0.6256240566585394,0.0,0.0,40.0,63.0,5.0
J3014_2.RCP,30.0,4.0,5.7,3.089228598426043,171.0,42.0,0.09655172413793103,0.335632183908046,0.6643678160919539,44.0,1.0,1.0306324110671936,0.9006119744879626,0.0,0.0,46.0,64.0,18.0
J3014_3.RCP,30.0,4.0,5.9,2.736786436680802,177.0,42.0,0.09655172413793103,0.3448275862068966,0.6551724137931034,58.0,1.0,0.8088455772113943,0.7159587819726502,0.0,0.0,47.0,70.0,12.0
J3014_4.RCP,30.0,4.0,4.8,2.196967607104544,144.0,42.0,0.09655172413793103,0.3425287356321839,0.6574712643678161,45.0,1.0,0.808695652173913,0.7900707384403036,0.0,0.0,37.0,58.0,13.0
J3014_5.RCP,30.0,4.0,4.766666666666667,2.7164110309172447,143.0,42.0,0.09655172413793103,0.38620689655172413,0.6137931034482759,50.0,1.0,0.6385714285714286,0.6255592252575011,0.0,0.0,32.0,68.0,18.0
J3014_6.RCP,30.0,4.0,4.766666666666667,2.1707653540219916,143.0,42.0,0.09655172413793103,0.30114942528735633,0.6988505747126437,34.0,1.0,0.7887700534759359,0.7551810934163876,0.0,0.0,27.0,43.0,9.0
J3014_7.RCP,30.0,4.0,5.466666666666667,2.5263060428661888,164.0,42.0,0.09655172413793103,0.3632183908045977,0.6367816091954023,47.0,1.0,0.87677304964539,0.797362218031737,0.0,0.0,42.0,66.0,19.0
J3014_8.RCP,30.0,4.0,5.566666666666666,2.9175712882845253,167.0,42.0,0.09655172413793103,0.3448275862068966,0.6551724137931034,54.0,1.0,0.7290809327846365,0.6492224894226089,0.0,0.0,40.0,61.0,7.0
J3014_9.RCP,30.0,4.0,4.8,3.091924966748061,144.0,42.0,0.09655172413793103,0.32873563218390806,0.6712643678160919,44.0,1.0,0.8452797202797203,0.7657352658782866,2.0,0.00684931506849315,38.0,56.0,12.0
J3015_1.RCP,30.0,4.0,5.033333333333333,3.114303917232371,151.0,42.0,0.09655172413793103,0.3080459770114943,0.6919540229885057,46.0,1.0,0.7202898550724638,0.6003704063146997,0.0,0.0,34.0,48.0,2.0
J3015_10.RCP,30.0,4.0,5.8,2.6882460204874605,174.0,42.0,0.09655172413793103,0.42758620689655175,0.5724137931034483,65.0,1.0,0.5832775919732441,0.5237617056856188,0.0,0.0,38.0,67.0,2.0
J3015_2.RCP,30.0,4.0,5.866666666666666,2.9181424837652385,176.0,42.0,0.09655172413793103,0.32413793103448274,0.6758620689655173,47.0,1.0,0.6070921985815603,0.524543257336429,0.0,0.0,29.0,50.0,3.0
J3015_3.RCP,30.0,4.0,4.566666666666666,2.859875677173553,137.0,42.0,0.09655172413793103,0.35402298850574715,0.6459770114942529,48.0,1.0,0.6682692307692307,0.6034019431089743,0.0,0.0,33.0,54.0,6.0
J3015_4.RCP,30.0,4.0,5.433333333333334,2.883092475489162,163.0,42.0,0.09655172413793103,0.3333333333333333,0.6666666666666667,48.0,1.0,0.47510162601626016,0.4473885864999177,0.0,0.0,23.0,48.0,0.0
J3015_5.RCP,30.0,4.0,6.5,2.7658633371878665,195.0,42.0,0.09655172413793103,0.35172413793103446,0.6482758620689655,56.0,1.0,0.8471428571428572,0.7975744047619047,0.0,0.0,48.0,64.0,8.0
J3015_6.RCP,30.0,4.0,6.033333333333333,3.092823233803632,181.0,42.0,0.09655172413793103,0.31494252873563217,0.6850574712643678,67.0,1.0,0.6280597014925373,0.575591684434968,0.0,0.0,43.0,72.0,5.0
J3015_7.RCP,30.0,4.0,4.933333333333334,2.6322782696532845,148.0,42.0,0.09655172413793103,0.3586206896551724,0.6413793103448275,47.0,1.0,0.6697872340425531,0.580973461450469,0.0,0.0,32.0,52.0,5.0
J3015_8.RCP,30.0,4.0,5.2,3.390181902690965,156.0,42.0,0.09655172413793103,0.3632183908045977,0.6367816091954023,46.0,1.0,0.7920604914933838,0.7047516653164101,0.0,0.0,37.0,59.0,13.0
J3015_9.RCP,30.0,4.0,5.333333333333333,2.5342103744997617,160.0,42.0,0.09655172413793103,0.3333333333333333,0.6666666666666667,54.0,1.0,0.6088888888888889,0.5757031017027495,0.0,0.0,33.0,58.0,4.0
J3016_1.RCP,30.0,4.0,5.1,2.936551265231604,153.0,42.0,0.09655172413793103,0.3333333333333333,0.6666666666666667,51.0,1.0,0.5968137254901961,0.5418258602460593,0.0,0.0,31.0,51.0,0.0
J3016_10.RCP,30.0,4.0,5.3,2.4515301344262523,159.0,42.0,0.09655172413793103,0.30114942528735633,0.6988505747126437,51.0,1.0,0.47217806041335453,0.4406213435796199,0.0,0.0,25.0,51.0,0.0
J3016_2.RCP,30.0,4.0,6.033333333333333,2.9380643665893746,181.0,42.0,0.09655172413793103,0.3264367816091954,0.6735632183908046,48.0,1.0,0.6652298850574713,0.5070649952041762,0.0,0.0,32.0,48.0,0.0
J3016_3.RCP,30.0,4.0,5.4,2.615339366124404,162.0,42.0,0.09655172413793103,0.3310344827586207,0.6689655172413793,36.0,1.0,0.5437352245862884,0.5023985745614035,0.0,0.0,20.0,36.0,0.0
J3016_4.RCP,30.0,4.0,5.133333333333334,2.825282680055612,154.0,42.0,0.09655172413793103,0.34942528735632183,0.6505747126436782,47.0,1.0,0.39332949971247844,0.371451485235019,0.0,0.0,19.0,47.0,0.0
J3016_5.RCP,30.0,4.0,5.966666666666667,2.4424486802296497,179.0,42.0,0.09655172413793103,0.34022988505747126,0.6597701149425288,51.0,1.0,0.42802486848397897,0.3980729456141938,0.0,0.0,22.0,51.0,0.0
J3016_6.RCP,30.0,4.0,5.1,2.6121510931286758,153.0,42.0,0.09655172413793103,0.31724137931034485,0.6827586206896552,51.0,1.0,0.4250132485426603,0.3647305073615815,0.0,0.0,22.0,51.0,0.0
J3016_7.RCP,30.0,4.0,4.933333333333334,2.731706833139717,148.0,42.0,0.09655172413793103,0.32873563218390806,0.6712643678160919,34.0,1.0,0.6131907308377896,0.5157874798016873,0.0,0.0,21.0,34.0,0.0
J3016_8.RCP,30.0,4.0,4.9,3.2181775380899458,147.0,42.0,0.09655172413793103,0.28735632183908044,0.7126436781609196,44.0,1.0,0.4152462121212121,0.38542372740563535,0.0,0.0,19.0,44.0,0.0
J3016_9.RCP,30.0,4.0,4.666666666666667,2.649947588580239,140.0,42.0,0.09655172413793103,0.36551724137931035,0.6344827586206896,44.0,1.0,0.5251842751842751,0.45738133628758626,0.0,0.0,24.0,44.0,0.0
J3017_1.RCP,30.0,4.0,6.033333333333333,3.0820267501903498,181.0,52.0,0.11954022988505747,0.36551724137931035,0.6344827586206896,45.0,0.25,1.0166666666666666,0.6149669774669775,47.0,0.17028985507246377,46.0,66.0,20.0
J3017_10.RCP,30.0,4.0,6.533333333333333,3.095516470998373,196.0,52.0,0.11954022988505747,0.4528735632183908,0.5471264367816092,66.0,0.25,0.48148148148148145,0.4269733318028772,31.0,0.13025210084033614,32.0,85.0,19.0
J3017_2.RCP,30.0,4.0,6.0,2.54296414970142,180.0,52.0,0.11954022988505747,0.4735632183908046,0.5264367816091954,59.0,0.25,0.4135593220338983,0.3451078582434514,16.0,0.06986899563318777,25.0,69.0,10.0
J3017_3.RCP,30.0,4.0,5.533333333333333,3.25303277300156,166.0,52.0,0.11954022988505747,0.4689655172413793,0.5310344827586206,60.0,0.25,0.4066666666666667,0.33989898989898987,17.0,0.0735930735930736,25.0,65.0,5.0
J3017_4.RCP,30.0,4.0,4.766666666666667,3.0515933907095523,143.0,52.0,0.11954022988505747,0.4804597701149425,0.5195402298850575,42.0,0.25,0.75,0.4763558201058201,33.0,0.14601769911504422,32.0,49.0,7.0
J3017_5.RCP,30.0,4.0,5.3,3.2057240471797734,159.0,52.0,0.11954022988505747,0.45517241379310347,0.5448275862068965,35.0,0.25,0.8155844155844156,0.5998144712430427,29.0,0.12236286919831224,29.0,51.0,16.0
J3017_6.RCP,30.0,4.0,5.533333333333333,2.8015868519267593,166.0,52.0,0.11954022988505747,0.4827586206896552,0.5172413793103448,63.0,0.25,0.47474747474747475,0.3365554198887532,32.0,0.14222222222222225,30.0,72.0,9.0
J3017_7.RCP,30.0,4.0,5.9,2.820756399738671,177.0,52.0,0.11954022988505747,0.4298850574712644,0.5701149425287356,50.0,0.25,0.5222222222222223,0.4607146464646465,25.0,0.10080645161290322,27.0,58.0,8.0
J3017_8.RCP,30.0,4.0,5.4,2.8472208672083497,162.0,52.0,0.11954022988505747,0.4459770114942529,0.554022988505747,53.0,0.25,0.5050798258345428,0.3801293046576065,33.0,0.13692946058091288,27.0,67.0,14.0
J3017_9.RCP,30.0,4.0,4.3,2.6602004936971695,129.0,52.0,0.11954022988505747,0.45057471264367815,0.5494252873563219,44.0,0.25,0.45041322314049587,0.36506178480610296,23.0,0.09623430962343095,20.0,52.0,8.0
J3018_1.RCP,30.0,4.0,5.433333333333334,3.062497165531568,163.0,52.0,0.11954022988505747,0.4459770114942529,0.554022988505747,47.0,0.25,0.5673758865248227,0.3834837739093058,15.0,0.062240663900414946,27.0,55.0,8.0
J3018_10.RCP,30.0,4.0,5.233333333333333,2.4857370916669543,157.0,52.0,0.11954022988505747,0.4114942528735632,0.5885057471264368,41.0,0.25,0.5585365853658537,0.42932636469221835,14.0,0.0546875,23.0,55.0,14.0
J3018_2.RCP,30.0,4.0,5.5,2.6299556396765835,165.0,52.0,0.11954022988505747,0.5310344827586206,0.46896551724137936,52.0,0.25,0.43006993006993005,0.35136498117267345,12.0,0.0588235294117647,23.0,55.0,3.0
J3018_3.RCP,30.0,4.0,5.566666666666666,2.824692706984052,167.0,52.0,0.11954022988505747,0.5103448275862069,0.4896551724137931,53.0,0.25,0.379073756432247,0.31764579759862777,8.0,0.03755868544600939,21.0,61.0,8.0
J3018_4.RCP,30.0,4.0,6.5,2.6677081299622465,195.0,52.0,0.11954022988505747,0.496551724137931,0.503448275862069,67.0,0.25,0.4431687715269805,0.32958832212563555,14.0,0.0639269406392694,30.0,70.0,3.0
J3018_5.RCP,30.0,4.0,5.666666666666667,2.586288632169443,170.0,52.0,0.11954022988505747,0.47126436781609193,0.5287356321839081,50.0,0.25,0.4666666666666667,0.37488888888888894,6.0,0.02608695652173913,24.0,52.0,2.0
J3018_6.RCP,30.0,4.0,6.0,2.9776948578836393,180.0,52.0,0.11954022988505747,0.4459770114942529,0.554022988505747,53.0,0.25,0.5622641509433962,0.3496069182389937,14.0,0.05809128630705395,30.0,65.0,12.0
J3018_7.RCP,30.0,4.0,4.8,2.6758176320519302,144.0,52.0,0.11954022988505747,0.5218390804597701,0.4781609195402299,46.0,0.25,0.3782608695652174,0.3223731884057971,14.0,0.0673076923076923,18.0,51.0,5.0
J3018_8.RCP,30.0,4.0,5.566666666666666,2.940332558666716,167.0,52.0,0.11954022988505747,0.4459770114942529,0.554022988505747,49.0,0.25,0.48214285714285715,0.3336160013455932,7.0,0.029045643153526975,24.0,52.0,3.0
J3018_9.RCP,30.0,4.0,5.2,3.026549190084311,156.0,52.0,0.11954022988505747,0.4459770114942529,0.554022988505747,44.0,0.25,0.6258741258741258,0.46566627816627815,25.0,0.1037344398340249,28.0,50.0,6.0
J3019_1.RCP,30.0,4.0,4.733333333333333,2.7560035478125853,142.0,52.0,0.11954022988505747,0.4,0.6,39.0,0.25,0.45897435897435895,0.31020720872694557,6.0,0.022988505747126436,18.0,41.0,2.0
J3019_10.RCP,30.0,4.0,5.466666666666667,3.0302181806302695,164.0,52.0,0.11954022988505747,0.4091954022988506,0.5908045977011493,44.0,0.25,0.44008264462809915,0.2917937491801128,10.0,0.03891050583657588,20.0,57.0,13.0
J3019_2.RCP,30.0,4.0,6.166666666666667,2.252159457547849,185.0,52.0,0.11954022988505747,0.42528735632183906,0.5747126436781609,58.0,0.25,0.38557993730407525,0.30052384095033824,10.0,0.04000000000000001,23.0,58.0,0.0
J3019_3.RCP,30.0,4.0,7.0,2.4765567494675613,210.0,52.0,0.11954022988505747,0.496551724137931,0.503448275862069,83.0,0.25,0.4508032128514056,0.3013873676524279,16.0,0.0730593607305936,38.0,91.0,8.0
J3019_4.RCP,30.0,4.0,4.933333333333334,3.1084115271666044,148.0,52.0,0.11954022988505747,0.3793103448275862,0.6206896551724138,39.0,0.25,0.4267399267399267,0.34135760073260074,14.0,0.05185185185185185,17.0,47.0,8.0
J3019_5.RCP,30.0,4.0,5.433333333333334,2.629110538228133,163.0,52.0,0.11954022988505747,0.4482758620689655,0.5517241379310345,47.0,0.25,0.37922403003754696,0.3280042513459284,8.0,0.03333333333333333,18.0,50.0,3.0
J3019_6.RCP,30.0,4.0,4.533333333333333,2.860458393723324,136.0,52.0,0.11954022988505747,0.47126436781609193,0.5287356321839081,44.0,0.25,0.39015151515151514,0.274440836940837,13.0,0.05652173913043478,18.0,49.0,5.0
J3019_7.RCP,30.0,4.0,5.533333333333333,3.2013885876114583,166.0,52.0,0.11954022988505747,0.4298850574712644,0.5701149425287356,54.0,0.25,0.3664021164021164,0.27554062449895783,12.0,0.04838709677419355,20.0,61.0,7.0
J3019_8.RCP,30.0,4.0,6.033333333333333,3.0711923128033223,181.0,52.0,0.11954022988505747,0.4206896551724138,0.5793103448275863,55.0,0.25,0.3433155080213904,0.265741464417935,6.0,0.023809523809523808,19.0,58.0,3.0
J3019_9.RCP,30.0,4.0,5.133333333333334,3.2530327730015607,154.0,52.0,0.11954022988505747,0.41839080459770117,0.5816091954022988,38.0,0.25,0.4819078947368421,0.34967105263157894,4.0,0.015810276679841896,19.0,39.0,1.0
J301_1.RCP,30.0,4.0,5.266666666666667,2.581128091014125,158.0,42.0,0.09655172413793103,0.3310344827586207,0.6689655172413793,38.0,0.25,0.6359649122807017,0.4602732793522267,29.0,0.09965635738831616,25.0,56.0,18.0
J301_10.RCP,30.0,4.0,4.966666666666667,2.6138519893487127,149.0,42.0,0.09655172413793103,0.3333333333333333,0.6666666666666667,37.0,0.25,0.6486486486486487,0.4898648648648649,32.0,0.11034482758620688,24.0,54.0,17.0
J301_2.RCP,30.0,4.0,5.333333333333333,3.2386554137309647,160.0,42.0,0.09655172413793103,0.28045977011494255,0.7195402298850575,42.0,0.25,0.6103896103896104,0.4764919604205319,39.0,0.12460063897763578,26.0,54.0,12.0
J301_3.RCP,30.0,4.0,4.7,3.297979179234864,141.0,42.0,0.09655172413793103,0.3563218390804598,0.6436781609195402,43.0,0.25,0.4796511627906977,0.3921996124031008,21.0,0.075,21.0,53.0,10.0
J301_4.RCP,30.0,4.0,6.133333333333334,2.997035572398536,184.0,42.0,0.09655172413793103,0.3264367816091954,0.6735632183908046,55.0,0.25,0.6545454545454545,0.44521841794569067,33.0,0.11262798634812286,36.0,72.0,17.0
J301_5.RCP,30.0,4.0,3.966666666666667,2.2283526551144357,119.0,42.0,0.09655172413793103,0.31724137931034485,0.6827586206896552,31.0,0.25,0.8856304985337243,0.4798794395568589,41.0,0.13804713804713806,28.0,49.0,18.0
J301_6.RCP,30.0,4.0,4.1,3.1235663378047,123.0,42.0,0.09655172413793103,0.3816091954022989,0.6183908045977011,38.0,0.25,0.7192982456140351,0.4067982456140351,34.0,0.12639405204460966,28.0,49.0,11.0
J301_7.RCP,30.0,4.0,4.933333333333334,2.462158041682585,148.0,42.0,0.09655172413793103,0.36551724137931035,0.6344827586206896,60.0,0.25,0.4090909090909091,0.3526252913752914,30.0,0.10869565217391304,25.0,66.0,6.0
J301_8.RCP,30.0,4.0,5.233333333333333,3.0949780110509493,157.0,42.0,0.09655172413793103,0.2827586206896552,0.7172413793103448,53.0,0.25,0.5296495956873315,0.3840633423180593,23.0,0.07371794871794872,29.0,66.0,13.0
J301_9.RCP,30.0,4.0,5.333333333333333,2.507765716507204,160.0,42.0,0.09655172413793103,0.3471264367816092,0.6528735632183909,42.0,0.25,0.6388888888888888,0.4884351759351759,38.0,0.13380281690140844,27.0,55.0,13.0
J3020_1.RCP,30.0,4.0,6.066666666666666,2.594010194445829,182.0,52.0,0.11954022988505747,0.4367816091954023,0.5632183908045977,57.0,0.25,0.3280701754385965,0.30168521662579384,8.0,0.0326530612244898,19.0,57.0,0.0
J3020_10.RCP,30.0,4.0,4.566666666666666,2.812867259971971,137.0,52.0,0.11954022988505747,0.4574712643678161,0.542528735632184,37.0,0.25,0.436036036036036,0.3195124536301007,0.0,0.0,17.0,37.0,0.0
J3020_2.RCP,30.0,4.0,5.766666666666667,2.836468853267308,173.0,52.0,0.11954022988505747,0.4482758620689655,0.5517241379310345,70.0,0.25,0.33174603174603173,0.2541418650793651,14.0,0.058333333333333334,24.0,70.0,0.0
J3020_3.RCP,30.0,4.0,6.433333333333334,2.4039319642803725,193.0,52.0,0.11954022988505747,0.38850574712643676,0.6114942528735632,49.0,0.25,0.35495626822157433,0.2465652332361516,1.0,0.0037593984962406013,18.0,49.0,0.0
J3020_4.RCP,30.0,4.0,5.533333333333333,3.1699982474583304,166.0,52.0,0.11954022988505747,0.38850574712643676,0.6114942528735632,43.0,0.25,0.39700996677740863,0.3228055604126595,7.0,0.02631578947368421,18.0,43.0,0.0
J3020_5.RCP,30.0,4.0,5.233333333333333,2.871507540570903,157.0,52.0,0.11954022988505747,0.496551724137931,0.503448275862069,61.0,0.25,0.33417402269861285,0.3059478772593527,26.0,0.1187214611872146,21.0,61.0,0.0
J3020_6.RCP,30.0,4.0,5.733333333333333,3.0760725320158206,172.0,52.0,0.11954022988505747,0.43908045977011495,0.560919540229885,51.0,0.25,0.4117647058823529,0.3255252100840336,14.0,0.05737704918032788,21.0,51.0,0.0
J3020_7.RCP,30.0,4.0,5.066666666666666,2.965730189271363,152.0,52.0,0.11954022988505747,0.41379310344827586,0.5862068965517242,42.0,0.25,0.3229166666666667,0.272332702020202,6.0,0.02352941176470588,14.0,42.0,0.0
J3020_8.RCP,30.0,4.0,5.266666666666667,2.8859814429217816,158.0,52.0,0.11954022988505747,0.4367816091954023,0.5632183908045977,51.0,0.25,0.3660130718954248,0.279880174291939,0.0,0.0,19.0,51.0,0.0
J3020_9.RCP,30.0,4.0,5.233333333333333,3.1057294723712743,157.0,52.0,0.11954022988505747,0.4459770114942529,0.554022988505747,41.0,0.25,0.4971857410881801,0.31048376589535126,2.0,0.008298755186721993,21.0,41.0,0.0
J3021_1.RCP,30.0,4.0,5.7,2.888482877451991,171.0,52.0,0.11954022988505747,0.5540229885057472,0.44597701149425284,60.0,0.5083333333333333,0.8680555555555556,0.6710700757575758,68.0,0.3505154639175258,53.0,99.0,39.0
J3021_10.RCP,30.0,4.0,6.033333333333333,2.83411753853333,181.0,52.0,0.11954022988505747,0.4459770114942529,0.554022988505747,54.0,0.5083333333333333,0.8688271604938271,0.6984778338945006,74.0,0.3070539419087137,47.0,74.0,20.0
J3021_2.RCP,30.0,4.0,5.066666666666666,2.6195843605851334,152.0,52.0,0.11954022988505747,0.48735632183908045,0.5126436781609196,42.0,0.5083333333333333,1.0695970695970696,0.8313873626373626,64.0,0.2869955156950672,45.0,66.0,21.0
J3021_3.RCP,30.0,4.0,4.866666666666666,2.8134597128012255,146.0,52.0,0.11954022988505747,0.4804597701149425,0.5195402298850575,60.0,0.5083333333333333,0.7077777777777777,0.5796275252525253,59.0,0.26106194690265483,43.0,78.0,18.0
J3021_4.RCP,30.0,4.0,5.3,2.4785748593361734,159.0,52.0,0.11954022988505747,0.5241379310344828,0.4758620689655172,52.0,0.5083333333333333,0.9134615384615384,0.7027243589743589,52.0,0.2512077294685991,48.0,80.0,28.0
J3021_5.RCP,30.0,4.0,5.166666666666667,2.436983563524566,155.0,52.0,0.11954022988505747,0.4666666666666667,0.5333333333333333,43.0,0.5083333333333333,0.9053156146179402,0.7562091009765427,58.0,0.25,39.0,63.0,20.0
J3021_6.RCP,30.0,4.0,5.8,2.574231276841043,174.0,52.0,0.11954022988505747,0.42758620689655175,0.5724137931034483,53.0,0.5083333333333333,0.8611859838274932,0.7465011403690649,75.0,0.3012048192771084,46.0,85.0,32.0
J3021_7.RCP,30.0,4.0,5.033333333333333,3.114303917232371,151.0,52.0,0.11954022988505747,0.46436781609195404,0.535632183908046,53.0,0.5083333333333333,0.7561683599419449,0.62983360978644,81.0,0.34763948497854075,41.0,89.0,36.0
J3021_8.RCP,30.0,4.0,5.3,2.8065399813055696,159.0,52.0,0.11954022988505747,0.4942528735632184,0.5057471264367817,48.0,0.5083333333333333,0.8990384615384616,0.7795091193528694,59.0,0.26818181818181813,44.0,74.0,26.0
J3021_9.RCP,30.0,4.0,4.966666666666667,3.049407957110509,149.0,52.0,0.11954022988505747,0.432183908045977,0.5678160919540229,43.0,0.5083333333333333,1.1661129568106312,0.834971617529757,79.0,0.31983805668016196,51.0,84.0,33.0
J3022_1.RCP,30.0,4.0,4.966666666666667,2.845854685132199,149.0,52.0,0.11954022988505747,0.4459770114942529,0.554022988505747,40.0,0.5083333333333333,0.6236842105263158,0.5348344820384294,1.0,0.004149377593360997,25.0,55.0,15.0
J3022_10.RCP,30.0,4.0,6.466666666666667,2.777688887466621,194.0,52.0,0.11954022988505747,0.4045977011494253,0.5954022988505747,52.0,0.5083333333333333,0.576007326007326,0.519517982017982,3.0,0.011583011583011582,30.0,62.0,10.0
J3022_2.RCP,30.0,4.0,4.866666666666666,2.7170245163086446,146.0,52.0,0.11954022988505747,0.49885057471264366,0.5011494252873563,42.0,0.5083333333333333,0.5739348370927319,0.5425804093567251,6.0,0.02752293577981652,25.0,64.0,22.0
J3022_3.RCP,30.0,4.0,5.8,2.959729717389748,174.0,52.0,0.11954022988505747,0.4367816091954023,0.5632183908045977,61.0,0.5083333333333333,0.512568306010929,0.441504033307312,15.0,0.061224489795918366,32.0,63.0,2.0
J3022_4.RCP,30.0,4.0,5.6,3.272104317815474,168.0,52.0,0.11954022988505747,0.4298850574712644,0.5701149425287356,40.0,0.5083333333333333,0.6296875,0.5593915719696969,0.0,0.0,26.0,44.0,4.0
J3022_5.RCP,30.0,4.0,5.166666666666667,2.530919903030429,155.0,52.0,0.11954022988505747,0.38620689655172413,0.6137931034482759,46.0,0.5083333333333333,0.6120401337792643,0.5524363619472314,12.0,0.0449438202247191,29.0,59.0,13.0
J3022_6.RCP,30.0,4.0,5.466666666666667,3.1062660685924643,164.0,52.0,0.11954022988505747,0.42758620689655175,0.5724137931034483,45.0,0.5083333333333333,0.7506172839506173,0.5779320987654322,2.0,0.008032128514056224,34.0,59.0,14.0
J3022_7.RCP,30.0,4.0,6.166666666666667,2.5701275368268317,185.0,52.0,0.11954022988505747,0.47586206896551725,0.5241379310344827,55.0,0.5083333333333333,0.5868686868686869,0.49820477502295685,8.0,0.03508771929824562,33.0,83.0,28.0
J3022_8.RCP,30.0,4.0,5.3,2.888482877451991,159.0,52.0,0.11954022988505747,0.42528735632183906,0.5747126436781609,50.0,0.5083333333333333,0.715,0.5870098039215685,17.0,0.068,36.0,57.0,7.0
J3022_9.RCP,30.0,4.0,5.9,2.7970222261064235,177.0,52.0,0.11954022988505747,0.5057471264367817,0.49425287356321834,72.0,0.5083333333333333,0.44281045751633985,0.36671047256621947,13.0,0.060465116279069774,32.0,76.0,4.0
J3023_1.RCP,30.0,4.0,5.833333333333333,2.793842435706702,175.0,52.0,0.11954022988505747,0.4528735632183908,0.5471264367816092,63.0,0.5083333333333333,0.41345427059712775,0.38107520786092214,0.0,0.0,27.0,65.0,2.0
J3023_10.RCP,30.0,4.0,5.633333333333334,3.16736834331314,169.0,52.0,0.11954022988505747,0.48735632183908045,0.5126436781609196,61.0,0.5083333333333333,0.4046199701937407,0.3476030799801292,10.0,0.04484304932735426,25.0,61.0,0.0
J3023_2.RCP,30.0,4.0,5.033333333333333,2.822331581433258,151.0,52.0,0.11954022988505747,0.4482758620689655,0.5517241379310345,53.0,0.5083333333333333,0.43113207547169813,0.4046533393231507,1.0,0.004166666666666667,23.0,53.0,0.0
J3023_3.RCP,30.0,4.0,4.866666666666666,2.4997777679003566,146.0,52.0,0.11954022988505747,0.4459770114942529,0.554022988505747,46.0,0.5083333333333333,0.49872122762148335,0.46273672512483255,4.0,0.016597510373443987,23.0,49.0,3.0
J3023_4.RCP,30.0,4.0,5.7,2.6727015047201457,171.0,52.0,0.11954022988505747,0.535632183908046,0.464367816091954,63.0,0.5083333333333333,0.625,0.44608929430358,4.0,0.019801980198019806,40.0,69.0,6.0
J3023_5.RCP,30.0,4.0,4.9,2.6375493676264465,147.0,52.0,0.11954022988505747,0.45517241379310347,0.5448275862068965,48.0,0.5083333333333333,0.5777777777777777,0.4010199652777777,6.0,0.02531645569620253,28.0,53.0,5.0
J3023_6.RCP,30.0,4.0,5.3,2.8065399813055696,159.0,52.0,0.11954022988505747,0.4367816091954023,0.5632183908045977,47.0,0.5083333333333333,0.5,0.4314667060677699,6.0,0.024489795918367346,24.0,57.0,10.0
J3023_7.RCP,30.0,4.0,5.333333333333333,3.228346670080867,160.0,52.0,0.11954022988505747,0.4850574712643678,0.5149425287356322,58.0,0.5083333333333333,0.5463362068965517,0.45080049261083743,18.0,0.08035714285714286,32.0,65.0,7.0
J3023_8.RCP,30.0,4.0,5.733333333333333,3.0103525079668367,172.0,52.0,0.11954022988505747,0.4,0.6,48.0,0.5083333333333333,0.6653645833333334,0.5168768601190477,6.0,0.022988505747126436,32.0,61.0,13.0
J3023_9.RCP,30.0,4.0,6.066666666666666,3.0103525079668363,182.0,52.0,0.11954022988505747,0.4528735632183908,0.5471264367816092,58.0,0.5083333333333333,0.5413793103448276,0.5044832846734527,7.0,0.029411764705882353,32.0,68.0,10.0
J3024_1.RCP,30.0,4.0,5.3,3.078419507907697,159.0,52.0,0.11954022988505747,0.4482758620689655,0.5517241379310345,53.0,0.5083333333333333,0.3466981132075472,0.307518115942029,0.0,0.0,19.0,53.0,0.0
J3024_10.RCP,30.0,4.0,5.266666666666667,2.8511206373790796,158.0,52.0,0.11954022988505747,0.432183908045977,0.5678160919540229,53.0,0.5083333333333333,0.49410377358490565,0.39534277328072054,3.0,0.012145748987854253,27.0,53.0,0.0
J3024_2.RCP,30.0,4.0,4.833333333333333,2.6718699236468995,145.0,52.0,0.11954022988505747,0.4574712643678161,0.542528735632184,58.0,0.5083333333333333,0.46623563218390807,0.33407550743246167,1.0,0.0042372881355932195,28.0,58.0,0.0
J3024_3.RCP,30.0,4.0,7.0,2.8635642126552705,210.0,52.0,0.11954022988505747,0.4896551724137931,0.5103448275862069,69.0,0.5083333333333333,0.4868247694334651,0.3915360600332245,0.0,0.0,34.0,69.0,0.0
J3024_4.RCP,30.0,4.0,5.466666666666667,2.6799668322989043,164.0,52.0,0.11954022988505747,0.42528735632183906,0.5747126436781609,53.0,0.5083333333333333,0.39245283018867927,0.314620329263781,0.0,0.0,21.0,53.0,0.0
J3024_5.RCP,30.0,4.0,5.5,2.5132979661525745,165.0,52.0,0.11954022988505747,0.41839080459770117,0.5816091954022988,51.0,0.5083333333333333,0.5049019607843137,0.4409025374855825,6.0,0.023715415019762844,26.0,51.0,0.0
J3024_6.RCP,30.0,4.0,6.033333333333333,2.9038288899696245,181.0,52.0,0.11954022988505747,0.4206896551724138,0.5793103448275863,56.0,0.5083333333333333,0.4375,0.37731524427953,1.0,0.003968253968253968,25.0,56.0,0.0
J3024_7.RCP,30.0,4.0,5.066666666666666,2.9657301892713632,152.0,52.0,0.11954022988505747,0.4827586206896552,0.5172413793103448,44.0,0.5083333333333333,0.6363636363636364,0.42412587412587416,5.0,0.022222222222222227,28.0,44.0,0.0
J3024_8.RCP,30.0,4.0,5.266666666666667,2.756003547812585,158.0,52.0,0.11954022988505747,0.3839080459770115,0.6160919540229886,38.0,0.5083333333333333,0.42724458204334365,0.388563384499917,0.0,0.0,17.0,38.0,0.0
J3024_9.RCP,30.0,4.0,5.8,2.8213471959331766,174.0,52.0,0.11954022988505747,0.42528735632183906,0.5747126436781609,43.0,0.5083333333333333,0.4790697674418605,0.4177031352979945,0.0,0.0,21.0,43.0,0.0
J3025_1.RCP,30.0,4.0,5.833333333333333,2.684316590038432,175.0,52.0,0.11954022988505747,0.4367816091954023,0.5632183908045977,63.0,0.7583333333333333,1.1465201465201464,0.8030045351473923,115.0,0.46938775510204084,73.0,106.0,33.0
J3025_10.RCP,30.0,4.0,4.566666666666666,2.836468853267308,137.0,52.0,0.11954022988505747,0.4827586206896552,0.5172413793103448,47.0,0.7583333333333333,0.8652482269503546,0.7602768685215494,59.0,0.26222222222222225,41.0,72.0,25.0
J3025_2.RCP,30.0,4.0,4.866666666666666,2.348521993841138,146.0,52.0,0.11954022988505747,0.49885057471264366,0.5011494252873563,43.0,0.7583333333333333,1.3488372093023255,1.083791208791209,118.0,0.5412844036697249,58.0,91.0,33.0
J3025_3.RCP,30.0,4.0,5.666666666666667,3.003701420285016,170.0,52.0,0.11954022988505747,0.4045977011494253,0.5954022988505747,44.0,0.7583333333333333,1.4090909090909092,1.0734002976190475,72.0,0.277992277992278,62.0,100.0,38.0
J3025_4.RCP,30.0,4.0,4.966666666666667,2.6768555350551804,149.0,52.0,0.11954022988505747,0.4160919540229885,0.5839080459770115,48.0,0.7583333333333333,1.0977564102564104,0.9991653311965812,135.0,0.531496062992126,53.0,99.0,46.0
J3025_5.RCP,30.0,4.0,4.966666666666667,2.983100549577384,149.0,52.0,0.11954022988505747,0.432183908045977,0.5678160919540229,45.0,0.7583333333333333,1.1958333333333333,0.9626878137294803,77.0,0.31174089068825916,54.0,84.0,30.0
J3025_6.RCP,30.0,4.0,5.2,2.749545416973504,156.0,52.0,0.11954022988505747,0.4206896551724138,0.5793103448275863,41.0,0.7583333333333333,1.1004304160688665,1.009549856527977,65.0,0.2579365079365079,46.0,77.0,31.0
J3025_7.RCP,30.0,4.0,6.166666666666667,2.7938424357067015,185.0,52.0,0.11954022988505747,0.4896551724137931,0.5103448275862069,59.0,0.7583333333333333,1.1342894393741851,0.9309896318370895,91.0,0.4099099099099099,67.0,111.0,44.0
J3025_8.RCP,30.0,4.0,5.4,3.2,162.0,52.0,0.11954022988505747,0.39080459770114945,0.6091954022988506,38.0,0.7583333333333333,1.3928571428571428,1.2888828228659885,91.0,0.3433962264150943,53.0,100.0,47.0
J3025_9.RCP,30.0,4.0,5.766666666666667,2.666874991862615,173.0,52.0,0.11954022988505747,0.4942528735632184,0.5057471264367817,50.0,0.7583333333333333,1.0542857142857143,0.9481364468864469,80.0,0.3636363636363636,53.0,102.0,49.0
J3026_1.RCP,30.0,4.0,4.9,2.6501572280401273,147.0,52.0,0.11954022988505747,0.503448275862069,0.496551724137931,59.0,0.7583333333333333,0.6610169491525424,0.5720809792843691,29.0,0.13425925925925927,39.0,64.0,5.0
J3026_10.RCP,30.0,4.0,5.5,2.5527762664727724,165.0,52.0,0.11954022988505747,0.43908045977011495,0.560919540229885,47.0,0.7583333333333333,0.7588652482269503,0.6538983711324137,0.0,0.0,36.0,60.0,13.0
J3026_2.RCP,30.0,4.0,4.933333333333334,2.619584360585134,148.0,52.0,0.11954022988505747,0.4160919540229885,0.5839080459770115,40.0,0.7583333333333333,0.6362068965517241,0.5208705998563219,0.0,0.0,26.0,40.0,0.0
J3026_3.RCP,30.0,4.0,5.266666666666667,2.8511206373790796,158.0,52.0,0.11954022988505747,0.4689655172413793,0.5310344827586206,58.0,0.7583333333333333,0.6237322515212982,0.5745910584439462,6.0,0.025974025974025976,37.0,61.0,3.0
J3026_4.RCP,30.0,4.0,6.533333333333333,2.8015868519267593,196.0,52.0,0.11954022988505747,0.4114942528735632,0.5885057471264368,62.0,0.7583333333333333,0.663594470046083,0.6102040491065737,0.0,0.0,42.0,74.0,12.0
J3026_5.RCP,30.0,4.0,5.8,2.663331247391757,174.0,52.0,0.11954022988505747,0.4666666666666667,0.5333333333333333,64.0,0.7583333333333333,0.7408088235294118,0.6134591274832302,15.0,0.06465517241379311,48.0,76.0,12.0
J3026_6.RCP,30.0,4.0,4.9,2.879236009777594,147.0,52.0,0.11954022988505747,0.4942528735632184,0.5057471264367817,49.0,0.7583333333333333,0.7202380952380952,0.6426909400123686,0.0,0.0,36.0,63.0,14.0
J3026_7.RCP,30.0,4.0,5.4,2.961981318869742,162.0,52.0,0.11954022988505747,0.4781609195402299,0.5218390804597701,56.0,0.7583333333333333,0.6531593406593407,0.5682643249607535,0.0,0.0,37.0,61.0,5.0
J3026_8.RCP,30.0,4.0,5.4,2.9507061301774304,162.0,52.0,0.11954022988505747,0.4436781609195402,0.5563218390804598,63.0,0.7583333333333333,0.5751633986928104,0.4843034637365413,4.0,0.016528925619834708,37.0,71.0,8.0
J3026_9.RCP,30.0,4.0,4.4,2.739829678404602,132.0,52.0,0.11954022988505747,0.4114942528735632,0.5885057471264368,41.0,0.7583333333333333,0.8792682926829268,0.6611435136090491,1.0,0.00390625,37.0,48.0,7.0
J3027_1.RCP,30.0,4.0,4.866666666666666,3.169998247458331,146.0,52.0,0.11954022988505747,0.43448275862068964,0.5655172413793104,43.0,0.7583333333333333,0.7196382428940569,0.6164857078658899,1.0,0.0040650406504065045,31.0,48.0,5.0
J3027_10.RCP,30.0,4.0,5.766666666666667,2.7041120949809425,173.0,52.0,0.11954022988505747,0.4574712643678161,0.542528735632184,62.0,0.7583333333333333,0.3790322580645161,0.36171518332252484,0.0,0.0,24.0,64.0,2.0
J3027_2.RCP,30.0,4.0,6.1,3.0369941279714934,183.0,52.0,0.11954022988505747,0.42758620689655175,0.5724137931034483,58.0,0.7583333333333333,0.5672413793103448,0.5109487495263357,0.0,0.0,33.0,59.0,1.0
J3027_3.RCP,30.0,4.0,5.333333333333333,2.796823595120404,160.0,52.0,0.11954022988505747,0.4666666666666667,0.5333333333333333,60.0,0.7583333333333333,0.49595959595959593,0.4072826479076479,0.0,0.0,30.0,64.0,4.0
J3027_4.RCP,30.0,4.0,5.033333333333333,2.9152853872114974,151.0,52.0,0.11954022988505747,0.5264367816091954,0.4735632183908046,64.0,0.7583333333333333,0.5334821428571429,0.48625343479783223,3.0,0.014563106796116505,35.0,70.0,6.0
J3027_5.RCP,30.0,4.0,5.566666666666666,2.985334524340986,167.0,52.0,0.11954022988505747,0.45057471264367815,0.5494252873563219,49.0,0.7583333333333333,0.5841836734693877,0.5437729260891693,1.0,0.0041841004184100415,29.0,57.0,8.0
J3027_6.RCP,30.0,4.0,5.9,2.8325489110222497,177.0,52.0,0.11954022988505747,0.4942528735632184,0.5057471264367817,59.0,0.7583333333333333,0.5918079096045198,0.5330564523361133,0.0,0.0,35.0,68.0,9.0
J3027_7.RCP,30.0,4.0,5.966666666666667,2.8575436226863724,179.0,52.0,0.11954022988505747,0.4413793103448276,0.5586206896551724,46.0,0.7583333333333333,0.7911153119092628,0.5917650953331482,0.0,0.0,37.0,53.0,7.0
J3027_8.RCP,30.0,4.0,5.633333333333334,2.509758731210809,169.0,52.0,0.11954022988505747,0.4781609195402299,0.5218390804597701,66.0,0.7583333333333333,0.5492424242424242,0.49344788982946874,3.0,0.013215859030837005,37.0,80.0,14.0
J3027_9.RCP,30.0,4.0,5.633333333333334,3.146249972409835,169.0,52.0,0.11954022988505747,0.4459770114942529,0.554022988505747,55.0,0.7583333333333333,0.6138528138528139,0.5907179977832151,0.0,0.0,34.0,62.0,7.0
J3028_1.RCP,30.0,4.0,5.533333333333333,2.729265265394496,166.0,52.0,0.11954022988505747,0.47126436781609193,0.5287356321839081,69.0,0.7583333333333333,0.5272601794340924,0.40791542059658004,0.0,0.0,37.0,69.0,0.0
J3028_10.RCP,30.0,4.0,5.866666666666666,2.4594488994262287,176.0,52.0,0.11954022988505747,0.4666666666666667,0.5333333333333333,59.0,0.7583333333333333,0.455019556714472,0.4204370253099067,0.0,0.0,27.0,59.0,0.0
J3028_2.RCP,30.0,4.0,5.766666666666667,2.8246927069840515,173.0,52.0,0.11954022988505747,0.4574712643678161,0.542528735632184,57.0,0.7583333333333333,0.43630816170861936,0.3961036771408904,0.0,0.0,25.0,57.0,0.0
J3028_3.RCP,30.0,4.0,4.5,2.6677081299622465,135.0,52.0,0.11954022988505747,0.41379310344827586,0.5862068965517242,40.0,0.7583333333333333,0.581,0.5052897903726709,0.0,0.0,24.0,40.0,0.0
J3028_4.RCP,30.0,4.0,5.533333333333333,2.3055488621054114,166.0,52.0,0.11954022988505747,0.4459770114942529,0.554022988505747,49.0,0.7583333333333333,0.4732142857142857,0.44797712916335364,0.0,0.0,24.0,49.0,0.0
J3028_5.RCP,30.0,4.0,6.166666666666667,2.7335365778094545,185.0,52.0,0.11954022988505747,0.49885057471264366,0.5011494252873563,73.0,0.7583333333333333,0.42820903094875695,0.38038827707643175,0.0,0.0,32.0,73.0,0.0
J3028_6.RCP,30.0,4.0,5.366666666666666,2.6138519893487127,161.0,52.0,0.11954022988505747,0.5172413793103449,0.48275862068965514,55.0,0.7583333333333333,0.5983471074380166,0.4672670276432032,0.0,0.0,33.0,55.0,0.0
J3028_7.RCP,30.0,4.0,5.633333333333334,2.5882211823738888,169.0,52.0,0.11954022988505747,0.4459770114942529,0.554022988505747,48.0,0.7583333333333333,0.44359756097560976,0.4133863323141779,0.0,0.0,22.0,48.0,0.0
J3028_8.RCP,30.0,4.0,5.7,2.734349404642111,171.0,52.0,0.11954022988505747,0.432183908045977,0.5678160919540229,53.0,0.7583333333333333,0.45485175202156336,0.40414192831645657,0.0,0.0,25.0,53.0,0.0
J3028_9.RCP,30.0,4.0,6.366666666666666,2.536182608216968,191.0,52.0,0.11954022988505747,0.5195402298850574,0.48045977011494256,62.0,0.7583333333333333,0.6016129032258064,0.503013679546956,0.0,0.0,38.0,62.0,0.0
J3029_1.RCP,30.0,4.0,5.9,3.0369941279714934,177.0,52.0,0.11954022988505747,0.42528735632183906,0.5747126436781609,62.0,1.0,1.086021505376344,1.0082157258064517,76.0,0.30400000000000005,68.0,99.0,31.0
J3029_10.RCP,30.0,4.0,4.466666666666667,2.6549743668986503,134.0,52.0,0.11954022988505747,0.5195402298850574,0.48045977011494256,51.0,1.0,1.0625,0.9673260971055089,86.0,0.4114832535885167,55.0,91.0,36.0
J3029_2.RCP,30.0,4.0,6.0,2.6331223544175333,180.0,52.0,0.11954022988505747,0.41379310344827586,0.5862068965517242,55.0,1.0,1.2242424242424241,1.1218816844919783,91.0,0.35686274509803917,68.0,107.0,39.0
J3029_3.RCP,30.0,4.0,5.266666666666667,2.8039654459750785,158.0,52.0,0.11954022988505747,0.4436781609195402,0.5563218390804598,45.0,1.0,1.3365079365079364,1.2286367880485527,104.0,0.42975206611570244,61.0,90.0,29.0
J3029_4.RCP,30.0,4.0,6.0,3.1304951684997055,180.0,52.0,0.11954022988505747,0.4528735632183908,0.5471264367816092,54.0,1.0,1.415954415954416,1.3011722459639126,127.0,0.5336134453781513,77.0,116.0,39.0
J3029_5.RCP,30.0,4.0,6.266666666666667,2.7194770739161522,188.0,52.0,0.11954022988505747,0.4367816091954023,0.5632183908045977,53.0,1.0,1.437291897891232,1.3506736638777426,115.0,0.46938775510204084,77.0,111.0,34.0
J3029_6.RCP,30.0,4.0,6.266666666666667,2.768071932270226,188.0,52.0,0.11954022988505747,0.4436781609195402,0.5563218390804598,43.0,1.0,1.5770348837209303,1.48609211126311,68.0,0.28099173553719003,68.0,103.0,35.0
J3029_7.RCP,30.0,4.0,5.266666666666667,2.792052212182923,158.0,52.0,0.11954022988505747,0.45977011494252873,0.5402298850574713,41.0,1.0,1.3203252032520325,1.2672564960943726,57.0,0.2425531914893617,55.0,81.0,26.0
J3029_8.RCP,30.0,4.0,6.333333333333333,2.6246692913372702,190.0,52.0,0.11954022988505747,0.4114942528735632,0.5885057471264368,50.0,1.0,1.2870588235294118,1.1913370743034055,35.0,0.13671875,65.0,104.0,39.0
J3029_9.RCP,30.0,4.0,6.266666666666667,2.6068286394689535,188.0,52.0,0.11954022988505747,0.43448275862068964,0.5655172413793104,52.0,1.0,1.5307692307692307,1.3172619047619047,117.0,0.47560975609756095,80.0,117.0,37.0
J302_1.RCP,30.0,4.0,4.966666666666667,2.7746871695542343,149.0,42.0,0.09655172413793103,0.30114942528735633,0.6988505747126437,34.0,0.25,0.5735294117647058,0.46988265002970886,18.0,0.05921052631578947,20.0,39.0,5.0
J302_10.RCP,30.0,4.0,5.033333333333333,3.2810906045940813,151.0,42.0,0.09655172413793103,0.37701149425287356,0.6229885057471265,41.0,0.25,0.4695121951219512,0.37766349504154384,12.0,0.04428044280442804,20.0,50.0,9.0
J302_2.RCP,30.0,4.0,6.033333333333333,2.994253756039317,181.0,42.0,0.09655172413793103,0.271264367816092,0.728735632183908,46.0,0.25,0.5886287625418061,0.41032808724456327,12.0,0.03785488958990536,28.0,51.0,5.0
J302_3.RCP,30.0,4.0,5.833333333333333,2.9561611743761347,175.0,42.0,0.09655172413793103,0.28735632183908044,0.7126436781609196,43.0,0.25,0.49731663685152055,0.38289568958173614,13.0,0.041935483870967745,22.0,48.0,5.0
J302_4.RCP,30.0,4.0,5.366666666666666,2.4695928589321947,161.0,42.0,0.09655172413793103,0.3218390804597701,0.6781609195402298,42.0,0.25,0.4139194139194139,0.3092621664050236,12.0,0.04067796610169491,18.0,43.0,1.0
J302_5.RCP,30.0,4.0,5.666666666666667,3.197221015541813,170.0,42.0,0.09655172413793103,0.36551724137931035,0.6344827586206896,51.0,0.25,0.3941176470588235,0.33485449735449735,11.0,0.03985507246376811,21.0,54.0,3.0
J302_6.RCP,30.0,4.0,4.866666666666666,2.8836705005176224,146.0,42.0,0.09655172413793103,0.3471264367816092,0.6528735632183909,47.0,0.25,0.4401595744680851,0.3006933890577508,11.0,0.03873239436619718,21.0,50.0,3.0
J302_7.RCP,30.0,4.0,5.1,2.6627053911388696,153.0,42.0,0.09655172413793103,0.2896551724137931,0.7103448275862069,47.0,0.25,0.5023640661938534,0.32951705504896994,13.0,0.042071197411003236,24.0,48.0,1.0
J302_8.RCP,30.0,4.0,5.466666666666667,2.8487814158961995,164.0,42.0,0.09655172413793103,0.31494252873563217,0.6850574712643678,50.0,0.25,0.522,0.4005,24.0,0.08053691275167785,27.0,63.0,13.0
J302_9.RCP,30.0,4.0,6.433333333333334,2.1707653540219916,193.0,42.0,0.09655172413793103,0.2850574712643678,0.7149425287356321,51.0,0.25,0.5633986928104575,0.40915421724245254,12.0,0.03858520900321544,29.0,55.0,4.0
J3030_1.RCP,30.0,4.0,4.766666666666667,2.7770888034454755,143.0,52.0,0.11954022988505747,0.41379310344827586,0.5862068965517242,40.0,1.0,0.9892857142857143,0.8649419819311124,0.0,0.0,40.0,53.0,13.0
J3030_10.RCP,30.0,4.0,5.466666666666667,2.765662468358872,164.0,52.0,0.11954022988505747,0.4436781609195402,0.5563218390804598,43.0,1.0,0.9224806201550387,0.8909106870734778,0.0,0.0,40.0,62.0,19.0
J3030_2.RCP,30.0,4.0,6.233333333333333,2.740843341422895,187.0,52.0,0.11954022988505747,0.46436781609195404,0.535632183908046,65.0,1.0,0.8284615384615385,0.7099247491638796,0.0,0.0,54.0,87.0,22.0
J3030_3.RCP,30.0,4.0,5.5,2.80178514522438,165.0,52.0,0.11954022988505747,0.47126436781609193,0.5287356321839081,53.0,1.0,0.8311320754716981,0.7232535938903863,0.0,0.0,45.0,64.0,11.0
J3030_4.RCP,30.0,4.0,5.5,2.362907813126304,165.0,52.0,0.11954022988505747,0.4850574712643678,0.5149425287356322,50.0,1.0,0.7891666666666667,0.7565731481481481,0.0,0.0,40.0,59.0,9.0
J3030_5.RCP,30.0,4.0,5.7,3.0127506811328852,171.0,52.0,0.11954022988505747,0.47126436781609193,0.5287356321839081,52.0,1.0,0.8661538461538462,0.7712624029865409,0.0,0.0,46.0,72.0,20.0
J3030_6.RCP,30.0,4.0,5.666666666666667,2.8087165910587863,170.0,52.0,0.11954022988505747,0.4482758620689655,0.5517241379310345,54.0,1.0,0.8950617283950617,0.8059239062660963,0.0,0.0,49.0,72.0,18.0
J3030_7.RCP,30.0,4.0,6.8,2.6,204.0,52.0,0.11954022988505747,0.5011494252873563,0.4988505747126437,63.0,1.0,0.8391053391053391,0.8187830687830688,0.0,0.0,53.0,81.0,18.0
J3030_8.RCP,30.0,4.0,4.9,3.4481879299133333,147.0,52.0,0.11954022988505747,0.4091954022988506,0.5908045977011493,40.0,1.0,0.8510869565217392,0.767944847020934,0.0,0.0,35.0,49.0,9.0
J3030_9.RCP,30.0,4.0,5.933333333333334,2.6195843605851334,178.0,52.0,0.11954022988505747,0.3931034482758621,0.6068965517241379,44.0,1.0,0.8636363636363636,0.7512979497354497,0.0,0.0,38.0,54.0,10.0
J3031_1.RCP,30.0,4.0,4.833333333333333,3.088509169306267,145.0,52.0,0.11954022988505747,0.39080459770114945,0.6091954022988506,43.0,1.0,0.6463178294573644,0.579202366381069,0.0,0.0,28.0,46.0,3.0
J3031_10.RCP,30.0,4.0,5.766666666666667,2.7770888034454755,173.0,52.0,0.11954022988505747,0.4735632183908046,0.5264367816091954,49.0,1.0,0.8826530612244898,0.7796201814058956,0.0,0.0,44.0,58.0,9.0
J3031_2.RCP,30.0,4.0,5.433333333333334,2.812867259971971,163.0,52.0,0.11954022988505747,0.3954022988505747,0.6045977011494252,63.0,1.0,0.46845746845746844,0.4411464348964349,0.0,0.0,30.0,65.0,2.0
J3031_3.RCP,30.0,4.0,6.333333333333333,2.4404006956964173,190.0,52.0,0.11954022988505747,0.43448275862068964,0.5655172413793104,58.0,1.0,0.5784780023781213,0.552333228719009,0.0,0.0,34.0,60.0,2.0
J3031_4.RCP,30.0,4.0,4.766666666666667,2.7890659527678596,143.0,52.0,0.11954022988505747,0.4160919540229885,0.5839080459770115,50.0,1.0,0.6144,0.518556618464961,0.0,0.0,31.0,53.0,3.0
J3031_5.RCP,30.0,4.0,5.166666666666667,2.4094720491334938,155.0,52.0,0.11954022988505747,0.4781609195402299,0.5218390804597701,48.0,1.0,0.7807971014492754,0.7152989130434783,0.0,0.0,38.0,60.0,12.0
J3031_6.RCP,30.0,4.0,4.866666666666666,3.1488975142985454,146.0,52.0,0.11954022988505747,0.40229885057471265,0.5977011494252873,53.0,1.0,0.5623858794887401,0.5095470771157331,0.0,0.0,30.0,56.0,3.0
J3031_7.RCP,30.0,4.0,6.3,2.7586228448267445,189.0,52.0,0.11954022988505747,0.4666666666666667,0.5333333333333333,61.0,1.0,0.7514754098360655,0.6546123633879781,0.0,0.0,46.0,72.0,11.0
J3031_8.RCP,30.0,4.0,5.533333333333333,3.0302181806302695,166.0,52.0,0.11954022988505747,0.45517241379310347,0.5448275862068965,58.0,1.0,0.5772413793103448,0.5568525440077164,0.0,0.0,34.0,62.0,4.0
J3031_9.RCP,30.0,4.0,5.066666666666666,2.920426148507935,152.0,52.0,0.11954022988505747,0.45057471264367815,0.5494252873563219,46.0,1.0,0.7940503432494279,0.7069380605749757,0.0,0.0,37.0,59.0,13.0
J3032_1.RCP,30.0,4.0,6.066666666666666,3.0324174441451093,182.0,52.0,0.11954022988505747,0.5172413793103449,0.48275862068965514,61.0,1.0,0.5420081967213115,0.4573312061222683,0.0,0.0,34.0,61.0,0.0
J3032_10.RCP,30.0,4.0,5.933333333333334,3.0868898407440604,178.0,52.0,0.11954022988505747,0.43908045977011495,0.560919540229885,51.0,1.0,0.5305322128851541,0.48796207400375635,0.0,0.0,28.0,51.0,0.0
J3032_2.RCP,30.0,4.0,6.233333333333333,3.0075830089218747,187.0,52.0,0.11954022988505747,0.43908045977011495,0.560919540229885,60.0,1.0,0.5773333333333334,0.5187662037037036,0.0,0.0,35.0,60.0,0.0
J3032_3.RCP,30.0,4.0,6.566666666666666,2.836468853267308,197.0,52.0,0.11954022988505747,0.4367816091954023,0.5632183908045977,57.0,1.0,0.6280701754385964,0.5479434420570154,0.0,0.0,36.0,57.0,0.0
J3032_4.RCP,30.0,4.0,6.366666666666666,2.880779215574996,191.0,52.0,0.11954022988505747,0.4482758620689655,0.5517241379310345,68.0,1.0,0.5673624288425048,0.49878370496254754,0.0,0.0,39.0,68.0,0.0
J3032_5.RCP,30.0,4.0,5.8,3.1979159880563883,174.0,52.0,0.11954022988505747,0.4367816091954023,0.5632183908045977,54.0,1.0,0.6111111111111112,0.5460961369866599,0.0,0.0,33.0,54.0,0.0
J3032_6.RCP,30.0,4.0,4.466666666666667,2.2617593938249834,134.0,52.0,0.11954022988505747,0.46436781609195404,0.535632183908046,44.0,1.0,0.5704545454545454,0.5116399411284811,0.0,0.0,26.0,44.0,0.0
J3032_7.RCP,30.0,4.0,4.8,2.548201980482186,144.0,52.0,0.11954022988505747,0.4666666666666667,0.5333333333333333,35.0,1.0,0.5567567567567567,0.4986917402095974,0.0,0.0,20.0,35.0,0.0
J3032_8.RCP,30.0,4.0,5.633333333333334,3.0603195185397807,169.0,52.0,0.11954022988505747,0.42298850574712643,0.5770114942528736,54.0,1.0,0.5256869772998806,0.44981385822147,0.0,0.0,29.0,54.0,0.0
J3032_9.RCP,30.0,4.0,5.9,3.1235663378047005,177.0,52.0,0.11954022988505747,0.5080459770114942,0.49195402298850577,65.0,1.0,0.5356643356643357,0.42789506289506285,0.0,0.0,35.0,65.0,0.0
J3033_1.RCP,30.0,4.0,6.433333333333334,2.8946310453819306,193.0,62.0,0.1425287356321839,0.5839080459770115,0.4160919540229885,62.0,0.25,0.6338709677419355,0.4019105222734255,20.0,0.11049723756906077,40.0,75.0,13.0
J3033_10.RCP,30.0,4.0,5.633333333333334,3.2091881977984538,169.0,62.0,0.1425287356321839,0.5517241379310345,0.4482758620689655,48.0,0.25,0.42948717948717946,0.39226762820512817,10.0,0.05128205128205128,21.0,57.0,9.0
J3033_2.RCP,30.0,4.0,5.766666666666667,2.740843341422895,173.0,62.0,0.1425287356321839,0.5678160919540229,0.43218390804597706,53.0,0.25,0.5584905660377358,0.414783447684391,19.0,0.10106382978723402,30.0,68.0,15.0
J3033_3.RCP,30.0,4.0,5.633333333333334,3.1883468373995254,169.0,62.0,0.1425287356321839,0.5678160919540229,0.43218390804597706,42.0,0.25,0.6058201058201058,0.4865663437092009,16.0,0.08510638297872339,26.0,65.0,23.0
J3033_4.RCP,30.0,4.0,6.133333333333334,3.159465496286076,184.0,62.0,0.1425287356321839,0.5471264367816092,0.4528735632183908,76.0,0.25,0.6171052631578947,0.3366235737946264,26.0,0.1319796954314721,47.0,92.0,16.0
J3033_5.RCP,30.0,4.0,4.966666666666667,2.5492918406665193,149.0,62.0,0.1425287356321839,0.5287356321839081,0.47126436781609193,43.0,0.25,0.7298747763864043,0.4375426898682712,24.0,0.11707317073170732,32.0,62.0,19.0
J3033_6.RCP,30.0,4.0,5.2,2.6633312473917568,156.0,62.0,0.1425287356321839,0.5678160919540229,0.43218390804597706,52.0,0.25,0.4958791208791209,0.3811740342990343,20.0,0.10638297872340424,26.0,59.0,7.0
J3033_7.RCP,30.0,4.0,5.2,3.218695387886217,156.0,62.0,0.1425287356321839,0.5402298850574713,0.45977011494252873,58.0,0.25,0.5241379310344828,0.3522825235109718,22.0,0.11,31.0,63.0,5.0
J3033_8.RCP,30.0,4.0,5.2,2.902872140943632,156.0,62.0,0.1425287356321839,0.5793103448275863,0.42068965517241375,47.0,0.25,0.7553191489361702,0.4256648936170213,19.0,0.10382513661202188,36.0,70.0,23.0
J3033_9.RCP,30.0,4.0,6.166666666666667,2.805748068202529,185.0,62.0,0.1425287356321839,0.5448275862068965,0.45517241379310347,55.0,0.25,0.593006993006993,0.4421468682832319,27.0,0.13636363636363635,33.0,71.0,16.0
J3034_1.RCP,30.0,4.0,6.166666666666667,3.2770243955284935,185.0,62.0,0.1425287356321839,0.5310344827586206,0.46896551724137936,63.0,0.25,0.3843537414965986,0.3384259259259259,20.0,0.0980392156862745,25.0,74.0,11.0
J3034_10.RCP,30.0,4.0,5.466666666666667,2.6297443897754693,164.0,62.0,0.1425287356321839,0.5333333333333333,0.4666666666666667,47.0,0.25,0.35602836879432626,0.31461340078361355,8.0,0.03940886699507389,17.0,51.0,4.0
J3034_2.RCP,30.0,4.0,4.766666666666667,2.4722908854384875,143.0,62.0,0.1425287356321839,0.6068965517241379,0.3931034482758621,42.0,0.25,0.5714285714285714,0.3778955171812315,13.0,0.07602339181286549,24.0,44.0,2.0
J3034_3.RCP,30.0,4.0,5.4,2.8821288428289717,162.0,62.0,0.1425287356321839,0.6022988505747127,0.39770114942528734,64.0,0.25,0.484375,0.31907552083333335,17.0,0.09826589595375723,31.0,69.0,5.0
J3034_4.RCP,30.0,4.0,5.866666666666666,3.2427697352040825,176.0,62.0,0.1425287356321839,0.6183908045977011,0.3816091954022989,67.0,0.25,0.49129353233830847,0.2924202608511328,10.0,0.060240963855421686,33.0,84.0,17.0
J3034_5.RCP,30.0,4.0,5.7,2.8301943396169813,171.0,62.0,0.1425287356321839,0.535632183908046,0.464367816091954,59.0,0.25,0.5254237288135594,0.30404172099087357,15.0,0.07425742574257427,31.0,63.0,4.0
J3034_6.RCP,30.0,4.0,5.433333333333334,2.859875677173553,163.0,62.0,0.1425287356321839,0.5540229885057472,0.44597701149425284,51.0,0.25,0.4297385620915033,0.34354575163398693,12.0,0.06185567010309279,22.0,56.0,5.0
J3034_7.RCP,30.0,4.0,5.533333333333333,2.8836705005176224,166.0,62.0,0.1425287356321839,0.5586206896551724,0.4413793103448276,54.0,0.25,0.5370370370370371,0.32666870166870166,13.0,0.06770833333333333,29.0,64.0,10.0
J3034_8.RCP,30.0,4.0,5.2,3.0919249667480613,156.0,62.0,0.1425287356321839,0.535632183908046,0.464367816091954,50.0,0.25,0.3655555555555556,0.33453907203907207,10.0,0.049504950495049514,19.0,58.0,8.0
J3034_9.RCP,30.0,4.0,5.266666666666667,2.322833518691246,158.0,62.0,0.1425287356321839,0.5701149425287356,0.4298850574712644,60.0,0.25,0.38222222222222224,0.29961174242424243,18.0,0.0962566844919786,23.0,66.0,6.0
J3035_1.RCP,30.0,4.0,5.966666666666667,2.5492918406665193,179.0,62.0,0.1425287356321839,0.5448275862068965,0.45517241379310347,57.0,0.25,0.3406432748538012,0.2710319135628733,4.0,0.020202020202020204,20.0,57.0,0.0
J3035_10.RCP,30.0,4.0,5.533333333333333,2.4729649321321876,166.0,62.0,0.1425287356321839,0.5816091954022988,0.41839080459770117,55.0,0.25,0.3795454545454545,0.3286525974025974,13.0,0.07142857142857142,21.0,59.0,4.0
J3035_2.RCP,30.0,4.0,5.666666666666667,2.3285665595430642,170.0,62.0,0.1425287356321839,0.5264367816091954,0.4735632183908046,53.0,0.25,0.35974842767295595,0.304517632524708,5.0,0.024271844660194174,20.0,62.0,9.0
J3035_3.RCP,30.0,4.0,4.966666666666667,2.7139557025779837,149.0,62.0,0.1425287356321839,0.5655172413793104,0.43448275862068964,60.0,0.25,0.36904761904761907,0.26255704365079363,9.0,0.047619047619047616,23.0,64.0,4.0
J3035_4.RCP,30.0,4.0,5.266666666666667,2.8394052585395806,158.0,62.0,0.1425287356321839,0.5310344827586206,0.46896551724137936,48.0,0.25,0.38839285714285715,0.30699404761904764,8.0,0.039215686274509796,19.0,56.0,8.0
J3035_5.RCP,30.0,4.0,5.3,3.2470499431535287,159.0,62.0,0.1425287356321839,0.5747126436781609,0.4252873563218391,60.0,0.25,0.30833333333333335,0.23774801587301586,4.0,0.02162162162162162,19.0,62.0,2.0
J3035_6.RCP,30.0,4.0,5.533333333333333,2.906697247545552,166.0,62.0,0.1425287356321839,0.6045977011494252,0.39540229885057476,56.0,0.25,0.40816326530612246,0.3528982426303855,10.0,0.05813953488372092,23.0,65.0,9.0
J3035_7.RCP,30.0,4.0,5.266666666666667,3.1084115271666044,158.0,62.0,0.1425287356321839,0.6160919540229886,0.38390804597701145,59.0,0.25,0.31029986962190353,0.2657893307257714,10.0,0.05988023952095809,19.0,64.0,5.0
J3035_8.RCP,30.0,4.0,5.8,3.1240998703626617,174.0,62.0,0.1425287356321839,0.542528735632184,0.45747126436781604,63.0,0.25,0.42403628117913833,0.27711697473602237,5.0,0.025125628140703522,27.0,63.0,0.0
J3035_9.RCP,30.0,4.0,6.0,2.8284271247461903,180.0,62.0,0.1425287356321839,0.6137931034482759,0.38620689655172413,58.0,0.25,0.33620689655172414,0.3114463601532567,7.0,0.041666666666666664,20.0,65.0,7.0
J3036_1.RCP,30.0,4.0,6.133333333333334,3.169998247458331,184.0,62.0,0.1425287356321839,0.5540229885057472,0.44597701149425284,66.0,0.25,0.25982042648709314,0.24348144139810807,5.0,0.025773195876288662,18.0,66.0,0.0
J3036_10.RCP,30.0,4.0,5.633333333333334,2.496441912447037,169.0,62.0,0.1425287356321839,0.5678160919540229,0.43218390804597706,59.0,0.25,0.3771186440677966,0.3250872382851445,8.0,0.042553191489361694,23.0,59.0,0.0
J3036_2.RCP,30.0,4.0,5.3,2.968164415931166,159.0,62.0,0.1425287356321839,0.5287356321839081,0.47126436781609193,44.0,0.25,0.403030303030303,0.2795583945040467,4.0,0.01951219512195122,18.0,44.0,0.0
J3036_3.RCP,30.0,4.0,5.266666666666667,3.043389922803554,158.0,62.0,0.1425287356321839,0.5747126436781609,0.4252873563218391,61.0,0.25,0.3806921675774135,0.2566369195467556,7.0,0.03783783783783783,24.0,61.0,0.0
J3036_4.RCP,30.0,4.0,5.6,2.5768197453450252,168.0,62.0,0.1425287356321839,0.5862068965517241,0.4137931034482759,59.0,0.25,0.4033898305084746,0.2522844509948416,1.0,0.005555555555555555,24.0,59.0,0.0
J3036_5.RCP,30.0,4.0,5.7,2.888482877451991,171.0,62.0,0.1425287356321839,0.5448275862068965,0.45517241379310347,64.0,0.25,0.2984375,0.23910828754578753,2.0,0.010101010101010102,20.0,64.0,0.0
J3036_6.RCP,30.0,4.0,5.066666666666666,2.5024432505497947,152.0,62.0,0.1425287356321839,0.542528735632184,0.45747126436781604,46.0,0.25,0.3952569169960474,0.32015622981735514,6.0,0.030150753768844227,19.0,46.0,0.0
J3036_7.RCP,30.0,4.0,5.766666666666667,2.7770888034454755,173.0,62.0,0.1425287356321839,0.5655172413793104,0.43448275862068964,56.0,0.25,0.32924107142857145,0.2423998519363886,1.0,0.005291005291005291,19.0,56.0,0.0
J3036_8.RCP,30.0,4.0,5.266666666666667,2.7800879282657394,158.0,62.0,0.1425287356321839,0.6206896551724138,0.3793103448275862,63.0,0.25,0.2837301587301587,0.22715891912320485,3.0,0.01818181818181818,18.0,63.0,0.0
J3036_9.RCP,30.0,4.0,5.866666666666666,2.717024516308644,176.0,62.0,0.1425287356321839,0.5218390804597701,0.4781609195402299,59.0,0.25,0.35670261941448383,0.29829828695730987,1.0,0.004807692307692308,22.0,59.0,0.0
J3037_1.RCP,30.0,4.0,5.4,2.6907248094147422,162.0,62.0,0.1425287356321839,0.5494252873563218,0.4505747126436782,46.0,0.5083333333333333,1.0551839464882944,0.8466117216117216,49.0,0.24999999999999997,49.0,85.0,36.0
J3037_10.RCP,30.0,4.0,5.4,2.870540018881465,162.0,62.0,0.1425287356321839,0.5770114942528736,0.42298850574712643,60.0,0.5083333333333333,0.6652777777777777,0.633829365079365,54.0,0.29347826086956524,40.0,87.0,27.0
J3037_2.RCP,30.0,4.0,5.266666666666667,2.8744081516413464,158.0,62.0,0.1425287356321839,0.5310344827586206,0.46896551724137936,49.0,0.5083333333333333,0.7959183673469388,0.7255690737833596,44.0,0.2156862745098039,39.0,79.0,30.0
J3037_3.RCP,30.0,4.0,5.633333333333334,2.7139557025779837,169.0,62.0,0.1425287356321839,0.5494252873563218,0.4505747126436782,52.0,0.5083333333333333,1.1094674556213018,0.7168128346012961,59.0,0.30102040816326525,58.0,90.0,32.0
J3037_4.RCP,30.0,4.0,6.333333333333333,2.211083193570267,190.0,62.0,0.1425287356321839,0.5586206896551724,0.4413793103448276,62.0,0.5083333333333333,0.967741935483871,0.676449692780338,50.0,0.2604166666666667,60.0,93.0,31.0
J3037_5.RCP,30.0,4.0,6.6,3.2721043178154736,198.0,62.0,0.1425287356321839,0.5839080459770115,0.4160919540229885,59.0,0.5083333333333333,0.9011299435028248,0.7747175141242938,42.0,0.23204419889502761,54.0,99.0,40.0
J3037_6.RCP,30.0,4.0,5.7,3.184860017855311,171.0,62.0,0.1425287356321839,0.6436781609195402,0.3563218390804598,50.0,0.5083333333333333,0.862,0.7120952380952381,41.0,0.2645161290322581,44.0,98.0,48.0
J3037_7.RCP,30.0,4.0,5.433333333333334,2.848196310337864,163.0,62.0,0.1425287356321839,0.535632183908046,0.464367816091954,54.0,0.5083333333333333,0.8789173789173789,0.730112094695428,74.0,0.3663366336633664,48.0,102.0,48.0
J3037_8.RCP,30.0,4.0,5.5,3.4713109915419564,165.0,62.0,0.1425287356321839,0.5609195402298851,0.4390804597701149,57.0,0.5083333333333333,0.8567251461988304,0.7134502923976608,78.0,0.4083769633507854,49.0,83.0,26.0
J3037_9.RCP,30.0,4.0,4.133333333333334,2.6674998698323407,124.0,62.0,0.1425287356321839,0.5908045977011495,0.40919540229885054,46.0,0.5083333333333333,0.7119565217391305,0.6628249467923382,51.0,0.2865168539325843,33.0,67.0,21.0
J3038_1.RCP,30.0,4.0,5.166666666666667,2.805748068202529,155.0,62.0,0.1425287356321839,0.5747126436781609,0.4252873563218391,46.0,0.5083333333333333,0.5698757763975155,0.510861953477043,11.0,0.05945945945945945,27.0,55.0,9.0
J3038_10.RCP,30.0,4.0,5.733333333333333,2.6574841903993,172.0,62.0,0.1425287356321839,0.593103448275862,0.40689655172413797,57.0,0.5083333333333333,0.5355493998153278,0.47685185185185186,5.0,0.028248587570621465,31.0,67.0,10.0
J3038_2.RCP,30.0,4.0,5.466666666666667,2.997035572398536,164.0,62.0,0.1425287356321839,0.5586206896551724,0.4413793103448276,50.0,0.5083333333333333,0.5623529411764706,0.47214538658272676,7.0,0.036458333333333336,29.0,61.0,11.0
J3038_3.RCP,30.0,4.0,5.033333333333333,3.2504700514780254,151.0,62.0,0.1425287356321839,0.5379310344827586,0.4620689655172414,53.0,0.5083333333333333,0.6037735849056604,0.5342601787487586,15.0,0.07462686567164178,32.0,65.0,12.0
J3038_4.RCP,30.0,4.0,6.166666666666667,2.5830645021412497,185.0,62.0,0.1425287356321839,0.6,0.4,56.0,0.5083333333333333,0.5667293233082706,0.5125900689223057,4.0,0.022988505747126436,32.0,71.0,15.0
J3038_5.RCP,30.0,4.0,6.2,2.891366458960192,186.0,62.0,0.1425287356321839,0.5632183908045977,0.4367816091954023,62.0,0.5083333333333333,0.6384408602150538,0.5430555555555555,13.0,0.06842105263157895,40.0,72.0,10.0
J3038_6.RCP,30.0,4.0,5.633333333333334,2.971905486757986,169.0,62.0,0.1425287356321839,0.6068965517241379,0.3931034482758621,63.0,0.5083333333333333,0.5724206349206349,0.47969576719576723,13.0,0.07602339181286549,37.0,69.0,6.0
J3038_7.RCP,30.0,4.0,5.1,3.003886371574886,153.0,62.0,0.1425287356321839,0.5218390804597701,0.4781609195402299,63.0,0.5083333333333333,0.5264550264550265,0.39715608465608465,8.0,0.038461538461538464,34.0,69.0,6.0
J3038_8.RCP,30.0,4.0,5.533333333333333,2.825282680055612,166.0,62.0,0.1425287356321839,0.5724137931034483,0.4275862068965517,53.0,0.5083333333333333,0.5932914046121593,0.5710895157162589,8.0,0.043010752688172046,32.0,65.0,12.0
J3038_9.RCP,30.0,4.0,5.666666666666667,2.9021065146238554,170.0,62.0,0.1425287356321839,0.5540229885057472,0.44597701149425284,56.0,0.5083333333333333,0.6547619047619048,0.5205543154761905,9.0,0.046391752577319596,37.0,65.0,9.0
J3039_1.RCP,30.0,4.0,5.7,2.66020049369717,171.0,62.0,0.1425287356321839,0.5540229885057472,0.44597701149425284,55.0,0.5083333333333333,0.5209090909090909,0.4183585858585859,1.0,0.005154639175257733,29.0,56.0,1.0
J3039_10.RCP,30.0,4.0,5.266666666666667,3.265305839002255,158.0,62.0,0.1425287356321839,0.593103448275862,0.40689655172413797,58.0,0.5083333333333333,0.5431034482758621,0.4442153923038481,6.0,0.033898305084745756,32.0,62.0,4.0
J3039_2.RCP,30.0,4.0,5.466666666666667,2.985892756874492,164.0,62.0,0.1425287356321839,0.5540229885057472,0.44597701149425284,54.0,0.5083333333333333,0.5123456790123457,0.489286992306316,3.0,0.015463917525773198,28.0,56.0,2.0
J3039_3.RCP,30.0,4.0,5.7,2.968164415931166,171.0,62.0,0.1425287356321839,0.5701149425287356,0.4298850574712644,53.0,0.5083333333333333,0.5224056603773585,0.4384815482796892,4.0,0.0213903743315508,28.0,55.0,2.0
J3039_4.RCP,30.0,4.0,6.066666666666666,2.9544693074880453,182.0,62.0,0.1425287356321839,0.5103448275862069,0.4896551724137931,53.0,0.5083333333333333,0.6199460916442049,0.49346825373644987,2.0,0.009389671361502348,33.0,63.0,10.0
J3039_5.RCP,30.0,4.0,5.466666666666667,2.9295430056959773,164.0,62.0,0.1425287356321839,0.5494252873563218,0.4505747126436782,55.0,0.5083333333333333,0.4553030303030303,0.41840367965367964,5.0,0.02551020408163265,26.0,59.0,4.0
J3039_6.RCP,30.0,4.0,6.1,3.144837038703278,183.0,62.0,0.1425287356321839,0.5885057471264368,0.4114942528735632,60.0,0.5083333333333333,0.5416666666666666,0.4229963768115942,8.0,0.0446927374301676,33.0,71.0,11.0
J3039_7.RCP,30.0,4.0,4.366666666666666,2.68927912687066,131.0,62.0,0.1425287356321839,0.5448275862068965,0.45517241379310347,49.0,0.5083333333333333,0.5051020408163265,0.37466725820763086,11.0,0.05555555555555555,25.0,56.0,7.0
J3039_8.RCP,30.0,4.0,6.666666666666667,2.2997584414213788,200.0,62.0,0.1425287356321839,0.5471264367816092,0.4528735632183908,67.0,0.5083333333333333,0.43462686567164177,0.34476990049751244,3.0,0.015228426395939087,30.0,67.0,0.0
J3039_9.RCP,30.0,4.0,5.866666666666666,2.9747082023097473,176.0,62.0,0.1425287356321839,0.6137931034482759,0.38620689655172413,58.0,0.5083333333333333,0.45841784989858014,0.4096988795518207,5.0,0.02976190476190476,27.0,65.0,7.0
J303_1.RCP,30.0,4.0,6.833333333333333,3.0559595692497123,205.0,42.0,0.09655172413793103,0.4045977011494253,0.5954022988505747,72.0,0.25,0.3175925925925926,0.25976769179894177,9.0,0.03474903474903475,23.0,88.0,16.0
J303_10.RCP,30.0,4.0,5.9,2.6627053911388696,177.0,42.0,0.09655172413793103,0.37701149425287356,0.6229885057471265,57.0,0.25,0.4099722991689751,0.3129410697797125,7.0,0.025830258302583026,24.0,60.0,3.0
J303_2.RCP,30.0,4.0,4.766666666666667,2.6543465402157937,143.0,42.0,0.09655172413793103,0.31724137931034485,0.6827586206896552,39.0,0.25,0.4238310708898944,0.32337229763700354,3.0,0.010101010101010102,17.0,40.0,1.0
J303_3.RCP,30.0,4.0,5.9,2.9137604568666933,177.0,42.0,0.09655172413793103,0.35172413793103446,0.6482758620689655,57.0,0.25,0.3742690058479532,0.3088206627680312,9.0,0.031914893617021274,22.0,64.0,7.0
J303_4.RCP,30.0,4.0,6.366666666666666,2.960668092771555,191.0,42.0,0.09655172413793103,0.49195402298850577,0.5080459770114942,98.0,0.25,0.35992578849721707,0.27704661410018555,20.0,0.09049773755656108,36.0,103.0,5.0
J303_5.RCP,30.0,4.0,6.0,2.932575659723036,180.0,42.0,0.09655172413793103,0.3448275862068966,0.6551724137931034,46.0,0.25,0.483695652173913,0.38718482604352167,17.0,0.05964912280701754,23.0,53.0,7.0
J303_6.RCP,30.0,4.0,5.433333333333334,3.3534393621408394,163.0,42.0,0.09655172413793103,0.3793103448275862,0.6206896551724138,53.0,0.25,0.3632075471698113,0.28477939775109584,8.0,0.02962962962962963,20.0,54.0,1.0
J303_7.RCP,30.0,4.0,4.933333333333334,2.6699979192667715,148.0,42.0,0.09655172413793103,0.296551724137931,0.703448275862069,48.0,0.25,0.31994047619047616,0.22934854497354495,6.0,0.019607843137254898,16.0,48.0,0.0
J303_8.RCP,30.0,4.0,5.166666666666667,2.8411656449813383,155.0,42.0,0.09655172413793103,0.3195402298850575,0.6804597701149425,54.0,0.25,0.32098765432098764,0.2691669260296711,15.0,0.05067567567567568,18.0,54.0,0.0
J303_9.RCP,30.0,4.0,5.266666666666667,2.9992591677871983,158.0,42.0,0.09655172413793103,0.3471264367816092,0.6528735632183909,60.0,0.25,0.37222222222222223,0.27349039849039847,15.0,0.0528169014084507,23.0,65.0,5.0
J3040_1.RCP,30.0,4.0,6.1,2.6375493676264465,183.0,62.0,0.1425287356321839,0.5402298850574713,0.45977011494252873,51.0,0.5083333333333333,0.5947712418300654,0.4476845662507427,4.0,0.02,31.0,51.0,0.0
J3040_10.RCP,30.0,4.0,5.933333333333334,2.5024432505497947,178.0,62.0,0.1425287356321839,0.5724137931034483,0.4275862068965517,51.0,0.5083333333333333,0.45524296675191817,0.43887823245240126,0.0,0.0,24.0,51.0,0.0
J3040_2.RCP,30.0,4.0,5.7,3.045762083069961,171.0,62.0,0.1425287356321839,0.5333333333333333,0.4666666666666667,56.0,0.5083333333333333,0.49464285714285716,0.33995692505929576,0.0,0.0,28.0,56.0,0.0
J3040_3.RCP,30.0,4.0,5.333333333333333,3.409138046812159,160.0,62.0,0.1425287356321839,0.5287356321839081,0.47126436781609193,57.0,0.5083333333333333,0.3746130030959752,0.3185723925179388,2.0,0.00975609756097561,22.0,57.0,0.0
J3040_4.RCP,30.0,4.0,5.833333333333333,2.9674156357941426,175.0,62.0,0.1425287356321839,0.5655172413793104,0.43448275862068964,57.0,0.5083333333333333,0.48278102664067574,0.38387106792034553,2.0,0.010582010582010581,28.0,57.0,0.0
J3040_5.RCP,30.0,4.0,5.9,2.9137604568666933,177.0,62.0,0.1425287356321839,0.5816091954022988,0.41839080459770117,65.0,0.5083333333333333,0.41965811965811967,0.34194749694749693,0.0,0.0,28.0,65.0,0.0
J3040_6.RCP,30.0,4.0,5.533333333333333,3.019197833126467,166.0,62.0,0.1425287356321839,0.6252873563218391,0.37471264367816093,60.0,0.5083333333333333,0.39666666666666667,0.3695934744268078,4.0,0.024539877300613498,24.0,60.0,0.0
J3040_7.RCP,30.0,4.0,5.766666666666667,2.577897506798041,173.0,62.0,0.1425287356321839,0.5471264367816092,0.4528735632183908,46.0,0.5083333333333333,0.5237771739130435,0.4178413603725837,0.0,0.0,25.0,46.0,0.0
J3040_8.RCP,30.0,4.0,5.9,2.797022226106424,177.0,62.0,0.1425287356321839,0.535632183908046,0.464367816091954,57.0,0.5083333333333333,0.571150097465887,0.4304564248786217,1.0,0.004950495049504951,33.0,57.0,0.0
J3040_9.RCP,30.0,4.0,6.233333333333333,3.0296681153038674,187.0,62.0,0.1425287356321839,0.5609195402298851,0.4390804597701149,64.0,0.5083333333333333,0.5087890625,0.40317940848214284,4.0,0.020942408376963356,33.0,64.0,0.0
J3041_1.RCP,30.0,4.0,5.666666666666667,2.5210227201585385,170.0,62.0,0.1425287356321839,0.6,0.4,50.0,0.7583333333333333,1.1506666666666667,1.0024423076923077,77.0,0.4425287356321839,58.0,115.0,57.0
J3041_10.RCP,30.0,4.0,6.1,2.936551265231604,183.0,62.0,0.1425287356321839,0.5172413793103449,0.48275862068965514,59.0,0.7583333333333333,1.1222760290556901,0.9662926056993855,111.0,0.5285714285714287,67.0,115.0,48.0
J3041_2.RCP,30.0,4.0,5.5,2.5527762664727724,165.0,62.0,0.1425287356321839,0.5816091954022988,0.41839080459770117,49.0,0.7583333333333333,1.2040816326530612,1.0163002701080432,67.0,0.36813186813186816,59.0,100.0,41.0
J3041_3.RCP,30.0,4.0,5.1,3.0149626863362675,153.0,62.0,0.1425287356321839,0.5517241379310345,0.4482758620689655,59.0,0.7583333333333333,1.049636803874092,0.8625632841734536,89.0,0.4564102564102564,62.0,105.0,43.0
J3041_4.RCP,30.0,4.0,5.066666666666666,2.9881246441353295,152.0,62.0,0.1425287356321839,0.5609195402298851,0.4390804597701149,47.0,0.7583333333333333,1.0407801418439717,0.9458333333333333,73.0,0.3821989528795812,49.0,96.0,47.0
J3041_5.RCP,30.0,4.0,6.733333333333333,2.5024432505497947,202.0,62.0,0.1425287356321839,0.6229885057471264,0.3770114942528736,63.0,0.7583333333333333,1.0453514739229024,0.9789800642479214,60.0,0.3658536585365853,66.0,119.0,53.0
J3041_6.RCP,30.0,4.0,5.166666666666667,2.709038369770515,155.0,62.0,0.1425287356321839,0.5494252873563218,0.4505747126436782,65.0,0.7583333333333333,0.9763313609467456,0.8592679756141294,111.0,0.5663265306122448,64.0,111.0,46.0
J3041_7.RCP,30.0,4.0,6.033333333333333,2.5623340054636814,181.0,62.0,0.1425287356321839,0.5586206896551724,0.4413793103448276,56.0,0.7583333333333333,1.1377551020408163,0.9932545133437991,82.0,0.4270833333333333,64.0,106.0,42.0
J3041_8.RCP,30.0,4.0,6.166666666666667,2.757817172249741,185.0,62.0,0.1425287356321839,0.5195402298850574,0.48045977011494256,55.0,0.7583333333333333,1.1442424242424243,1.0703579753579753,77.0,0.36842105263157887,63.0,97.0,34.0
J3041_9.RCP,30.0,4.0,5.433333333333334,3.0186457596449143,163.0,62.0,0.1425287356321839,0.542528735632184,0.45747126436781604,69.0,0.7583333333333333,0.8361204013377926,0.7926247212931995,91.0,0.4572864321608041,58.0,125.0,56.0
J3042_1.RCP,30.0,4.0,5.5,2.6044833140823407,165.0,62.0,0.1425287356321839,0.535632183908046,0.464367816091954,58.0,0.7583333333333333,0.5956896551724138,0.5236439943903646,0.0,0.0,35.0,69.0,11.0
J3042_10.RCP,30.0,4.0,5.966666666666667,3.1035821597344935,179.0,62.0,0.1425287356321839,0.5793103448275863,0.42068965517241375,75.0,0.7583333333333333,0.5873015873015873,0.538362433862434,1.0,0.005464480874316941,45.0,76.0,1.0
J3042_2.RCP,30.0,4.0,5.133333333333334,2.704728370013439,154.0,62.0,0.1425287356321839,0.5402298850574713,0.45977011494252873,47.0,0.7583333333333333,0.7848699763593381,0.676272279527063,1.0,0.005,37.0,60.0,13.0
J3042_3.RCP,30.0,4.0,5.833333333333333,3.0885091693062674,175.0,62.0,0.1425287356321839,0.5839080459770115,0.4160919540229885,54.0,0.7583333333333333,0.7602880658436214,0.647225450259076,1.0,0.0055248618784530384,42.0,65.0,11.0
J3042_4.RCP,30.0,4.0,4.633333333333334,2.6768555350551804,139.0,62.0,0.1425287356321839,0.5333333333333333,0.4666666666666667,42.0,0.7583333333333333,0.8624338624338624,0.7178390679943475,3.0,0.014778325123152709,37.0,53.0,11.0
J3042_5.RCP,30.0,4.0,5.2,2.6381811916545836,156.0,62.0,0.1425287356321839,0.5494252873563218,0.4505747126436782,52.0,0.7583333333333333,0.7433110367892977,0.6115328874024526,1.0,0.00510204081632653,39.0,67.0,15.0
J3042_6.RCP,30.0,4.0,5.566666666666666,2.654346540215794,167.0,62.0,0.1425287356321839,0.593103448275862,0.40689655172413797,58.0,0.7583333333333333,0.7150101419878296,0.6139519398433672,3.0,0.016949152542372878,42.0,71.0,13.0
J3042_7.RCP,30.0,4.0,5.8,2.9709706606876254,174.0,62.0,0.1425287356321839,0.5885057471264368,0.4114942528735632,65.0,0.7583333333333333,0.7384615384615385,0.5569957983193278,1.0,0.00558659217877095,48.0,72.0,7.0
J3042_8.RCP,30.0,4.0,5.633333333333334,2.915285387211497,169.0,62.0,0.1425287356321839,0.5839080459770115,0.4160919540229885,67.0,0.7583333333333333,0.6935908691834943,0.5823776338893767,25.0,0.13812154696132597,47.0,83.0,16.0
J3042_9.RCP,30.0,4.0,5.966666666666667,3.1883468373995263,179.0,62.0,0.1425287356321839,0.5172413793103449,0.48275862068965514,59.0,0.7583333333333333,0.716572504708098,0.6819244561002982,14.0,0.06666666666666668,43.0,69.0,10.0
J3043_1.RCP,30.0,4.0,5.266666666666667,2.448582356294261,158.0,62.0,0.1425287356321839,0.5540229885057472,0.44597701149425284,53.0,0.7583333333333333,0.7285115303983228,0.65842386125405,4.0,0.02061855670103093,39.0,63.0,10.0
J3043_10.RCP,30.0,4.0,5.166666666666667,2.864534090485843,155.0,62.0,0.1425287356321839,0.5908045977011495,0.40919540229885054,59.0,0.7583333333333333,0.5824345146379045,0.542969403477878,1.0,0.005617977528089888,35.0,63.0,4.0
J3043_2.RCP,30.0,4.0,4.9,2.7610384519838425,147.0,62.0,0.1425287356321839,0.5287356321839081,0.47126436781609193,43.0,0.7583333333333333,0.5720930232558139,0.5648255813953489,0.0,0.0,25.0,51.0,8.0
J3043_3.RCP,30.0,4.0,6.0,2.8284271247461903,180.0,62.0,0.1425287356321839,0.535632183908046,0.464367816091954,55.0,0.7583333333333333,0.716017316017316,0.6275573593073593,0.0,0.0,40.0,67.0,12.0
J3043_4.RCP,30.0,4.0,5.133333333333334,2.9522119767312707,154.0,62.0,0.1425287356321839,0.5517241379310345,0.4482758620689655,67.0,0.7583333333333333,0.5513059701492538,0.4828437336972427,11.0,0.05641025641025641,37.0,71.0,4.0
J3043_5.RCP,30.0,4.0,6.0,2.7325202042558927,180.0,62.0,0.1425287356321839,0.5632183908045977,0.4367816091954023,62.0,0.7583333333333333,0.6998207885304659,0.5934779825908858,2.0,0.010526315789473684,44.0,74.0,12.0
J3043_6.RCP,30.0,4.0,5.533333333333333,3.2117838587855743,166.0,62.0,0.1425287356321839,0.6252873563218391,0.37471264367816093,56.0,0.7583333333333333,0.5648496240601504,0.5152950291210983,0.0,0.0,32.0,59.0,3.0
J3043_7.RCP,30.0,4.0,5.666666666666667,3.003701420285016,170.0,62.0,0.1425287356321839,0.5402298850574713,0.45977011494252873,52.0,0.7583333333333333,0.5725524475524476,0.5160306405550971,0.0,0.0,30.0,54.0,2.0
J3043_8.RCP,30.0,4.0,5.666666666666667,3.0147784145586702,170.0,62.0,0.1425287356321839,0.632183908045977,0.367816091954023,62.0,0.7583333333333333,0.6806451612903226,0.5765841013824885,0.0,0.0,43.0,69.0,7.0
J3043_9.RCP,30.0,4.0,5.4,3.362538723444931,162.0,62.0,0.1425287356321839,0.5402298850574713,0.45977011494252873,56.0,0.7583333333333333,0.6125,0.4862761151891587,0.0,0.0,35.0,66.0,10.0
J3044_1.RCP,30.0,4.0,5.0,2.816617356570348,150.0,62.0,0.1425287356321839,0.5287356321839081,0.47126436781609193,50.0,0.7583333333333333,0.5311111111111111,0.47471848864994026,0.0,0.0,27.0,50.0,0.0
J3044_10.RCP,30.0,4.0,6.1,2.9704096238285613,183.0,62.0,0.1425287356321839,0.5747126436781609,0.4252873563218391,63.0,0.7583333333333333,0.4567332309267793,0.40689077533412044,0.0,0.0,29.0,63.0,0.0
J3044_2.RCP,30.0,4.0,6.533333333333333,2.6549743668986507,196.0,62.0,0.1425287356321839,0.5540229885057472,0.44597701149425284,54.0,0.7583333333333333,0.6140740740740741,0.5431398307977829,0.0,0.0,34.0,54.0,0.0
J3044_3.RCP,30.0,4.0,6.1,2.936551265231604,183.0,62.0,0.1425287356321839,0.535632183908046,0.464367816091954,51.0,0.7583333333333333,0.4594594594594595,0.40318331724581724,0.0,0.0,24.0,51.0,0.0
J3044_4.RCP,30.0,4.0,5.733333333333333,2.9881246441353295,172.0,62.0,0.1425287356321839,0.6436781609195402,0.3563218390804598,57.0,0.7583333333333333,0.5987795575896262,0.48626246409818824,0.0,0.0,35.0,57.0,0.0
J3044_5.RCP,30.0,4.0,6.5,2.6044833140823407,195.0,62.0,0.1425287356321839,0.5172413793103449,0.48275862068965514,55.0,0.7583333333333333,0.5746556473829201,0.4642346307860142,0.0,0.0,32.0,55.0,0.0
J3044_6.RCP,30.0,4.0,5.066666666666666,2.999259167787198,152.0,62.0,0.1425287356321839,0.6160919540229886,0.38390804597701145,56.0,0.7583333333333333,0.4491758241758242,0.4095685009970724,0.0,0.0,26.0,56.0,0.0
J3044_7.RCP,30.0,4.0,5.4,2.8237091446063163,162.0,62.0,0.1425287356321839,0.5517241379310345,0.4482758620689655,42.0,0.7583333333333333,0.6428571428571429,0.5090199255377826,0.0,0.0,27.0,42.0,0.0
J3044_8.RCP,30.0,4.0,5.1,2.6121510931286753,153.0,62.0,0.1425287356321839,0.542528735632184,0.45747126436781604,49.0,0.7583333333333333,0.54421768707483,0.5056143336455461,0.0,0.0,27.0,49.0,0.0
J3044_9.RCP,30.0,4.0,5.3,2.8183919765237295,159.0,62.0,0.1425287356321839,0.6344827586206897,0.3655172413793103,64.0,0.7583333333333333,0.4744318181818182,0.3981412372094817,0.0,0.0,31.0,64.0,0.0
J3045_1.RCP,30.0,4.0,5.033333333333333,2.626573602412255,151.0,62.0,0.1425287356321839,0.5632183908045977,0.4367816091954023,53.0,1.0,1.1401617250673854,1.0803459119496857,107.0,0.5631578947368421,61.0,106.0,45.0
J3045_10.RCP,30.0,4.0,5.333333333333333,2.890597785157173,160.0,62.0,0.1425287356321839,0.6206896551724138,0.3793103448275862,58.0,1.0,1.0885057471264368,1.0170848727422004,92.0,0.5575757575757576,64.0,107.0,43.0
J3045_2.RCP,30.0,4.0,5.5,3.1490739379485304,165.0,62.0,0.1425287356321839,0.5816091954022988,0.41839080459770117,63.0,1.0,1.3206349206349206,1.1490362811791381,130.0,0.7142857142857143,84.0,136.0,52.0
J3045_3.RCP,30.0,4.0,5.6,2.9507061301774304,168.0,62.0,0.1425287356321839,0.593103448275862,0.40689655172413797,57.0,1.0,1.155195681511471,1.0682475419317525,90.0,0.5084745762711863,66.0,118.0,52.0
J3045_4.RCP,30.0,4.0,5.9,2.4269322199023193,177.0,62.0,0.1425287356321839,0.5586206896551724,0.4413793103448276,59.0,1.0,1.0553672316384182,1.001379195746095,58.0,0.3020833333333333,63.0,99.0,36.0
J3045_5.RCP,30.0,4.0,5.166666666666667,3.088509169306267,155.0,62.0,0.1425287356321839,0.6022988505747127,0.39770114942528734,58.0,1.0,1.0537525354969575,0.999239350912779,67.0,0.3872832369942196,62.0,108.0,46.0
J3045_6.RCP,30.0,4.0,6.5,2.7778888866667555,195.0,62.0,0.1425287356321839,0.5678160919540229,0.43218390804597706,70.0,1.0,1.2692307692307692,1.1516875981161696,135.0,0.7180851063829786,89.0,152.0,63.0
J3045_7.RCP,30.0,4.0,5.833333333333333,2.989797466198821,175.0,62.0,0.1425287356321839,0.5816091954022988,0.41839080459770117,72.0,1.0,0.9551282051282052,0.895776098901099,113.0,0.6208791208791209,69.0,121.0,49.0
J3045_8.RCP,30.0,4.0,4.766666666666667,2.917571288284525,143.0,62.0,0.1425287356321839,0.6022988505747127,0.39770114942528734,65.0,1.0,0.9349112426035503,0.8507790927021696,85.0,0.4913294797687861,61.0,105.0,40.0
J3045_9.RCP,30.0,4.0,5.166666666666667,2.805748068202529,155.0,62.0,0.1425287356321839,0.5517241379310345,0.4482758620689655,50.0,1.0,1.2184615384615385,1.1113800904977373,67.0,0.3435897435897436,61.0,103.0,42.0
J3046_1.RCP,30.0,4.0,5.033333333333333,3.1356374506983777,151.0,62.0,0.1425287356321839,0.5471264367816092,0.4528735632183908,58.0,1.0,0.7034482758620689,0.6334154351395731,0.0,0.0,41.0,69.0,11.0
J3046_10.RCP,30.0,4.0,5.1,3.003886371574886,153.0,62.0,0.1425287356321839,0.5402298850574713,0.45977011494252873,46.0,1.0,0.8219461697722568,0.7684595698182655,0.0,0.0,38.0,58.0,12.0
J3046_2.RCP,30.0,4.0,6.366666666666666,2.483053675528492,191.0,62.0,0.1425287356321839,0.5770114942528736,0.42298850574712643,64.0,1.0,0.8247282608695652,0.764749439023386,0.0,0.0,53.0,72.0,8.0
J3046_3.RCP,30.0,4.0,5.566666666666666,2.4722908854384875,167.0,62.0,0.1425287356321839,0.5402298850574713,0.45977011494252873,64.0,1.0,0.8295454545454546,0.6967638339920947,0.0,0.0,54.0,73.0,9.0
J3046_4.RCP,30.0,4.0,6.066666666666666,2.792052212182923,182.0,62.0,0.1425287356321839,0.5816091954022988,0.41839080459770117,60.0,1.0,0.8691666666666666,0.7499579156223892,0.0,0.0,53.0,77.0,17.0
J3046_5.RCP,30.0,4.0,6.366666666666666,2.810496199764178,191.0,62.0,0.1425287356321839,0.5494252873563218,0.4505747126436782,56.0,1.0,0.7870879120879121,0.7476933408853051,0.0,0.0,45.0,65.0,9.0
J3046_6.RCP,30.0,4.0,5.566666666666666,2.679344861881144,167.0,62.0,0.1425287356321839,0.5471264367816092,0.4528735632183908,56.0,1.0,0.7426948051948052,0.7041881352343309,0.0,0.0,42.0,70.0,14.0
J3046_7.RCP,30.0,4.0,5.066666666666666,2.780087928265739,152.0,62.0,0.1425287356321839,0.5701149425287356,0.4298850574712644,47.0,1.0,0.9609929078014184,0.8796631205673758,0.0,0.0,46.0,67.0,20.0
J3046_8.RCP,30.0,4.0,6.233333333333333,2.5649344804280845,187.0,62.0,0.1425287356321839,0.5770114942528736,0.42298850574712643,55.0,1.0,0.8424242424242424,0.798524720893142,0.0,0.0,47.0,67.0,12.0
J3046_9.RCP,30.0,4.0,5.033333333333333,2.6392338955756753,151.0,62.0,0.1425287356321839,0.542528735632184,0.45747126436781604,45.0,1.0,0.8938271604938272,0.7575253326919993,0.0,0.0,41.0,56.0,11.0
J3047_1.RCP,30.0,4.0,5.133333333333334,2.8015868519267593,154.0,62.0,0.1425287356321839,0.6275862068965518,0.37241379310344824,58.0,1.0,0.6259370314842578,0.5911805744854846,0.0,0.0,37.0,63.0,5.0
J3047_10.RCP,30.0,4.0,6.233333333333333,2.7286545321010416,187.0,62.0,0.1425287356321839,0.5586206896551724,0.4413793103448276,57.0,1.0,0.85,0.7351315789473685,0.0,0.0,49.0,62.0,5.0
J3047_2.RCP,30.0,4.0,5.733333333333333,2.4212026396446507,172.0,62.0,0.1425287356321839,0.5563218390804597,0.44367816091954027,59.0,1.0,0.6140808344198174,0.5833700240778904,0.0,0.0,37.0,62.0,3.0
J3047_3.RCP,30.0,4.0,6.2,2.85657137141714,186.0,62.0,0.1425287356321839,0.5701149425287356,0.4298850574712644,55.0,1.0,0.6798701298701298,0.6537748917748918,0.0,0.0,38.0,61.0,6.0
J3047_4.RCP,30.0,4.0,5.233333333333333,2.740843341422895,157.0,62.0,0.1425287356321839,0.5770114942528736,0.42298850574712643,48.0,1.0,0.7726449275362319,0.620190311745169,0.0,0.0,38.0,56.0,8.0
J3047_5.RCP,30.0,4.0,4.666666666666667,2.8790430508918914,140.0,62.0,0.1425287356321839,0.5402298850574713,0.45977011494252873,44.0,1.0,0.7776679841897233,0.6731188959993307,0.0,0.0,35.0,48.0,4.0
J3047_6.RCP,30.0,4.0,5.833333333333333,3.1313823713426556,175.0,62.0,0.1425287356321839,0.5471264367816092,0.4528735632183908,50.0,1.0,0.7623076923076924,0.6521828136800086,0.0,0.0,39.0,59.0,9.0
J3047_7.RCP,30.0,4.0,6.333333333333333,2.9021065146238554,190.0,62.0,0.1425287356321839,0.542528735632184,0.45747126436781604,60.0,1.0,0.6965277777777777,0.6380472883597883,0.0,0.0,42.0,70.0,10.0
J3047_8.RCP,30.0,4.0,5.533333333333333,2.765662468358872,166.0,62.0,0.1425287356321839,0.5540229885057472,0.44597701149425284,48.0,1.0,0.6666666666666666,0.6221400669642857,0.0,0.0,32.0,59.0,11.0
J3047_9.RCP,30.0,4.0,6.033333333333333,2.9831005495773844,181.0,62.0,0.1425287356321839,0.5770114942528736,0.42298850574712643,65.0,1.0,0.7298461538461538,0.574139082260123,0.0,0.0,48.0,73.0,8.0
J3048_1.RCP,30.0,4.0,4.733333333333333,3.2345358588555206,142.0,62.0,0.1425287356321839,0.593103448275862,0.40689655172413797,63.0,1.0,0.43867243867243866,0.4007887684579414,0.0,0.0,28.0,63.0,0.0
J3048_10.RCP,30.0,4.0,5.566666666666666,2.836468853267308,167.0,62.0,0.1425287356321839,0.5310344827586206,0.46896551724137936,54.0,1.0,0.535978835978836,0.46523761283935705,0.0,0.0,29.0,54.0,0.0
J3048_2.RCP,30.0,4.0,4.666666666666667,2.637338725980331,140.0,62.0,0.1425287356321839,0.6022988505747127,0.39770114942528734,54.0,1.0,0.4749455337690632,0.4283184875935134,0.0,0.0,26.0,54.0,0.0
J3048_3.RCP,30.0,4.0,5.233333333333333,2.740843341422895,157.0,62.0,0.1425287356321839,0.5149425287356322,0.4850574712643678,50.0,1.0,0.43377777777777776,0.40474776386404293,0.0,0.0,22.0,50.0,0.0
J3048_4.RCP,30.0,4.0,5.7,2.911471563774351,171.0,62.0,0.1425287356321839,0.5655172413793104,0.43448275862068964,57.0,1.0,0.5977443609022557,0.5016024910761754,0.0,0.0,35.0,57.0,0.0
J3048_5.RCP,30.0,4.0,5.933333333333334,3.0652170486860393,178.0,62.0,0.1425287356321839,0.5103448275862069,0.4896551724137931,58.0,1.0,0.5760998810939358,0.5217590811592175,0.0,0.0,34.0,58.0,0.0
J3048_6.RCP,30.0,4.0,5.633333333333334,3.1249888888691357,169.0,62.0,0.1425287356321839,0.5701149425287356,0.4298850574712644,58.0,1.0,0.4246305418719212,0.4067263112141408,0.0,0.0,25.0,58.0,0.0
J3048_7.RCP,30.0,4.0,5.733333333333333,2.768071932270226,172.0,62.0,0.1425287356321839,0.5632183908045977,0.4367816091954023,55.0,1.0,0.5925133689839572,0.5411160945316543,0.0,0.0,33.0,55.0,0.0
J3048_8.RCP,30.0,4.0,5.066666666666666,2.7194770739161522,152.0,62.0,0.1425287356321839,0.5908045977011495,0.40919540229885054,44.0,1.0,0.6597593582887701,0.5815742231810079,0.0,0.0,30.0,44.0,0.0
J3048_9.RCP,30.0,4.0,6.4,2.7519689920733725,192.0,62.0,0.1425287356321839,0.5448275862068965,0.45517241379310347,59.0,1.0,0.6498940677966102,0.5696765597454158,0.0,0.0,39.0,59.0,0.0
J304_1.RCP,30.0,4.0,4.733333333333333,2.5681813712344304,142.0,42.0,0.09655172413793103,0.4436781609195402,0.5563218390804598,49.0,0.25,0.29827315541601257,0.22473597830740688,5.0,0.020661157024793386,15.0,49.0,0.0
J304_10.RCP,30.0,4.0,5.233333333333333,2.871507540570903,157.0,42.0,0.09655172413793103,0.34022988505747126,0.6597701149425288,48.0,0.25,0.4708333333333333,0.3505642361111111,11.0,0.03832752613240418,23.0,48.0,0.0
J304_2.RCP,30.0,4.0,5.5,2.8136571693556887,165.0,42.0,0.09655172413793103,0.3954022988505747,0.6045977011494252,60.0,0.25,0.3933333333333333,0.2893447675512893,16.0,0.060836501901140684,24.0,60.0,0.0
J304_3.RCP,30.0,4.0,5.533333333333333,2.617038190185403,166.0,42.0,0.09655172413793103,0.31724137931034485,0.6827586206896552,47.0,0.25,0.3971631205673759,0.33685776942355894,13.0,0.04377104377104377,19.0,47.0,0.0
J304_4.RCP,30.0,4.0,5.666666666666667,3.134042472944842,170.0,42.0,0.09655172413793103,0.4689655172413793,0.5310344827586206,57.0,0.25,0.2776057791537668,0.22040073789299797,3.0,0.012987012987012988,16.0,57.0,0.0
J304_5.RCP,30.0,4.0,5.733333333333333,2.7680719322702263,172.0,42.0,0.09655172413793103,0.32873563218390806,0.6712643678160919,59.0,0.25,0.3578154425612053,0.2768427429444379,11.0,0.03767123287671233,22.0,59.0,0.0
J304_6.RCP,30.0,4.0,5.233333333333333,3.343484542941523,157.0,42.0,0.09655172413793103,0.37471264367816093,0.6252873563218391,45.0,0.25,0.4117647058823529,0.29500290486564995,5.0,0.01838235294117647,19.0,45.0,0.0
J304_7.RCP,30.0,4.0,6.5,2.404856198057034,195.0,42.0,0.09655172413793103,0.3448275862068966,0.6551724137931034,56.0,0.25,0.3888888888888889,0.2542489752311181,0.0,0.0,22.0,56.0,0.0
J304_8.RCP,30.0,4.0,5.7,2.8065399813055696,171.0,42.0,0.09655172413793103,0.39080459770114945,0.6091954022988506,55.0,0.25,0.32447552447552447,0.24507500075681893,2.0,0.007547169811320755,18.0,55.0,0.0
J304_9.RCP,30.0,4.0,4.966666666666667,2.915285387211497,149.0,42.0,0.09655172413793103,0.3195402298850575,0.6804597701149425,38.0,0.25,0.4458204334365325,0.3413693826813022,6.0,0.02027027027027027,17.0,38.0,0.0
J305_1.RCP,30.0,4.0,5.366666666666666,2.7986107664736486,161.0,42.0,0.09655172413793103,0.31724137931034485,0.6827586206896552,41.0,0.5083333333333333,0.7642276422764228,0.7165025015634772,58.0,0.19528619528619529,32.0,65.0,24.0
J305_10.RCP,30.0,4.0,5.8,2.821347195933177,174.0,42.0,0.09655172413793103,0.31264367816091954,0.6873563218390805,56.0,0.5083333333333333,0.8507653061224489,0.7257798005565863,55.0,0.18394648829431437,48.0,82.0,26.0
J305_2.RCP,30.0,4.0,6.066666666666666,2.9657301892713632,182.0,42.0,0.09655172413793103,0.31494252873563217,0.6850574712643678,56.0,0.5083333333333333,0.7589285714285714,0.7150484931734931,70.0,0.2348993288590604,43.0,99.0,43.0
J305_3.RCP,30.0,4.0,5.866666666666666,2.5525586292102194,176.0,42.0,0.09655172413793103,0.3218390804597701,0.6781609195402298,54.0,0.5083333333333333,0.896011396011396,0.712428774928775,76.0,0.2576271186440678,49.0,90.0,36.0
J305_4.RCP,30.0,4.0,6.666666666666667,2.1807236311728166,200.0,42.0,0.09655172413793103,0.28735632183908044,0.7126436781609196,43.0,0.5083333333333333,1.0852713178294573,0.9278633188516909,48.0,0.15483870967741936,47.0,71.0,24.0
J305_5.RCP,30.0,4.0,5.6,2.8589042189855425,168.0,42.0,0.09655172413793103,0.36091954022988504,0.639080459770115,58.0,0.5083333333333333,0.8908045977011494,0.6914614121510674,70.0,0.2517985611510791,52.0,95.0,37.0
J305_6.RCP,30.0,4.0,5.833333333333333,3.0120129850686603,175.0,42.0,0.09655172413793103,0.2942528735632184,0.7057471264367816,47.0,0.5083333333333333,0.837386018237082,0.7296844269622743,58.0,0.18892508143322476,40.0,74.0,27.0
J305_7.RCP,30.0,4.0,5.966666666666667,2.664374014452342,179.0,42.0,0.09655172413793103,0.24597701149425288,0.7540229885057471,43.0,0.5083333333333333,1.372093023255814,0.8976169179657552,76.0,0.23170731707317074,59.0,88.0,29.0
J305_8.RCP,30.0,4.0,5.8,2.9597297173897483,174.0,42.0,0.09655172413793103,0.33793103448275863,0.6620689655172414,53.0,0.5083333333333333,0.8975741239892183,0.7499740825212524,89.0,0.3090277777777778,48.0,82.0,29.0
J305_9.RCP,30.0,4.0,4.933333333333334,3.054322983721415,148.0,42.0,0.09655172413793103,0.3264367816091954,0.6735632183908046,38.0,0.5083333333333333,0.8319838056680162,0.767241659269523,36.0,0.12286689419795221,32.0,57.0,19.0
J306_1.RCP,30.0,4.0,5.933333333333334,2.5420901286583493,178.0,42.0,0.09655172413793103,0.35172413793103446,0.6482758620689655,54.0,0.5083333333333333,0.7270955165692008,0.5410909217488165,12.0,0.0425531914893617,40.0,66.0,12.0
J306_10.RCP,30.0,4.0,6.266666666666667,2.581128091014125,188.0,42.0,0.09655172413793103,0.3586206896551724,0.6413793103448275,58.0,0.5083333333333333,0.6888341543513957,0.5523842177937005,5.0,0.017921146953405017,40.0,79.0,21.0
J306_2.RCP,30.0,4.0,5.5,2.9860788111948193,165.0,42.0,0.09655172413793103,0.3632183908045977,0.6367816091954023,50.0,0.5083333333333333,0.6544444444444445,0.5716209150326798,13.0,0.04693140794223827,33.0,56.0,6.0
J306_3.RCP,30.0,4.0,5.4,2.8821288428289717,162.0,42.0,0.09655172413793103,0.36091954022988504,0.639080459770115,45.0,0.5083333333333333,0.6318840579710145,0.5575073660280283,2.0,0.007194244604316547,29.0,54.0,9.0
J306_4.RCP,30.0,4.0,5.633333333333334,3.049407957110509,169.0,42.0,0.09655172413793103,0.30344827586206896,0.6965517241379311,36.0,0.5083333333333333,0.8699494949494949,0.6859963606654782,3.0,0.009900990099009901,32.0,45.0,9.0
J306_5.RCP,30.0,4.0,6.6,2.751968992073372,198.0,42.0,0.09655172413793103,0.3448275862068966,0.6551724137931034,57.0,0.5083333333333333,0.8233918128654971,0.5657059314954052,15.0,0.05263157894736842,47.0,71.0,14.0
J306_6.RCP,30.0,4.0,4.666666666666667,2.4129281427805145,140.0,42.0,0.09655172413793103,0.31264367816091954,0.6873563218390805,35.0,0.5083333333333333,0.6680272108843538,0.57444024427953,7.0,0.023411371237458192,24.0,45.0,10.0
J306_7.RCP,30.0,4.0,4.966666666666667,2.6768555350551804,149.0,42.0,0.09655172413793103,0.3816091954022989,0.6183908045977011,43.0,0.5083333333333333,0.6232558139534884,0.5788014311270125,9.0,0.03345724907063197,27.0,58.0,15.0
J306_8.RCP,30.0,4.0,5.466666666666667,2.985892756874492,164.0,42.0,0.09655172413793103,0.2735632183908046,0.7264367816091954,39.0,0.5083333333333333,0.7339743589743589,0.5964895411605937,10.0,0.03164556962025317,29.0,41.0,2.0
J306_9.RCP,30.0,4.0,4.966666666666667,2.750555499450167,149.0,42.0,0.09655172413793103,0.3839080459770115,0.6160919540229886,48.0,0.5083333333333333,0.6469907407407407,0.5550604836865027,12.0,0.04477611940298507,32.0,56.0,8.0
J307_1.RCP,30.0,4.0,5.566666666666666,2.8830924754891614,167.0,42.0,0.09655172413793103,0.335632183908046,0.6643678160919539,55.0,0.5083333333333333,0.4,0.3740530303030303,9.0,0.031141868512110732,22.0,55.0,0.0
J307_10.RCP,30.0,4.0,4.866666666666666,2.765662468358872,146.0,42.0,0.09655172413793103,0.37471264367816093,0.6252873563218391,43.0,0.5083333333333333,0.640218878248974,0.5260700081066018,14.0,0.051470588235294115,28.0,56.0,13.0
J307_2.RCP,30.0,4.0,5.333333333333333,2.9925834249951255,160.0,42.0,0.09655172413793103,0.3103448275862069,0.6896551724137931,42.0,0.5083333333333333,0.6122448979591837,0.4973466238347191,8.0,0.02666666666666667,26.0,46.0,4.0
J307_3.RCP,30.0,4.0,4.933333333333334,2.7680719322702263,148.0,42.0,0.09655172413793103,0.335632183908046,0.6643678160919539,39.0,0.5083333333333333,0.6515837104072398,0.525839071414519,2.0,0.006920415224913496,26.0,49.0,10.0
J307_4.RCP,30.0,4.0,5.2,2.5871477215909673,156.0,42.0,0.09655172413793103,0.3264367816091954,0.6735632183908046,44.0,0.5083333333333333,0.5404040404040404,0.47590505899329427,6.0,0.020477815699658702,24.0,51.0,7.0
J307_5.RCP,30.0,4.0,6.0,2.9552213679068666,180.0,42.0,0.09655172413793103,0.30114942528735633,0.6988505747126437,41.0,0.5083333333333333,0.7095343680709535,0.5780320627881603,1.0,0.003289473684210526,30.0,46.0,5.0
J307_6.RCP,30.0,4.0,4.266666666666667,2.682453271830761,128.0,42.0,0.09655172413793103,0.28735632183908044,0.7126436781609196,35.0,0.5083333333333333,0.48435374149659866,0.45506033831156983,0.0,0.0,17.0,37.0,2.0
J307_7.RCP,30.0,4.0,5.4,3.1685959035509716,162.0,42.0,0.09655172413793103,0.3471264367816092,0.6528735632183909,50.0,0.5083333333333333,0.564,0.47885573122529645,6.0,0.02112676056338028,29.0,52.0,2.0
J307_8.RCP,30.0,4.0,5.766666666666667,2.5649344804280845,173.0,42.0,0.09655172413793103,0.31264367816091954,0.6873563218390805,43.0,0.5083333333333333,0.7531305903398927,0.555495061056234,22.0,0.07357859531772576,33.0,45.0,2.0
J307_9.RCP,30.0,4.0,5.166666666666667,3.0009257830802074,155.0,42.0,0.09655172413793103,0.34942528735632183,0.6505747126436782,56.0,0.5083333333333333,0.5,0.39263197055137844,8.0,0.028268551236749116,28.0,73.0,17.0
J308_1.RCP,30.0,4.0,4.9,2.8907899727698423,147.0,42.0,0.09655172413793103,0.3563218390804598,0.6436781609195402,44.0,0.5083333333333333,0.4991258741258741,0.42337238323682247,0.0,0.0,22.0,44.0,0.0
J308_10.RCP,30.0,4.0,5.5,2.3202011407059806,165.0,42.0,0.09655172413793103,0.4068965517241379,0.5931034482758621,67.0,0.5083333333333333,0.3524046434494196,0.28888918931910496,1.0,0.003875968992248061,24.0,67.0,0.0
J308_2.RCP,30.0,4.0,6.066666666666666,2.475659283683619,182.0,42.0,0.09655172413793103,0.35172413793103446,0.6482758620689655,51.0,0.5083333333333333,0.3935091277890467,0.3292250599299281,0.0,0.0,21.0,51.0,0.0
J308_3.RCP,30.0,4.0,6.066666666666666,2.719477073916152,182.0,42.0,0.09655172413793103,0.2689655172413793,0.7310344827586207,53.0,0.5083333333333333,0.4563679245283019,0.3500553742562129,1.0,0.0031446540880503146,25.0,53.0,0.0
J308_4.RCP,30.0,4.0,5.0,2.74469184669852,150.0,42.0,0.09655172413793103,0.3195402298850575,0.6804597701149425,48.0,0.5083333333333333,0.4263888888888889,0.3464527952011151,1.0,0.0033783783783783786,21.0,48.0,0.0
J308_5.RCP,30.0,4.0,5.933333333333334,2.5420901286583493,178.0,42.0,0.09655172413793103,0.36551724137931035,0.6344827586206896,58.0,0.5083333333333333,0.49294670846394983,0.3633315917798677,0.0,0.0,29.0,58.0,0.0
J308_6.RCP,30.0,4.0,6.233333333333333,3.2627527573439514,187.0,42.0,0.09655172413793103,0.30114942528735633,0.6988505747126437,47.0,0.5083333333333333,0.4927659574468085,0.3936030235162374,0.0,0.0,24.0,47.0,0.0
J308_7.RCP,30.0,4.0,5.233333333333333,2.3760377849595646,157.0,42.0,0.09655172413793103,0.3080459770114943,0.6919540229885057,41.0,0.5083333333333333,0.42886178861788615,0.34924965559444243,0.0,0.0,18.0,41.0,0.0
J308_8.RCP,30.0,4.0,5.166666666666667,3.034065845619629,155.0,42.0,0.09655172413793103,0.31724137931034485,0.6827586206896552,51.0,0.5083333333333333,0.48257080610021785,0.39740963557140024,0.0,0.0,25.0,51.0,0.0
J308_9.RCP,30.0,4.0,5.533333333333333,2.334285520001546,166.0,42.0,0.09655172413793103,0.2689655172413793,0.7310344827586207,39.0,0.5083333333333333,0.46923076923076923,0.3550099826017512,0.0,0.0,19.0,39.0,0.0
J309_1.RCP,30.0,4.0,5.5,1.7654083569153813,165.0,42.0,0.09655172413793103,0.3448275862068966,0.6551724137931034,55.0,0.7583333333333333,1.0412121212121213,0.9152137445887445,103.0,0.36140350877192984,58.0,107.0,49.0
J309_10.RCP,30.0,4.0,6.2,2.4953289696283862,186.0,42.0,0.09655172413793103,0.37471264367816093,0.6252873563218391,63.0,0.7583333333333333,1.0736961451247165,0.8460093973486831,90.0,0.33088235294117646,68.0,107.0,39.0
J309_2.RCP,30.0,4.0,5.366666666666666,2.6643740144523416,161.0,42.0,0.09655172413793103,0.35402298850574715,0.6459770114942529,45.0,0.7583333333333333,1.385185185185185,1.215923890923891,142.0,0.505338078291815,63.0,108.0,45.0
J309_3.RCP,30.0,4.0,5.533333333333333,2.777688887466621,166.0,42.0,0.09655172413793103,0.2988505747126437,0.7011494252873562,48.0,0.7583333333333333,0.9855769230769231,0.9214895978634369,111.0,0.3639344262295083,48.0,103.0,55.0
J309_4.RCP,30.0,4.0,5.5,2.8722813232690143,165.0,42.0,0.09655172413793103,0.3057471264367816,0.6942528735632184,52.0,0.7583333333333333,1.0705128205128205,0.943924565018315,79.0,0.26158940397350994,56.0,81.0,25.0
J309_5.RCP,30.0,4.0,4.633333333333334,2.7139557025779837,139.0,42.0,0.09655172413793103,0.3793103448275862,0.6206896551724138,53.0,0.7583333333333333,0.9056603773584906,0.7215717654986523,102.0,0.37777777777777777,48.0,78.0,25.0
J309_6.RCP,30.0,4.0,4.866666666666666,3.116978594016256,146.0,42.0,0.09655172413793103,0.3218390804597701,0.6781609195402298,47.0,0.7583333333333333,0.9078014184397163,0.7979814511729406,84.0,0.2847457627118644,43.0,77.0,30.0
J309_7.RCP,30.0,4.0,5.366666666666666,3.0603195185397807,161.0,42.0,0.09655172413793103,0.33793103448275863,0.6620689655172414,41.0,0.7583333333333333,1.170731707317073,1.0034433285509325,62.0,0.2152777777777778,48.0,76.0,28.0
J309_8.RCP,30.0,4.0,6.433333333333334,3.169472441204617,193.0,42.0,0.09655172413793103,0.3448275862068966,0.6551724137931034,54.0,0.7583333333333333,1.2234567901234568,1.0415123456790123,109.0,0.3824561403508772,67.0,116.0,49.0
J309_9.RCP,30.0,4.0,4.5,2.276693508870558,135.0,42.0,0.09655172413793103,0.32873563218390806,0.6712643678160919,37.0,0.7583333333333333,1.1135135135135135,1.0721565315315316,104.0,0.3561643835616438,42.0,84.0,42.0
J6010_1.RCP,60.0,4.0,5.383333333333334,2.9893793484415605,323.0,87.0,0.04915254237288136,0.23954802259887006,0.7604519774011299,85.0,0.7541666666666667,0.6150588235294118,0.6039702111613876,0.0,0.0,53.0,98.0,13.0
J6010_10.RCP,60.0,4.0,5.316666666666666,2.8722329679575473,319.0,87.0,0.04915254237288136,0.24180790960451978,0.7581920903954802,73.0,0.7541666666666667,0.6000883782589483,0.5647805173711051,0.0,0.0,44.0,80.0,7.0
J6010_2.RCP,60.0,4.0,5.883333333333334,2.589025985878773,353.0,87.0,0.04915254237288136,0.23615819209039549,0.7638418079096045,62.0,0.7541666666666667,0.6726986624704957,0.5893582557007978,0.0,0.0,42.0,71.0,9.0
J6010_3.RCP,60.0,4.0,5.883333333333334,2.8757124721053424,353.0,87.0,0.04915254237288136,0.25310734463276835,0.7468926553672317,72.0,0.7541666666666667,0.7889957264957265,0.6570793282022628,0.0,0.0,57.0,82.0,10.0
J6010_4.RCP,60.0,4.0,5.5,2.6488991424111767,330.0,87.0,0.04915254237288136,0.24180790960451978,0.7581920903954802,80.0,0.7541666666666667,0.6546875,0.6126880787037037,0.0,0.0,53.0,92.0,12.0
J6010_5.RCP,60.0,4.0,6.283333333333333,2.9782078876771214,377.0,87.0,0.04915254237288136,0.2689265536723164,0.7310734463276836,79.0,0.7541666666666667,0.7020795660036167,0.6316595148165431,0.0,0.0,56.0,88.0,9.0
J6010_6.RCP,60.0,4.0,5.366666666666666,3.351450763806955,322.0,87.0,0.04915254237288136,0.29887005649717513,0.7011299435028249,67.0,0.7541666666666667,0.6729986431478969,0.6038021936889667,0.0,0.0,46.0,83.0,16.0
J6010_7.RCP,60.0,4.0,5.766666666666667,3.046126866840725,346.0,87.0,0.04915254237288136,0.25028248587570623,0.7497175141242938,69.0,0.7541666666666667,0.7307861220904699,0.657066311617942,0.0,0.0,51.0,83.0,14.0
J6010_8.RCP,60.0,4.0,5.05,2.5911709064951056,303.0,87.0,0.04915254237288136,0.24745762711864408,0.752542372881356,64.0,0.7541666666666667,0.7425,0.6569882721445222,0.0,0.0,48.0,74.0,10.0
J6010_9.RCP,60.0,4.0,5.966666666666667,2.8923270139380084,358.0,87.0,0.04915254237288136,0.27288135593220336,0.7271186440677966,73.0,0.7541666666666667,0.7045009784735812,0.6188029226241194,0.0,0.0,52.0,92.0,19.0
J6011_1.RCP,60.0,4.0,6.1,2.861817604250837,366.0,87.0,0.04915254237288136,0.24519774011299436,0.7548022598870057,71.0,0.7541666666666667,0.6563380281690141,0.5484060613682092,0.0,0.0,47.0,72.0,1.0
J6011_10.RCP,60.0,4.0,5.116666666666666,2.875712472105343,307.0,87.0,0.04915254237288136,0.22033898305084745,0.7796610169491526,58.0,0.7541666666666667,0.5950738916256157,0.5295392825565239,0.0,0.0,35.0,58.0,0.0
J6011_2.RCP,60.0,4.0,5.35,3.1980462785894765,321.0,87.0,0.04915254237288136,0.2576271186440678,0.7423728813559323,61.0,0.7541666666666667,0.614089499335401,0.5476359979542529,0.0,0.0,38.0,66.0,5.0
J6011_3.RCP,60.0,4.0,5.733333333333333,2.58757715934338,344.0,87.0,0.04915254237288136,0.27231638418079096,0.727683615819209,76.0,0.7541666666666667,0.5819548872180451,0.49595921109079005,0.0,0.0,45.0,84.0,8.0
J6011_4.RCP,60.0,4.0,5.483333333333333,3.0522760178084956,329.0,87.0,0.04915254237288136,0.2858757062146893,0.7141242937853107,69.0,0.7541666666666667,0.6231884057971014,0.5411781832298137,0.0,0.0,43.0,82.0,13.0
J6011_5.RCP,60.0,4.0,5.85,3.0920597234421807,351.0,87.0,0.04915254237288136,0.2327683615819209,0.7672316384180791,65.0,0.7541666666666667,0.6130536130536131,0.5398182071551637,0.0,0.0,40.0,68.0,3.0
J6011_6.RCP,60.0,4.0,5.516666666666667,3.0193358357242888,331.0,87.0,0.04915254237288136,0.25310734463276835,0.7468926553672317,70.0,0.7541666666666667,0.6714285714285714,0.4958159426561322,0.0,0.0,47.0,75.0,5.0
J6011_7.RCP,60.0,4.0,5.883333333333334,2.5890259858787736,353.0,87.0,0.04915254237288136,0.24350282485875707,0.7564971751412429,70.0,0.7541666666666667,0.5751700680272109,0.5658673469387755,0.0,0.0,41.0,73.0,3.0
J6011_8.RCP,60.0,4.0,5.966666666666667,2.822331581433258,358.0,87.0,0.04915254237288136,0.2457627118644068,0.7542372881355932,69.0,0.7541666666666667,0.5362318840579711,0.47913632896470426,0.0,0.0,37.0,71.0,2.0
J6011_9.RCP,60.0,4.0,5.383333333333334,2.7694263345000207,323.0,87.0,0.04915254237288136,0.24067796610169492,0.7593220338983051,62.0,0.7541666666666667,0.5077419354838709,0.4635468628862901,0.0,0.0,32.0,68.0,6.0
J6012_1.RCP,60.0,4.0,5.516666666666667,2.6362325812079295,331.0,87.0,0.04915254237288136,0.23220338983050848,0.7677966101694915,59.0,0.7541666666666667,0.38704781178851505,0.30269530232428465,0.0,0.0,23.0,59.0,0.0
J6012_10.RCP,60.0,4.0,5.7,2.882707061079915,342.0,87.0,0.04915254237288136,0.2887005649717514,0.7112994350282487,79.0,0.7541666666666667,0.4029535864978903,0.34844523940561367,0.0,0.0,32.0,79.0,0.0
J6012_2.RCP,60.0,4.0,4.783333333333333,2.6526192506443302,287.0,87.0,0.04915254237288136,0.22372881355932203,0.7762711864406779,58.0,0.7541666666666667,0.45141065830721006,0.4036854847738468,0.0,0.0,27.0,58.0,0.0
J6012_3.RCP,60.0,4.0,5.75,2.878801834096956,345.0,87.0,0.04915254237288136,0.2689265536723164,0.7310734463276836,75.0,0.7541666666666667,0.49787878787878787,0.41623556998557,0.0,0.0,38.0,75.0,0.0
J6012_4.RCP,60.0,4.0,5.7,2.8478061731796283,342.0,87.0,0.04915254237288136,0.2598870056497175,0.7401129943502824,69.0,0.7541666666666667,0.34980237154150196,0.31368513902160106,0.0,0.0,25.0,69.0,0.0
J6012_5.RCP,60.0,4.0,5.45,2.8892040426387333,327.0,87.0,0.04915254237288136,0.22259887005649717,0.7774011299435029,63.0,0.7541666666666667,0.4911297852474323,0.43244119285140953,0.0,0.0,31.0,63.0,0.0
J6012_6.RCP,60.0,4.0,5.483333333333333,2.9410410099524658,329.0,87.0,0.04915254237288136,0.21977401129943502,0.7802259887005649,54.0,0.7541666666666667,0.5082304526748971,0.39416007419476357,0.0,0.0,28.0,54.0,0.0
J6012_7.RCP,60.0,4.0,5.816666666666666,2.848927673509612,349.0,87.0,0.04915254237288136,0.2740112994350282,0.7259887005649718,71.0,0.7541666666666667,0.3625546381738708,0.33105933674162374,0.0,0.0,26.0,71.0,0.0
J6012_8.RCP,60.0,4.0,5.033333333333333,2.6768555350551804,302.0,87.0,0.04915254237288136,0.27627118644067794,0.7237288135593221,60.0,0.7541666666666667,0.404320987654321,0.3867779982363316,0.0,0.0,25.0,60.0,0.0
J6012_9.RCP,60.0,4.0,5.65,2.638339124019756,339.0,87.0,0.04915254237288136,0.25084745762711863,0.7491525423728813,59.0,0.7541666666666667,0.48753738783649053,0.43649588293417996,0.0,0.0,29.0,59.0,0.0
J6013_1.RCP,60.0,4.0,5.666666666666667,2.953340857778225,340.0,87.0,0.04915254237288136,0.24632768361581922,0.7536723163841808,69.0,1.0,1.4710144927536233,1.3333093933780433,73.0,0.05472263868065967,102.0,143.0,41.0
J6013_10.RCP,60.0,4.0,5.9,3.003886371574886,354.0,87.0,0.04915254237288136,0.2514124293785311,0.7485875706214689,63.0,1.0,1.7230158730158731,1.5323422191843246,1.0,0.0007547169811320757,109.0,141.0,32.0
J6013_2.RCP,60.0,4.0,5.2,3.1559467676119,312.0,87.0,0.04915254237288136,0.23333333333333334,0.7666666666666666,66.0,1.0,1.5103668261563,1.328317384370016,13.0,0.009579955784819455,100.0,143.0,43.0
J6013_3.RCP,60.0,4.0,5.516666666666667,2.7597805870918233,331.0,87.0,0.04915254237288136,0.22655367231638418,0.7734463276836159,57.0,1.0,1.409356725146199,1.2944969260758734,0.0,0.0,81.0,108.0,27.0
J6013_4.RCP,60.0,4.0,6.0,2.7507574714370344,360.0,87.0,0.04915254237288136,0.23220338983050848,0.7677966101694915,62.0,1.0,1.430779569892473,1.393130551659654,0.0,0.0,89.0,120.0,31.0
J6013_5.RCP,60.0,4.0,5.5,2.6488991424111767,330.0,87.0,0.04915254237288136,0.21525423728813559,0.7847457627118644,53.0,1.0,1.6660377358490566,1.5309355345911948,0.0,0.0,89.0,120.0,31.0
J6013_6.RCP,60.0,4.0,5.4,2.973213749463701,324.0,87.0,0.04915254237288136,0.22033898305084745,0.7796610169491526,61.0,1.0,1.3868852459016394,1.2683889539422326,0.0,0.0,85.0,124.0,39.0
J6013_7.RCP,60.0,4.0,5.316666666666666,2.848927673509612,319.0,87.0,0.04915254237288136,0.22542372881355932,0.7745762711864407,54.0,1.0,1.4138176638176638,1.3545767504100836,0.0,0.0,77.0,106.0,29.0
J6013_8.RCP,60.0,4.0,5.733333333333333,2.83940525853958,344.0,87.0,0.04915254237288136,0.25875706214689265,0.7412429378531074,69.0,1.0,1.4833759590792839,1.4135667386710595,115.0,0.08765243902439024,103.0,157.0,54.0
J6013_9.RCP,60.0,4.0,5.816666666666666,3.138426711303328,349.0,87.0,0.04915254237288136,0.268361581920904,0.731638418079096,67.0,1.0,1.3503909026297085,1.2233470820224552,0.0,0.0,91.0,135.0,44.0
J6014_1.RCP,60.0,4.0,5.533333333333333,3.2479053078698104,332.0,87.0,0.04915254237288136,0.2514124293785311,0.7485875706214689,59.0,1.0,0.8222511951325511,0.7583521635637311,0.0,0.0,49.0,73.0,14.0
J6014_10.RCP,60.0,4.0,6.183333333333334,2.837203239498754,371.0,87.0,0.04915254237288136,0.30056497175141245,0.6994350282485875,67.0,1.0,0.9159203980099503,0.8486936207122283,0.0,0.0,62.0,90.0,23.0
J6014_2.RCP,60.0,4.0,5.583333333333333,3.0729555082290982,335.0,87.0,0.04915254237288136,0.2576271186440678,0.7423728813559323,65.0,1.0,0.7830769230769231,0.7396664738770001,0.0,0.0,51.0,76.0,11.0
J6014_3.RCP,60.0,4.0,5.25,2.890357532670771,315.0,87.0,0.04915254237288136,0.2796610169491525,0.7203389830508475,61.0,1.0,0.8688524590163934,0.7874688308209086,0.0,0.0,53.0,76.0,15.0
J6014_4.RCP,60.0,4.0,5.6,2.893671255228094,336.0,87.0,0.04915254237288136,0.2774011299435028,0.7225988700564971,65.0,1.0,0.8127472527472528,0.7861634549869844,0.0,0.0,53.0,84.0,19.0
J6014_5.RCP,60.0,4.0,5.2,2.902872140943632,312.0,87.0,0.04915254237288136,0.24463276836158193,0.7553672316384181,59.0,1.0,0.8148631029986962,0.7424080154263081,0.0,0.0,49.0,70.0,11.0
J6014_6.RCP,60.0,4.0,5.233333333333333,2.962918981155052,314.0,87.0,0.04915254237288136,0.2632768361581921,0.7367231638418079,65.0,1.0,0.8051282051282052,0.6997912939773405,0.0,0.0,53.0,71.0,6.0
J6014_7.RCP,60.0,4.0,5.25,2.896118091514916,315.0,87.0,0.04915254237288136,0.27288135593220336,0.7271186440677966,69.0,1.0,0.7798668233450842,0.7054964674880523,0.0,0.0,54.0,81.0,12.0
J6014_8.RCP,60.0,4.0,4.783333333333333,2.9782078876771214,287.0,87.0,0.04915254237288136,0.280225988700565,0.7197740112994351,88.0,1.0,0.6212121212121212,0.5601209871371162,0.0,0.0,55.0,93.0,5.0
J6014_9.RCP,60.0,4.0,5.133333333333334,2.729265265394496,308.0,87.0,0.04915254237288136,0.20847457627118643,0.7915254237288136,61.0,1.0,0.7714025500910747,0.7023389634045372,0.0,0.0,48.0,70.0,9.0
J6015_1.RCP,60.0,4.0,5.566666666666666,2.830586904198884,334.0,87.0,0.04915254237288136,0.29322033898305083,0.7067796610169492,84.0,1.0,0.5150631681243926,0.4739842978135397,0.0,0.0,44.0,89.0,5.0
J6015_10.RCP,60.0,4.0,5.0,2.804757862395017,300.0,87.0,0.04915254237288136,0.25084745762711863,0.7491525423728813,61.0,1.0,0.5631830601092896,0.5170756827321092,0.0,0.0,35.0,61.0,0.0
J6015_2.RCP,60.0,4.0,5.65,3.1454994304031705,339.0,87.0,0.04915254237288136,0.2672316384180791,0.7327683615819209,89.0,1.0,0.6094027202838557,0.5596299821270381,0.0,0.0,55.0,94.0,5.0
J6015_3.RCP,60.0,4.0,5.683333333333334,2.819525176731398,341.0,87.0,0.04915254237288136,0.22372881355932203,0.7762711864406779,72.0,1.0,0.49893162393162394,0.4719428455142741,0.0,0.0,36.0,73.0,1.0
J6015_4.RCP,60.0,4.0,6.216666666666667,2.6210154944643542,373.0,87.0,0.04915254237288136,0.2774011299435028,0.7225988700564971,75.0,1.0,0.6206349206349207,0.5689970146364008,0.0,0.0,47.0,76.0,1.0
J6015_5.RCP,60.0,4.0,5.7,2.8360771028541047,342.0,87.0,0.04915254237288136,0.2621468926553672,0.7378531073446328,70.0,1.0,0.6571428571428571,0.5879112166902865,0.0,0.0,46.0,72.0,2.0
J6015_6.RCP,60.0,4.0,5.55,2.8485376365192487,333.0,87.0,0.04915254237288136,0.24293785310734464,0.7570621468926554,76.0,1.0,0.5984962406015037,0.5673439226949362,0.0,0.0,46.0,91.0,15.0
J6015_7.RCP,60.0,4.0,5.55,2.7593779492245467,333.0,87.0,0.04915254237288136,0.2214689265536723,0.7785310734463277,64.0,1.0,0.6783854166666666,0.5544326865607923,0.0,0.0,44.0,67.0,3.0
J6015_8.RCP,60.0,4.0,6.016666666666667,2.578705532282083,361.0,87.0,0.04915254237288136,0.25819209039548024,0.7418079096045198,79.0,1.0,0.597601598934044,0.5302196124385714,0.0,0.0,48.0,82.0,3.0
J6015_9.RCP,60.0,4.0,6.3,2.8360771028541047,378.0,87.0,0.04915254237288136,0.2423728813559322,0.7576271186440677,72.0,1.0,0.46550925925925923,0.4396904310716193,0.0,0.0,34.0,75.0,3.0
J6016_1.RCP,60.0,4.0,6.083333333333333,2.72819639240938,365.0,87.0,0.04915254237288136,0.2615819209039548,0.7384180790960452,64.0,1.0,0.5267137096774194,0.46396232045418073,0.0,0.0,34.0,64.0,0.0
J6016_10.RCP,60.0,4.0,5.933333333333334,2.6948510575210314,356.0,87.0,0.04915254237288136,0.25649717514124293,0.7435028248587571,68.0,1.0,0.5109625668449198,0.45511502306527385,0.0,0.0,35.0,68.0,0.0
J6016_2.RCP,60.0,4.0,5.583333333333333,2.746462371043076,335.0,87.0,0.04915254237288136,0.2711864406779661,0.728813559322034,64.0,1.0,0.3798415492957746,0.35543637127874617,0.0,0.0,25.0,64.0,0.0
J6016_3.RCP,60.0,4.0,5.133333333333334,3.122321073959065,308.0,87.0,0.04915254237288136,0.2853107344632768,0.7146892655367232,53.0,1.0,0.5054129291679554,0.4563644611215725,0.0,0.0,27.0,53.0,0.0
J6016_4.RCP,60.0,4.0,5.2,2.9933259094191533,312.0,87.0,0.04915254237288136,0.2655367231638418,0.7344632768361582,60.0,1.0,0.5096666666666667,0.4241575292905437,0.0,0.0,31.0,60.0,0.0
J6016_5.RCP,60.0,4.0,5.483333333333333,2.9182852651666678,329.0,87.0,0.04915254237288136,0.2621468926553672,0.7378531073446328,66.0,1.0,0.4258996212121212,0.3825008081951304,0.0,0.0,29.0,66.0,0.0
J6016_6.RCP,60.0,4.0,6.016666666666667,2.8254301540748723,361.0,87.0,0.04915254237288136,0.2740112994350282,0.7259887005649718,66.0,1.0,0.5305785123966942,0.4683063279672879,0.0,0.0,36.0,66.0,0.0
J6016_7.RCP,60.0,4.0,4.95,2.7228967418296763,297.0,87.0,0.04915254237288136,0.28926553672316385,0.7107344632768362,82.0,1.0,0.48401084010840106,0.46251458299656056,0.0,0.0,40.0,82.0,0.0
J6016_8.RCP,60.0,4.0,5.666666666666667,2.879043050891891,340.0,87.0,0.04915254237288136,0.2627118644067797,0.7372881355932204,68.0,1.0,0.4336007130124777,0.41183441984273184,0.0,0.0,30.0,68.0,0.0
J6016_9.RCP,60.0,4.0,5.35,2.8915105625491555,321.0,87.0,0.04915254237288136,0.24180790960451978,0.7581920903954802,54.0,1.0,0.5177248677248677,0.462395136648868,0.0,0.0,28.0,54.0,0.0
J6017_1.RCP,60.0,4.0,5.216666666666667,2.7513128179511366,313.0,106.0,0.059887005649717516,0.36836158192090396,0.631638418079096,76.0,0.25,0.5617408906882592,0.4808252602660497,102.0,0.09123434704830054,43.0,102.0,26.0
J6017_10.RCP,60.0,4.0,6.066666666666666,2.856960311628816,364.0,106.0,0.059887005649717516,0.34576271186440677,0.6542372881355932,65.0,0.25,0.7175824175824176,0.5893897768897769,65.0,0.05613126079447323,47.0,89.0,24.0
J6017_2.RCP,60.0,4.0,5.083333333333333,2.6159234613335984,305.0,106.0,0.059887005649717516,0.34689265536723163,0.6531073446327684,67.0,0.25,0.7416762342135477,0.46439437428243396,97.0,0.0839100346020761,50.0,79.0,12.0
J6017_3.RCP,60.0,4.0,6.05,2.8949668967595006,363.0,106.0,0.059887005649717516,0.3310734463276836,0.6689265536723163,79.0,0.25,0.8185654008438819,0.5069893186981794,98.0,0.08277027027027027,65.0,105.0,26.0
J6017_4.RCP,60.0,4.0,5.083333333333333,2.9455710632895773,305.0,106.0,0.059887005649717516,0.3903954802259887,0.6096045197740113,69.0,0.25,0.5181159420289855,0.4424048174048174,78.0,0.07228915662650602,36.0,80.0,11.0
J6017_5.RCP,60.0,4.0,4.583333333333333,2.697478246230892,275.0,106.0,0.059887005649717516,0.35141242937853107,0.648587570621469,52.0,0.25,0.6818181818181818,0.5390326585179527,60.0,0.05226480836236934,36.0,66.0,14.0
J6017_6.RCP,60.0,4.0,4.95,2.8892040426387333,297.0,106.0,0.059887005649717516,0.3649717514124294,0.6350282485875707,67.0,0.25,0.5651741293532339,0.5073619995261787,67.0,0.059608540925266906,38.0,87.0,20.0
J6017_7.RCP,60.0,4.0,5.95,2.64842720622385,357.0,106.0,0.059887005649717516,0.3214689265536723,0.6785310734463277,81.0,0.25,0.6159122085048011,0.505315500685871,105.0,0.08742714404662781,50.0,111.0,30.0
J6017_8.RCP,60.0,4.0,5.5,2.8431203515386634,330.0,106.0,0.059887005649717516,0.31864406779661014,0.6813559322033899,66.0,0.25,0.802020202020202,0.5936285936285937,99.0,0.08208955223880597,53.0,106.0,40.0
J6017_9.RCP,60.0,4.0,5.366666666666666,2.9550333707459586,322.0,106.0,0.059887005649717516,0.3847457627118644,0.6152542372881356,70.0,0.25,0.7342857142857143,0.5200869963369963,112.0,0.10284664830119375,52.0,90.0,20.0
J6018_1.RCP,60.0,4.0,5.533333333333333,3.02471302587351,332.0,106.0,0.059887005649717516,0.36610169491525424,0.6338983050847458,80.0,0.25,0.41346153846153844,0.3362674313990104,25.0,0.022281639928698752,34.0,88.0,8.0
J6018_10.RCP,60.0,4.0,6.383333333333334,2.8640976861056178,383.0,106.0,0.059887005649717516,0.3898305084745763,0.6101694915254237,97.0,0.25,0.36254295532646047,0.30444448163520327,22.0,0.020370370370370375,36.0,102.0,5.0
J6018_2.RCP,60.0,4.0,5.733333333333333,3.1668421004036325,344.0,106.0,0.059887005649717516,0.3288135593220339,0.6711864406779662,69.0,0.25,0.5289855072463768,0.43730249536885696,15.0,0.012626262626262624,37.0,69.0,0.0
J6018_3.RCP,60.0,4.0,5.333333333333333,2.7243755655603397,320.0,106.0,0.059887005649717516,0.35706214689265536,0.6429378531073446,77.0,0.25,0.4588744588744589,0.36297036297036295,27.0,0.023725834797891036,36.0,77.0,0.0
J6018_4.RCP,60.0,4.0,6.3,2.794637722496424,378.0,106.0,0.059887005649717516,0.3220338983050847,0.6779661016949152,71.0,0.25,0.49608763693270735,0.4456712497205455,19.0,0.015833333333333335,36.0,79.0,8.0
J6018_5.RCP,60.0,4.0,5.35,2.8741665458587007,321.0,106.0,0.059887005649717516,0.3559322033898305,0.6440677966101696,80.0,0.25,0.3525,0.3177730429292929,14.0,0.012280701754385965,29.0,80.0,0.0
J6018_6.RCP,60.0,4.0,5.333333333333333,2.748737083745107,320.0,106.0,0.059887005649717516,0.3807909604519774,0.6192090395480225,61.0,0.25,0.4830601092896175,0.39374999999999993,8.0,0.007299270072992702,30.0,67.0,6.0
J6018_7.RCP,60.0,4.0,5.266666666666667,2.731706833139717,316.0,106.0,0.059887005649717516,0.40847457627118644,0.5915254237288136,87.0,0.25,0.4277504105090312,0.3478448820303755,51.0,0.04871060171919771,38.0,110.0,23.0
J6018_8.RCP,60.0,4.0,5.55,2.9688662257950704,333.0,106.0,0.059887005649717516,0.36271186440677966,0.6372881355932203,78.0,0.25,0.4423076923076923,0.34542606714552415,35.0,0.03102836879432624,35.0,78.0,0.0
J6018_9.RCP,60.0,4.0,5.5,3.11715682420161,330.0,106.0,0.059887005649717516,0.38361581920903953,0.6163841807909605,69.0,0.25,0.4978687127024723,0.39216257155035933,22.0,0.02016498625114574,35.0,79.0,10.0
J6019_1.RCP,60.0,4.0,5.6,2.8530685235374214,336.0,106.0,0.059887005649717516,0.31807909604519774,0.6819209039548022,62.0,0.25,0.4431643625192012,0.3263008832565284,5.0,0.004142502071251036,28.0,63.0,1.0
J6019_10.RCP,60.0,4.0,5.6,2.733739807175023,336.0,106.0,0.059887005649717516,0.384180790960452,0.615819209039548,78.0,0.25,0.34974358974358977,0.2906352245040028,11.0,0.010091743119266056,28.0,78.0,0.0
J6019_2.RCP,60.0,4.0,6.266666666666667,2.88020061029706,376.0,106.0,0.059887005649717516,0.3711864406779661,0.6288135593220339,83.0,0.25,0.39081325301204817,0.3425624490442975,15.0,0.013477088948787063,33.0,83.0,0.0
J6019_3.RCP,60.0,4.0,5.833333333333333,2.81168197980418,350.0,106.0,0.059887005649717516,0.33559322033898303,0.6644067796610169,81.0,0.25,0.36257309941520466,0.30631606523923527,19.0,0.016156462585034014,30.0,84.0,3.0
J6019_4.RCP,60.0,4.0,5.3,3.0127506811328857,318.0,106.0,0.059887005649717516,0.3214689265536723,0.6785310734463277,67.0,0.25,0.4673998428908091,0.3301201482466211,2.0,0.0016652789342214821,32.0,68.0,1.0
J6019_5.RCP,60.0,4.0,5.483333333333333,3.154318028072347,329.0,106.0,0.059887005649717516,0.36666666666666664,0.6333333333333333,73.0,0.25,0.38258317025440314,0.3458982512920869,14.0,0.012488849241748439,28.0,76.0,3.0
J6019_6.RCP,60.0,4.0,5.7,2.7586228448267445,342.0,106.0,0.059887005649717516,0.3672316384180791,0.6327683615819208,68.0,0.25,0.38854489164086686,0.3546642341146985,1.0,0.0008928571428571428,27.0,73.0,5.0
J6019_7.RCP,60.0,4.0,5.25,2.7118566825454966,315.0,106.0,0.059887005649717516,0.3288135593220339,0.6711864406779662,60.0,0.25,0.39166666666666666,0.35189613526570046,3.0,0.0025252525252525246,24.0,64.0,4.0
J6019_8.RCP,60.0,4.0,5.516666666666667,2.7597805870918233,331.0,106.0,0.059887005649717516,0.38757062146892657,0.6124293785310735,82.0,0.25,0.4071294559099437,0.31226856423422533,12.0,0.01107011070110701,34.0,90.0,8.0
J6019_9.RCP,60.0,4.0,5.9,2.9308701779505695,354.0,106.0,0.059887005649717516,0.376271186440678,0.623728813559322,67.0,0.25,0.43781094527363185,0.318549061415611,0.0,0.0,30.0,74.0,7.0
J601_1.RCP,60.0,4.0,5.483333333333333,3.1010302947389743,329.0,87.0,0.04915254237288136,0.2305084745762712,0.7694915254237288,77.0,0.25,0.5324675324675324,0.4768981018981019,90.0,0.06607929515418502,41.0,90.0,13.0
J601_10.RCP,60.0,4.0,5.9,2.936551265231604,354.0,87.0,0.04915254237288136,0.2689265536723164,0.7310734463276836,76.0,0.25,0.5956937799043063,0.4878531556163135,78.0,0.06027820710973725,46.0,107.0,31.0
J601_2.RCP,60.0,4.0,5.733333333333333,2.8511206373790796,344.0,87.0,0.04915254237288136,0.25875706214689265,0.7412429378531074,65.0,0.25,0.7207100591715976,0.5756537052690899,78.0,0.05945121951219512,47.0,85.0,20.0
J601_3.RCP,60.0,4.0,5.266666666666667,2.76204433144888,316.0,87.0,0.04915254237288136,0.24180790960451978,0.7581920903954802,67.0,0.25,0.5927505330490405,0.49574671286425015,52.0,0.038748137108792845,40.0,84.0,17.0
J601_4.RCP,60.0,4.0,5.4,2.8118795611950853,324.0,87.0,0.04915254237288136,0.2615819209039548,0.7384180790960452,79.0,0.25,0.49957805907173,0.4367250892567348,70.0,0.05355776587605203,40.0,102.0,23.0
J601_5.RCP,60.0,4.0,5.133333333333334,3.002591473303612,308.0,87.0,0.04915254237288136,0.268361581920904,0.731638418079096,68.0,0.25,0.5871848739495799,0.478203781512605,97.0,0.0749034749034749,40.0,81.0,13.0
J601_6.RCP,60.0,4.0,4.933333333333334,2.926127512980633,296.0,87.0,0.04915254237288136,0.22542372881355932,0.7745762711864407,52.0,0.25,0.8217948717948718,0.6055129966187658,70.0,0.05105762217359591,43.0,67.0,15.0
J601_7.RCP,60.0,4.0,5.683333333333334,2.8313228160859527,341.0,87.0,0.04915254237288136,0.2214689265536723,0.7785310734463277,60.0,0.25,0.7833333333333333,0.5909361471861472,107.0,0.07764876632801161,47.0,79.0,19.0
J601_8.RCP,60.0,4.0,6.05,2.8485376365192483,363.0,87.0,0.04915254237288136,0.3022598870056497,0.6977401129943503,71.0,0.25,0.7370892018779343,0.5634350977660837,102.0,0.08259109311740889,53.0,96.0,25.0
J601_9.RCP,60.0,4.0,5.7,2.8065399813055696,342.0,87.0,0.04915254237288136,0.2615819209039548,0.7384180790960452,75.0,0.25,0.6238095238095238,0.49408757908757905,93.0,0.07115531752104055,47.0,100.0,25.0
J6020_1.RCP,60.0,4.0,5.7,2.8301943396169813,342.0,106.0,0.059887005649717516,0.3519774011299435,0.6480225988700565,60.0,0.25,0.4128787878787879,0.30773978625541126,0.0,0.0,25.0,60.0,0.0
J6020_10.RCP,60.0,4.0,5.433333333333334,2.8946310453819306,326.0,106.0,0.059887005649717516,0.3649717514124294,0.6350282485875707,70.0,0.25,0.3870748299319728,0.28329712530173357,1.0,0.0008896797153024911,28.0,70.0,0.0
J6020_2.RCP,60.0,4.0,4.8,2.650786046942806,288.0,106.0,0.059887005649717516,0.39717514124293785,0.6028248587570622,78.0,0.25,0.30235042735042733,0.2640873015873016,16.0,0.01499531396438613,24.0,78.0,0.0
J6020_3.RCP,60.0,4.0,5.8,3.0648545370593587,348.0,106.0,0.059887005649717516,0.3632768361581921,0.6367231638418078,69.0,0.25,0.31434282858570717,0.26910479856225733,0.0,0.0,22.0,69.0,0.0
J6020_4.RCP,60.0,4.0,5.633333333333334,2.886558889442968,338.0,106.0,0.059887005649717516,0.33502824858757063,0.6649717514124294,86.0,0.25,0.2016611295681063,0.18386187455954897,0.0,0.0,18.0,86.0,0.0
J6020_5.RCP,60.0,4.0,5.716666666666667,2.944439203349633,343.0,106.0,0.059887005649717516,0.33559322033898303,0.6644067796610169,71.0,0.25,0.35380281690140847,0.2668645439067974,5.0,0.004251700680272109,26.0,71.0,0.0
J6020_6.RCP,60.0,4.0,5.633333333333334,3.0982073669928694,338.0,106.0,0.059887005649717516,0.4135593220338983,0.5864406779661018,97.0,0.25,0.23128641864634694,0.20949358200741747,1.0,0.0009633911368015412,23.0,97.0,0.0
J6020_7.RCP,60.0,4.0,5.466666666666667,2.723151768733347,328.0,106.0,0.059887005649717516,0.36214689265536726,0.6378531073446327,74.0,0.25,0.3115412710007305,0.24036669374959402,0.0,0.0,24.0,74.0,0.0
J6020_8.RCP,60.0,4.0,5.25,2.8613807855648994,315.0,106.0,0.059887005649717516,0.3288135593220339,0.6711864406779662,65.0,0.25,0.29592760180995475,0.2738875319562634,3.0,0.0025252525252525246,20.0,65.0,0.0
J6020_9.RCP,60.0,4.0,6.033333333333333,3.0164364553043193,362.0,106.0,0.059887005649717516,0.3790960451977401,0.6209039548022599,74.0,0.25,0.441678520625889,0.33098909325310927,6.0,0.00545950864422202,33.0,74.0,0.0
J6021_1.RCP,60.0,4.0,5.533333333333333,2.9691001255524463,332.0,106.0,0.059887005649717516,0.3785310734463277,0.6214689265536724,76.0,0.5041666666666667,1.0280701754385966,0.8137979345216187,218.0,0.19818181818181818,79.0,134.0,55.0
J6021_10.RCP,60.0,4.0,4.616666666666666,2.5825805354765263,277.0,106.0,0.059887005649717516,0.3288135593220339,0.6711864406779662,51.0,0.5041666666666667,1.2684766214177978,0.9957619850353414,167.0,0.14057239057239054,65.0,98.0,33.0
J6021_2.RCP,60.0,4.0,5.4,2.817800560721074,324.0,106.0,0.059887005649717516,0.38361581920903953,0.6163841807909605,92.0,0.5041666666666667,0.939799331103679,0.7429356535674471,246.0,0.22548120989917506,87.0,129.0,37.0
J6021_3.RCP,60.0,4.0,5.433333333333334,2.728654532101042,326.0,106.0,0.059887005649717516,0.36892655367231636,0.6310734463276837,65.0,0.5041666666666667,1.0197802197802197,0.9547619047619047,127.0,0.11369740376007159,67.0,120.0,53.0
J6021_4.RCP,60.0,4.0,4.933333333333334,2.774086436208424,296.0,106.0,0.059887005649717516,0.4214689265536723,0.5785310734463277,64.0,0.5041666666666667,1.0602678571428572,0.9085164835164835,215.0,0.2099609375,68.0,129.0,61.0
J6021_5.RCP,60.0,4.0,5.45,2.8718460961548757,327.0,106.0,0.059887005649717516,0.3610169491525424,0.6389830508474577,75.0,0.5041666666666667,0.8691666666666666,0.7376981567480794,87.0,0.07692307692307693,66.0,110.0,35.0
J6021_6.RCP,60.0,4.0,5.15,2.9654960237145263,309.0,106.0,0.059887005649717516,0.3531073446327684,0.6468926553672316,63.0,0.5041666666666667,0.971655328798186,0.8630758571234761,154.0,0.13449781659388646,62.0,114.0,51.0
J6021_7.RCP,60.0,4.0,5.566666666666666,3.1324466830613775,334.0,106.0,0.059887005649717516,0.3949152542372881,0.6050847457627119,80.0,0.5041666666666667,1.0008333333333332,0.7725390624999999,152.0,0.1419234360410831,81.0,131.0,50.0
J6021_8.RCP,60.0,4.0,5.566666666666666,2.7041120949809425,334.0,106.0,0.059887005649717516,0.38926553672316383,0.6107344632768361,85.0,0.5041666666666667,0.8629757785467128,0.7764399153326489,185.0,0.1711378353376503,74.0,131.0,46.0
J6021_9.RCP,60.0,4.0,5.833333333333333,2.841165644981338,350.0,106.0,0.059887005649717516,0.3271186440677966,0.6728813559322033,69.0,0.5041666666666667,0.9782608695652174,0.8994565217391304,79.0,0.06633081444164568,68.0,127.0,58.0
J6022_1.RCP,60.0,4.0,5.083333333333333,2.83014526521559,305.0,106.0,0.059887005649717516,0.3706214689265537,0.6293785310734463,62.0,0.5041666666666667,0.6669004207573632,0.5572310575702932,0.0,0.0,42.0,69.0,7.0
J6022_10.RCP,60.0,4.0,5.433333333333334,2.7890659527678596,326.0,106.0,0.059887005649717516,0.33559322033898303,0.6644067796610169,69.0,0.5041666666666667,0.625,0.5674310090070959,12.0,0.01020408163265306,44.0,83.0,14.0
J6022_2.RCP,60.0,4.0,5.95,2.722896741829676,357.0,106.0,0.059887005649717516,0.36610169491525424,0.6338983050847458,83.0,0.5041666666666667,0.5903614457831325,0.4978098269702186,4.0,0.0035650623885918,49.0,95.0,12.0
J6022_3.RCP,60.0,4.0,5.383333333333334,3.1203187159149124,323.0,106.0,0.059887005649717516,0.35988700564971754,0.6401129943502825,70.0,0.5041666666666667,0.575,0.5537707039337475,17.0,0.01500441306266549,41.0,83.0,13.0
J6022_4.RCP,60.0,4.0,5.983333333333333,2.7537348375534556,359.0,106.0,0.059887005649717516,0.3790960451977401,0.6209039548022599,64.0,0.5041666666666667,0.8346354166666666,0.7162370629571954,11.0,0.010009099181073703,54.0,90.0,26.0
J6022_5.RCP,60.0,4.0,5.116666666666666,2.972606413383529,307.0,106.0,0.059887005649717516,0.3361581920903955,0.6638418079096045,76.0,0.5041666666666667,0.6807479224376731,0.5475010043050209,4.0,0.003404255319148937,52.0,82.0,6.0
J6022_6.RCP,60.0,4.0,5.85,2.8915105625491555,351.0,106.0,0.059887005649717516,0.35480225988700564,0.6451977401129944,79.0,0.5041666666666667,0.5583684950773559,0.5209250050231062,8.0,0.0070052539404553416,45.0,89.0,10.0
J6022_7.RCP,60.0,4.0,6.233333333333333,2.928974033495157,374.0,106.0,0.059887005649717516,0.33559322033898303,0.6644067796610169,69.0,0.5041666666666667,0.7095652173913043,0.5461668524712002,0.0,0.0,49.0,78.0,9.0
J6022_8.RCP,60.0,4.0,5.433333333333334,2.8773058386082093,326.0,106.0,0.059887005649717516,0.3344632768361582,0.6655367231638418,59.0,0.5041666666666667,0.673728813559322,0.5936928986299632,0.0,0.0,40.0,67.0,8.0
J6022_9.RCP,60.0,4.0,6.083333333333333,2.7766386553208937,365.0,106.0,0.059887005649717516,0.31412429378531076,0.6858757062146892,65.0,0.5041666666666667,0.5748717948717949,0.5361278960906752,0.0,0.0,38.0,82.0,17.0
J6023_1.RCP,60.0,4.0,6.433333333333334,2.6855580839412543,386.0,106.0,0.059887005649717516,0.3446327683615819,0.655367231638418,75.0,0.5041666666666667,0.52,0.44983245149911816,0.0,0.0,39.0,77.0,2.0
J6023_10.RCP,60.0,4.0,4.833333333333333,2.6718699236468995,290.0,106.0,0.059887005649717516,0.3694915254237288,0.6305084745762712,68.0,0.5041666666666667,0.4711328976034858,0.4341654022720199,0.0,0.0,33.0,77.0,9.0
J6023_2.RCP,60.0,4.0,5.916666666666667,2.9171428182765102,355.0,106.0,0.059887005649717516,0.35141242937853107,0.648587570621469,69.0,0.5041666666666667,0.4536671058410189,0.4230130052669838,0.0,0.0,32.0,74.0,5.0
J6023_3.RCP,60.0,4.0,5.516666666666667,2.7778388882166816,331.0,106.0,0.059887005649717516,0.384180790960452,0.615819209039548,75.0,0.5041666666666667,0.5411764705882353,0.451254063883618,3.0,0.0027522935779816515,41.0,91.0,16.0
J6023_4.RCP,60.0,4.0,5.566666666666666,3.1110912697780004,334.0,106.0,0.059887005649717516,0.3553672316384181,0.6446327683615819,83.0,0.5041666666666667,0.4819277108433735,0.4378738703843114,0.0,0.0,40.0,90.0,7.0
J6023_5.RCP,60.0,4.0,5.783333333333333,2.7452484202506864,347.0,106.0,0.059887005649717516,0.34519774011299437,0.6548022598870056,72.0,0.5041666666666667,0.4987745098039216,0.4560008851695284,0.0,0.0,36.0,78.0,6.0
J6023_6.RCP,60.0,4.0,5.2,2.663331247391757,312.0,106.0,0.059887005649717516,0.4067796610169492,0.5932203389830508,81.0,0.5041666666666667,0.5490578297595842,0.4376330078084464,1.0,0.0009523809523809524,45.0,85.0,4.0
J6023_7.RCP,60.0,4.0,5.216666666666667,2.595455429956155,313.0,106.0,0.059887005649717516,0.3615819209039548,0.6384180790960452,60.0,0.5041666666666667,0.6297101449275362,0.5313445335863813,0.0,0.0,38.0,63.0,3.0
J6023_8.RCP,60.0,4.0,5.533333333333333,3.1169785940162553,332.0,106.0,0.059887005649717516,0.3807909604519774,0.6192090395480225,72.0,0.5041666666666667,0.5823412698412699,0.43961164847883594,0.0,0.0,42.0,72.0,0.0
J6023_9.RCP,60.0,4.0,5.133333333333334,2.8311756490114766,308.0,106.0,0.059887005649717516,0.3502824858757062,0.6497175141242938,64.0,0.5041666666666667,0.5708333333333333,0.46919436177248675,0.0,0.0,37.0,64.0,0.0
J6024_1.RCP,60.0,4.0,4.733333333333333,2.731706833139717,284.0,106.0,0.059887005649717516,0.3694915254237288,0.6305084745762712,65.0,0.5041666666666667,0.47384615384615386,0.37751958567748045,0.0,0.0,31.0,65.0,0.0
J6024_10.RCP,60.0,4.0,5.733333333333333,2.5420901286583493,344.0,106.0,0.059887005649717516,0.37740112994350283,0.6225988700564972,66.0,0.5041666666666667,0.4624017957351291,0.4233086282883031,0.0,0.0,31.0,66.0,0.0
J6024_2.RCP,60.0,4.0,5.1,2.7489391893358914,306.0,106.0,0.059887005649717516,0.3536723163841808,0.6463276836158192,55.0,0.5041666666666667,0.42818181818181816,0.3386639292310046,0.0,0.0,24.0,55.0,0.0
J6024_3.RCP,60.0,4.0,5.216666666666667,2.817159720159453,313.0,106.0,0.059887005649717516,0.38531073446327685,0.6146892655367231,67.0,0.5041666666666667,0.39800995024875624,0.36028565178062255,0.0,0.0,27.0,67.0,0.0
J6024_4.RCP,60.0,4.0,5.883333333333334,2.595455429956155,353.0,106.0,0.059887005649717516,0.3587570621468927,0.6412429378531073,78.0,0.5041666666666667,0.44051282051282054,0.3956734649116366,0.0,0.0,35.0,78.0,0.0
J6024_5.RCP,60.0,4.0,5.266666666666667,2.8158282775923835,316.0,106.0,0.059887005649717516,0.33785310734463275,0.6621468926553673,76.0,0.5041666666666667,0.4605263157894737,0.3668881522499944,0.0,0.0,35.0,76.0,0.0
J6024_6.RCP,60.0,4.0,5.133333333333334,2.565584187319181,308.0,106.0,0.059887005649717516,0.34915254237288135,0.6508474576271186,75.0,0.5041666666666667,0.43160493827160495,0.3023176509843176,0.0,0.0,33.0,75.0,0.0
J6024_7.RCP,60.0,4.0,5.733333333333333,2.688659310676771,344.0,106.0,0.059887005649717516,0.3728813559322034,0.6271186440677966,68.0,0.5041666666666667,0.5227272727272727,0.383609448756622,0.0,0.0,36.0,68.0,0.0
J6024_8.RCP,60.0,4.0,5.883333333333334,3.0555505050463307,353.0,106.0,0.059887005649717516,0.3700564971751412,0.6299435028248588,81.0,0.5041666666666667,0.4444444444444444,0.3872870189877987,0.0,0.0,36.0,81.0,0.0
J6024_9.RCP,60.0,4.0,5.5,2.9068883707497264,330.0,106.0,0.059887005649717516,0.3581920903954802,0.6418079096045197,80.0,0.5041666666666667,0.475,0.39571562776304153,0.0,0.0,38.0,80.0,0.0
J6025_1.RCP,60.0,4.0,4.866666666666666,2.8720878971384023,292.0,106.0,0.059887005649717516,0.38022598870056495,0.619774011299435,71.0,0.7541666666666667,1.2985915492957747,1.1094679186228482,277.0,0.25250683682771197,93.0,147.0,54.0
J6025_10.RCP,60.0,4.0,5.866666666666666,2.9009576962712775,352.0,106.0,0.059887005649717516,0.40282485875706214,0.5971751412429378,77.0,0.7541666666666667,1.1161191749427044,0.954311868287985,45.0,0.04257332071901608,86.0,129.0,43.0
J6025_2.RCP,60.0,4.0,5.883333333333334,2.898802434722925,353.0,106.0,0.059887005649717516,0.35706214689265536,0.6429378531073446,69.0,0.7541666666666667,1.1022544283413849,1.0890844260409478,26.0,0.022847100175746926,77.0,127.0,50.0
J6025_3.RCP,60.0,4.0,5.966666666666667,2.828230699375298,358.0,106.0,0.059887005649717516,0.38531073446327685,0.6146892655367231,90.0,0.7541666666666667,1.0520833333333333,0.9175712719298246,135.0,0.12408088235294121,95.0,152.0,57.0
J6025_4.RCP,60.0,4.0,5.6,2.8059460674313277,336.0,106.0,0.059887005649717516,0.384180790960452,0.615819209039548,78.0,0.7541666666666667,1.083710407239819,1.0364875404468163,95.0,0.0871559633027523,85.0,136.0,51.0
J6025_5.RCP,60.0,4.0,4.716666666666667,2.6776336982907543,283.0,106.0,0.059887005649717516,0.33559322033898303,0.6644067796610169,61.0,0.7541666666666667,1.2690453230472516,1.1252009000321441,144.0,0.12244897959183673,78.0,125.0,47.0
J6025_6.RCP,60.0,4.0,5.8,2.7856776554368237,348.0,106.0,0.059887005649717516,0.34067796610169493,0.659322033898305,75.0,0.7541666666666667,1.2259649122807017,1.1307273391812864,129.0,0.11053984575835478,92.0,138.0,46.0
J6025_7.RCP,60.0,4.0,4.716666666666667,2.696242241012892,283.0,106.0,0.059887005649717516,0.35649717514124296,0.6435028248587571,66.0,0.7541666666666667,1.1401515151515151,1.0286931818181817,119.0,0.1044776119402985,76.0,111.0,35.0
J6025_8.RCP,60.0,4.0,5.433333333333334,3.216450769956779,326.0,106.0,0.059887005649717516,0.31468926553672316,0.6853107344632768,57.0,0.7541666666666667,1.4484649122807018,1.2906211526623577,63.0,0.05193734542456719,83.0,133.0,50.0
J6025_9.RCP,60.0,4.0,4.783333333333333,2.4905934143403563,287.0,106.0,0.059887005649717516,0.3502824858757062,0.6497175141242938,69.0,0.7541666666666667,1.1210571184995737,1.0516209201071733,175.0,0.15217391304347827,78.0,121.0,43.0
J6026_1.RCP,60.0,4.0,5.316666666666666,2.6488467092092907,319.0,106.0,0.059887005649717516,0.3327683615819209,0.6672316384180791,80.0,0.7541666666666667,0.693,0.5824662065038829,0.0,0.0,56.0,92.0,12.0
J6026_10.RCP,60.0,4.0,5.233333333333333,2.830586904198884,314.0,106.0,0.059887005649717516,0.41468926553672314,0.5853107344632769,85.0,0.7541666666666667,0.6418823529411765,0.5423783894946231,0.0,0.0,55.0,97.0,12.0
J6026_2.RCP,60.0,4.0,4.916666666666667,2.8536039591287987,295.0,106.0,0.059887005649717516,0.3423728813559322,0.6576271186440679,63.0,0.7541666666666667,0.8359788359788359,0.7352660199882421,0.0,0.0,53.0,77.0,14.0
J6026_3.RCP,60.0,4.0,5.783333333333333,3.028154920446149,347.0,106.0,0.059887005649717516,0.3214689265536723,0.6785310734463277,71.0,0.7541666666666667,0.7887323943661971,0.6887332616387983,0.0,0.0,56.0,81.0,10.0
J6026_4.RCP,60.0,4.0,5.2,2.821347195933177,312.0,106.0,0.059887005649717516,0.3785310734463277,0.6214689265536724,65.0,0.7541666666666667,0.8185676392572945,0.7189349112426036,0.0,0.0,54.0,89.0,24.0
J6026_5.RCP,60.0,4.0,4.866666666666666,2.661244487494943,292.0,106.0,0.059887005649717516,0.3497175141242938,0.6502824858757061,61.0,0.7541666666666667,0.734669095324833,0.6450861685748981,0.0,0.0,45.0,72.0,11.0
J6026_6.RCP,60.0,4.0,5.5,2.565800719723442,330.0,106.0,0.059887005649717516,0.327683615819209,0.672316384180791,73.0,0.7541666666666667,0.7855866587254318,0.6735735419010435,0.0,0.0,58.0,84.0,11.0
J6026_7.RCP,60.0,4.0,4.966666666666667,2.6202205165893115,298.0,106.0,0.059887005649717516,0.3644067796610169,0.6355932203389831,72.0,0.7541666666666667,0.635,0.5804676848920454,0.0,0.0,46.0,76.0,4.0
J6026_8.RCP,60.0,4.0,5.75,3.020071743077196,345.0,106.0,0.059887005649717516,0.37966101694915255,0.6203389830508474,89.0,0.7541666666666667,0.6642178046672429,0.5562346946125036,0.0,0.0,60.0,99.0,10.0
J6026_9.RCP,60.0,4.0,6.05,2.940663190506523,363.0,106.0,0.059887005649717516,0.3282485875706215,0.6717514124293785,62.0,0.7541666666666667,0.8031309297912713,0.7272963189725279,0.0,0.0,50.0,85.0,23.0
J6027_1.RCP,60.0,4.0,5.766666666666667,2.7225396640310353,346.0,106.0,0.059887005649717516,0.4016949152542373,0.5983050847457627,96.0,0.7541666666666667,0.5603298611111112,0.5008164463702147,0.0,0.0,54.0,99.0,3.0
J6027_10.RCP,60.0,4.0,5.433333333333334,2.734755727462489,326.0,106.0,0.059887005649717516,0.3129943502824859,0.6870056497175141,57.0,0.7541666666666667,0.6392262708052182,0.5483910804537739,0.0,0.0,37.0,59.0,2.0
J6027_2.RCP,60.0,4.0,4.616666666666666,3.0226460078694113,277.0,106.0,0.059887005649717516,0.4152542372881356,0.5847457627118644,74.0,0.7541666666666667,0.6475225225225225,0.535931013301703,0.0,0.0,48.0,79.0,5.0
J6027_3.RCP,60.0,4.0,5.05,3.0736785778607367,303.0,106.0,0.059887005649717516,0.34011299435028247,0.6598870056497175,76.0,0.7541666666666667,0.6126644736842105,0.5795402803215303,0.0,0.0,47.0,79.0,3.0
J6027_4.RCP,60.0,4.0,5.033333333333333,2.822331581433258,302.0,106.0,0.059887005649717516,0.34519774011299437,0.6548022598870056,60.0,0.7541666666666667,0.6161458333333333,0.5136197916666667,0.0,0.0,37.0,70.0,10.0
J6027_5.RCP,60.0,4.0,5.733333333333333,2.8859814429217816,344.0,106.0,0.059887005649717516,0.3581920903954802,0.6418079096045197,78.0,0.7541666666666667,0.6355311355311355,0.5170018877449218,0.0,0.0,50.0,81.0,3.0
J6027_6.RCP,60.0,4.0,5.8,3.124099870362662,348.0,106.0,0.059887005649717516,0.315819209039548,0.684180790960452,64.0,0.7541666666666667,0.6477272727272727,0.5880654592500523,0.0,0.0,42.0,68.0,4.0
J6027_7.RCP,60.0,4.0,5.633333333333334,2.6768555350551804,338.0,106.0,0.059887005649717516,0.3367231638418079,0.6632768361581921,83.0,0.7541666666666667,0.4966532797858099,0.47637366098099276,0.0,0.0,42.0,83.0,0.0
J6027_8.RCP,60.0,4.0,5.416666666666667,2.788617738035977,325.0,106.0,0.059887005649717516,0.35706214689265536,0.6429378531073446,88.0,0.7541666666666667,0.5586363636363636,0.4872346076022546,0.0,0.0,50.0,89.0,1.0
J6027_9.RCP,60.0,4.0,5.383333333333334,2.83485253388759,323.0,106.0,0.059887005649717516,0.3581920903954802,0.6418079096045197,76.0,0.7541666666666667,0.5497866287339972,0.4839976761029393,0.0,0.0,42.0,88.0,12.0
J6028_1.RCP,60.0,4.0,5.9,2.8734416066220425,354.0,106.0,0.059887005649717516,0.4214689265536723,0.5785310734463277,92.0,0.7541666666666667,0.430366847826087,0.3967131957903298,0.0,0.0,40.0,92.0,0.0
J6028_10.RCP,60.0,4.0,6.733333333333333,2.372527953236566,404.0,106.0,0.059887005649717516,0.32994350282485874,0.6700564971751413,74.0,0.7541666666666667,0.4484797297297297,0.39105345109481143,0.0,0.0,34.0,74.0,0.0
J6028_2.RCP,60.0,4.0,5.116666666666666,2.7452484202506864,307.0,106.0,0.059887005649717516,0.3214689265536723,0.6785310734463277,64.0,0.7541666666666667,0.47705078125,0.4286790192925033,0.0,0.0,31.0,64.0,0.0
J6028_3.RCP,60.0,4.0,5.116666666666666,2.627366657997234,307.0,106.0,0.059887005649717516,0.42824858757062145,0.5717514124293785,72.0,0.7541666666666667,0.4601851851851852,0.42623047264004715,0.0,0.0,34.0,72.0,0.0
J6028_4.RCP,60.0,4.0,5.516666666666667,2.9636220331809446,331.0,106.0,0.059887005649717516,0.3463276836158192,0.6536723163841808,84.0,0.7541666666666667,0.5082671957671958,0.40910636576910164,0.0,0.0,43.0,84.0,0.0
J6028_5.RCP,60.0,4.0,5.516666666666667,2.9125685495032654,331.0,106.0,0.059887005649717516,0.34689265536723163,0.6531073446327684,71.0,0.7541666666666667,0.37731653076352856,0.3519236103600809,0.0,0.0,27.0,71.0,0.0
J6028_6.RCP,60.0,4.0,5.766666666666667,2.8946310453819306,346.0,106.0,0.059887005649717516,0.396045197740113,0.6039548022598871,89.0,0.7541666666666667,0.447616155481324,0.40716036807519324,0.0,0.0,40.0,89.0,0.0
J6028_7.RCP,60.0,4.0,5.533333333333333,2.860458393723324,332.0,106.0,0.059887005649717516,0.376271186440678,0.623728813559322,75.0,0.7541666666666667,0.3315723270440252,0.30372971262590176,0.0,0.0,25.0,75.0,0.0
J6028_8.RCP,60.0,4.0,5.316666666666666,3.2582800507152374,319.0,106.0,0.059887005649717516,0.3129943502824859,0.6870056497175141,62.0,0.7541666666666667,0.5806451612903226,0.5198788826380992,0.0,0.0,36.0,62.0,0.0
J6028_9.RCP,60.0,4.0,5.783333333333333,2.9274087897357663,347.0,106.0,0.059887005649717516,0.36214689265536726,0.6378531073446327,74.0,0.7541666666666667,0.46856639247943593,0.42799257738448027,0.0,0.0,35.0,74.0,0.0
J6029_1.RCP,60.0,4.0,5.116666666666666,2.8112373709019227,307.0,106.0,0.059887005649717516,0.36271186440677966,0.6372881355932203,59.0,1.0,1.526230831315577,1.4259200260538352,15.0,0.013297872340425532,91.0,130.0,39.0
J6029_10.RCP,60.0,4.0,5.866666666666666,2.6923760675078228,352.0,106.0,0.059887005649717516,0.31468926553672316,0.6853107344632768,70.0,1.0,1.5162337662337662,1.3859193438140807,38.0,0.031327287716405604,107.0,147.0,40.0
J6029_2.RCP,60.0,4.0,5.283333333333333,2.898802434722925,317.0,106.0,0.059887005649717516,0.4016949152542373,0.5983050847457627,88.0,1.0,1.1725852272727273,1.1365992182857994,245.0,0.23135033050047216,104.0,166.0,62.0
J6029_3.RCP,60.0,4.0,5.766666666666667,2.9118531709014603,346.0,106.0,0.059887005649717516,0.34915254237288135,0.6508474576271186,72.0,1.0,1.46875,1.3760973614592036,3.0,0.0026041666666666665,106.0,150.0,44.0
J6029_4.RCP,60.0,4.0,5.966666666666667,2.6581112759919505,358.0,106.0,0.059887005649717516,0.33220338983050846,0.6677966101694915,75.0,1.0,1.4526315789473685,1.4079727095516568,108.0,0.09137055837563451,109.0,165.0,56.0
J6029_5.RCP,60.0,4.0,5.433333333333334,2.7890659527678596,326.0,106.0,0.059887005649717516,0.37457627118644066,0.6254237288135593,77.0,1.0,1.2118933697881067,1.154936855124825,6.0,0.005420054200542005,94.0,146.0,52.0
J6029_6.RCP,60.0,4.0,6.8,2.3579652245103193,408.0,106.0,0.059887005649717516,0.3672316384180791,0.6327683615819208,77.0,1.0,1.80762987012987,1.5690835245581485,106.0,0.09464285714285714,140.0,184.0,44.0
J6029_7.RCP,60.0,4.0,5.133333333333334,2.765662468358872,308.0,106.0,0.059887005649717516,0.39322033898305087,0.6067796610169491,73.0,1.0,1.4680365296803652,1.3097317351598172,88.0,0.08193668528864059,108.0,154.0,46.0
J6029_8.RCP,60.0,4.0,5.366666666666666,2.9550333707459586,322.0,106.0,0.059887005649717516,0.34124293785310733,0.6587570621468927,72.0,1.0,1.1698232323232323,1.102996106902357,0.0,0.0,85.0,124.0,39.0
J6029_9.RCP,60.0,4.0,5.1,2.9251780572585093,306.0,106.0,0.059887005649717516,0.3474576271186441,0.652542372881356,70.0,1.0,1.3349206349206348,1.2979647034252297,65.0,0.05627705627705628,94.0,139.0,45.0
J602_1.RCP,60.0,4.0,5.4,2.9844039047465856,324.0,87.0,0.04915254237288136,0.23954802259887006,0.7604519774011299,65.0,0.25,0.4855769230769231,0.3797825091575091,5.0,0.003714710252600297,32.0,70.0,5.0
J602_10.RCP,60.0,4.0,6.433333333333334,2.7770888034454755,386.0,87.0,0.04915254237288136,0.22937853107344633,0.7706214689265537,64.0,0.25,0.5101902173913043,0.47292515851449274,10.0,0.007331378299120235,33.0,73.0,9.0
J602_2.RCP,60.0,4.0,5.716666666666667,3.011597951623394,343.0,87.0,0.04915254237288136,0.2689265536723164,0.7310734463276836,82.0,0.25,0.4050064184852375,0.3254164052023177,42.0,0.03245749613601236,34.0,90.0,8.0
J602_3.RCP,60.0,4.0,6.516666666666667,2.765813121348263,391.0,87.0,0.04915254237288136,0.25254237288135595,0.747457627118644,77.0,0.25,0.5507674144037781,0.40627363413924683,15.0,0.011337868480725623,43.0,80.0,3.0
J602_4.RCP,60.0,4.0,5.533333333333333,2.866279043560755,332.0,87.0,0.04915254237288136,0.26440677966101694,0.735593220338983,78.0,0.25,0.4423076923076923,0.3560712524654832,24.0,0.018433179723502304,35.0,82.0,4.0
J602_5.RCP,60.0,4.0,5.633333333333334,2.7626476833324625,338.0,87.0,0.04915254237288136,0.21864406779661016,0.7813559322033898,53.0,0.25,0.5363881401617251,0.4456749775381851,15.0,0.010845986984815618,29.0,63.0,10.0
J602_6.RCP,60.0,4.0,5.15,2.8508770580296865,309.0,87.0,0.04915254237288136,0.22655367231638418,0.7734463276836159,61.0,0.25,0.553519768563163,0.38762991535411984,21.0,0.015339663988312637,34.0,74.0,13.0
J602_7.RCP,60.0,4.0,5.6,2.9393876913398134,336.0,87.0,0.04915254237288136,0.20282485875706216,0.7971751412429379,49.0,0.25,0.5476190476190477,0.4205616662249315,2.0,0.001417434443656981,27.0,61.0,12.0
J602_8.RCP,60.0,4.0,5.466666666666667,3.154185931248963,328.0,87.0,0.04915254237288136,0.21864406779661016,0.7813559322033898,66.0,0.25,0.5574162679425837,0.40990434886438265,10.0,0.0072306579898770785,37.0,70.0,4.0
J602_9.RCP,60.0,4.0,5.6,2.7398296784046026,336.0,87.0,0.04915254237288136,0.2457627118644068,0.7542372881355932,65.0,0.25,0.4375,0.3505787037037037,12.0,0.008988764044943821,29.0,71.0,6.0
J6030_1.RCP,60.0,4.0,5.016666666666667,3.0193358357242888,301.0,106.0,0.059887005649717516,0.37401129943502825,0.6259887005649718,70.0,1.0,0.790952380952381,0.7111734693877552,0.0,0.0,56.0,90.0,20.0
J6030_10.RCP,60.0,4.0,6.033333333333333,3.140948193707683,362.0,106.0,0.059887005649717516,0.3254237288135593,0.6745762711864407,81.0,1.0,0.881406659184437,0.8200749513010049,0.0,0.0,72.0,103.0,22.0
J6030_2.RCP,60.0,4.0,5.466666666666667,2.765662468358872,328.0,106.0,0.059887005649717516,0.3706214689265537,0.6293785310734463,65.0,1.0,0.9425641025641026,0.8521350524475524,0.0,0.0,62.0,83.0,18.0
J6030_3.RCP,60.0,4.0,6.266666666666667,2.6386023236217735,376.0,106.0,0.059887005649717516,0.36271186440677966,0.6372881355932203,80.0,1.0,0.8,0.7616851935874168,0.0,0.0,64.0,99.0,19.0
J6030_4.RCP,60.0,4.0,5.3,3.0127506811328857,318.0,106.0,0.059887005649717516,0.3474576271186441,0.652542372881356,76.0,1.0,0.6695906432748538,0.6027217674762604,0.0,0.0,51.0,80.0,4.0
J6030_5.RCP,60.0,4.0,6.05,2.7894145144336893,363.0,106.0,0.059887005649717516,0.3649717514124294,0.6350282485875707,72.0,1.0,0.8786764705882353,0.7909834207321952,0.0,0.0,64.0,91.0,19.0
J6030_6.RCP,60.0,4.0,4.983333333333333,2.789812817297167,299.0,106.0,0.059887005649717516,0.34350282485875705,0.656497175141243,68.0,1.0,0.7040998217468806,0.6512766777472659,0.0,0.0,48.0,74.0,6.0
J6030_7.RCP,60.0,4.0,6.05,3.002360182700714,363.0,106.0,0.059887005649717516,0.36610169491525424,0.6338983050847458,77.0,1.0,0.9149126735333631,0.8591605491135588,0.0,0.0,71.0,97.0,20.0
J6030_8.RCP,60.0,4.0,5.266666666666667,2.792052212182923,316.0,106.0,0.059887005649717516,0.3497175141242938,0.6502824858757061,63.0,1.0,0.7305764411027569,0.7053666451933461,0.0,0.0,47.0,78.0,15.0
J6030_9.RCP,60.0,4.0,5.866666666666666,2.935226661700175,352.0,106.0,0.059887005649717516,0.39661016949152544,0.6033898305084746,98.0,1.0,0.782312925170068,0.7005156901470264,0.0,0.0,77.0,117.0,19.0
J6031_1.RCP,60.0,4.0,5.116666666666666,2.852435606440378,307.0,106.0,0.059887005649717516,0.3327683615819209,0.6672316384180791,65.0,1.0,0.6695970695970695,0.5333752864541041,0.0,0.0,44.0,65.0,0.0
J6031_10.RCP,60.0,4.0,5.233333333333333,2.9175712882845253,314.0,106.0,0.059887005649717516,0.3192090395480226,0.6807909604519774,56.0,1.0,0.6724738675958188,0.6320101006275449,0.0,0.0,38.0,61.0,5.0
J6031_2.RCP,60.0,4.0,5.7,2.7404379212089442,342.0,106.0,0.059887005649717516,0.36214689265536726,0.6378531073446327,74.0,1.0,0.6397420147420148,0.6214407532342315,0.0,0.0,48.0,83.0,9.0
J6031_3.RCP,60.0,4.0,5.366666666666666,2.575310121562493,322.0,106.0,0.059887005649717516,0.3214689265536723,0.6785310734463277,66.0,1.0,0.6101928374655647,0.5594987818250526,0.0,0.0,41.0,72.0,6.0
J6031_4.RCP,60.0,4.0,5.283333333333333,3.125655486809482,317.0,106.0,0.059887005649717516,0.3480225988700565,0.6519774011299435,68.0,1.0,0.6662581699346405,0.6174824856895651,0.0,0.0,46.0,74.0,6.0
J6031_5.RCP,60.0,4.0,5.5,2.84897642437888,330.0,106.0,0.059887005649717516,0.3129943502824859,0.6870056497175141,72.0,1.0,0.5489267676767676,0.4715218807410519,0.0,0.0,40.0,72.0,0.0
J6031_6.RCP,60.0,4.0,6.466666666666667,2.8134597128012255,388.0,106.0,0.059887005649717516,0.34350282485875705,0.656497175141243,72.0,1.0,0.6835106382978723,0.641095268570171,0.0,0.0,50.0,77.0,5.0
J6031_7.RCP,60.0,4.0,5.316666666666666,2.9579929381630077,319.0,106.0,0.059887005649717516,0.42994350282485877,0.5700564971751412,76.0,1.0,0.6924812030075188,0.6108738848870428,0.0,0.0,53.0,82.0,6.0
J6031_8.RCP,60.0,4.0,5.583333333333333,2.734298610044062,335.0,106.0,0.059887005649717516,0.403954802259887,0.596045197740113,75.0,1.0,0.6893693693693693,0.5789563080867428,0.0,0.0,52.0,80.0,5.0
J6031_9.RCP,60.0,4.0,6.233333333333333,3.0841890704401087,374.0,106.0,0.059887005649717516,0.3497175141242938,0.6502824858757061,86.0,1.0,0.6046511627906976,0.5125888815584511,0.0,0.0,52.0,86.0,0.0
J6032_1.RCP,60.0,4.0,5.616666666666666,2.7085769121235765,337.0,106.0,0.059887005649717516,0.3073446327683616,0.6926553672316385,69.0,1.0,0.4292270531400966,0.3701972313267682,0.0,0.0,30.0,69.0,0.0
J6032_10.RCP,60.0,4.0,5.45,2.753331315576339,327.0,106.0,0.059887005649717516,0.36271186440677966,0.6372881355932203,77.0,1.0,0.5474747474747474,0.5064163752199773,0.0,0.0,43.0,77.0,0.0
J6032_2.RCP,60.0,4.0,5.7,3.1053716900450636,342.0,106.0,0.059887005649717516,0.3864406779661017,0.6135593220338983,114.0,1.0,0.4049043062200957,0.36540938763398984,0.0,0.0,47.0,114.0,0.0
J6032_3.RCP,60.0,4.0,6.183333333333334,2.777838888216681,371.0,106.0,0.059887005649717516,0.38531073446327685,0.6146892655367231,85.0,1.0,0.5024221453287198,0.43585732983054726,0.0,0.0,43.0,85.0,0.0
J6032_4.RCP,60.0,4.0,5.116666666666666,2.8988024347229246,307.0,106.0,0.059887005649717516,0.3502824858757062,0.6497175141242938,56.0,1.0,0.5202156334231806,0.43198189649108776,0.0,0.0,30.0,56.0,0.0
J6032_5.RCP,60.0,4.0,5.583333333333333,2.6159234613335984,335.0,106.0,0.059887005649717516,0.39378531073446327,0.6062146892655367,77.0,1.0,0.5318772136953955,0.5046903274978141,0.0,0.0,41.0,77.0,0.0
J6032_6.RCP,60.0,4.0,5.4,2.835489375751565,324.0,106.0,0.059887005649717516,0.41129943502824856,0.5887005649717514,93.0,1.0,0.4451046972269383,0.41295407977545284,0.0,0.0,42.0,93.0,0.0
J6032_7.RCP,60.0,4.0,5.566666666666666,2.5714241622537153,334.0,106.0,0.059887005649717516,0.3672316384180791,0.6327683615819208,76.0,1.0,0.5,0.4724424352194435,0.0,0.0,38.0,76.0,0.0
J6032_8.RCP,60.0,4.0,5.0,2.8635642126552705,300.0,106.0,0.059887005649717516,0.3559322033898305,0.6440677966101696,76.0,1.0,0.4319331983805668,0.4032921492590356,0.0,0.0,33.0,76.0,0.0
J6032_9.RCP,60.0,4.0,6.216666666666667,2.972606413383529,373.0,106.0,0.059887005649717516,0.3649717514124294,0.6350282485875707,74.0,1.0,0.5807514831905076,0.5494980876078437,0.0,0.0,43.0,74.0,0.0
J6033_1.RCP,60.0,4.0,5.766666666666667,3.1271215020988374,346.0,125.0,0.07062146892655367,0.45310734463276836,0.5468926553672316,90.0,0.25,0.5547008547008547,0.46205484330484337,83.0,0.08574380165289257,50.0,114.0,24.0
J6033_10.RCP,60.0,4.0,5.3,2.98496231131986,318.0,125.0,0.07062146892655367,0.4581920903954802,0.5418079096045199,69.0,0.25,0.7536231884057971,0.5176142697881828,65.0,0.06777893639207506,52.0,95.0,26.0
J6033_2.RCP,60.0,4.0,5.883333333333334,2.864097686105618,353.0,125.0,0.07062146892655367,0.45310734463276836,0.5468926553672316,100.0,0.25,0.5727272727272728,0.40983245920745925,84.0,0.08677685950413223,58.0,113.0,13.0
J6033_3.RCP,60.0,4.0,5.083333333333333,2.800545581767159,305.0,125.0,0.07062146892655367,0.4548022598870056,0.5451977401129944,77.0,0.25,0.5962219598583235,0.42443011533920627,74.0,0.0766839378238342,46.0,93.0,16.0
J6033_4.RCP,60.0,4.0,5.7,2.66020049369717,342.0,125.0,0.07062146892655367,0.4559322033898305,0.5440677966101695,75.0,0.25,0.5825641025641025,0.5157264957264956,57.0,0.059190031152647975,44.0,89.0,14.0
J6033_5.RCP,60.0,4.0,6.183333333333334,2.9523531104677994,371.0,125.0,0.07062146892655367,0.4858757062146893,0.5141242937853108,97.0,0.25,0.5532646048109966,0.4496251171508904,94.0,0.10329670329670329,54.0,119.0,22.0
J6033_6.RCP,60.0,4.0,5.683333333333334,2.9748482687730853,341.0,125.0,0.07062146892655367,0.42994350282485877,0.5700564971751412,65.0,0.25,0.7065088757396449,0.5541420118343194,71.0,0.07036669970267592,46.0,86.0,21.0
J6033_7.RCP,60.0,4.0,5.683333333333334,2.8606040543136264,341.0,125.0,0.07062146892655367,0.4322033898305085,0.5677966101694916,66.0,0.25,0.6984848484848485,0.6008838383838384,88.0,0.08756218905472636,47.0,85.0,19.0
J6033_8.RCP,60.0,4.0,5.433333333333334,3.0020363459195862,326.0,125.0,0.07062146892655367,0.4514124293785311,0.5485875706214689,74.0,0.25,0.8194980694980695,0.455048555048555,74.0,0.07621009268795056,61.0,101.0,27.0
J6033_9.RCP,60.0,4.0,5.716666666666667,2.8757124721053424,343.0,125.0,0.07062146892655367,0.4666666666666667,0.5333333333333333,102.0,0.25,0.475867269984917,0.39346854126265896,71.0,0.07521186440677965,49.0,126.0,24.0
J6034_1.RCP,60.0,4.0,5.483333333333333,3.1224545188396617,329.0,125.0,0.07062146892655367,0.47966101694915253,0.5203389830508475,67.0,0.25,0.4978050921861282,0.45729906616649374,35.0,0.038002171552660155,34.0,72.0,5.0
J6034_10.RCP,60.0,4.0,6.016666666666667,2.9916086345346415,361.0,125.0,0.07062146892655367,0.47966101694915253,0.5203389830508475,92.0,0.25,0.4673913043478261,0.34458717610891526,19.0,0.02062975027144408,43.0,95.0,3.0
J6034_2.RCP,60.0,4.0,5.466666666666667,2.4662161750791887,328.0,125.0,0.07062146892655367,0.4440677966101695,0.5559322033898305,65.0,0.25,0.5021978021978022,0.4373817155067155,21.0,0.021341463414634148,33.0,73.0,8.0
J6034_3.RCP,60.0,4.0,5.133333333333334,2.723151768733347,308.0,125.0,0.07062146892655367,0.43107344632768363,0.5689265536723164,61.0,0.25,0.49951783992285437,0.39887763848708885,15.0,0.014895729890764648,31.0,75.0,14.0
J6034_4.RCP,60.0,4.0,5.283333333333333,3.3120570982732502,317.0,125.0,0.07062146892655367,0.4322033898305085,0.5677966101694916,83.0,0.25,0.4066265060240964,0.3416389918648955,14.0,0.013930348258706466,34.0,83.0,0.0
J6034_5.RCP,60.0,4.0,5.2,2.8272483678186697,312.0,125.0,0.07062146892655367,0.47909604519774013,0.5209039548022598,80.0,0.25,0.3625,0.3332837301587302,24.0,0.026030368763557486,29.0,87.0,7.0
J6034_6.RCP,60.0,4.0,5.95,2.996803852996277,357.0,125.0,0.07062146892655367,0.4536723163841808,0.5463276836158192,77.0,0.25,0.4239877769289534,0.38088487143108996,27.0,0.027921406411582212,33.0,94.0,17.0
J6034_7.RCP,60.0,4.0,5.433333333333334,2.923278220689155,326.0,125.0,0.07062146892655367,0.488135593220339,0.5118644067796609,83.0,0.25,0.4474260679079956,0.3505511143711002,31.0,0.03421633554083885,38.0,98.0,15.0
J6034_8.RCP,60.0,4.0,4.816666666666666,2.9239908040591067,289.0,125.0,0.07062146892655367,0.4248587570621469,0.5751412429378531,61.0,0.25,0.5297131147540983,0.408405580075662,24.0,0.02357563850687623,33.0,67.0,6.0
J6034_9.RCP,60.0,4.0,5.316666666666666,3.00827562271515,319.0,125.0,0.07062146892655367,0.4367231638418079,0.5632768361581921,77.0,0.25,0.5038961038961038,0.36206359430043644,17.0,0.017051153460381142,39.0,83.0,6.0
J6035_1.RCP,60.0,4.0,5.883333333333334,2.5304259632630144,353.0,125.0,0.07062146892655367,0.4514124293785311,0.5485875706214689,78.0,0.25,0.36576168929110103,0.33854347952198627,17.0,0.017507723995880537,29.0,90.0,12.0
J6035_10.RCP,60.0,4.0,5.45,2.8660367524975436,327.0,125.0,0.07062146892655367,0.4661016949152542,0.5338983050847458,70.0,0.25,0.453781512605042,0.360500515995872,6.0,0.006349206349206349,32.0,76.0,6.0
J6035_2.RCP,60.0,4.0,6.083333333333333,2.641285461454117,365.0,125.0,0.07062146892655367,0.4655367231638418,0.5344632768361581,77.0,0.25,0.39751552795031053,0.296781479390175,12.0,0.012684989429175477,31.0,85.0,8.0
J6035_3.RCP,60.0,4.0,5.633333333333334,2.949387883763153,338.0,125.0,0.07062146892655367,0.47005649717514125,0.5299435028248587,87.0,0.25,0.3995943204868154,0.33587235181428887,12.0,0.012793176972281451,35.0,95.0,8.0
J6035_4.RCP,60.0,4.0,5.25,2.6684889606916746,315.0,125.0,0.07062146892655367,0.4858757062146893,0.5141242937853108,72.0,0.25,0.5118055555555555,0.3405063837129054,3.0,0.0032967032967032963,37.0,76.0,4.0
J6035_5.RCP,60.0,4.0,5.65,2.6256745165131696,339.0,125.0,0.07062146892655367,0.5011299435028248,0.4988700564971752,75.0,0.25,0.38066666666666665,0.33516666666666667,1.0,0.001132502831257078,29.0,77.0,2.0
J6035_6.RCP,60.0,4.0,5.266666666666667,2.749949494485712,316.0,125.0,0.07062146892655367,0.4694915254237288,0.5305084745762711,79.0,0.25,0.4050632911392405,0.3592072196966728,13.0,0.013844515441959533,32.0,94.0,15.0
J6035_7.RCP,60.0,4.0,5.383333333333334,2.9949494523651348,323.0,125.0,0.07062146892655367,0.5022598870056497,0.4977401129943503,73.0,0.25,0.4049657534246575,0.36544969015003265,16.0,0.018161180476730987,30.0,77.0,4.0
J6035_8.RCP,60.0,4.0,5.95,2.8892040426387333,357.0,125.0,0.07062146892655367,0.42259887005649716,0.5774011299435029,75.0,0.25,0.3908333333333333,0.36762781803542677,10.0,0.009784735812133072,30.0,78.0,3.0
J6035_9.RCP,60.0,4.0,5.3,3.078419507907697,318.0,125.0,0.07062146892655367,0.5062146892655367,0.4937853107344633,73.0,0.25,0.4938716654650324,0.37645878394616683,7.0,0.008009153318077803,37.0,81.0,8.0
J6036_1.RCP,60.0,4.0,4.933333333333334,2.5223445883190156,296.0,125.0,0.07062146892655367,0.4576271186440678,0.5423728813559322,61.0,0.25,0.4143897996357013,0.34354957830126587,3.0,0.003125,26.0,61.0,0.0
J6036_10.RCP,60.0,4.0,5.516666666666667,2.9579929381630072,331.0,125.0,0.07062146892655367,0.4548022598870056,0.5451977401129944,77.0,0.25,0.3930735930735931,0.29321075537653074,5.0,0.0051813471502590676,31.0,77.0,0.0
J6036_2.RCP,60.0,4.0,5.033333333333333,2.8164201075518234,302.0,125.0,0.07062146892655367,0.49548022598870056,0.5045197740112994,75.0,0.25,0.46555555555555556,0.3157857142857143,15.0,0.0167973124300112,35.0,75.0,0.0
J6036_3.RCP,60.0,4.0,5.366666666666666,2.8458546851321995,322.0,125.0,0.07062146892655367,0.4598870056497175,0.5401129943502825,81.0,0.25,0.36907082521117607,0.2776072124756335,6.0,0.006276150627615063,30.0,81.0,0.0
J6036_4.RCP,60.0,4.0,5.45,2.825036872915703,327.0,125.0,0.07062146892655367,0.4717514124293785,0.5282485875706215,85.0,0.25,0.2823529411764706,0.24167838874680309,3.0,0.00320855614973262,24.0,85.0,0.0
J6036_5.RCP,60.0,4.0,4.716666666666667,2.5631469373062132,283.0,125.0,0.07062146892655367,0.4542372881355932,0.5457627118644068,57.0,0.25,0.4473684210526316,0.33096630465051513,1.0,0.0010351966873706003,26.0,57.0,0.0
J6036_6.RCP,60.0,4.0,5.8,2.743477112473634,348.0,125.0,0.07062146892655367,0.4559322033898305,0.5440677966101695,76.0,0.25,0.3611842105263158,0.2640658558211799,0.0,0.0,28.0,76.0,0.0
J6036_7.RCP,60.0,4.0,5.533333333333333,2.7353650985238187,332.0,125.0,0.07062146892655367,0.4350282485875706,0.5649717514124294,71.0,0.25,0.31965707287201467,0.265233125807988,8.0,0.008,23.0,71.0,0.0
J6036_8.RCP,60.0,4.0,5.583333333333333,3.0237485933118773,335.0,125.0,0.07062146892655367,0.4423728813559322,0.5576271186440678,69.0,0.25,0.43478260869565216,0.26149538866930166,0.0,0.0,30.0,69.0,0.0
J6036_9.RCP,60.0,4.0,5.733333333333333,3.0103525079668363,344.0,125.0,0.07062146892655367,0.4807909604519774,0.5192090395480227,86.0,0.25,0.2252141982864137,0.21002504925493326,0.0,0.0,20.0,86.0,0.0
J6037_1.RCP,60.0,4.0,5.0,2.695675549220764,300.0,125.0,0.07062146892655367,0.46271186440677964,0.5372881355932204,70.0,0.5041666666666667,1.0276190476190477,0.8268027210884353,162.0,0.1703470031545741,72.0,119.0,47.0
J6037_10.RCP,60.0,4.0,5.666666666666667,2.8205594401741574,340.0,125.0,0.07062146892655367,0.40847457627118644,0.5915254237288136,86.0,0.5041666666666667,0.7594476744186046,0.710016957364341,114.0,0.10888252148997135,66.0,120.0,34.0
J6037_2.RCP,60.0,4.0,5.0,2.701851217221259,300.0,125.0,0.07062146892655367,0.4638418079096045,0.5361581920903955,68.0,0.5041666666666667,1.0029411764705882,0.7975446428571429,131.0,0.1380400421496312,69.0,122.0,53.0
J6037_3.RCP,60.0,4.0,6.516666666666667,2.9523531104677994,391.0,125.0,0.07062146892655367,0.47909604519774013,0.5209039548022598,97.0,0.5041666666666667,1.0655375552282769,0.888771666477852,204.0,0.22125813449023865,104.0,174.0,70.0
J6037_4.RCP,60.0,4.0,5.55,2.7654113618049667,333.0,125.0,0.07062146892655367,0.4497175141242938,0.5502824858757063,75.0,0.5041666666666667,0.9419047619047619,0.8291706349206349,128.0,0.13141683778234084,71.0,127.0,52.0
J6037_5.RCP,60.0,4.0,5.05,2.8485376365192483,303.0,125.0,0.07062146892655367,0.46779661016949153,0.5322033898305085,80.0,0.5041666666666667,0.8265625,0.775874255952381,196.0,0.20806794055201697,67.0,119.0,39.0
J6037_6.RCP,60.0,4.0,5.766666666666667,2.740843341422895,346.0,125.0,0.07062146892655367,0.43954802259887005,0.56045197740113,62.0,0.5041666666666667,1.2688172043010753,1.0094086021505375,125.0,0.12600806451612903,79.0,120.0,41.0
J6037_7.RCP,60.0,4.0,5.783333333333333,2.927408789735766,347.0,125.0,0.07062146892655367,0.4604519774011299,0.53954802259887,75.0,0.5041666666666667,1.0951111111111111,0.9031855921855921,174.0,0.18219895287958116,83.0,135.0,52.0
J6037_8.RCP,60.0,4.0,5.333333333333333,3.118047822311618,320.0,125.0,0.07062146892655367,0.4175141242937853,0.5824858757062147,79.0,0.5041666666666667,0.8556962025316456,0.7429556730189641,181.0,0.1755577109602328,68.0,112.0,33.0
J6037_9.RCP,60.0,4.0,5.6,2.5311394008759502,336.0,125.0,0.07062146892655367,0.4610169491525424,0.5389830508474576,77.0,0.5041666666666667,0.883982683982684,0.8082613464966406,134.0,0.14046121593291405,69.0,120.0,43.0
J6038_1.RCP,60.0,4.0,5.683333333333334,2.9916086345346415,341.0,125.0,0.07062146892655367,0.46214689265536724,0.5378531073446328,73.0,0.5041666666666667,0.7148194271481942,0.5449236836223137,0.0,0.0,53.0,91.0,18.0
J6038_10.RCP,60.0,4.0,5.533333333333333,2.8193773938387334,332.0,125.0,0.07062146892655367,0.44180790960451977,0.5581920903954802,63.0,0.5041666666666667,0.7011732229123534,0.6256938941243664,0.0,0.0,45.0,75.0,12.0
J6038_2.RCP,60.0,4.0,6.033333333333333,2.6138519893487127,362.0,125.0,0.07062146892655367,0.4293785310734463,0.5706214689265536,71.0,0.5041666666666667,0.8502594514455152,0.6802080739063044,1.0,0.0009900990099009901,61.0,90.0,19.0
J6038_3.RCP,60.0,4.0,5.633333333333334,3.0820267501903498,338.0,125.0,0.07062146892655367,0.44745762711864406,0.5525423728813559,76.0,0.5041666666666667,0.6900584795321637,0.6266668881800461,3.0,0.0030674846625766876,53.0,88.0,12.0
J6038_4.RCP,60.0,4.0,5.166666666666667,2.621492365470901,310.0,125.0,0.07062146892655367,0.4062146892655367,0.5937853107344633,58.0,0.5041666666666667,0.7391304347826086,0.6181368406705737,0.0,0.0,43.0,67.0,9.0
J6038_5.RCP,60.0,4.0,5.3,2.78268455512538,318.0,125.0,0.07062146892655367,0.4717514124293785,0.5282485875706215,103.0,0.5041666666666667,0.5811373092926491,0.45885243042882284,4.0,0.00427807486631016,60.0,114.0,11.0
J6038_6.RCP,60.0,4.0,5.716666666666667,2.7269743102729973,343.0,125.0,0.07062146892655367,0.45028248587570624,0.5497175141242938,86.0,0.5041666666666667,0.5875512995896033,0.5044056283913365,7.0,0.007194244604316547,51.0,96.0,10.0
J6038_7.RCP,60.0,4.0,5.716666666666667,2.904546244921724,343.0,125.0,0.07062146892655367,0.45084745762711864,0.5491525423728814,74.0,0.5041666666666667,0.6237837837837837,0.5583235114814062,2.0,0.00205761316872428,47.0,87.0,13.0
J6038_8.RCP,60.0,4.0,5.883333333333334,3.0226460078694113,353.0,125.0,0.07062146892655367,0.480225988700565,0.519774011299435,68.0,0.5041666666666667,0.7269820971867008,0.6371178906345147,0.0,0.0,50.0,80.0,12.0
J6038_9.RCP,60.0,4.0,4.916666666666667,2.8418988174966557,295.0,125.0,0.07062146892655367,0.4598870056497175,0.5401129943502825,66.0,0.5041666666666667,0.5991735537190083,0.5353426308539945,0.0,0.0,40.0,71.0,5.0
J6039_1.RCP,60.0,4.0,5.4,2.8413611761501443,324.0,125.0,0.07062146892655367,0.4903954802259887,0.5096045197740113,80.0,0.5041666666666667,0.5215909090909091,0.43946707589285716,0.0,0.0,42.0,94.0,14.0
J6039_10.RCP,60.0,4.0,5.25,2.8497075873382753,315.0,125.0,0.07062146892655367,0.4457627118644068,0.5542372881355933,74.0,0.5041666666666667,0.5351351351351351,0.4831512836947619,0.0,0.0,40.0,75.0,1.0
J6039_2.RCP,60.0,4.0,5.966666666666667,3.027466854575877,358.0,125.0,0.07062146892655367,0.4491525423728814,0.5508474576271186,84.0,0.5041666666666667,0.4486863711001642,0.4125121094164802,0.0,0.0,38.0,87.0,3.0
J6039_3.RCP,60.0,4.0,6.05,3.1167557919520523,363.0,125.0,0.07062146892655367,0.45254237288135596,0.547457627118644,83.0,0.5041666666666667,0.5117613310384395,0.46855938792765045,0.0,0.0,43.0,85.0,2.0
J6039_4.RCP,60.0,4.0,5.533333333333333,2.8720878971384023,332.0,125.0,0.07062146892655367,0.47909604519774013,0.5209039548022598,92.0,0.5041666666666667,0.5698757763975155,0.42979823618410573,0.0,0.0,53.0,99.0,7.0
J6039_5.RCP,60.0,4.0,5.366666666666666,2.6830745216800986,322.0,125.0,0.07062146892655367,0.4344632768361582,0.5655367231638417,73.0,0.5041666666666667,0.5292652552926526,0.4580287689281137,0.0,0.0,39.0,80.0,7.0
J6039_6.RCP,60.0,4.0,5.05,2.741198034923173,303.0,125.0,0.07062146892655367,0.492090395480226,0.507909604519774,83.0,0.5041666666666667,0.5759036144578313,0.4914825570223478,4.0,0.004449388209121247,48.0,86.0,3.0
J6039_7.RCP,60.0,4.0,5.5,2.9524001535473925,330.0,125.0,0.07062146892655367,0.4231638418079096,0.5768361581920904,68.0,0.5041666666666667,0.5448179271708683,0.4588063047799765,0.0,0.0,38.0,76.0,8.0
J6039_8.RCP,60.0,4.0,5.216666666666667,3.1785304081533585,313.0,125.0,0.07062146892655367,0.423728813559322,0.576271186440678,77.0,0.5041666666666667,0.46003996003996006,0.42310368203225346,0.0,0.0,36.0,77.0,0.0
J6039_9.RCP,60.0,4.0,5.633333333333334,2.664374014452342,338.0,125.0,0.07062146892655367,0.4689265536723164,0.5310734463276836,72.0,0.5041666666666667,0.5458937198067633,0.4779054222888556,0.0,0.0,40.0,73.0,1.0
J603_1.RCP,60.0,4.0,5.533333333333333,2.5978623691198286,332.0,87.0,0.04915254237288136,0.2542372881355932,0.7457627118644068,60.0,0.25,0.4031746031746032,0.33589285714285716,0.0,0.0,25.0,61.0,1.0
J603_10.RCP,60.0,4.0,5.566666666666666,2.8246927069840515,334.0,87.0,0.04915254237288136,0.2790960451977401,0.7209039548022599,67.0,0.25,0.4925373134328358,0.41011631403422444,17.0,0.013322884012539185,33.0,78.0,11.0
J603_2.RCP,60.0,4.0,5.533333333333333,2.9747082023097473,332.0,87.0,0.04915254237288136,0.24463276836158193,0.7553672316384181,69.0,0.25,0.34851621808143546,0.31260285608111693,3.0,0.002243829468960359,25.0,69.0,0.0
J603_3.RCP,60.0,4.0,5.983333333333333,2.9916086345346415,359.0,87.0,0.04915254237288136,0.25875706214689265,0.7412429378531074,102.0,0.25,0.30082559339525283,0.25812783081068685,8.0,0.006097560975609756,31.0,105.0,3.0
J603_4.RCP,60.0,4.0,5.7,2.6913441499245936,342.0,87.0,0.04915254237288136,0.3282485875706215,0.6717514124293785,81.0,0.25,0.3487654320987654,0.2775073602368288,5.0,0.004205214465937763,29.0,83.0,2.0
J603_5.RCP,60.0,4.0,6.216666666666667,2.733079256483833,373.0,87.0,0.04915254237288136,0.2824858757062147,0.7175141242937852,83.0,0.25,0.2891566265060241,0.2544825767717334,2.0,0.0015748031496062992,24.0,83.0,0.0
J603_6.RCP,60.0,4.0,6.033333333333333,2.5623340054636823,362.0,87.0,0.04915254237288136,0.23615819209039549,0.7638418079096045,57.0,0.25,0.4605263157894737,0.4221471966037183,1.0,0.0007396449704142012,27.0,60.0,3.0
J603_7.RCP,60.0,4.0,5.25,2.884585469930356,315.0,87.0,0.04915254237288136,0.207909604519774,0.792090395480226,58.0,0.25,0.42432950191570884,0.3713119066493026,9.0,0.006419400855920114,25.0,59.0,1.0
J603_8.RCP,60.0,4.0,5.3,2.8769196489764304,318.0,87.0,0.04915254237288136,0.23672316384180792,0.7632768361581921,52.0,0.25,0.5266272189349113,0.4672426862435224,21.0,0.015544041450777202,28.0,58.0,6.0
J603_9.RCP,60.0,4.0,5.4,2.893671255228094,324.0,87.0,0.04915254237288136,0.27288135593220336,0.7271186440677966,63.0,0.25,0.4954648526077097,0.3271279976637119,11.0,0.008547008547008548,32.0,67.0,4.0
J6040_1.RCP,60.0,4.0,6.25,2.5405051991024674,375.0,125.0,0.07062146892655367,0.5101694915254237,0.4898305084745763,86.0,0.5041666666666667,0.45155038759689925,0.39937994396835863,0.0,0.0,39.0,86.0,0.0
J6040_10.RCP,60.0,4.0,5.1,3.042477060992682,306.0,125.0,0.07062146892655367,0.4615819209039548,0.5384180790960452,73.0,0.5041666666666667,0.4723049434187016,0.38474960642773665,0.0,0.0,35.0,73.0,0.0
J6040_2.RCP,60.0,4.0,5.866666666666666,2.546020860523775,352.0,125.0,0.07062146892655367,0.4655367231638418,0.5344632768361581,81.0,0.5041666666666667,0.40012662234884455,0.3634418813630283,0.0,0.0,33.0,81.0,0.0
J6040_3.RCP,60.0,4.0,5.366666666666666,2.983100549577384,322.0,125.0,0.07062146892655367,0.4514124293785311,0.5485875706214689,70.0,0.5041666666666667,0.4465437788018433,0.38074493572415247,0.0,0.0,32.0,70.0,0.0
J6040_4.RCP,60.0,4.0,5.633333333333334,2.726210230745645,338.0,125.0,0.07062146892655367,0.46836158192090394,0.5316384180790961,87.0,0.5041666666666667,0.41379310344827586,0.357683737195286,1.0,0.0010626992561105207,36.0,87.0,0.0
J6040_5.RCP,60.0,4.0,6.183333333333334,2.9125685495032654,371.0,125.0,0.07062146892655367,0.4830508474576271,0.5169491525423728,83.0,0.5041666666666667,0.4395180722891566,0.4100271079310447,0.0,0.0,37.0,83.0,0.0
J6040_6.RCP,60.0,4.0,5.25,3.186560319006478,315.0,125.0,0.07062146892655367,0.4457627118644068,0.5542372881355933,69.0,0.5041666666666667,0.4435817805383023,0.38673608840942936,0.0,0.0,31.0,69.0,0.0
J6040_7.RCP,60.0,4.0,5.2,2.83313724811677,312.0,125.0,0.07062146892655367,0.45649717514124294,0.543502824858757,68.0,0.5041666666666667,0.42254901960784313,0.36938061683006534,0.0,0.0,29.0,68.0,0.0
J6040_8.RCP,60.0,4.0,5.85,2.528668951576435,351.0,125.0,0.07062146892655367,0.4576271186440678,0.5423728813559322,80.0,0.5041666666666667,0.41442307692307695,0.36498885316609775,0.0,0.0,34.0,80.0,0.0
J6040_9.RCP,60.0,4.0,5.7,2.764657905299195,342.0,125.0,0.07062146892655367,0.5242937853107345,0.47570621468926555,90.0,0.5041666666666667,0.38045977011494253,0.33838161875687234,0.0,0.0,35.0,90.0,0.0
J6041_1.RCP,60.0,4.0,6.0,3.022140521771503,360.0,125.0,0.07062146892655367,0.46440677966101696,0.535593220338983,91.0,0.7541666666666667,1.0470957613814758,0.9849882260596547,165.0,0.17405063291139242,96.0,147.0,51.0
J6041_10.RCP,60.0,4.0,6.066666666666666,2.8744081516413464,364.0,125.0,0.07062146892655367,0.4615819209039548,0.5384180790960452,71.0,0.7541666666666667,1.3686826843413422,1.1856565865782933,13.0,0.013641133263378805,98.0,127.0,29.0
J6041_2.RCP,60.0,4.0,5.483333333333333,2.789812817297167,329.0,125.0,0.07062146892655367,0.45875706214689266,0.5412429378531074,81.0,0.7541666666666667,1.0493827160493827,0.9683303552090101,106.0,0.11064718162839247,85.0,140.0,55.0
J6041_3.RCP,60.0,4.0,5.066666666666666,2.931817790306136,304.0,125.0,0.07062146892655367,0.4288135593220339,0.5711864406779661,58.0,0.7541666666666667,1.3559837728194726,1.261800440079238,69.0,0.06824925816023739,79.0,129.0,50.0
J6041_4.RCP,60.0,4.0,5.533333333333333,2.7956315128349005,332.0,125.0,0.07062146892655367,0.4915254237288136,0.5084745762711864,100.0,0.7541666666666667,0.9686666666666667,0.9215833333333333,207.0,0.23,97.0,164.0,64.0
J6041_5.RCP,60.0,4.0,5.75,2.778638755458027,345.0,125.0,0.07062146892655367,0.4350282485875706,0.5649717514124294,67.0,0.7541666666666667,1.3852611940298507,1.2682058457711443,154.0,0.154,93.0,140.0,47.0
J6041_6.RCP,60.0,4.0,5.65,3.1666228067138023,339.0,125.0,0.07062146892655367,0.523728813559322,0.476271186440678,82.0,0.7541666666666667,1.275609756097561,1.1136814024390245,169.0,0.2004744958481613,105.0,159.0,54.0
J6041_7.RCP,60.0,4.0,5.916666666666667,3.0837837508849777,355.0,125.0,0.07062146892655367,0.5209039548022599,0.4790960451977401,79.0,0.7541666666666667,1.3245931283905967,1.1399468806509945,244.0,0.2877358490566038,105.0,170.0,65.0
J6041_8.RCP,60.0,4.0,5.866666666666666,2.9295430056959777,352.0,125.0,0.07062146892655367,0.46497175141242936,0.5350282485875706,95.0,0.7541666666666667,1.0480263157894736,0.9699122807017544,207.0,0.21858500527983107,100.0,174.0,74.0
J6041_9.RCP,60.0,4.0,6.25,2.70570385174234,375.0,125.0,0.07062146892655367,0.46497175141242936,0.5350282485875706,80.0,0.7541666666666667,1.2825,1.1612249331550801,123.0,0.12988384371700107,103.0,153.0,50.0
J6042_1.RCP,60.0,4.0,5.466666666666667,2.617038190185403,328.0,125.0,0.07062146892655367,0.4632768361581921,0.536723163841808,83.0,0.7541666666666667,0.6131669535283993,0.5515586411184934,0.0,0.0,51.0,91.0,8.0
J6042_10.RCP,60.0,4.0,4.966666666666667,2.9775082796787573,298.0,125.0,0.07062146892655367,0.39717514124293785,0.6028248587570622,87.0,0.7541666666666667,0.7476489028213166,0.6350683559735284,0.0,0.0,66.0,98.0,11.0
J6042_2.RCP,60.0,4.0,5.2,2.7556003580587176,312.0,125.0,0.07062146892655367,0.41977401129943503,0.580225988700565,68.0,0.7541666666666667,0.7194117647058823,0.6724094465372356,0.0,0.0,49.0,81.0,13.0
J6042_3.RCP,60.0,4.0,5.466666666666667,2.717024516308644,328.0,125.0,0.07062146892655367,0.45028248587570624,0.5497175141242938,73.0,0.7541666666666667,0.8693361433087461,0.787368282402529,0.0,0.0,64.0,94.0,21.0
J6042_4.RCP,60.0,4.0,5.95,2.6797076955021293,357.0,125.0,0.07062146892655367,0.46779661016949153,0.5322033898305085,94.0,0.7541666666666667,0.8704061895551257,0.7039037752642054,0.0,0.0,82.0,120.0,26.0
J6042_5.RCP,60.0,4.0,5.316666666666666,3.002730239113878,319.0,125.0,0.07062146892655367,0.49322033898305084,0.5067796610169492,73.0,0.7541666666666667,0.6746575342465754,0.6194617374125966,0.0,0.0,50.0,83.0,10.0
J6042_6.RCP,60.0,4.0,5.033333333333333,3.1987844913689045,302.0,125.0,0.07062146892655367,0.5446327683615819,0.4553672316384181,82.0,0.7541666666666667,0.7312195121951219,0.6543334623822428,0.0,0.0,60.0,94.0,12.0
J6042_7.RCP,60.0,4.0,4.466666666666667,2.7535835237417845,268.0,125.0,0.07062146892655367,0.43615819209039547,0.5638418079096046,55.0,0.7541666666666667,0.7818181818181819,0.7406666666666667,0.0,0.0,43.0,66.0,11.0
J6042_8.RCP,60.0,4.0,5.7,2.934280150224242,342.0,125.0,0.07062146892655367,0.43559322033898307,0.5644067796610169,78.0,0.7541666666666667,0.7954292084726867,0.7726146985678759,0.0,0.0,63.0,102.0,24.0
J6042_9.RCP,60.0,4.0,5.216666666666667,2.787422146396599,313.0,125.0,0.07062146892655367,0.4581920903954802,0.5418079096045199,70.0,0.7541666666666667,0.7477832512315271,0.6789291278730383,0.0,0.0,53.0,88.0,18.0
J6043_1.RCP,60.0,4.0,5.566666666666666,2.6917569644296555,334.0,125.0,0.07062146892655367,0.4977401129943503,0.5022598870056497,108.0,0.7541666666666667,0.5244922341696535,0.4301330618492917,0.0,0.0,57.0,114.0,6.0
J6043_10.RCP,60.0,4.0,4.9,3.047950130825634,294.0,125.0,0.07062146892655367,0.43615819209039547,0.5638418079096046,78.0,0.7541666666666667,0.4895833333333333,0.4660689053330182,0.0,0.0,39.0,86.0,8.0
J6043_2.RCP,60.0,4.0,5.833333333333333,2.817603394533888,350.0,125.0,0.07062146892655367,0.4542372881355932,0.5457627118644068,85.0,0.7541666666666667,0.6771764705882353,0.5933138606421339,0.0,0.0,58.0,87.0,2.0
J6043_3.RCP,60.0,4.0,5.566666666666666,2.9346587914478612,334.0,125.0,0.07062146892655367,0.4655367231638418,0.5344632768361581,74.0,0.7541666666666667,0.5555984555984556,0.5075925104641321,0.0,0.0,42.0,76.0,2.0
J6043_4.RCP,60.0,4.0,6.216666666666667,3.0336538292223714,373.0,125.0,0.07062146892655367,0.44689265536723166,0.5531073446327683,74.0,0.7541666666666667,0.7092264678471575,0.5815869526445641,0.0,0.0,53.0,83.0,9.0
J6043_5.RCP,60.0,4.0,5.016666666666667,2.8780298044939627,301.0,125.0,0.07062146892655367,0.4497175141242938,0.5502824858757063,64.0,0.7541666666666667,0.5899493243243243,0.5367047658837863,0.0,0.0,38.0,70.0,6.0
J6043_6.RCP,60.0,4.0,5.416666666666667,2.8360281302475747,325.0,125.0,0.07062146892655367,0.4423728813559322,0.5576271186440678,84.0,0.7541666666666667,0.5444444444444444,0.5025852007469654,0.0,0.0,46.0,88.0,4.0
J6043_7.RCP,60.0,4.0,5.15,2.8683619018526936,309.0,125.0,0.07062146892655367,0.4994350282485876,0.5005649717514125,89.0,0.7541666666666667,0.6794795978710823,0.5121527044436935,0.0,0.0,61.0,95.0,6.0
J6043_8.RCP,60.0,4.0,5.783333333333333,2.9837988463627294,347.0,125.0,0.07062146892655367,0.41412429378531074,0.5858757062146893,69.0,0.7541666666666667,0.5838509316770186,0.5156162625444289,0.0,0.0,41.0,71.0,2.0
J6043_9.RCP,60.0,4.0,4.916666666666667,3.0620889746852376,295.0,125.0,0.07062146892655367,0.4536723163841808,0.5463276836158192,70.0,0.7541666666666667,0.6704081632653062,0.5776304216701343,0.0,0.0,47.0,72.0,2.0
J6044_1.RCP,60.0,4.0,5.383333333333334,2.9782078876771214,323.0,125.0,0.07062146892655367,0.4378531073446328,0.5621468926553672,84.0,0.7541666666666667,0.3977272727272727,0.36338448258091116,0.0,0.0,34.0,84.0,0.0
J6044_10.RCP,60.0,4.0,5.0,2.988868236194653,300.0,125.0,0.07062146892655367,0.45084745762711864,0.5491525423728814,65.0,0.7541666666666667,0.5551648351648352,0.45241330098472954,0.0,0.0,37.0,65.0,0.0
J6044_2.RCP,60.0,4.0,5.433333333333334,2.7890659527678596,326.0,125.0,0.07062146892655367,0.45706214689265534,0.5429378531073447,68.0,0.7541666666666667,0.4789915966386555,0.43220417896888486,0.0,0.0,33.0,68.0,0.0
J6044_3.RCP,60.0,4.0,5.766666666666667,2.734755727462489,346.0,125.0,0.07062146892655367,0.4423728813559322,0.5576271186440678,87.0,0.7541666666666667,0.4423734078906493,0.35934239646306504,0.0,0.0,39.0,87.0,0.0
J6044_4.RCP,60.0,4.0,6.083333333333333,2.98491578142872,365.0,125.0,0.07062146892655367,0.46497175141242936,0.5350282485875706,77.0,0.7541666666666667,0.5222146274777854,0.4417017640813833,0.0,0.0,41.0,77.0,0.0
J6044_5.RCP,60.0,4.0,5.1,2.724579478255926,306.0,125.0,0.07062146892655367,0.4909604519774011,0.5090395480225989,74.0,0.7541666666666667,0.5485756026296567,0.47544242645594,0.0,0.0,41.0,74.0,0.0
J6044_6.RCP,60.0,4.0,5.333333333333333,2.9363620727393656,320.0,125.0,0.07062146892655367,0.4497175141242938,0.5502824858757063,81.0,0.7541666666666667,0.429320987654321,0.3713535079795242,0.0,0.0,35.0,81.0,0.0
J6044_7.RCP,60.0,4.0,4.983333333333333,2.9068405911267687,299.0,125.0,0.07062146892655367,0.47062146892655365,0.5293785310734463,76.0,0.7541666666666667,0.3929425837320574,0.3614427753539906,0.0,0.0,30.0,76.0,0.0
J6044_8.RCP,60.0,4.0,5.316666666666666,2.946702488470045,319.0,125.0,0.07062146892655367,0.43615819209039547,0.5638418079096046,83.0,0.7541666666666667,0.4387550200803213,0.41346636546184734,0.0,0.0,37.0,83.0,0.0
J6044_9.RCP,60.0,4.0,5.416666666666667,3.0182316382647345,325.0,125.0,0.07062146892655367,0.4096045197740113,0.5903954802259888,65.0,0.7541666666666667,0.5061913696060037,0.4534479942332533,0.0,0.0,33.0,65.0,0.0
J6045_1.RCP,60.0,4.0,5.083333333333333,2.788617738035977,305.0,125.0,0.07062146892655367,0.42824858757062145,0.5717514124293785,71.0,1.0,1.1823573017049667,1.094882913038874,11.0,0.010869565217391304,84.0,118.0,34.0
J6045_10.RCP,60.0,4.0,5.2,2.7796882319185845,312.0,125.0,0.07062146892655367,0.43050847457627117,0.5694915254237288,61.0,1.0,1.5837887067395264,1.484570374022488,65.0,0.06448412698412699,97.0,142.0,45.0
J6045_2.RCP,60.0,4.0,6.183333333333334,2.9971745954407716,371.0,125.0,0.07062146892655367,0.4463276836158192,0.5536723163841808,78.0,1.0,1.5078347578347577,1.4592236467236468,136.0,0.13877551020408163,118.0,178.0,60.0
J6045_3.RCP,60.0,4.0,6.05,3.0736785778607367,363.0,125.0,0.07062146892655367,0.44689265536723166,0.5531073446327683,86.0,1.0,1.373546511627907,1.3045444386444909,146.0,0.1491317671092952,119.0,175.0,56.0
J6045_4.RCP,60.0,4.0,4.816666666666666,2.9692404565627366,289.0,125.0,0.07062146892655367,0.4559322033898305,0.5440677966101695,60.0,1.0,1.5382352941176471,1.4251911334709322,65.0,0.06749740394600208,93.0,134.0,41.0
J6045_5.RCP,60.0,4.0,5.166666666666667,2.4977767892445653,310.0,125.0,0.07062146892655367,0.42824858757062145,0.5717514124293785,60.0,1.0,1.5472222222222223,1.4581761695906432,25.0,0.024703557312252964,93.0,137.0,44.0
J6045_6.RCP,60.0,4.0,6.366666666666666,2.9095627773869315,382.0,125.0,0.07062146892655367,0.4559322033898305,0.5440677966101695,80.0,1.0,1.4426470588235294,1.4092218137254902,140.0,0.14537902388369678,116.0,174.0,58.0
J6045_7.RCP,60.0,4.0,5.083333333333333,2.6159234613335984,305.0,125.0,0.07062146892655367,0.4485875706214689,0.5514124293785311,74.0,1.0,1.3769559032716927,1.2733865831776048,84.0,0.0860655737704918,102.0,141.0,39.0
J6045_8.RCP,60.0,4.0,6.033333333333333,2.575310121562493,362.0,125.0,0.07062146892655367,0.4830508474576271,0.5169491525423728,79.0,1.0,1.3832630098452883,1.289332111925383,38.0,0.041530054644808745,110.0,167.0,57.0
J6045_9.RCP,60.0,4.0,5.466666666666667,2.9181424837652385,328.0,125.0,0.07062146892655367,0.44519774011299434,0.5548022598870057,78.0,1.0,1.292022792022792,1.2397820137951716,53.0,0.05397148676171079,101.0,154.0,53.0
J6046_1.RCP,60.0,4.0,5.333333333333333,3.0804040139061124,320.0,125.0,0.07062146892655367,0.47344632768361583,0.5265536723163842,78.0,1.0,0.7792022792022792,0.7150985123121346,0.0,0.0,61.0,97.0,19.0
J6046_10.RCP,60.0,4.0,5.75,2.7965752865484124,345.0,125.0,0.07062146892655367,0.5062146892655367,0.4937853107344633,79.0,1.0,0.9454722492697176,0.8607150584998686,0.0,0.0,75.0,99.0,20.0
J6046_2.RCP,60.0,4.0,5.633333333333334,2.971905486757986,338.0,125.0,0.07062146892655367,0.4327683615819209,0.5672316384180791,78.0,1.0,0.7632783882783882,0.7159369089516148,0.0,0.0,60.0,88.0,10.0
J6046_3.RCP,60.0,4.0,5.35,2.982308948896252,321.0,125.0,0.07062146892655367,0.4344632768361582,0.5655367231638417,79.0,1.0,0.7939082278481012,0.7104889784676177,0.0,0.0,63.0,93.0,14.0
J6046_4.RCP,60.0,4.0,5.483333333333333,2.9182852651666678,329.0,125.0,0.07062146892655367,0.44745762711864406,0.5525423728813559,71.0,1.0,0.8455105633802817,0.7556817004971002,0.0,0.0,61.0,90.0,19.0
J6046_5.RCP,60.0,4.0,5.833333333333333,2.799801580271161,350.0,125.0,0.07062146892655367,0.5056497175141242,0.49435028248587576,82.0,1.0,0.9222560975609756,0.7952035432023945,0.0,0.0,76.0,109.0,27.0
J6046_6.RCP,60.0,4.0,5.133333333333334,3.013672547278855,308.0,125.0,0.07062146892655367,0.4971751412429379,0.5028248587570621,87.0,1.0,0.8050397877984085,0.7638057111045616,0.0,0.0,71.0,104.0,17.0
J6046_7.RCP,60.0,4.0,5.166666666666667,2.5044405008349115,310.0,125.0,0.07062146892655367,0.4576271186440678,0.5423728813559322,75.0,1.0,0.8560919540229885,0.7794324189445893,0.0,0.0,65.0,86.0,11.0
J6046_8.RCP,60.0,4.0,5.783333333333333,2.8699109548710546,347.0,125.0,0.07062146892655367,0.4435028248587571,0.5564971751412429,72.0,1.0,0.8784722222222222,0.8120850184862282,0.0,0.0,64.0,96.0,24.0
J6046_9.RCP,60.0,4.0,5.483333333333333,3.1648679101802797,329.0,125.0,0.07062146892655367,0.4581920903954802,0.5418079096045199,60.0,1.0,0.9381720430107527,0.8556949553802427,0.0,0.0,57.0,81.0,21.0
J6047_1.RCP,60.0,4.0,5.716666666666667,3.0005092160424294,343.0,125.0,0.07062146892655367,0.4152542372881356,0.5847457627118644,75.0,1.0,0.6037209302325581,0.5766387887078721,0.0,0.0,46.0,78.0,3.0
J6047_10.RCP,60.0,4.0,5.35,3.1348843678834477,321.0,125.0,0.07062146892655367,0.4581920903954802,0.5418079096045199,66.0,1.0,0.7451437451437452,0.6662822525137536,0.0,0.0,50.0,73.0,7.0
J6047_2.RCP,60.0,4.0,5.633333333333334,3.1621019731958184,338.0,125.0,0.07062146892655367,0.4096045197740113,0.5903954802259888,66.0,1.0,0.7258297258297258,0.6399935502208229,0.0,0.0,48.0,77.0,11.0
J6047_3.RCP,60.0,4.0,5.383333333333334,3.109617697116837,323.0,125.0,0.07062146892655367,0.4615819209039548,0.5384180790960452,69.0,1.0,0.7532314923619271,0.702704004957,0.0,0.0,52.0,82.0,13.0
J6047_4.RCP,60.0,4.0,5.266666666666667,2.96010510323911,316.0,125.0,0.07062146892655367,0.47570621468926555,0.5242937853107345,76.0,1.0,0.7666666666666667,0.6123895841001105,0.0,0.0,59.0,83.0,7.0
J6047_5.RCP,60.0,4.0,5.45,2.8892040426387333,327.0,125.0,0.07062146892655367,0.47853107344632767,0.5214689265536723,87.0,1.0,0.6635318704284221,0.6040603075085834,0.0,0.0,58.0,100.0,13.0
J6047_6.RCP,60.0,4.0,5.383333333333334,2.8230696453014086,323.0,125.0,0.07062146892655367,0.4485875706214689,0.5514124293785311,76.0,1.0,0.7101151315789473,0.5892924336646203,0.0,0.0,54.0,85.0,9.0
J6047_7.RCP,60.0,4.0,5.566666666666666,2.4790231050870735,334.0,125.0,0.07062146892655367,0.4553672316384181,0.5446327683615819,68.0,1.0,0.7254901960784313,0.6440863830232215,0.0,0.0,50.0,79.0,11.0
J6047_8.RCP,60.0,4.0,5.116666666666666,2.683850881765892,307.0,125.0,0.07062146892655367,0.4977401129943503,0.5022598870056497,71.0,1.0,0.7404426559356136,0.6781812828188645,0.0,0.0,53.0,79.0,8.0
J6047_9.RCP,60.0,4.0,5.383333333333334,2.9669943639237935,323.0,125.0,0.07062146892655367,0.4457627118644068,0.5542372881355933,76.0,1.0,0.6477443609022556,0.5999199823333328,0.0,0.0,50.0,79.0,3.0
J6048_1.RCP,60.0,4.0,5.55,3.1380726569026414,333.0,125.0,0.07062146892655367,0.43163841807909603,0.568361581920904,71.0,1.0,0.4220657276995305,0.40758414334650145,0.0,0.0,30.0,71.0,0.0
J6048_10.RCP,60.0,4.0,5.183333333333334,2.946702488470045,311.0,125.0,0.07062146892655367,0.4542372881355932,0.5457627118644068,70.0,1.0,0.6104529616724739,0.5039114957342309,0.0,0.0,43.0,70.0,0.0
J6048_2.RCP,60.0,4.0,5.0,2.8925190866555517,300.0,125.0,0.07062146892655367,0.4807909604519774,0.5192090395480227,87.0,1.0,0.4353448275862069,0.37982251337225637,0.0,0.0,38.0,87.0,0.0
J6048_3.RCP,60.0,4.0,6.45,2.526031142589761,387.0,125.0,0.07062146892655367,0.43728813559322033,0.5627118644067797,84.0,1.0,0.5306547619047619,0.48855528875408083,0.0,0.0,45.0,84.0,0.0
J6048_4.RCP,60.0,4.0,5.05,2.801338965566288,303.0,125.0,0.07062146892655367,0.44689265536723166,0.5531073446327683,62.0,1.0,0.6085759244689221,0.5302682568929304,0.0,0.0,38.0,62.0,0.0
J6048_5.RCP,60.0,4.0,5.616666666666666,2.9782078876771214,337.0,125.0,0.07062146892655367,0.480225988700565,0.519774011299435,101.0,1.0,0.4354235423542354,0.3982650618002977,0.0,0.0,44.0,101.0,0.0
J6048_6.RCP,60.0,4.0,5.333333333333333,2.7243755655603397,320.0,125.0,0.07062146892655367,0.4384180790960452,0.5615819209039548,66.0,1.0,0.5957300275482094,0.5484015489438259,0.0,0.0,40.0,66.0,0.0
J6048_7.RCP,60.0,4.0,5.85,2.7798381247835278,351.0,125.0,0.07062146892655367,0.4491525423728814,0.5508474576271186,77.0,1.0,0.5570299265951439,0.5000885365587883,0.0,0.0,43.0,77.0,0.0
J6048_8.RCP,60.0,4.0,5.616666666666666,2.5566362449298277,337.0,125.0,0.07062146892655367,0.44463276836158194,0.5553672316384181,88.0,1.0,0.5167613636363636,0.4726990457459207,0.0,0.0,46.0,88.0,0.0
J6048_9.RCP,60.0,4.0,5.283333333333333,2.823069645301409,317.0,125.0,0.07062146892655367,0.44519774011299434,0.5548022598870057,82.0,1.0,0.5225140712945591,0.4203155618094642,0.0,0.0,43.0,82.0,0.0
J604_1.RCP,60.0,4.0,6.366666666666666,2.6892791268706606,382.0,87.0,0.04915254237288136,0.23559322033898306,0.764406779661017,84.0,0.25,0.33229813664596275,0.2525474223843789,0.0,0.0,28.0,84.0,0.0
J604_10.RCP,60.0,4.0,5.35,2.920188350089768,321.0,87.0,0.04915254237288136,0.28418079096045196,0.7158192090395481,77.0,0.25,0.32408500590318773,0.2839427805890096,15.0,0.011838989739542224,25.0,77.0,0.0
J604_2.RCP,60.0,4.0,5.35,2.937260628544903,321.0,87.0,0.04915254237288136,0.2536723163841808,0.7463276836158192,60.0,0.25,0.2878787878787879,0.2634373673711909,0.0,0.0,18.0,60.0,0.0
J604_3.RCP,60.0,4.0,5.533333333333333,2.5328946988683825,332.0,87.0,0.04915254237288136,0.20677966101694914,0.7932203389830509,58.0,0.25,0.2896551724137931,0.2605515790491851,0.0,0.0,17.0,58.0,0.0
J604_4.RCP,60.0,4.0,5.366666666666666,2.750555499450167,322.0,87.0,0.04915254237288136,0.2655367231638418,0.7344632768361582,65.0,0.25,0.4115384615384615,0.3122540041657689,2.0,0.0015384615384615385,27.0,65.0,0.0
J604_5.RCP,60.0,4.0,5.75,2.896118091514916,345.0,87.0,0.04915254237288136,0.26666666666666666,0.7333333333333334,75.0,0.25,0.3145454545454546,0.28051644008165744,0.0,0.0,24.0,75.0,0.0
J604_6.RCP,60.0,4.0,5.1,2.7123175821917807,306.0,87.0,0.04915254237288136,0.2096045197740113,0.7903954802259887,71.0,0.25,0.24031690140845072,0.2124469732137566,2.0,0.0014295925661186562,18.0,71.0,0.0
J604_7.RCP,60.0,4.0,5.55,3.1167557919520523,333.0,87.0,0.04915254237288136,0.22033898305084745,0.7796610169491526,67.0,0.25,0.3319608852290273,0.2730643656716418,0.0,0.0,23.0,67.0,0.0
J604_8.RCP,60.0,4.0,5.1,2.7670682439482164,306.0,87.0,0.04915254237288136,0.24858757062146894,0.751412429378531,65.0,0.25,0.308502024291498,0.22846542772529616,0.0,0.0,21.0,65.0,0.0
J604_9.RCP,60.0,4.0,5.533333333333333,2.6360745226356723,332.0,87.0,0.04915254237288136,0.2440677966101695,0.7559322033898305,75.0,0.25,0.4091666666666667,0.26050617500389595,1.0,0.0007473841554559044,31.0,75.0,0.0
J605_1.RCP,60.0,4.0,4.733333333333333,2.5289435651187544,284.0,87.0,0.04915254237288136,0.2536723163841808,0.7463276836158192,59.0,0.5041666666666667,0.9915254237288136,0.8970505151213027,119.0,0.09008327024981075,59.0,93.0,34.0
J605_10.RCP,60.0,4.0,5.483333333333333,3.002730239113878,329.0,87.0,0.04915254237288136,0.23389830508474577,0.7661016949152543,68.0,0.5041666666666667,1.1137770897832817,0.801936366651924,53.0,0.03908554572271387,76.0,110.0,34.0
J605_2.RCP,60.0,4.0,5.75,3.020071743077196,345.0,87.0,0.04915254237288136,0.28192090395480224,0.7180790960451977,76.0,0.5041666666666667,1.0164473684210527,0.8934112625313283,179.0,0.14083398898505115,78.0,127.0,49.0
J605_3.RCP,60.0,4.0,5.616666666666666,2.921709925521165,337.0,87.0,0.04915254237288136,0.23954802259887006,0.7604519774011299,59.0,0.5041666666666667,0.9915254237288136,0.9186129607210116,96.0,0.0713224368499257,59.0,106.0,47.0
J605_4.RCP,60.0,4.0,4.866666666666666,2.729265265394496,292.0,87.0,0.04915254237288136,0.2231638418079096,0.7768361581920904,53.0,0.5041666666666667,1.064690026954178,0.9466578691224917,164.0,0.11927272727272727,57.0,94.0,37.0
J605_5.RCP,60.0,4.0,5.833333333333333,3.0064744949673017,350.0,87.0,0.04915254237288136,0.3638418079096045,0.6361581920903955,79.0,0.5041666666666667,1.0455696202531646,0.8483568646543331,217.0,0.19271758436944939,83.0,134.0,51.0
J605_6.RCP,60.0,4.0,5.216666666666667,3.1363017853658293,313.0,87.0,0.04915254237288136,0.24858757062146894,0.751412429378531,64.0,0.5041666666666667,0.8336397058823529,0.7783776703152852,136.0,0.10225563909774436,54.0,99.0,35.0
J605_7.RCP,60.0,4.0,4.9,2.413158373031769,294.0,87.0,0.04915254237288136,0.24519774011299436,0.7548022598870057,51.0,0.5041666666666667,1.1594771241830066,1.0744018440709617,222.0,0.1661676646706587,60.0,90.0,30.0
J605_8.RCP,60.0,4.0,5.383333333333334,3.1785304081533585,323.0,87.0,0.04915254237288136,0.22655367231638418,0.7734463276836159,65.0,0.5041666666666667,0.9484162895927601,0.7931891816209511,130.0,0.09495982468955443,62.0,94.0,29.0
J605_9.RCP,60.0,4.0,5.15,2.725344014982329,309.0,87.0,0.04915254237288136,0.28983050847457625,0.7101694915254237,82.0,0.5041666666666667,0.759581881533101,0.6669714790231289,132.0,0.10501193317422435,63.0,115.0,33.0
J606_1.RCP,60.0,4.0,5.516666666666667,2.686333726268739,331.0,87.0,0.04915254237288136,0.22937853107344633,0.7706214689265537,60.0,0.5041666666666667,0.6545454545454545,0.5933126629195178,0.0,0.0,40.0,66.0,6.0
J606_10.RCP,60.0,4.0,5.166666666666667,2.9786275736020147,310.0,87.0,0.04915254237288136,0.2497175141242938,0.7502824858757062,74.0,0.5041666666666667,0.616642958748222,0.5018471537797196,0.0,0.0,46.0,77.0,3.0
J606_2.RCP,60.0,4.0,5.766666666666667,2.8009918878060955,346.0,87.0,0.04915254237288136,0.2570621468926554,0.7429378531073446,66.0,0.5041666666666667,0.6066919191919192,0.5526777242118152,5.0,0.0038022813688212928,41.0,78.0,12.0
J606_3.RCP,60.0,4.0,5.6,2.6343879744638983,336.0,87.0,0.04915254237288136,0.2711864406779661,0.728813559322034,72.0,0.5041666666666667,0.6048611111111111,0.5354745370370371,0.0,0.0,44.0,85.0,13.0
J606_4.RCP,60.0,4.0,5.7,2.9512709126747416,342.0,87.0,0.04915254237288136,0.2519774011299435,0.7480225988700565,67.0,0.5041666666666667,0.6314580941446614,0.5456034430883188,0.0,0.0,43.0,72.0,5.0
J606_5.RCP,60.0,4.0,6.383333333333334,2.9387733646691587,383.0,87.0,0.04915254237288136,0.27175141242937856,0.7282485875706215,78.0,0.5041666666666667,0.5335985853227233,0.4899281872342217,0.0,0.0,42.0,84.0,6.0
J606_6.RCP,60.0,4.0,5.616666666666666,2.846586649929272,337.0,87.0,0.04915254237288136,0.22655367231638418,0.7734463276836159,53.0,0.5041666666666667,0.8712059064807219,0.667262393062229,0.0,0.0,47.0,73.0,20.0
J606_7.RCP,60.0,4.0,5.266666666666667,2.5157283018817607,316.0,87.0,0.04915254237288136,0.23728813559322035,0.7627118644067796,60.0,0.5041666666666667,0.6277777777777778,0.5913657355189613,0.0,0.0,38.0,70.0,10.0
J606_8.RCP,60.0,4.0,5.75,2.730231980375782,345.0,87.0,0.04915254237288136,0.24519774011299436,0.7548022598870057,72.0,0.5041666666666667,0.6932870370370371,0.5646669398435703,0.0,0.0,50.0,85.0,13.0
J606_9.RCP,60.0,4.0,5.35,2.897268828857044,321.0,87.0,0.04915254237288136,0.2288135593220339,0.771186440677966,64.0,0.5041666666666667,0.6242559523809523,0.5429883302005013,0.0,0.0,40.0,74.0,10.0
J607_1.RCP,60.0,4.0,5.6,3.0342489460600737,336.0,87.0,0.04915254237288136,0.3169491525423729,0.6830508474576271,77.0,0.5041666666666667,0.46250523669878507,0.35663788976000954,0.0,0.0,36.0,80.0,3.0
J607_10.RCP,60.0,4.0,5.5,2.83137187007759,330.0,87.0,0.04915254237288136,0.27231638418079096,0.727683615819209,82.0,0.5041666666666667,0.3959603658536585,0.3395284824524949,0.0,0.0,33.0,88.0,6.0
J607_2.RCP,60.0,4.0,5.25,2.901867214972686,315.0,87.0,0.04915254237288136,0.2497175141242938,0.7502824858757062,85.0,0.5041666666666667,0.4649859943977591,0.39578431372549017,0.0,0.0,40.0,92.0,7.0
J607_3.RCP,60.0,4.0,5.433333333333334,2.603629944690468,326.0,87.0,0.04915254237288136,0.23163841807909605,0.768361581920904,62.0,0.5041666666666667,0.5519713261648745,0.43225389680753523,0.0,0.0,35.0,63.0,1.0
J607_4.RCP,60.0,4.0,6.033333333333333,2.780687365063218,362.0,87.0,0.04915254237288136,0.2519774011299435,0.7480225988700565,63.0,0.5041666666666667,0.6349206349206349,0.4674362865577336,0.0,0.0,40.0,72.0,9.0
J607_5.RCP,60.0,4.0,4.866666666666666,2.735365098523819,292.0,87.0,0.04915254237288136,0.35480225988700564,0.6451977401129944,71.0,0.5041666666666667,0.4990610328638498,0.44835253947930004,0.0,0.0,36.0,75.0,4.0
J607_6.RCP,60.0,4.0,4.966666666666667,3.0219566876813806,298.0,87.0,0.04915254237288136,0.2576271186440678,0.7423728813559323,65.0,0.5041666666666667,0.5769230769230769,0.4446454987320372,0.0,0.0,38.0,72.0,7.0
J607_7.RCP,60.0,4.0,6.3,2.5383721817994567,378.0,87.0,0.04915254237288136,0.26101694915254237,0.7389830508474576,89.0,0.5041666666666667,0.35192616372391655,0.34618755627764947,0.0,0.0,32.0,100.0,11.0
J607_8.RCP,60.0,4.0,5.166666666666667,2.733536577809454,310.0,87.0,0.04915254237288136,0.28926553672316385,0.7107344632768362,66.0,0.5041666666666667,0.5010822510822511,0.40351895579168306,0.0,0.0,34.0,66.0,0.0
J607_9.RCP,60.0,4.0,4.95,2.7351112104141824,297.0,87.0,0.04915254237288136,0.2248587570621469,0.7751412429378531,44.0,0.5041666666666667,0.6277272727272727,0.5475937131050768,0.0,0.0,28.0,50.0,6.0
J608_1.RCP,60.0,4.0,5.433333333333334,2.928974033495157,326.0,87.0,0.04915254237288136,0.2751412429378531,0.724858757062147,64.0,0.5041666666666667,0.4118923611111111,0.3237803819444445,0.0,0.0,27.0,64.0,0.0
J608_10.RCP,60.0,4.0,6.216666666666667,2.751312817951136,373.0,87.0,0.04915254237288136,0.296045197740113,0.7039548022598869,97.0,0.5041666666666667,0.36846124474990455,0.2784965845532856,0.0,0.0,36.0,97.0,0.0
J608_2.RCP,60.0,4.0,6.166666666666667,2.9049765728640375,370.0,87.0,0.04915254237288136,0.22655367231638418,0.7734463276836159,61.0,0.5041666666666667,0.4648224043715847,0.41582536429872496,0.0,0.0,29.0,61.0,0.0
J608_3.RCP,60.0,4.0,5.25,2.8262165522125158,315.0,87.0,0.04915254237288136,0.2480225988700565,0.7519774011299435,79.0,0.5041666666666667,0.4855696202531646,0.367845190041373,0.0,0.0,39.0,79.0,0.0
J608_4.RCP,60.0,4.0,5.833333333333333,2.6967058093574505,350.0,87.0,0.04915254237288136,0.2768361581920904,0.7231638418079096,64.0,0.5041666666666667,0.4632352941176471,0.36465979633480183,0.0,0.0,30.0,64.0,0.0
J608_5.RCP,60.0,4.0,5.75,2.958744102937371,345.0,87.0,0.04915254237288136,0.23559322033898306,0.764406779661017,83.0,0.5041666666666667,0.44779116465863456,0.3226575542840603,0.0,0.0,38.0,83.0,0.0
J608_6.RCP,60.0,4.0,5.616666666666666,2.950094160455824,337.0,87.0,0.04915254237288136,0.22937853107344633,0.7706214689265537,56.0,0.5041666666666667,0.4558270676691729,0.4078005035371543,0.0,0.0,26.0,56.0,0.0
J608_7.RCP,60.0,4.0,5.866666666666666,3.002591473303612,352.0,87.0,0.04915254237288136,0.23502824858757063,0.7649717514124293,62.0,0.5041666666666667,0.4350594227504245,0.40098558474205015,0.0,0.0,27.0,62.0,0.0
J608_8.RCP,60.0,4.0,5.216666666666667,2.6714020455350576,313.0,87.0,0.04915254237288136,0.26101694915254237,0.7389830508474576,66.0,0.5041666666666667,0.4065040650406504,0.33639008132946024,0.0,0.0,27.0,66.0,0.0
J608_9.RCP,60.0,4.0,5.2,3.021037349432586,312.0,87.0,0.04915254237288136,0.2214689265536723,0.7785310734463277,58.0,0.5041666666666667,0.39361702127659576,0.35454723376152825,0.0,0.0,23.0,58.0,0.0
J609_1.RCP,60.0,4.0,5.083333333333333,2.871072196158702,305.0,87.0,0.04915254237288136,0.2271186440677966,0.7728813559322034,59.0,0.7541666666666667,1.328278322925959,1.0973311553150982,10.0,0.007309941520467836,79.0,101.0,22.0
J609_10.RCP,60.0,4.0,5.366666666666666,3.043937508483963,322.0,87.0,0.04915254237288136,0.24463276836158193,0.7553672316384181,65.0,0.7541666666666667,1.236923076923077,1.1344230769230768,56.0,0.041884816753926704,81.0,117.0,36.0
J609_2.RCP,60.0,4.0,4.733333333333333,2.792052212182923,284.0,87.0,0.04915254237288136,0.28135593220338984,0.7186440677966102,71.0,0.7541666666666667,0.9859154929577465,0.875648628613788,116.0,0.09119496855345911,70.0,115.0,44.0
J609_3.RCP,60.0,4.0,5.083333333333333,2.847757402276785,305.0,87.0,0.04915254237288136,0.2497175141242938,0.7502824858757062,65.0,0.7541666666666667,1.278733031674208,1.1832134776987717,235.0,0.1769578313253012,84.0,128.0,44.0
J609_4.RCP,60.0,4.0,5.183333333333334,3.222274903783902,311.0,87.0,0.04915254237288136,0.25480225988700567,0.7451977401129943,65.0,0.7541666666666667,1.0579185520361991,0.9968628797672916,78.0,0.05913570887035633,69.0,109.0,40.0
J609_5.RCP,60.0,4.0,5.133333333333334,2.3199616855073755,308.0,87.0,0.04915254237288136,0.26440677966101694,0.735593220338983,52.0,0.7541666666666667,1.4465811965811965,1.3165766981556455,66.0,0.05069124423963134,76.0,121.0,45.0
J609_6.RCP,60.0,4.0,6.5,2.692582403567252,390.0,87.0,0.04915254237288136,0.2706214689265537,0.7293785310734463,90.0,0.7541666666666667,0.9922222222222222,0.928179012345679,64.0,0.049573973663826494,90.0,144.0,54.0
J609_7.RCP,60.0,4.0,5.85,2.803717769914321,351.0,87.0,0.04915254237288136,0.23672316384180792,0.7632768361581921,74.0,0.7541666666666667,1.209103840682788,1.09785838470049,26.0,0.01924500370096225,90.0,135.0,45.0
J609_8.RCP,60.0,4.0,5.683333333333334,2.8780298044939627,341.0,87.0,0.04915254237288136,0.2593220338983051,0.7406779661016949,65.0,0.7541666666666667,1.2316742081447964,1.1429961498769547,57.0,0.043478260869565216,81.0,121.0,40.0
J609_9.RCP,60.0,4.0,5.916666666666667,2.570938004352151,355.0,87.0,0.04915254237288136,0.27796610169491526,0.7220338983050847,80.0,0.7541666666666667,1.0659722222222223,0.9531084220969089,0.0,0.0,86.0,130.0,44.0
X10_1.RCP,120.0,4.0,5.558333333333334,2.8542244519697855,667.0,177.0,0.024789915966386553,0.2035014005602241,0.796498599439776,111.0,0.5020833333333333,0.5903903903903904,0.5173644626769627,0.0,0.0,66.0,124.0,13.0
X10_10.RCP,120.0,4.0,5.341666666666667,3.0889475913686564,641.0,177.0,0.024789915966386553,0.16904761904761906,0.8309523809523809,66.0,0.5020833333333333,0.6386946386946387,0.5966989881463566,0.0,0.0,43.0,77.0,11.0
X10_2.RCP,120.0,4.0,5.391666666666667,3.1045553447939835,647.0,177.0,0.024789915966386553,0.17464985994397758,0.8253501400560224,91.0,0.5020833333333333,0.5693495693495694,0.4870453925775625,0.0,0.0,52.0,99.0,8.0
X10_3.RCP,120.0,4.0,5.991666666666666,2.791343264849779,719.0,177.0,0.024789915966386553,0.16246498599439776,0.8375350140056023,99.0,0.5020833333333333,0.7498057498057498,0.6355995855995856,0.0,0.0,75.0,112.0,13.0
X10_4.RCP,120.0,4.0,5.658333333333333,2.9622509271760817,679.0,177.0,0.024789915966386553,0.18795518207282913,0.8120448179271709,95.0,0.5020833333333333,0.6854251012145749,0.6383015797412082,0.0,0.0,66.0,113.0,18.0
X10_5.RCP,120.0,4.0,5.316666666666666,2.8780298044939627,638.0,177.0,0.024789915966386553,0.18711484593837535,0.8128851540616246,97.0,0.5020833333333333,0.5933167436900106,0.5483291859225027,0.0,0.0,58.0,114.0,17.0
X10_6.RCP,120.0,4.0,5.291666666666667,2.8618054712987666,635.0,177.0,0.024789915966386553,0.1903361344537815,0.8096638655462185,92.0,0.5020833333333333,0.5193236714975845,0.489196248068383,0.0,0.0,48.0,103.0,11.0
X10_7.RCP,120.0,4.0,5.983333333333333,2.8518512506011873,718.0,177.0,0.024789915966386553,0.16638655462184873,0.8336134453781513,79.0,0.5020833333333333,0.8027766435279706,0.7083845593393309,0.0,0.0,64.0,87.0,8.0
X10_8.RCP,120.0,4.0,5.975,2.7702662326931686,717.0,177.0,0.024789915966386553,0.19677871148459383,0.8032212885154062,114.0,0.5020833333333333,0.6948621553884712,0.5975332548324835,0.0,0.0,80.0,142.0,28.0
X10_9.RCP,120.0,4.0,5.458333333333333,2.8428150172359476,655.0,177.0,0.024789915966386553,0.17633053221288517,0.8236694677871148,77.0,0.5020833333333333,0.5693624557260921,0.5109277721149545,0.0,0.0,44.0,90.0,13.0
X11_1.RCP,120.0,4.0,5.266666666666667,2.859875677173553,632.0,177.0,0.024789915966386553,0.17913165266106443,0.8208683473389355,90.0,0.75,1.6759259259259258,1.581176183923862,320.0,0.05459819143490872,151.0,220.0,69.0
X11_10.RCP,120.0,4.0,5.5,2.7658633371878665,660.0,177.0,0.024789915966386553,0.1684873949579832,0.8315126050420167,90.0,0.75,1.7566666666666666,1.6926434277414668,277.0,0.046656560552467585,159.0,232.0,73.0
X11_2.RCP,120.0,4.0,4.833333333333333,2.953340857778225,580.0,177.0,0.024789915966386553,0.16008403361344536,0.8399159663865546,78.0,0.75,1.8360323886639676,1.7034253084949678,386.0,0.06436551609137903,144.0,214.0,70.0
X11_3.RCP,120.0,4.0,5.625,2.89845504823978,675.0,177.0,0.024789915966386553,0.17394957983193277,0.8260504201680672,93.0,0.75,1.9529569892473118,1.8048835125448028,942.0,0.15971515768056968,182.0,259.0,77.0
X11_4.RCP,120.0,4.0,5.55,2.9349900624476852,666.0,177.0,0.024789915966386553,0.18837535014005602,0.811624649859944,96.0,0.75,1.7586805555555556,1.6748685151143792,816.0,0.14081104400345126,169.0,246.0,77.0
X11_5.RCP,120.0,4.0,5.675,2.866945238402715,681.0,177.0,0.024789915966386553,0.19103641456582632,0.8089635854341737,97.0,0.75,1.9466343238326258,1.8114587544639849,869.0,0.15045013850415512,189.0,266.0,77.0
X11_6.RCP,120.0,4.0,5.7,2.8448784391135824,684.0,177.0,0.024789915966386553,0.18291316526610643,0.8170868347338935,91.0,0.75,1.9546703296703296,1.8791006787330318,829.0,0.14209804593760714,178.0,276.0,98.0
X11_7.RCP,120.0,4.0,4.841666666666667,2.8225161154938023,581.0,177.0,0.024789915966386553,0.20252100840336135,0.7974789915966387,82.0,0.75,1.7784552845528456,1.665690259843775,421.0,0.07393747804706709,146.0,204.0,58.0
X11_8.RCP,120.0,4.0,5.425,2.746702568535589,651.0,177.0,0.024789915966386553,0.17450980392156862,0.8254901960784313,95.0,0.75,1.5340720221606647,1.4352811854196894,164.0,0.027824906684764165,146.0,219.0,73.0
X11_9.RCP,120.0,4.0,5.4,2.7580186124583475,648.0,177.0,0.024789915966386553,0.1661064425770308,0.8338935574229692,76.0,0.75,2.1759002770083105,1.8660876423514927,64.0,0.010749076251259657,166.0,214.0,48.0
X12_1.RCP,120.0,4.0,5.058333333333334,3.044929756533346,607.0,177.0,0.024789915966386553,0.19145658263305323,0.8085434173669468,94.0,0.75,1.261605415860735,1.2359244036105739,0.0,0.0,119.0,167.0,48.0
X12_10.RCP,120.0,4.0,5.866666666666666,2.869184940400709,704.0,177.0,0.024789915966386553,0.17324929971988795,0.826750700280112,84.0,0.75,1.6087662337662338,1.3533984478924956,0.0,0.0,136.0,180.0,44.0
X12_2.RCP,120.0,4.0,5.225,2.8327327794905046,627.0,177.0,0.024789915966386553,0.17184873949579832,0.8281512605042016,72.0,0.75,1.4142512077294687,1.3522324485905195,0.0,0.0,102.0,149.0,47.0
X12_3.RCP,120.0,4.0,5.391666666666667,2.662379366072553,647.0,177.0,0.024789915966386553,0.17913165266106443,0.8208683473389355,84.0,0.75,1.4373706004140787,1.3190986086463572,0.0,0.0,121.0,168.0,47.0
X12_4.RCP,120.0,4.0,5.266666666666667,2.9431653406192155,632.0,177.0,0.024789915966386553,0.18319327731092436,0.8168067226890756,94.0,0.75,1.2344858156028369,1.110987013872652,0.0,0.0,117.0,173.0,56.0
X12_5.RCP,120.0,4.0,6.066666666666666,2.7650597743187317,728.0,177.0,0.024789915966386553,0.1861344537815126,0.8138655462184874,98.0,0.75,1.5157312925170068,1.3746811224489797,0.0,0.0,149.0,213.0,64.0
X12_6.RCP,120.0,4.0,5.516666666666667,2.9916086345346415,662.0,177.0,0.024789915966386553,0.17759103641456583,0.8224089635854341,82.0,0.75,1.3584305408271473,1.2881231694692723,0.0,0.0,112.0,151.0,39.0
X12_7.RCP,120.0,4.0,5.675,2.9187968411658938,681.0,177.0,0.024789915966386553,0.17254901960784313,0.8274509803921568,83.0,0.75,1.3113253012048194,1.2018842544940485,0.0,0.0,109.0,152.0,43.0
X12_8.RCP,120.0,4.0,5.741666666666666,2.8708182147642547,689.0,177.0,0.024789915966386553,0.16316526610644258,0.8368347338935574,72.0,0.75,1.51,1.408791335978836,0.0,0.0,109.0,155.0,46.0
X12_9.RCP,120.0,4.0,5.041666666666667,2.981598657692808,605.0,177.0,0.024789915966386553,0.15868347338935573,0.8413165266106443,77.0,0.75,1.2212602212602213,1.1616874556251642,0.0,0.0,95.0,134.0,39.0
X13_1.RCP,120.0,4.0,5.733333333333333,2.774086436208424,688.0,177.0,0.024789915966386553,0.19019607843137254,0.8098039215686275,121.0,0.75,0.862534435261708,0.8193983785284726,0.0,0.0,105.0,169.0,48.0
X13_10.RCP,120.0,4.0,5.758333333333334,2.7049209271663046,691.0,177.0,0.024789915966386553,0.165406162464986,0.834593837535014,78.0,0.75,1.057875457875458,1.0111175835868038,0.0,0.0,83.0,127.0,44.0
X13_2.RCP,120.0,4.0,5.291666666666667,2.808902019571981,635.0,177.0,0.024789915966386553,0.17436974789915966,0.8256302521008403,72.0,0.75,1.0138888888888888,0.9238160902405088,0.0,0.0,73.0,107.0,34.0
X13_3.RCP,120.0,4.0,5.683333333333334,3.016574584229971,682.0,177.0,0.024789915966386553,0.1876750700280112,0.8123249299719888,106.0,0.75,1.03214535290007,0.8980736653938305,0.0,0.0,110.0,159.0,49.0
X13_4.RCP,120.0,4.0,5.65,2.8712656907131855,678.0,177.0,0.024789915966386553,0.17801120448179272,0.8219887955182072,88.0,0.75,1.1014309764309764,1.0206258360152616,0.0,0.0,97.0,138.0,41.0
X13_5.RCP,120.0,4.0,5.416666666666667,2.6475880008457175,650.0,177.0,0.024789915966386553,0.15644257703081232,0.8435574229691877,79.0,0.75,0.9754507096279248,0.8713397162764251,0.0,0.0,78.0,124.0,45.0
X13_6.RCP,120.0,4.0,5.233333333333333,2.7980151695244415,628.0,177.0,0.024789915966386553,0.18459383753501402,0.815406162464986,86.0,0.75,1.0205198358413132,0.9646667181501257,0.0,0.0,88.0,128.0,40.0
X13_7.RCP,120.0,4.0,5.658333333333333,3.072718213930822,679.0,177.0,0.024789915966386553,0.18025210084033613,0.8197478991596638,105.0,0.75,0.9742857142857143,0.8514316749427043,0.0,0.0,103.0,147.0,42.0
X13_8.RCP,120.0,4.0,5.65,2.803717769914321,678.0,177.0,0.024789915966386553,0.1676470588235294,0.8323529411764706,87.0,0.75,0.9920178799489144,0.9085887611749681,0.0,0.0,87.0,125.0,38.0
X13_9.RCP,120.0,4.0,5.183333333333334,2.8953506792020125,622.0,177.0,0.024789915966386553,0.1733893557422969,0.826610644257703,77.0,0.75,0.9884972170686457,0.9188614938062085,0.0,0.0,77.0,113.0,36.0
X14_1.RCP,120.0,4.0,5.958333333333333,2.870527922796703,715.0,177.0,0.024789915966386553,0.15028011204481792,0.849719887955182,81.0,0.75,0.8825577714466604,0.8019688431376062,0.0,0.0,72.0,109.0,28.0
X14_10.RCP,120.0,4.0,5.425,2.7557893606006973,651.0,177.0,0.024789915966386553,0.1684873949579832,0.8315126050420167,80.0,0.75,0.819034090909091,0.7649725551487518,0.0,0.0,66.0,101.0,21.0
X14_2.RCP,120.0,4.0,6.083333333333333,2.815384323478571,730.0,177.0,0.024789915966386553,0.17899159663865546,0.8210084033613445,86.0,0.75,0.9058693244739756,0.8439958908900158,0.0,0.0,78.0,119.0,33.0
X14_3.RCP,120.0,4.0,5.225,2.8736228585764927,627.0,177.0,0.024789915966386553,0.20714285714285716,0.7928571428571428,88.0,0.75,0.7627840909090909,0.6898353256549388,0.0,0.0,68.0,110.0,22.0
X14_4.RCP,120.0,4.0,5.375,2.7204855571509046,645.0,177.0,0.024789915966386553,0.17871148459383754,0.8212885154061624,85.0,0.75,0.8958477508650519,0.8229466611819554,0.0,0.0,77.0,113.0,28.0
X14_5.RCP,120.0,4.0,5.258333333333334,2.8650067868835647,631.0,177.0,0.024789915966386553,0.20294117647058824,0.7970588235294118,90.0,0.75,0.9414814814814815,0.8701453018483379,0.0,0.0,85.0,124.0,34.0
X14_6.RCP,120.0,4.0,5.433333333333334,2.8099031220943465,652.0,177.0,0.024789915966386553,0.1931372549019608,0.8068627450980392,91.0,0.75,0.8665158371040724,0.7310191028971224,0.0,0.0,79.0,116.0,25.0
X14_7.RCP,120.0,4.0,5.708333333333333,2.8118672127648954,685.0,177.0,0.024789915966386553,0.15812324929971988,0.8418767507002801,89.0,0.75,0.8370786516853933,0.7455789389509208,0.0,0.0,75.0,114.0,25.0
X14_8.RCP,120.0,4.0,5.691666666666666,2.9630947598002253,683.0,177.0,0.024789915966386553,0.1810924369747899,0.8189075630252101,101.0,0.75,0.958230198019802,0.8476118915245183,0.0,0.0,97.0,135.0,34.0
X14_9.RCP,120.0,4.0,5.433333333333334,2.8946310453819306,652.0,177.0,0.024789915966386553,0.19635854341736694,0.8036414565826331,101.0,0.75,0.8101485148514852,0.7218902518079863,0.0,0.0,82.0,120.0,19.0
X15_1.RCP,120.0,4.0,5.4,2.8821288428289717,648.0,177.0,0.024789915966386553,0.16260504201680673,0.8373949579831933,81.0,0.75,0.6593067426400759,0.6218250808179537,0.0,0.0,54.0,96.0,15.0
X15_10.RCP,120.0,4.0,5.9,2.4946609656090213,708.0,177.0,0.024789915966386553,0.1843137254901961,0.8156862745098039,91.0,0.75,0.7437456160860416,0.6605993129516607,0.0,0.0,68.0,120.0,29.0
X15_2.RCP,120.0,4.0,5.741666666666666,2.678606084431893,689.0,177.0,0.024789915966386553,0.1749299719887955,0.8250700280112044,75.0,0.75,0.696,0.6461452991452992,0.0,0.0,53.0,87.0,12.0
X15_3.RCP,120.0,4.0,5.408333333333333,2.919748371958713,649.0,177.0,0.024789915966386553,0.17647058823529413,0.8235294117647058,87.0,0.75,0.7656171914042978,0.6969228453954841,0.0,0.0,67.0,109.0,22.0
X15_4.RCP,120.0,4.0,5.783333333333333,2.950094160455824,694.0,177.0,0.024789915966386553,0.17352941176470588,0.8264705882352941,82.0,0.75,0.7165853658536585,0.6162396612319319,0.0,0.0,59.0,96.0,14.0
X15_5.RCP,120.0,4.0,5.45,2.7983626164836704,654.0,177.0,0.024789915966386553,0.16428571428571428,0.8357142857142857,87.0,0.75,0.6018390804597701,0.5554044149952513,0.0,0.0,53.0,100.0,13.0
X15_6.RCP,120.0,4.0,5.6,2.9704096238285613,672.0,177.0,0.024789915966386553,0.17507002801120447,0.8249299719887955,97.0,0.75,0.645032802249297,0.604078760109688,0.0,0.0,63.0,107.0,10.0
X15_7.RCP,120.0,4.0,4.875,2.749431759473219,585.0,177.0,0.024789915966386553,0.17324929971988795,0.826750700280112,75.0,0.75,0.6943589743589743,0.6262534132534132,0.0,0.0,53.0,89.0,14.0
X15_8.RCP,120.0,4.0,5.575,3.021209746663302,669.0,177.0,0.024789915966386553,0.19901960784313724,0.8009803921568628,126.0,0.75,0.5329537612146308,0.45037534823003933,0.0,0.0,68.0,127.0,1.0
X15_9.RCP,120.0,4.0,5.833333333333333,2.7304863221696527,700.0,177.0,0.024789915966386553,0.19187675070028012,0.8081232492997199,109.0,0.75,0.56222576785002,0.5402884773313456,0.0,0.0,62.0,117.0,8.0
X16_1.RCP,120.0,4.0,5.383333333333334,2.918856320928151,646.0,177.0,0.024789915966386553,0.17352941176470588,0.8264705882352941,71.0,1.0,2.4873239436619716,2.4177146210596914,0.0,0.0,177.0,249.0,72.0
X16_10.RCP,120.0,4.0,5.816666666666666,2.747675785499851,698.0,177.0,0.024789915966386553,0.1887955182072829,0.8112044817927171,98.0,1.0,2.024704618689581,1.9061518592399367,75.0,0.01294889502762431,199.0,273.0,74.0
X16_2.RCP,120.0,4.0,5.766666666666667,2.862788073811185,692.0,177.0,0.024789915966386553,0.18515406162464987,0.8148459383753501,85.0,1.0,2.51640866873065,2.3176118772868,161.0,0.027672739773117908,214.0,303.0,89.0
X16_3.RCP,120.0,4.0,5.966666666666667,2.735365098523819,716.0,177.0,0.024789915966386553,0.1753501400560224,0.8246498599439775,97.0,1.0,2.198453608247423,2.109272859985014,32.0,0.005434782608695652,214.0,303.0,89.0
X16_4.RCP,120.0,4.0,5.541666666666667,2.8719790892151162,665.0,177.0,0.024789915966386553,0.18207282913165265,0.8179271708683473,80.0,1.0,2.345625,2.1647679924242422,0.0,0.0,188.0,244.0,56.0
X16_5.RCP,120.0,4.0,5.416666666666667,2.812422838447701,650.0,177.0,0.024789915966386553,0.20742296918767508,0.7925770308123249,92.0,1.0,1.9435817805383022,1.880169513457557,0.0,0.0,179.0,252.0,73.0
X16_6.RCP,120.0,4.0,5.65,2.8420942982244624,678.0,177.0,0.024789915966386553,0.15854341736694677,0.8414565826330532,79.0,1.0,2.433996383363472,2.2599183516905033,0.0,0.0,193.0,249.0,56.0
X16_7.RCP,120.0,4.0,5.758333333333334,2.661440190740511,691.0,177.0,0.024789915966386553,0.1704481792717087,0.8295518207282913,90.0,1.0,1.9092592592592592,1.844035594035594,0.0,0.0,172.0,233.0,61.0
X16_8.RCP,120.0,4.0,5.266666666666667,2.830586904198884,632.0,177.0,0.024789915966386553,0.165406162464986,0.834593837535014,77.0,1.0,2.2966507177033493,2.215342333105491,48.0,0.008055042792414835,177.0,247.0,70.0
X16_9.RCP,120.0,4.0,5.591666666666667,2.9254510573395156,671.0,177.0,0.024789915966386553,0.15588235294117647,0.8441176470588235,88.0,1.0,2.1044372294372296,2.0458247892458417,12.0,0.001991040318566451,186.0,258.0,72.0
X17_1.RCP,120.0,4.0,5.916666666666667,2.83014526521559,710.0,177.0,0.024789915966386553,0.16400560224089636,0.8359943977591037,87.0,1.0,1.5047021943573669,1.4014214645308019,0.0,0.0,131.0,171.0,40.0
X17_10.RCP,120.0,4.0,5.816666666666666,2.7838322906062825,698.0,177.0,0.024789915966386553,0.1572829131652661,0.8427170868347339,88.0,1.0,1.4505131964809383,1.3450810842499499,0.0,0.0,128.0,168.0,40.0
X17_2.RCP,120.0,4.0,5.325,2.9556795608906365,639.0,177.0,0.024789915966386553,0.15700280112044818,0.8429971988795518,74.0,1.0,1.5745422842197037,1.4463493194923587,0.0,0.0,117.0,159.0,42.0
X17_3.RCP,120.0,4.0,5.075,2.907354180923496,609.0,177.0,0.024789915966386553,0.1738095238095238,0.8261904761904761,72.0,1.0,1.4071180555555556,1.3358995219059557,0.0,0.0,102.0,134.0,32.0
X17_4.RCP,120.0,4.0,5.675,2.840664534928403,681.0,177.0,0.024789915966386553,0.1738095238095238,0.8261904761904761,91.0,1.0,1.2545196738745126,1.1533235601984688,0.0,0.0,115.0,158.0,43.0
X17_5.RCP,120.0,4.0,5.383333333333334,2.742211192126205,646.0,177.0,0.024789915966386553,0.18249299719887954,0.8175070028011204,90.0,1.0,1.3268817204301075,1.272598857235954,0.0,0.0,120.0,165.0,45.0
X17_6.RCP,120.0,4.0,5.266666666666667,2.9657301892713632,632.0,177.0,0.024789915966386553,0.16372549019607843,0.8362745098039216,68.0,1.0,1.9013282732447818,1.723456064676983,0.0,0.0,130.0,162.0,32.0
X17_7.RCP,120.0,4.0,5.725,2.9096463129849077,687.0,177.0,0.024789915966386553,0.16988795518207284,0.8301120448179271,98.0,1.0,1.3918367346938776,1.3263215328539646,0.0,0.0,137.0,186.0,49.0
X17_8.RCP,120.0,4.0,5.266666666666667,2.9089898972361903,632.0,177.0,0.024789915966386553,0.17577030812324929,0.8242296918767507,73.0,1.0,1.6621004566210045,1.5065534211917202,0.0,0.0,122.0,157.0,35.0
X17_9.RCP,120.0,4.0,5.275,2.8808635858020075,633.0,177.0,0.024789915966386553,0.19593837535014005,0.80406162464986,81.0,1.0,1.5610898254576415,1.4947850148999575,0.0,0.0,127.0,168.0,41.0
X18_1.RCP,120.0,4.0,5.966666666666667,2.915285387211497,716.0,177.0,0.024789915966386553,0.19257703081232494,0.8074229691876751,101.0,1.0,1.322710396039604,1.097272934383913,0.0,0.0,134.0,160.0,26.0
X18_10.RCP,120.0,4.0,5.658333333333333,2.8298876106462054,679.0,177.0,0.024789915966386553,0.19243697478991598,0.807563025210084,84.0,1.0,0.9913419913419913,0.948389112873444,0.0,0.0,84.0,123.0,39.0
X18_2.RCP,120.0,4.0,5.733333333333333,2.786076492528915,688.0,177.0,0.024789915966386553,0.1830532212885154,0.8169467787114846,111.0,1.0,0.960960960960961,0.9092921958231347,0.0,0.0,107.0,164.0,53.0
X18_3.RCP,120.0,4.0,5.491666666666666,2.747713696067251,659.0,177.0,0.024789915966386553,0.17058823529411765,0.8294117647058823,72.0,1.0,1.3241869918699187,1.1613542876500194,0.0,0.0,96.0,112.0,16.0
X18_4.RCP,120.0,4.0,5.425,2.7768762425910642,651.0,177.0,0.024789915966386553,0.17703081232492998,0.82296918767507,77.0,1.0,1.1710484637313905,1.1062295520444079,0.0,0.0,91.0,122.0,31.0
X18_5.RCP,120.0,4.0,5.675,2.884332678454412,681.0,177.0,0.024789915966386553,0.20056022408963586,0.7994397759103642,88.0,1.0,1.28009828009828,1.0982264801394126,0.0,0.0,113.0,151.0,38.0
X18_6.RCP,120.0,4.0,5.366666666666666,2.8691849404007095,644.0,177.0,0.024789915966386553,0.21050420168067227,0.7894957983193277,108.0,1.0,1.156449553001277,1.0408329993795324,0.0,0.0,125.0,163.0,38.0
X18_7.RCP,120.0,4.0,5.375,2.96384463155544,645.0,177.0,0.024789915966386553,0.18011204481792717,0.8198879551820728,89.0,1.0,1.187946884576098,1.1519876458670073,0.0,0.0,106.0,153.0,47.0
X18_8.RCP,120.0,4.0,5.341666666666667,2.9678719461743777,641.0,177.0,0.024789915966386553,0.18347338935574228,0.8165266106442577,88.0,1.0,1.0836489898989898,1.0423670196562638,0.0,0.0,96.0,137.0,41.0
X18_9.RCP,120.0,4.0,5.608333333333333,2.852764253998022,673.0,177.0,0.024789915966386553,0.16778711484593836,0.8322128851540617,76.0,1.0,1.04003359462486,0.9943374027475864,0.0,0.0,80.0,113.0,33.0
X19_1.RCP,120.0,4.0,5.208333333333333,2.9037212714415657,625.0,177.0,0.024789915966386553,0.19019607843137254,0.8098039215686275,88.0,1.0,0.74481658692185,0.700832336523126,0.0,0.0,66.0,110.0,22.0
X19_10.RCP,120.0,4.0,5.791666666666667,2.9094553709509885,695.0,177.0,0.024789915966386553,0.1810924369747899,0.8189075630252101,88.0,1.0,0.7747727272727273,0.7528946696589721,0.0,0.0,69.0,109.0,21.0
X19_2.RCP,120.0,4.0,5.741666666666666,2.7643439044775566,689.0,177.0,0.024789915966386553,0.16820728291316528,0.8317927170868347,81.0,1.0,0.8960905349794238,0.863209706959707,0.0,0.0,73.0,105.0,24.0
X19_3.RCP,120.0,4.0,5.333333333333333,2.9786275736020142,640.0,177.0,0.024789915966386553,0.18571428571428572,0.8142857142857143,72.0,1.0,1.0724400871459694,1.0120068669299682,0.0,0.0,78.0,104.0,26.0
X19_4.RCP,120.0,4.0,5.4,2.838426794311713,648.0,177.0,0.024789915966386553,0.16666666666666666,0.8333333333333334,92.0,1.0,1.0342809364548495,0.955220051687443,0.0,0.0,96.0,124.0,28.0
X19_5.RCP,120.0,4.0,5.608333333333333,2.7395128317924624,673.0,177.0,0.024789915966386553,0.1784313725490196,0.8215686274509804,85.0,1.0,1.1538235294117647,1.0494725617519736,0.0,0.0,99.0,126.0,27.0
X19_6.RCP,120.0,4.0,5.641666666666667,2.827825528957227,677.0,177.0,0.024789915966386553,0.18781512605042017,0.8121848739495798,80.0,1.0,1.024468085106383,0.9171819218830648,0.0,0.0,82.0,120.0,38.0
X19_7.RCP,120.0,4.0,5.616666666666666,2.8319114079049545,674.0,177.0,0.024789915966386553,0.19523809523809524,0.8047619047619048,93.0,1.0,0.8451612903225807,0.7748501447831941,0.0,0.0,79.0,125.0,32.0
X19_8.RCP,120.0,4.0,5.658333333333333,2.8620966479527246,679.0,177.0,0.024789915966386553,0.18599439775910365,0.8140056022408964,93.0,1.0,0.8688639551192145,0.8202507462149817,0.0,0.0,81.0,121.0,28.0
X19_9.RCP,120.0,4.0,5.35,2.9400963703026246,642.0,177.0,0.024789915966386553,0.18137254901960784,0.8186274509803921,75.0,1.0,1.121904761904762,0.958389113507038,0.0,0.0,85.0,112.0,27.0
X1_1.RCP,120.0,4.0,5.558333333333334,3.0544935022938837,667.0,177.0,0.024789915966386553,0.1819327731092437,0.8180672268907563,99.0,0.25,0.9747474747474747,0.7443019943019943,428.0,0.07327512412258175,97.0,137.0,38.0
X1_10.RCP,120.0,4.0,5.258333333333334,2.5803611934938275,631.0,177.0,0.024789915966386553,0.1784313725490196,0.8215686274509804,89.0,0.25,0.9510433386837881,0.7749439231180804,396.0,0.06750767132628707,85.0,152.0,63.0
X1_2.RCP,120.0,4.0,5.35,2.716155371108214,642.0,177.0,0.024789915966386553,0.19397759103641457,0.8060224089635855,86.0,0.25,0.9176356589147286,0.7993999701848539,505.0,0.08774978279756733,79.0,141.0,55.0
X1_3.RCP,120.0,4.0,5.525,3.022037116471824,663.0,177.0,0.024789915966386553,0.17563025210084032,0.8243697478991596,82.0,0.25,1.3414634146341464,0.8354098264540337,427.0,0.07254502208630649,110.0,147.0,37.0
X1_4.RCP,120.0,4.0,5.083333333333333,2.7916044769192423,610.0,177.0,0.024789915966386553,0.17436974789915966,0.8256302521008403,79.0,0.25,0.9581304771178188,0.8748174294060369,449.0,0.07616624257845632,76.0,114.0,35.0
X1_5.RCP,120.0,4.0,5.433333333333334,2.854041968078878,652.0,177.0,0.024789915966386553,0.2107843137254902,0.7892156862745098,94.0,0.25,0.85790273556231,0.7157738095238095,370.0,0.06566104702750665,81.0,139.0,45.0
X1_6.RCP,120.0,4.0,4.908333333333333,2.8896246392145044,589.0,177.0,0.024789915966386553,0.16778711484593836,0.8322128851540617,65.0,0.25,0.9005917159763314,0.8837559876021415,303.0,0.05099293167283743,59.0,108.0,43.0
X1_7.RCP,120.0,4.0,5.558333333333334,3.198426262328953,667.0,177.0,0.024789915966386553,0.19299719887955183,0.8070028011204482,98.0,0.25,0.8830455259026687,0.7344827791256363,407.0,0.07063519611246095,87.0,145.0,47.0
X1_8.RCP,120.0,4.0,5.291666666666667,2.7610258761715523,635.0,177.0,0.024789915966386553,0.19635854341736694,0.8036414565826331,85.0,0.25,1.0470588235294118,0.8071428571428572,460.0,0.0801673056814221,89.0,149.0,60.0
X1_9.RCP,120.0,4.0,5.683333333333334,2.8635157101406343,682.0,177.0,0.024789915966386553,0.1843137254901961,0.8156862745098039,89.0,0.25,0.8936905790838375,0.8504753673292998,458.0,0.07864010989010989,80.0,159.0,70.0
X20_1.RCP,120.0,4.0,5.475,2.753671791142389,657.0,177.0,0.024789915966386553,0.18095238095238095,0.819047619047619,89.0,1.0,0.8150388936905791,0.7676088892381028,0.0,0.0,73.0,113.0,24.0
X20_10.RCP,120.0,4.0,5.75,2.7935938621543874,690.0,177.0,0.024789915966386553,0.16176470588235295,0.8382352941176471,81.0,1.0,0.7856534695615155,0.7420902311227981,0.0,0.0,64.0,99.0,18.0
X20_2.RCP,120.0,4.0,5.491666666666666,3.0248852136164697,659.0,177.0,0.024789915966386553,0.18683473389355743,0.8131652661064426,99.0,1.0,0.7799736495388669,0.6956987415383217,0.0,0.0,78.0,115.0,16.0
X20_3.RCP,120.0,4.0,5.966666666666667,2.7836826128150616,716.0,177.0,0.024789915966386553,0.15742296918767507,0.8425770308123249,74.0,1.0,0.9338303821062441,0.8833048877470602,0.0,0.0,70.0,97.0,23.0
X20_4.RCP,120.0,4.0,5.333333333333333,2.95051784532064,640.0,177.0,0.024789915966386553,0.18235294117647058,0.8176470588235294,89.0,1.0,0.6786516853932584,0.6520132648427508,0.0,0.0,61.0,103.0,14.0
X20_5.RCP,120.0,4.0,5.066666666666666,2.4756592836836186,608.0,177.0,0.024789915966386553,0.1645658263305322,0.8354341736694678,69.0,1.0,0.7779415377057234,0.7068064813197578,0.0,0.0,54.0,81.0,12.0
X20_6.RCP,120.0,4.0,4.966666666666667,2.83411753853333,596.0,177.0,0.024789915966386553,0.1766106442577031,0.8233893557422969,80.0,1.0,0.6635593220338983,0.6098483452618695,0.0,0.0,54.0,90.0,10.0
X20_7.RCP,120.0,4.0,4.983333333333333,2.8780298044939623,598.0,177.0,0.024789915966386553,0.16694677871148458,0.8330532212885154,81.0,1.0,0.6860366113239676,0.6619908072584078,0.0,0.0,56.0,93.0,12.0
X20_8.RCP,120.0,4.0,5.608333333333333,2.95887319017824,673.0,177.0,0.024789915966386553,0.1815126050420168,0.8184873949579832,107.0,1.0,0.8620382732532266,0.7711615487316421,0.0,0.0,93.0,132.0,25.0
X20_9.RCP,120.0,4.0,6.041666666666667,2.602549497874899,725.0,177.0,0.024789915966386553,0.17507002801120447,0.8249299719887955,80.0,1.0,0.6144097222222222,0.5686741557054057,0.0,0.0,50.0,95.0,15.0
X21_1.RCP,120.0,4.0,5.8,2.968164415931166,696.0,214.0,0.02997198879551821,0.2511204481792717,0.7488795518207283,98.0,0.25,0.9010989010989011,0.7739239926739927,465.0,0.0869646530764915,89.0,158.0,60.0
X21_10.RCP,120.0,4.0,5.208333333333333,3.071090559104733,625.0,214.0,0.02997198879551821,0.24803921568627452,0.7519607843137255,87.0,0.25,0.8620689655172413,0.7376768346595932,322.0,0.05997392438070404,75.0,138.0,51.0
X21_2.RCP,120.0,4.0,5.575,2.6066021944286013,669.0,214.0,0.02997198879551821,0.2557422969187675,0.7442577030812325,87.0,0.25,1.054818744473917,0.7883325965222517,361.0,0.06793375987956342,92.0,137.0,45.0
X21_3.RCP,120.0,4.0,5.783333333333333,2.79637662381558,694.0,214.0,0.02997198879551821,0.2942577030812325,0.7057422969187674,111.0,0.25,0.8295795795795796,0.786499348999349,507.0,0.10061520142885495,93.0,176.0,65.0
X21_4.RCP,120.0,4.0,5.808333333333334,2.841055652785109,697.0,214.0,0.02997198879551821,0.27450980392156865,0.7254901960784313,111.0,0.25,0.8135828135828136,0.6867521367521368,442.0,0.08532818532818533,91.0,172.0,61.0
X21_5.RCP,120.0,4.0,5.583333333333333,2.9142847416742854,670.0,214.0,0.02997198879551821,0.25882352941176473,0.7411764705882353,95.0,0.25,0.9489878542510122,0.7060222672064776,322.0,0.06084656084656084,91.0,142.0,47.0
X21_6.RCP,120.0,4.0,5.283333333333333,2.8728131779765205,634.0,214.0,0.02997198879551821,0.2739495798319328,0.7260504201680672,97.0,0.25,0.8509119746233148,0.7180757386942954,404.0,0.0779320987654321,83.0,137.0,40.0
X21_7.RCP,120.0,4.0,5.333333333333333,2.823512391016236,640.0,214.0,0.02997198879551821,0.2700280112044818,0.7299719887955183,79.0,0.25,1.0934761441090555,0.8900371780118617,482.0,0.09247889485801994,87.0,137.0,50.0
X21_8.RCP,120.0,4.0,5.883333333333334,2.989379348441561,706.0,214.0,0.02997198879551821,0.2854341736694678,0.7145658263305322,121.0,0.25,0.7139224411951685,0.5893595041322314,330.0,0.06468051744413955,87.0,172.0,51.0
X21_9.RCP,120.0,4.0,5.475,2.7777763888885416,657.0,214.0,0.02997198879551821,0.2438375350140056,0.7561624649859944,86.0,0.25,0.9617940199335548,0.7910664916478871,348.0,0.06445638081126134,83.0,131.0,45.0
X22_1.RCP,120.0,4.0,5.333333333333333,2.864534090485843,640.0,214.0,0.02997198879551821,0.2680672268907563,0.7319327731092438,83.0,0.25,0.8132530120481928,0.747640562248996,200.0,0.038270187523918864,68.0,131.0,48.0
X22_10.RCP,120.0,4.0,5.158333333333333,2.8953866561979056,619.0,214.0,0.02997198879551821,0.25588235294117645,0.7441176470588236,71.0,0.25,0.7830985915492957,0.7118768164542812,99.0,0.018633540372670808,56.0,87.0,16.0
X22_2.RCP,120.0,4.0,5.866666666666666,2.723151768733347,704.0,214.0,0.02997198879551821,0.27787114845938377,0.7221288515406162,104.0,0.25,0.6947115384615384,0.5985637524240466,92.0,0.017843289371605897,73.0,124.0,20.0
X22_3.RCP,120.0,4.0,5.616666666666666,2.966994363923793,674.0,214.0,0.02997198879551821,0.25210084033613445,0.7478991596638656,83.0,0.25,0.8814204185161699,0.7613817110547454,167.0,0.03127340823970037,74.0,114.0,31.0
X22_4.RCP,120.0,4.0,5.741666666666666,3.0509447534966756,689.0,214.0,0.02997198879551821,0.2415966386554622,0.7584033613445378,79.0,0.25,0.8115330520393812,0.7188599798893917,119.0,0.021975992613111728,65.0,112.0,33.0
X22_5.RCP,120.0,4.0,5.683333333333334,2.7537348375534556,682.0,214.0,0.02997198879551821,0.2711484593837535,0.7288515406162466,93.0,0.25,0.7286527514231499,0.6730877835004969,137.0,0.026325903151421977,68.0,115.0,22.0
X22_6.RCP,120.0,4.0,5.375,2.8491592327094204,645.0,214.0,0.02997198879551821,0.2620448179271709,0.7379551820728292,93.0,0.25,0.7311827956989247,0.6156129376895507,245.0,0.046498386790662365,68.0,120.0,27.0
X22_7.RCP,120.0,4.0,5.458333333333333,2.7107681363202,655.0,214.0,0.02997198879551821,0.30686274509803924,0.6931372549019608,124.0,0.25,0.5380184331797235,0.49477135767458347,223.0,0.045059608001616486,67.0,158.0,34.0
X22_8.RCP,120.0,4.0,5.883333333333334,2.8495126288932675,706.0,214.0,0.02997198879551821,0.2815126050420168,0.7184873949579832,93.0,0.25,0.7538829151732378,0.6730670762928828,149.0,0.029044834307992203,71.0,140.0,47.0
X22_9.RCP,120.0,4.0,5.8,2.8971250116854352,696.0,214.0,0.02997198879551821,0.2672268907563025,0.7327731092436975,91.0,0.25,0.8001373626373627,0.695455586080586,161.0,0.03077217125382263,73.0,126.0,35.0
X23_1.RCP,120.0,4.0,5.616666666666666,2.696242241012892,674.0,214.0,0.02997198879551821,0.2642857142857143,0.7357142857142858,107.0,0.25,0.6057459328487366,0.4799064945092983,77.0,0.014658290500666285,65.0,113.0,6.0
X23_10.RCP,120.0,4.0,5.866666666666666,2.923848301278452,704.0,214.0,0.02997198879551821,0.2593837535014006,0.7406162464985995,100.0,0.25,0.537,0.49667532467532466,14.0,0.00264750378214826,54.0,110.0,10.0
X23_2.RCP,120.0,4.0,5.725,2.845940090725734,687.0,214.0,0.02997198879551821,0.26932773109243696,0.7306722689075631,116.0,0.25,0.6612576064908722,0.482937122217308,107.0,0.020509871573701356,77.0,130.0,14.0
X23_3.RCP,120.0,4.0,5.283333333333333,2.858272594106836,634.0,214.0,0.02997198879551821,0.27058823529411763,0.7294117647058824,99.0,0.25,0.5399449035812672,0.5008231667322577,94.0,0.018049155145929335,54.0,111.0,12.0
X23_4.RCP,120.0,4.0,5.383333333333334,2.872813177976521,646.0,214.0,0.02997198879551821,0.29747899159663865,0.7025210084033613,103.0,0.25,0.6187702265372168,0.5527134154632727,113.0,0.02252791068580542,64.0,116.0,13.0
X23_5.RCP,120.0,4.0,5.641666666666667,2.6356398126872764,677.0,214.0,0.02997198879551821,0.27941176470588236,0.7205882352941176,96.0,0.25,0.6235119047619048,0.5082775297619048,75.0,0.014577259475218658,60.0,114.0,18.0
X23_6.RCP,120.0,4.0,5.75,2.930443652418521,690.0,214.0,0.02997198879551821,0.27128851540616244,0.7287114845938376,103.0,0.25,0.6348020911127707,0.5635739284511414,79.0,0.015183547953103976,66.0,120.0,17.0
X23_7.RCP,120.0,4.0,5.333333333333333,2.820559440174157,640.0,214.0,0.02997198879551821,0.27086834733893556,0.7291316526610645,104.0,0.25,0.5425824175824175,0.4794320263070263,76.0,0.0145985401459854,57.0,123.0,19.0
X23_8.RCP,120.0,4.0,5.025,3.0563117751084667,603.0,214.0,0.02997198879551821,0.2766106442577031,0.7233893557422969,100.0,0.25,0.5245,0.46669791666666666,23.0,0.004453049370764763,53.0,103.0,3.0
X23_9.RCP,120.0,4.0,5.458333333333333,2.892218967428911,655.0,214.0,0.02997198879551821,0.2907563025210084,0.7092436974789915,105.0,0.25,0.5963369963369963,0.5437436406186407,101.0,0.019944707740916275,63.0,128.0,23.0
X24_1.RCP,120.0,4.0,5.15,2.7798381247835278,618.0,214.0,0.02997198879551821,0.27324929971988793,0.7267507002801121,92.0,0.25,0.5411899313501144,0.4445700256408818,32.0,0.006166891501252649,50.0,109.0,17.0
X24_10.RCP,120.0,4.0,5.558333333333334,2.810088472312255,667.0,214.0,0.02997198879551821,0.25700280112044815,0.7429971988795518,91.0,0.25,0.6478738652651697,0.5007375302406358,2.0,0.00037700282752120643,59.0,101.0,10.0
X24_2.RCP,120.0,4.0,5.175,3.1242665806020242,621.0,214.0,0.02997198879551821,0.31736694677871147,0.6826330532212885,91.0,0.25,0.6614010989010989,0.5675251831501831,81.0,0.01661879359868691,61.0,108.0,17.0
X24_3.RCP,120.0,4.0,5.758333333333334,2.880960005893097,691.0,214.0,0.02997198879551821,0.2739495798319328,0.7260504201680672,89.0,0.25,0.6232998225901834,0.4981147469172306,6.0,0.0011574074074074073,56.0,96.0,7.0
X24_4.RCP,120.0,4.0,5.483333333333333,2.9211394276130602,658.0,214.0,0.02997198879551821,0.2801120448179272,0.7198879551820728,101.0,0.25,0.7014851485148514,0.5311294945284002,30.0,0.005836575875486381,71.0,113.0,12.0
X24_5.RCP,120.0,4.0,4.95,2.825036872915703,594.0,214.0,0.02997198879551821,0.25910364145658266,0.7408963585434174,86.0,0.25,0.6468023255813954,0.5158187984496124,75.0,0.014177693761814745,56.0,95.0,9.0
X24_6.RCP,120.0,4.0,5.375,3.0167932754278453,645.0,214.0,0.02997198879551821,0.2875350140056022,0.7124649859943978,95.0,0.25,0.6736842105263158,0.4565267335004177,4.0,0.0007863180656575585,64.0,102.0,7.0
X24_7.RCP,120.0,4.0,5.966666666666667,2.9038288899696245,716.0,214.0,0.02997198879551821,0.280812324929972,0.719187675070028,109.0,0.25,0.5610091743119267,0.4300372593102948,0.0,0.0,62.0,128.0,19.0
X24_8.RCP,120.0,4.0,5.183333333333334,2.972045685307606,622.0,214.0,0.02997198879551821,0.2833333333333333,0.7166666666666667,104.0,0.25,0.5847355769230769,0.4799524694055944,63.0,0.012311901504787962,61.0,114.0,10.0
X24_9.RCP,120.0,4.0,5.066666666666666,2.9204261485079344,608.0,214.0,0.02997198879551821,0.25140056022408963,0.7485994397759104,76.0,0.25,0.6815789473684211,0.5982356459330144,75.0,0.01403180542563143,52.0,94.0,18.0
X25_1.RCP,120.0,4.0,5.641666666666667,3.0243341783311948,677.0,214.0,0.02997198879551821,0.26862745098039215,0.7313725490196079,82.0,0.25,0.5920177383592018,0.5185943002478153,3.0,0.0005744925315970892,49.0,89.0,7.0
X25_10.RCP,120.0,4.0,5.216666666666667,2.778438810235385,626.0,214.0,0.02997198879551821,0.2607843137254902,0.7392156862745098,92.0,0.25,0.48863636363636365,0.42644515810276684,0.0,0.0,45.0,102.0,10.0
X25_2.RCP,120.0,4.0,5.675,2.887220404933899,681.0,214.0,0.02997198879551821,0.26708683473389355,0.7329131652661065,108.0,0.25,0.4781144781144781,0.3645059985639696,0.0,0.0,52.0,115.0,7.0
X25_3.RCP,120.0,4.0,5.533333333333333,2.915285387211497,664.0,214.0,0.02997198879551821,0.2710084033613445,0.7289915966386555,100.0,0.25,0.461,0.36313690476190474,0.0,0.0,47.0,102.0,2.0
X25_4.RCP,120.0,4.0,5.858333333333333,3.0008216467420312,703.0,214.0,0.02997198879551821,0.27801120448179273,0.7219887955182073,117.0,0.25,0.5236167341430499,0.39380887144045035,0.0,0.0,62.0,134.0,17.0
X25_5.RCP,120.0,4.0,5.466666666666667,2.8311756490114766,656.0,214.0,0.02997198879551821,0.25434173669467786,0.7456582633053221,100.0,0.25,0.48363636363636364,0.391676948051948,0.0,0.0,49.0,100.0,0.0
X25_6.RCP,120.0,4.0,5.641666666666667,2.912032032027731,677.0,214.0,0.02997198879551821,0.2750700280112045,0.7249299719887955,91.0,0.25,0.5144855144855145,0.48393818483104195,4.0,0.0007727975270479134,47.0,107.0,16.0
X25_7.RCP,120.0,4.0,5.775,2.6282519539293285,693.0,214.0,0.02997198879551821,0.25882352941176473,0.7411764705882353,91.0,0.25,0.5958485958485958,0.5324942418692419,12.0,0.0022675736961451248,55.0,106.0,15.0
X25_8.RCP,120.0,4.0,5.633333333333334,2.7746871695542343,676.0,214.0,0.02997198879551821,0.25168067226890756,0.7483193277310924,76.0,0.25,0.5826315789473684,0.546226076555024,0.0,0.0,45.0,92.0,16.0
X25_9.RCP,120.0,4.0,5.258333333333334,2.826941319203889,631.0,214.0,0.02997198879551821,0.30798319327731094,0.6920168067226891,94.0,0.25,0.46117021276595743,0.3991060874704492,3.0,0.0006071645415907711,44.0,100.0,6.0
X26_1.RCP,120.0,4.0,5.791666666666667,2.8369462259424107,695.0,214.0,0.02997198879551821,0.26064425770308125,0.7393557422969188,96.0,0.5020833333333333,1.4553571428571428,1.339989459325397,834.0,0.15798446675506725,140.0,220.0,80.0
X26_10.RCP,120.0,4.0,5.641666666666667,2.8687855541248735,677.0,214.0,0.02997198879551821,0.276890756302521,0.723109243697479,122.0,0.5020833333333333,1.2156368221941993,1.0932534678436316,1145.0,0.22177028859190392,149.0,255.0,106.0
X26_2.RCP,120.0,4.0,5.466666666666667,2.8778850258865836,656.0,214.0,0.02997198879551821,0.29901960784313725,0.7009803921568627,97.0,0.5020833333333333,1.436161776367962,1.3056247875835505,1017.0,0.2031968031968032,140.0,215.0,75.0
X26_3.RCP,120.0,4.0,5.858333333333333,2.9475861122092577,703.0,214.0,0.02997198879551821,0.2631652661064426,0.7368347338935575,93.0,0.5020833333333333,1.5670250896057347,1.359179418251999,851.0,0.16175632009123742,146.0,218.0,72.0
X26_4.RCP,120.0,4.0,5.483333333333333,2.9748482687730853,658.0,214.0,0.02997198879551821,0.30574229691876753,0.6942577030812325,108.0,0.5020833333333333,1.3024691358024691,1.201300705467372,836.0,0.16865039338309462,141.0,242.0,101.0
X26_5.RCP,120.0,4.0,5.016666666666667,2.6171973984058257,602.0,214.0,0.02997198879551821,0.31400560224089635,0.6859943977591036,81.0,0.5020833333333333,1.5679012345679013,1.4509063296100333,761.0,0.15536953858717845,127.0,204.0,77.0
X26_6.RCP,120.0,4.0,5.616666666666666,2.793394987386416,674.0,214.0,0.02997198879551821,0.29187675070028013,0.7081232492997198,122.0,0.5020833333333333,1.2722482435597189,1.0746975019516003,1053.0,0.20826740506329117,156.0,251.0,95.0
X26_7.RCP,120.0,4.0,5.291666666666667,2.9080229060690397,635.0,214.0,0.02997198879551821,0.2868347338935574,0.7131652661064426,83.0,0.5020833333333333,1.6311399443929564,1.3698331788693234,666.0,0.1307934014139827,136.0,209.0,73.0
X26_8.RCP,120.0,4.0,5.375,2.8666545542379764,645.0,214.0,0.02997198879551821,0.2826330532212885,0.7173669467787115,105.0,0.5020833333333333,1.3934065934065933,1.246862026862027,1022.0,0.1995314330339711,147.0,232.0,85.0
X26_9.RCP,120.0,4.0,6.116666666666666,2.757363877973953,734.0,214.0,0.02997198879551821,0.28781512605042014,0.7121848739495799,124.0,0.5020833333333333,1.1930107526881721,1.0737543202764976,663.0,0.13038348082595871,148.0,253.0,105.0
X27_1.RCP,120.0,4.0,5.283333333333333,2.817159720159453,634.0,214.0,0.02997198879551821,0.26484593837535014,0.7351540616246499,77.0,0.5020833333333333,1.2260920897284533,1.0727803158633198,0.0,0.0,95.0,131.0,36.0
X27_10.RCP,120.0,4.0,6.016666666666667,2.9154283085375674,722.0,214.0,0.02997198879551821,0.2781512605042017,0.7218487394957983,105.0,0.5020833333333333,0.9519274376417234,0.8599991060844281,12.0,0.002328288707799767,100.0,161.0,56.0
X27_2.RCP,120.0,4.0,5.158333333333333,2.983275139097223,619.0,214.0,0.02997198879551821,0.2649859943977591,0.735014005602241,87.0,0.5020833333333333,1.132822477650064,1.0605275199595685,128.0,0.024390243902439025,99.0,148.0,49.0
X27_3.RCP,120.0,4.0,5.675,2.8494517016436687,681.0,214.0,0.02997198879551821,0.27240896358543415,0.7275910364145659,98.0,0.5020833333333333,1.3208616780045352,1.032234977324263,152.0,0.029258902791145326,130.0,179.0,49.0
X27_4.RCP,120.0,4.0,5.466666666666667,2.679966832298904,656.0,214.0,0.02997198879551821,0.2619047619047619,0.7380952380952381,85.0,0.5020833333333333,1.1183391003460208,0.9855898045166254,32.0,0.0060721062618595825,96.0,142.0,46.0
X27_5.RCP,120.0,4.0,5.183333333333334,2.9211394276130602,622.0,214.0,0.02997198879551821,0.29103641456582635,0.7089635854341736,89.0,0.5020833333333333,1.02602010644589,0.9339312701228728,76.0,0.015013828526274203,92.0,149.0,57.0
X27_6.RCP,120.0,4.0,5.6,2.8850187752133145,672.0,214.0,0.02997198879551821,0.2736694677871149,0.7263305322128851,97.0,0.5020833333333333,1.2807762280169799,1.1975322962880215,171.0,0.032973389895873506,125.0,192.0,67.0
X27_7.RCP,120.0,4.0,5.35,2.897268828857044,642.0,214.0,0.02997198879551821,0.2819327731092437,0.7180672268907563,100.0,0.5020833333333333,0.9894736842105263,0.912546992481203,97.0,0.018919446069826408,99.0,161.0,61.0
X27_8.RCP,120.0,4.0,5.933333333333334,2.6948510575210314,712.0,214.0,0.02997198879551821,0.26260504201680673,0.7373949579831933,108.0,0.5020833333333333,1.2041666666666666,1.0438535575048733,41.0,0.00778727445394112,131.0,180.0,49.0
X27_9.RCP,120.0,4.0,5.65,2.9683047911785163,678.0,214.0,0.02997198879551821,0.25980392156862747,0.7401960784313726,95.0,0.5020833333333333,1.156140350877193,1.060577915376677,217.0,0.04105960264900662,110.0,166.0,56.0
X28_1.RCP,120.0,4.0,5.433333333333334,2.9629189811550516,652.0,214.0,0.02997198879551821,0.24033613445378152,0.7596638655462185,98.0,0.5020833333333333,0.9128401360544217,0.8512840688223342,0.0,0.0,90.0,149.0,51.0
X28_10.RCP,120.0,4.0,5.808333333333334,2.6873029643533353,697.0,214.0,0.02997198879551821,0.27170868347338933,0.7282913165266107,109.0,0.5020833333333333,0.8143550998381004,0.7803884289109173,46.0,0.008846153846153844,89.0,157.0,48.0
X28_2.RCP,120.0,4.0,5.475,2.7867618604155373,657.0,214.0,0.02997198879551821,0.3119047619047619,0.6880952380952381,110.0,0.5020833333333333,0.7756198347107438,0.7061587465564738,0.0,0.0,86.0,136.0,26.0
X28_3.RCP,120.0,4.0,5.083333333333333,2.970923911662648,610.0,214.0,0.02997198879551821,0.280812324929972,0.719187675070028,101.0,0.5020833333333333,0.7466996699669967,0.7048398292210173,0.0,0.0,76.0,139.0,38.0
X28_4.RCP,120.0,4.0,5.525,2.883754786154098,663.0,214.0,0.02997198879551821,0.2735294117647059,0.7264705882352941,103.0,0.5020833333333333,0.9338040600176523,0.8135361793716418,12.0,0.002313475997686524,97.0,144.0,41.0
X28_5.RCP,120.0,4.0,5.066666666666666,2.58757715934338,608.0,214.0,0.02997198879551821,0.2837535014005602,0.7162464985994398,102.0,0.5020833333333333,0.6898395721925134,0.6521921705745235,0.0,0.0,71.0,123.0,21.0
X28_6.RCP,120.0,4.0,5.225,2.7094356730999665,627.0,214.0,0.02997198879551821,0.29565826330532213,0.7043417366946778,103.0,0.5020833333333333,0.8637042569081405,0.7022205626089122,0.0,0.0,89.0,146.0,43.0
X28_7.RCP,120.0,4.0,5.866666666666666,3.027466854575877,704.0,214.0,0.02997198879551821,0.28053221288515406,0.7194677871148459,97.0,0.5020833333333333,0.8956701030927835,0.8649860626283755,0.0,0.0,87.0,139.0,42.0
X28_8.RCP,120.0,4.0,5.333333333333333,2.9049765728640375,640.0,214.0,0.02997198879551821,0.2689075630252101,0.73109243697479,87.0,0.5020833333333333,1.0032840722495895,0.8544525589353176,0.0,0.0,88.0,120.0,32.0
X28_9.RCP,120.0,4.0,5.041666666666667,3.0038748124528905,605.0,214.0,0.02997198879551821,0.2596638655462185,0.7403361344537815,93.0,0.5020833333333333,0.8293010752688172,0.7394827887166596,0.0,0.0,78.0,136.0,43.0
X29_1.RCP,120.0,4.0,5.666666666666667,2.760837232113154,680.0,214.0,0.02997198879551821,0.30952380952380953,0.6904761904761905,104.0,0.5020833333333333,0.6445512820512821,0.5781448515352133,0.0,0.0,68.0,127.0,23.0
X29_10.RCP,120.0,4.0,5.166666666666667,2.852873794770615,620.0,214.0,0.02997198879551821,0.2852941176470588,0.7147058823529412,96.0,0.5020833333333333,0.6915922619047619,0.6229052197802197,0.0,0.0,67.0,113.0,17.0
X29_2.RCP,120.0,4.0,5.566666666666666,2.854041968078878,668.0,214.0,0.02997198879551821,0.2619047619047619,0.7380952380952381,91.0,0.5020833333333333,0.6556776556776557,0.6253677177707351,0.0,0.0,60.0,110.0,19.0
X29_3.RCP,120.0,4.0,5.708333333333333,3.017713906622399,685.0,214.0,0.02997198879551821,0.2680672268907563,0.7319327731092438,80.0,0.5020833333333333,1.0138392857142857,0.7487983166751548,0.0,0.0,82.0,124.0,42.0
X29_4.RCP,120.0,4.0,5.433333333333334,2.821740991342441,652.0,214.0,0.02997198879551821,0.24803921568627452,0.7519607843137255,77.0,0.5020833333333333,0.737746124842899,0.6898365131732067,0.0,0.0,57.0,95.0,18.0
X29_5.RCP,120.0,4.0,5.866666666666666,2.6138519893487127,704.0,214.0,0.02997198879551821,0.2848739495798319,0.7151260504201681,102.0,0.5020833333333333,0.7484917043740573,0.671723008247251,0.0,0.0,77.0,122.0,20.0
X29_6.RCP,120.0,4.0,5.433333333333334,2.848196310337864,652.0,214.0,0.02997198879551821,0.2662464985994398,0.7337535014005603,88.0,0.5020833333333333,0.8319128787878788,0.735536722212241,0.0,0.0,74.0,114.0,26.0
X29_7.RCP,120.0,4.0,5.475,2.9039125905118652,657.0,214.0,0.02997198879551821,0.28921568627450983,0.7107843137254901,97.0,0.5020833333333333,0.7123067010309279,0.609109256987706,0.0,0.0,70.0,110.0,13.0
X29_8.RCP,120.0,4.0,5.283333333333333,2.9416076481331697,634.0,214.0,0.02997198879551821,0.2603641456582633,0.7396358543417367,80.0,0.5020833333333333,0.8385,0.7279508928571428,0.0,0.0,68.0,105.0,25.0
X29_9.RCP,120.0,4.0,5.15,2.8362240156000844,618.0,214.0,0.02997198879551821,0.2687675070028011,0.731232492997199,97.0,0.5020833333333333,0.6165741475019826,0.5806509745142877,0.0,0.0,60.0,115.0,18.0
X2_1.RCP,120.0,4.0,5.233333333333333,2.856960311628816,628.0,177.0,0.024789915966386553,0.15322128851540617,0.8467787114845938,70.0,0.25,0.9705357142857143,0.7939430838124724,143.0,0.023652001323188884,68.0,103.0,33.0
X2_10.RCP,120.0,4.0,6.166666666666667,2.760837232113154,740.0,177.0,0.024789915966386553,0.15602240896358543,0.8439775910364146,79.0,0.25,0.9232067510548523,0.7390471167369901,118.0,0.019581812147361433,73.0,120.0,41.0
X2_2.RCP,120.0,4.0,5.266666666666667,2.818786184788686,632.0,177.0,0.024789915966386553,0.16750700280112044,0.8324929971988796,73.0,0.25,0.775840597758406,0.6412119558523668,97.0,0.016318977119784656,57.0,98.0,25.0
X2_3.RCP,120.0,4.0,6.141666666666667,2.922030781646369,737.0,177.0,0.024789915966386553,0.16778711484593836,0.8322128851540617,78.0,0.25,0.8469551282051282,0.7799199186534713,104.0,0.017502524402558062,67.0,113.0,35.0
X2_4.RCP,120.0,4.0,5.516666666666667,2.6738964494202504,662.0,177.0,0.024789915966386553,0.1880952380952381,0.8119047619047619,88.0,0.25,0.7905844155844156,0.6501893939393939,183.0,0.03156805244091772,70.0,120.0,32.0
X2_5.RCP,120.0,4.0,5.808333333333334,2.769764831573652,697.0,177.0,0.024789915966386553,0.1799719887955182,0.8200280112044818,91.0,0.25,0.8296703296703297,0.7439629698033059,226.0,0.038599487617421005,76.0,128.0,37.0
X2_6.RCP,120.0,4.0,5.641666666666667,2.9034342691983843,677.0,177.0,0.024789915966386553,0.17703081232492998,0.82296918767507,75.0,0.25,0.8942857142857142,0.7940518207282913,167.0,0.028420694349897888,68.0,121.0,46.0
X2_7.RCP,120.0,4.0,5.083333333333333,2.847757402276785,610.0,177.0,0.024789915966386553,0.17969187675070028,0.8203081232492997,84.0,0.25,0.7722222222222223,0.6690881560957717,182.0,0.03107392863240567,65.0,115.0,31.0
X2_8.RCP,120.0,4.0,5.116666666666666,2.814200103443645,614.0,177.0,0.024789915966386553,0.16638655462184873,0.8336134453781513,77.0,0.25,0.8033395176252319,0.6592674190888477,179.0,0.030073924731182797,62.0,117.0,40.0
X2_9.RCP,120.0,4.0,5.566666666666666,2.9147136318265567,668.0,177.0,0.024789915966386553,0.1865546218487395,0.8134453781512605,92.0,0.25,0.731159420289855,0.6648777173913043,216.0,0.0371900826446281,68.0,114.0,22.0
X30_1.RCP,120.0,4.0,5.508333333333334,3.0659306181901043,661.0,214.0,0.02997198879551821,0.28095238095238095,0.719047619047619,102.0,0.5020833333333333,0.6391524351676154,0.5721469827319723,0.0,0.0,66.0,121.0,19.0
X30_10.RCP,120.0,4.0,5.4,2.9251780572585093,648.0,214.0,0.02997198879551821,0.26064425770308125,0.7393557422969188,86.0,0.5020833333333333,0.6631540697674418,0.5698668348153215,0.0,0.0,58.0,96.0,10.0
X30_2.RCP,120.0,4.0,5.566666666666666,3.0760725320158206,668.0,214.0,0.02997198879551821,0.2557422969187675,0.7442577030812325,112.0,0.5020833333333333,0.5907738095238095,0.5434946563852814,0.0,0.0,67.0,115.0,3.0
X30_3.RCP,120.0,4.0,5.491666666666666,2.822516115493802,659.0,214.0,0.02997198879551821,0.28025210084033614,0.7197478991596639,108.0,0.5020833333333333,0.6607142857142857,0.5446630262497719,0.0,0.0,72.0,115.0,7.0
X30_4.RCP,120.0,4.0,5.533333333333333,2.8517051429315448,664.0,214.0,0.02997198879551821,0.27016806722689074,0.7298319327731093,83.0,0.5020833333333333,0.6867469879518072,0.6400307110796126,0.0,0.0,57.0,94.0,11.0
X30_5.RCP,120.0,4.0,5.491666666666666,2.86355208710363,659.0,214.0,0.02997198879551821,0.25672268907563023,0.7432773109243698,81.0,0.5020833333333333,0.8827160493827161,0.7711655521262002,0.0,0.0,72.0,112.0,31.0
X30_6.RCP,120.0,4.0,5.275,2.926780085121987,633.0,214.0,0.02997198879551821,0.2585434173669468,0.7414565826330533,79.0,0.5020833333333333,0.6518987341772152,0.6218850301128782,0.0,0.0,52.0,96.0,17.0
X30_7.RCP,120.0,4.0,5.75,2.7393734076731246,690.0,214.0,0.02997198879551821,0.3219887955182073,0.6780112044817928,93.0,0.5020833333333333,0.814309346567411,0.6282952554307606,0.0,0.0,76.0,113.0,20.0
X30_8.RCP,120.0,4.0,5.8,2.7946377224964243,696.0,214.0,0.02997198879551821,0.26442577030812325,0.7355742296918768,79.0,0.5020833333333333,0.6416747809152873,0.5728606783511847,0.0,0.0,51.0,97.0,18.0
X30_9.RCP,120.0,4.0,5.891666666666667,2.833713209828326,707.0,214.0,0.02997198879551821,0.27450980392156865,0.7254901960784313,93.0,0.5020833333333333,0.7273425499231951,0.6320195650416364,0.0,0.0,68.0,106.0,13.0
X31_1.RCP,120.0,4.0,5.366666666666666,2.6954694499392042,644.0,214.0,0.02997198879551821,0.26750700280112044,0.7324929971988796,92.0,0.75,1.8714833759590792,1.769591192455243,769.0,0.1470363288718929,173.0,247.0,74.0
X31_10.RCP,120.0,4.0,5.591666666666667,2.835771010187921,671.0,214.0,0.02997198879551821,0.27787114845938377,0.7221288515406162,90.0,0.75,2.1555555555555554,2.0480654761904757,1413.0,0.2740496508921645,194.0,301.0,107.0
X31_2.RCP,120.0,4.0,5.283333333333333,3.00050921604243,634.0,214.0,0.02997198879551821,0.27450980392156865,0.7254901960784313,82.0,0.75,2.0995934959349594,1.9120126749351858,701.0,0.13532818532818533,173.0,244.0,71.0
X31_3.RCP,120.0,4.0,5.25,2.6684889606916746,630.0,214.0,0.02997198879551821,0.2754901960784314,0.7245098039215686,80.0,0.75,1.9076388888888889,1.8034109477124183,465.0,0.08988981248791804,153.0,223.0,70.0
X31_4.RCP,120.0,4.0,5.308333333333334,2.78027526614822,637.0,214.0,0.02997198879551821,0.2631652661064426,0.7368347338935575,112.0,0.75,1.6141581632653061,1.5817708333333331,1439.0,0.27352214407907244,181.0,302.0,121.0
X31_5.RCP,120.0,4.0,5.933333333333334,2.8946310453819306,712.0,214.0,0.02997198879551821,0.2522408963585434,0.7477591036414566,97.0,0.75,1.8496058217101274,1.7039683141297755,670.0,0.12549166510582507,180.0,260.0,80.0
X31_6.RCP,120.0,4.0,5.491666666666666,2.9325638195196286,659.0,214.0,0.02997198879551821,0.24859943977591037,0.7514005602240896,101.0,0.75,1.7563256325632564,1.5344589025466013,263.0,0.04902143522833178,178.0,258.0,80.0
X31_7.RCP,120.0,4.0,5.883333333333334,2.904546244921724,706.0,214.0,0.02997198879551821,0.292436974789916,0.707563025210084,110.0,0.75,1.6673796791443851,1.52072192513369,497.0,0.09837688044338877,184.0,271.0,87.0
X31_8.RCP,120.0,4.0,5.75,3.0882843133364517,690.0,214.0,0.02997198879551821,0.2544817927170868,0.7455182072829132,92.0,0.75,1.7953964194373402,1.7287315288434213,459.0,0.08622956979147098,166.0,257.0,91.0
X31_9.RCP,120.0,4.0,5.6,2.936551265231604,672.0,214.0,0.02997198879551821,0.2519607843137255,0.7480392156862745,99.0,0.75,1.7053872053872055,1.554317252330668,325.0,0.060850028084628346,169.0,250.0,81.0
X32_1.RCP,120.0,4.0,5.783333333333333,2.7603844337740755,694.0,214.0,0.02997198879551821,0.25056022408963585,0.7494397759103641,99.0,0.75,1.3843700159489634,1.21142005485827,7.0,0.001308166697813493,138.0,190.0,52.0
X32_10.RCP,120.0,4.0,5.533333333333333,2.78966346038769,664.0,214.0,0.02997198879551821,0.2605042016806723,0.7394957983193278,91.0,0.75,1.331043956043956,1.2268819143819145,0.0,0.0,122.0,176.0,54.0
X32_2.RCP,120.0,4.0,5.6,2.7580186124583475,672.0,214.0,0.02997198879551821,0.2977591036414566,0.7022408963585434,100.0,0.75,1.1883333333333332,1.1260550724637681,0.0,0.0,119.0,170.0,51.0
X32_3.RCP,120.0,4.0,5.791666666666667,2.8163091489078793,695.0,214.0,0.02997198879551821,0.27296918767507,0.72703081232493,101.0,0.75,1.2516501650165017,1.1886222276073761,0.0,0.0,127.0,182.0,55.0
X32_4.RCP,120.0,4.0,5.216666666666667,2.858272594106836,626.0,214.0,0.02997198879551821,0.2781512605042017,0.7218487394957983,108.0,0.75,1.0862794612794613,1.0281902356902357,0.0,0.0,118.0,177.0,59.0
X32_5.RCP,120.0,4.0,5.316666666666666,2.801735573215685,638.0,214.0,0.02997198879551821,0.28739495798319326,0.7126050420168067,99.0,0.75,1.256854256854257,1.1218242868242867,0.0,0.0,125.0,181.0,56.0
X32_6.RCP,120.0,4.0,5.358333333333333,2.860057788848952,643.0,214.0,0.02997198879551821,0.2833333333333333,0.7166666666666667,94.0,0.75,1.242147922998987,1.116221082404593,0.0,0.0,117.0,171.0,54.0
X32_7.RCP,120.0,4.0,5.625,2.93843070362396,675.0,214.0,0.02997198879551821,0.28851540616246496,0.711484593837535,104.0,0.75,1.032371794871795,0.9407814886263162,0.0,0.0,108.0,172.0,64.0
X32_8.RCP,120.0,4.0,5.141666666666667,2.7212002049749215,617.0,214.0,0.02997198879551821,0.27086834733893556,0.7291316526610645,81.0,0.75,1.5602586713697826,1.3739895649617873,0.0,0.0,127.0,171.0,44.0
X32_9.RCP,120.0,4.0,5.308333333333334,2.8861619073703326,637.0,214.0,0.02997198879551821,0.27310924369747897,0.7268907563025211,86.0,0.75,1.304263565891473,1.1571155298194864,0.0,0.0,113.0,152.0,39.0
X33_1.RCP,120.0,4.0,5.333333333333333,2.8294090470548006,640.0,214.0,0.02997198879551821,0.2815126050420168,0.7184873949579832,99.0,0.75,0.9527272727272728,0.8268809750627932,0.0,0.0,95.0,140.0,41.0
X33_10.RCP,120.0,4.0,5.583333333333333,2.8623514032269965,670.0,214.0,0.02997198879551821,0.2596638655462185,0.7403361344537815,88.0,0.75,1.0662225705329154,0.9736568392585732,0.0,0.0,94.0,132.0,38.0
X33_2.RCP,120.0,4.0,5.458333333333333,2.689162922216172,655.0,214.0,0.02997198879551821,0.280672268907563,0.719327731092437,92.0,0.75,1.0321557971014492,1.0170439840956145,0.0,0.0,95.0,142.0,47.0
X33_3.RCP,120.0,4.0,5.075,2.972548009144119,609.0,214.0,0.02997198879551821,0.26218487394957984,0.7378151260504202,88.0,0.75,1.096818181818182,1.019010201446281,0.0,0.0,97.0,150.0,53.0
X33_4.RCP,120.0,4.0,5.566666666666666,2.8975085082800973,668.0,214.0,0.02997198879551821,0.2774509803921569,0.7225490196078431,97.0,0.75,1.0492184901895576,0.9712593691642577,0.0,0.0,102.0,152.0,50.0
X33_5.RCP,120.0,4.0,5.458333333333333,2.7260956003453405,655.0,214.0,0.02997198879551821,0.2904761904761905,0.7095238095238094,108.0,0.75,1.1497584541062802,1.1000145546884676,0.0,0.0,125.0,190.0,65.0
X33_6.RCP,120.0,4.0,5.266666666666667,2.8246927069840515,632.0,214.0,0.02997198879551821,0.31666666666666665,0.6833333333333333,115.0,0.75,0.8364548494983277,0.7822196594010687,0.0,0.0,97.0,154.0,39.0
X33_7.RCP,120.0,4.0,5.6,2.817800560721074,672.0,214.0,0.02997198879551821,0.23151260504201682,0.7684873949579831,93.0,0.75,1.1699751861042185,1.0576654771910365,0.0,0.0,109.0,150.0,41.0
X33_8.RCP,120.0,4.0,5.608333333333333,3.0229561506725315,673.0,214.0,0.02997198879551821,0.2544817927170868,0.7455182072829132,90.0,0.75,1.1266666666666667,1.0381794131794133,0.0,0.0,102.0,141.0,39.0
X33_9.RCP,120.0,4.0,5.191666666666666,2.8174924824902177,623.0,214.0,0.02997198879551821,0.26176470588235295,0.7382352941176471,102.0,0.75,0.9567901234567902,0.9051235166431245,0.0,0.0,98.0,153.0,51.0
X34_1.RCP,120.0,4.0,4.991666666666666,2.659874161601551,599.0,214.0,0.02997198879551821,0.24593837535014004,0.7540616246498599,72.0,0.75,0.8522727272727273,0.8313193401735068,0.0,0.0,62.0,99.0,27.0
X34_10.RCP,120.0,4.0,5.683333333333334,2.819525176731398,682.0,214.0,0.02997198879551821,0.27450980392156865,0.7254901960784313,101.0,0.75,0.7734846655397247,0.7327109997585124,0.0,0.0,79.0,128.0,27.0
X34_2.RCP,120.0,4.0,5.633333333333334,2.8370563774604287,676.0,214.0,0.02997198879551821,0.2638655462184874,0.7361344537815127,95.0,0.75,0.9212224108658743,0.8245733545484799,0.0,0.0,88.0,134.0,39.0
X34_3.RCP,120.0,4.0,6.041666666666667,2.736773749427518,725.0,214.0,0.02997198879551821,0.2733893557422969,0.7266106442577032,94.0,0.75,0.9087765957446808,0.7947749406526002,0.0,0.0,86.0,125.0,31.0
X34_4.RCP,120.0,4.0,5.7,3.023794525647094,684.0,214.0,0.02997198879551821,0.27647058823529413,0.7235294117647059,94.0,0.75,0.7468710888610763,0.6983174314213113,0.0,0.0,71.0,123.0,29.0
X34_5.RCP,120.0,4.0,5.533333333333333,2.8311756490114766,664.0,214.0,0.02997198879551821,0.27086834733893556,0.7291316526610645,99.0,0.75,0.9188762626262627,0.7952785563321554,0.0,0.0,91.0,127.0,28.0
X34_6.RCP,120.0,4.0,5.783333333333333,2.9669943639237935,694.0,214.0,0.02997198879551821,0.28207282913165266,0.7179271708683473,100.0,0.75,0.7181632653061224,0.6829514541855519,0.0,0.0,72.0,130.0,30.0
X34_7.RCP,120.0,4.0,5.825,2.877100681820734,699.0,214.0,0.02997198879551821,0.30280112044817925,0.6971988795518207,105.0,0.75,0.7987711213517665,0.7289199667079851,0.0,0.0,84.0,131.0,26.0
X34_8.RCP,120.0,4.0,5.533333333333333,2.83411753853333,664.0,214.0,0.02997198879551821,0.2631652661064426,0.7368347338935575,81.0,0.75,0.9186991869918699,0.8715015293427788,0.0,0.0,75.0,119.0,38.0
X34_9.RCP,120.0,4.0,5.008333333333334,2.6346911056558837,601.0,214.0,0.02997198879551821,0.2593837535014006,0.7406162464985995,83.0,0.75,1.0265891150810138,0.9274743564307406,0.0,0.0,86.0,118.0,32.0
X35_1.RCP,120.0,4.0,5.116666666666666,2.817159720159453,614.0,214.0,0.02997198879551821,0.24425770308123249,0.7557422969187675,87.0,0.75,0.6354258768051871,0.6040796467371973,0.0,0.0,56.0,90.0,3.0
X35_10.RCP,120.0,4.0,5.533333333333333,2.8720878971384023,664.0,214.0,0.02997198879551821,0.25980392156862747,0.7401960784313726,86.0,0.75,0.6962209302325582,0.6369846155461989,0.0,0.0,60.0,105.0,19.0
X35_2.RCP,120.0,4.0,5.775,2.718647028701348,693.0,214.0,0.02997198879551821,0.30644257703081235,0.6935574229691877,111.0,0.75,0.7633810280869104,0.7081261743026449,0.0,0.0,85.0,143.0,32.0
X35_3.RCP,120.0,4.0,5.458333333333333,2.795519729058544,655.0,214.0,0.02997198879551821,0.2477591036414566,0.7522408963585434,77.0,0.75,0.834274421230943,0.7611877297502851,0.0,0.0,65.0,93.0,16.0
X35_4.RCP,120.0,4.0,5.425,2.9116504483425434,651.0,214.0,0.02997198879551821,0.2815126050420168,0.7184873949579832,101.0,0.75,0.8200349446709376,0.7297945320550154,0.0,0.0,83.0,125.0,24.0
X35_5.RCP,120.0,4.0,5.216666666666667,2.8112373709019227,626.0,214.0,0.02997198879551821,0.3002801120448179,0.699719887955182,92.0,0.75,0.8301630434782609,0.7608812245050243,0.0,0.0,77.0,114.0,22.0
X35_6.RCP,120.0,4.0,5.091666666666667,2.88385110957938,611.0,214.0,0.02997198879551821,0.27675070028011206,0.7232492997198879,86.0,0.75,0.7209302325581395,0.6620922012215739,0.0,0.0,62.0,105.0,19.0
X35_7.RCP,120.0,4.0,5.575,2.7131239681715,669.0,214.0,0.02997198879551821,0.3015406162464986,0.6984593837535014,99.0,0.75,0.6483585858585859,0.5966153748733536,0.0,0.0,65.0,116.0,17.0
X35_8.RCP,120.0,4.0,5.766666666666667,2.84526897771644,692.0,214.0,0.02997198879551821,0.28515406162464985,0.7148459383753502,101.0,0.75,0.7459614382490881,0.6406014449318927,0.0,0.0,76.0,124.0,23.0
X35_9.RCP,120.0,4.0,5.491666666666666,3.0331387300213546,659.0,214.0,0.02997198879551821,0.296218487394958,0.703781512605042,91.0,0.75,0.7938114517061885,0.7135768210939836,0.0,0.0,73.0,109.0,18.0
X36_1.RCP,120.0,4.0,5.683333333333334,2.8547718336536496,682.0,214.0,0.02997198879551821,0.2694677871148459,0.7305322128851541,98.0,1.0,2.001700680272109,1.8528254483611626,162.0,0.03105828220858895,197.0,266.0,69.0
X36_10.RCP,120.0,4.0,5.733333333333333,2.9964794157292136,688.0,214.0,0.02997198879551821,0.30364145658263303,0.6963585434173669,91.0,1.0,2.1446886446886446,2.0687598116169545,99.0,0.01991150442477876,196.0,263.0,67.0
X36_2.RCP,120.0,4.0,5.491666666666666,2.677050097069949,659.0,214.0,0.02997198879551821,0.26218487394957984,0.7378151260504202,89.0,1.0,2.2335895919574216,2.1763059333727575,222.0,0.04214123006833713,199.0,282.0,83.0
X36_3.RCP,120.0,4.0,5.5,2.94674962175841,660.0,214.0,0.02997198879551821,0.257843137254902,0.7421568627450981,91.0,1.0,2.360805860805861,2.1445392326971273,165.0,0.031137950556708812,215.0,285.0,70.0
X36_4.RCP,120.0,4.0,5.341666666666667,2.7492296900930064,641.0,214.0,0.02997198879551821,0.30686274509803924,0.6931372549019608,96.0,1.0,2.2378472222222223,2.083165365927073,503.0,0.10163669428167306,215.0,302.0,87.0
X36_5.RCP,120.0,4.0,5.433333333333334,2.746917464278014,652.0,214.0,0.02997198879551821,0.28851540616246496,0.711484593837535,95.0,1.0,2.1560371517027863,2.0764284938352073,267.0,0.05255905511811024,205.0,280.0,75.0
X36_6.RCP,120.0,4.0,5.533333333333333,2.8980836580210876,664.0,214.0,0.02997198879551821,0.2815126050420168,0.7184873949579832,101.0,1.0,1.9953407105416423,1.9220887529929462,426.0,0.08304093567251462,202.0,287.0,85.0
X36_7.RCP,120.0,4.0,5.866666666666666,3.103582159734493,704.0,214.0,0.02997198879551821,0.26148459383753503,0.738515406162465,103.0,1.0,1.8592233009708738,1.7553639725969823,0.0,0.0,192.0,265.0,73.0
X36_8.RCP,120.0,4.0,4.616666666666666,2.57288208478784,554.0,214.0,0.02997198879551821,0.2526610644257703,0.7473389355742297,83.0,1.0,1.8099062918340028,1.7951015842819902,102.0,0.01911544227886057,151.0,217.0,66.0
X36_9.RCP,120.0,4.0,5.1,2.8763402673072833,612.0,214.0,0.02997198879551821,0.2984593837535014,0.7015406162464985,104.0,1.0,1.8696581196581197,1.7739189721097617,461.0,0.09203433819125574,195.0,294.0,99.0
X37_1.RCP,120.0,4.0,5.1,2.7459060435491964,612.0,214.0,0.02997198879551821,0.2859943977591036,0.7140056022408964,96.0,1.0,1.3676697530864197,1.297729496184956,0.0,0.0,132.0,187.0,55.0
X37_10.RCP,120.0,4.0,5.325,2.781374060903471,639.0,214.0,0.02997198879551821,0.2572829131652661,0.7427170868347339,80.0,1.0,1.5025,1.4315545794930875,0.0,0.0,121.0,165.0,44.0
X37_2.RCP,120.0,4.0,5.058333333333334,3.0857085446007733,607.0,214.0,0.02997198879551821,0.2876750700280112,0.7123249299719888,86.0,1.0,1.5430663221360896,1.4167080659053652,0.0,0.0,133.0,166.0,33.0
X37_3.RCP,120.0,4.0,5.366666666666666,2.816420107551823,644.0,214.0,0.02997198879551821,0.2904761904761905,0.7095238095238094,101.0,1.0,1.305026656511805,1.2116296369091002,0.0,0.0,132.0,174.0,42.0
X37_4.RCP,120.0,4.0,5.841666666666667,2.831359606659356,701.0,214.0,0.02997198879551821,0.26708683473389355,0.7329131652661065,95.0,1.0,1.5202429149797572,1.4545561915398577,0.0,0.0,145.0,198.0,53.0
X37_5.RCP,120.0,4.0,5.841666666666667,3.022129032468483,701.0,214.0,0.02997198879551821,0.2872549019607843,0.7127450980392157,114.0,1.0,1.655103668261563,1.5400650093613482,0.0,0.0,189.0,241.0,52.0
X37_6.RCP,120.0,4.0,5.925,3.0853484406141227,711.0,214.0,0.02997198879551821,0.25014005602240896,0.749859943977591,105.0,1.0,1.4307692307692308,1.3596669864527007,0.0,0.0,151.0,207.0,56.0
X37_7.RCP,120.0,4.0,5.566666666666666,2.968538735172951,668.0,214.0,0.02997198879551821,0.25700280112044815,0.7429971988795518,82.0,1.0,1.7908067542213884,1.7588444166492947,0.0,0.0,147.0,203.0,56.0
X37_8.RCP,120.0,4.0,5.391666666666667,3.0964921909943337,647.0,214.0,0.02997198879551821,0.2911764705882353,0.7088235294117646,116.0,1.0,1.3358320839580209,1.2988366927647288,0.0,0.0,155.0,224.0,69.0
X37_9.RCP,120.0,4.0,5.408333333333333,2.862096647952724,649.0,214.0,0.02997198879551821,0.2672268907563025,0.7327731092436975,82.0,1.0,1.6350496838301716,1.4850395075691347,0.0,0.0,135.0,179.0,44.0
X38_1.RCP,120.0,4.0,5.475,2.7384986762823167,657.0,214.0,0.02997198879551821,0.26792717086834733,0.7320728291316527,103.0,1.0,0.9431345353675451,0.8828007752765034,0.0,0.0,98.0,146.0,43.0
X38_10.RCP,120.0,4.0,5.916666666666667,2.7856277967851737,710.0,214.0,0.02997198879551821,0.265406162464986,0.7345938375350141,96.0,1.0,1.3598790322580645,1.1918364948433622,0.0,0.0,131.0,162.0,31.0
X38_2.RCP,120.0,4.0,5.483333333333333,2.6171973984058257,658.0,214.0,0.02997198879551821,0.30462184873949577,0.6953781512605042,92.0,1.0,1.193274456521739,1.1749862080454712,0.0,0.0,110.0,153.0,43.0
X38_3.RCP,120.0,4.0,5.858333333333333,2.7757756673685927,703.0,214.0,0.02997198879551821,0.284593837535014,0.715406162464986,105.0,1.0,1.3412151067323481,1.1588576378827393,0.0,0.0,141.0,183.0,42.0
X38_4.RCP,120.0,4.0,5.716666666666667,2.7874221463965987,686.0,214.0,0.02997198879551821,0.29299719887955183,0.7070028011204481,116.0,1.0,1.1174197384066586,0.9964183775612055,0.0,0.0,130.0,180.0,50.0
X38_5.RCP,120.0,4.0,5.75,2.811434983538952,690.0,214.0,0.02997198879551821,0.26400560224089636,0.7359943977591037,95.0,1.0,1.0961988304093566,1.020580035359717,0.0,0.0,105.0,137.0,32.0
X38_6.RCP,120.0,4.0,5.891666666666667,3.007756177322594,707.0,214.0,0.02997198879551821,0.28809523809523807,0.7119047619047619,95.0,1.0,1.1823529411764706,1.1230299581466234,0.0,0.0,113.0,146.0,33.0
X38_7.RCP,120.0,4.0,5.633333333333334,2.8575436226863724,676.0,214.0,0.02997198879551821,0.28249299719887955,0.7175070028011205,91.0,1.0,1.0176335292614362,0.9234455032390485,0.0,0.0,93.0,133.0,40.0
X38_8.RCP,120.0,4.0,5.541666666666667,2.9774033243004814,665.0,214.0,0.02997198879551821,0.2739495798319328,0.7260504201680672,98.0,1.0,1.1821273964131107,1.0948617230983302,0.0,0.0,116.0,154.0,38.0
X38_9.RCP,120.0,4.0,6.091666666666667,2.9154640377743566,731.0,214.0,0.02997198879551821,0.30910364145658265,0.6908963585434174,134.0,1.0,0.9145402022147328,0.8557628046403924,0.0,0.0,123.0,182.0,48.0
X39_1.RCP,120.0,4.0,5.316666666666666,2.906840591126769,638.0,214.0,0.02997198879551821,0.28095238095238095,0.719047619047619,95.0,1.0,0.8598997493734336,0.8325174679122048,0.0,0.0,82.0,122.0,27.0
X39_10.RCP,120.0,4.0,5.1,2.85014619508076,612.0,214.0,0.02997198879551821,0.30644257703081235,0.6935574229691877,99.0,1.0,1.0016835016835017,0.9332312567606685,0.0,0.0,100.0,128.0,28.0
X39_2.RCP,120.0,4.0,5.466666666666667,3.021956687681381,656.0,214.0,0.02997198879551821,0.33683473389355745,0.6631652661064426,104.0,1.0,0.9617983367983368,0.8731785497347238,0.0,0.0,101.0,137.0,33.0
X39_3.RCP,120.0,4.0,5.333333333333333,3.045032384429141,640.0,214.0,0.02997198879551821,0.30350140056022407,0.6964985994397759,100.0,1.0,1.0291666666666666,0.9404488493962178,0.0,0.0,103.0,138.0,35.0
X39_4.RCP,120.0,4.0,5.183333333333334,2.614011391626968,622.0,214.0,0.02997198879551821,0.23249299719887956,0.7675070028011204,76.0,1.0,1.2143351800554016,1.1188587392341574,0.0,0.0,93.0,114.0,21.0
X39_5.RCP,120.0,4.0,4.908333333333333,2.780874662563721,589.0,214.0,0.02997198879551821,0.2823529411764706,0.7176470588235294,106.0,1.0,0.8240566037735849,0.7673545188875377,0.0,0.0,88.0,122.0,16.0
X39_6.RCP,120.0,4.0,5.458333333333333,2.9718003335053016,655.0,214.0,0.02997198879551821,0.27899159663865547,0.7210084033613445,95.0,1.0,0.7961926091825308,0.7553515710990515,0.0,0.0,76.0,121.0,26.0
X39_7.RCP,120.0,4.0,5.808333333333334,2.855683903298045,697.0,214.0,0.02997198879551821,0.31442577030812324,0.6855742296918768,94.0,1.0,0.9989621172807472,0.9152118868839492,0.0,0.0,94.0,131.0,37.0
X39_8.RCP,120.0,4.0,5.166666666666667,2.961793750790595,620.0,214.0,0.02997198879551821,0.2504201680672269,0.7495798319327731,93.0,1.0,0.9648358035454809,0.8911059342598613,0.0,0.0,90.0,126.0,33.0
X39_9.RCP,120.0,4.0,5.525,2.744577988203894,663.0,214.0,0.02997198879551821,0.2523809523809524,0.7476190476190476,77.0,1.0,1.0761099365750528,1.0294643616741883,0.0,0.0,83.0,111.0,28.0
X3_1.RCP,120.0,4.0,5.441666666666666,2.813052414884744,653.0,177.0,0.024789915966386553,0.1826330532212885,0.8173669467787115,79.0,0.25,0.7341772151898734,0.6270031402764737,19.0,0.0032556545579163812,58.0,101.0,22.0
X3_10.RCP,120.0,4.0,5.65,2.752725921700161,678.0,177.0,0.024789915966386553,0.1892156862745098,0.8107843137254902,103.0,0.25,0.5515776699029126,0.5040869298942612,37.0,0.006391432026256694,57.0,112.0,9.0
X3_2.RCP,120.0,4.0,5.258333333333334,2.764343904477556,631.0,177.0,0.024789915966386553,0.17871148459383754,0.8212885154061624,88.0,0.25,0.5953282828282829,0.5206640832668793,46.0,0.007844474761255117,53.0,97.0,9.0
X3_3.RCP,120.0,4.0,5.4,2.9844039047465856,648.0,177.0,0.024789915966386553,0.17969187675070028,0.8203081232492997,100.0,0.25,0.5291304347826087,0.44128948417311586,0.0,0.0,53.0,118.0,18.0
X3_4.RCP,120.0,4.0,5.333333333333333,2.873248258601327,640.0,177.0,0.024789915966386553,0.16106442577030813,0.8389355742296919,71.0,0.25,0.7754763877381938,0.5764378192920032,6.0,0.001001669449081803,56.0,91.0,20.0
X3_5.RCP,120.0,4.0,5.05,2.8892040426387333,606.0,177.0,0.024789915966386553,0.18599439775910365,0.8140056022408964,81.0,0.25,0.6136528685548294,0.5408622690614435,45.0,0.007742601514108741,50.0,99.0,18.0
X3_6.RCP,120.0,4.0,5.333333333333333,2.879043050891891,640.0,177.0,0.024789915966386553,0.20868347338935575,0.7913165266106442,102.0,0.25,0.46949891067538124,0.44151981632631787,9.0,0.001592920353982301,48.0,121.0,19.0
X3_7.RCP,120.0,4.0,5.133333333333334,2.880779215574996,616.0,177.0,0.024789915966386553,0.19131652661064424,0.8086834733893558,93.0,0.25,0.581989247311828,0.47131530130302923,121.0,0.020956009698649115,55.0,102.0,9.0
X3_8.RCP,120.0,4.0,5.441666666666666,2.9771234252024033,653.0,177.0,0.024789915966386553,0.18725490196078431,0.8127450980392157,77.0,0.25,0.7753246753246753,0.6320500927643784,28.0,0.0048250904704463205,60.0,88.0,11.0
X3_9.RCP,120.0,4.0,5.316666666666666,2.75070697983062,638.0,177.0,0.024789915966386553,0.1773109243697479,0.8226890756302521,86.0,0.25,0.5559246954595792,0.49218545504882716,12.0,0.0020429009193054137,48.0,102.0,16.0
X40_1.RCP,120.0,4.0,4.983333333333333,2.8076779650728385,598.0,214.0,0.02997198879551821,0.25056022408963585,0.7494397759103641,78.0,1.0,0.8541666666666666,0.7964215337132003,0.0,0.0,67.0,98.0,20.0
X40_10.RCP,120.0,4.0,5.75,2.8671995628719906,690.0,214.0,0.02997198879551821,0.25,0.75,96.0,1.0,0.6784274193548387,0.6673657989111303,0.0,0.0,66.0,110.0,14.0
X40_2.RCP,120.0,4.0,5.75,2.995134944094061,690.0,214.0,0.02997198879551821,0.2596638655462185,0.7403361344537815,90.0,1.0,0.782716049382716,0.7536719652739768,0.0,0.0,71.0,111.0,21.0
X40_3.RCP,120.0,4.0,5.375,2.804943552610878,645.0,214.0,0.02997198879551821,0.29523809523809524,0.7047619047619047,87.0,1.0,0.78868258178603,0.7722701149425286,0.0,0.0,69.0,112.0,25.0
X40_4.RCP,120.0,4.0,5.783333333333333,2.913140725898577,694.0,214.0,0.02997198879551821,0.27408963585434176,0.7259103641456582,112.0,1.0,0.6622023809523809,0.6474749917328042,0.0,0.0,75.0,128.0,16.0
X40_5.RCP,120.0,4.0,5.283333333333333,2.918856320928151,634.0,214.0,0.02997198879551821,0.2938375350140056,0.7061624649859943,101.0,1.0,0.7978355975132397,0.7099053606911079,0.0,0.0,81.0,117.0,16.0
X40_6.RCP,120.0,4.0,5.65,2.9485872323312172,678.0,214.0,0.02997198879551821,0.27563025210084036,0.7243697478991596,90.0,1.0,0.6883141762452107,0.6098435331725045,0.0,0.0,62.0,100.0,10.0
X40_7.RCP,120.0,4.0,5.533333333333333,2.874987922679947,664.0,214.0,0.02997198879551821,0.27016806722689074,0.7298319327731093,91.0,1.0,0.7394336432797971,0.6898573732696506,0.0,0.0,68.0,104.0,13.0
X40_8.RCP,120.0,4.0,5.483333333333333,2.7416033427337534,658.0,214.0,0.02997198879551821,0.27086834733893556,0.7291316526610645,97.0,1.0,0.7864186463469296,0.768519128852796,0.0,0.0,77.0,112.0,15.0
X40_9.RCP,120.0,4.0,5.891666666666667,2.6451081683406112,707.0,214.0,0.02997198879551821,0.26372549019607844,0.7362745098039216,117.0,1.0,0.8333333333333334,0.7205200426354272,0.0,0.0,98.0,134.0,17.0
X41_1.RCP,120.0,4.0,5.975,2.8532510696864146,717.0,251.0,0.03515406162464986,0.37142857142857144,0.6285714285714286,103.0,0.25,0.8147249190938511,0.7600750786430398,338.0,0.07531194295900179,84.0,151.0,48.0
X41_10.RCP,120.0,4.0,5.333333333333333,2.699794230842212,640.0,251.0,0.03515406162464986,0.3971988795518207,0.6028011204481794,121.0,0.25,0.768595041322314,0.6371185632549269,425.0,0.09874535315985128,93.0,180.0,59.0
X41_2.RCP,120.0,4.0,5.483333333333333,3.00827562271515,658.0,251.0,0.03515406162464986,0.35532212885154063,0.6446778711484593,99.0,0.25,1.1237373737373737,0.8682659932659932,522.0,0.11340430154247233,112.0,167.0,55.0
X41_3.RCP,120.0,4.0,5.766666666666667,2.9713446264088734,692.0,251.0,0.03515406162464986,0.38599439775910366,0.6140056022408964,119.0,0.25,0.8452380952380952,0.7092821394291983,428.0,0.09762773722627738,101.0,167.0,48.0
X41_4.RCP,120.0,4.0,4.925,2.8901052460651555,591.0,251.0,0.03515406162464986,0.3558823529411765,0.6441176470588235,87.0,0.25,0.9496021220159151,0.8185569220051979,406.0,0.08828006088280063,83.0,141.0,54.0
X41_5.RCP,120.0,4.0,5.375,3.074254652215178,645.0,251.0,0.03515406162464986,0.37142857142857144,0.6285714285714286,115.0,0.25,0.777536231884058,0.660638998682477,409.0,0.09113190730837789,90.0,154.0,39.0
X41_6.RCP,120.0,4.0,5.375,2.7810744326608736,645.0,251.0,0.03515406162464986,0.3701680672268908,0.6298319327731092,91.0,0.25,0.9120879120879121,0.7742673992673993,315.0,0.07004669779853236,83.0,132.0,41.0
X41_7.RCP,120.0,4.0,5.116666666666666,3.014363761872294,614.0,251.0,0.03515406162464986,0.36246498599439775,0.6375350140056022,91.0,0.25,0.8516483516483516,0.7706572273879966,459.0,0.1008347978910369,78.0,129.0,38.0
X41_8.RCP,120.0,4.0,5.9,2.9280255007997,708.0,251.0,0.03515406162464986,0.4046218487394958,0.5953781512605042,110.0,0.25,0.8524475524475524,0.6746503496503498,325.0,0.0764525993883792,94.0,167.0,57.0
X41_9.RCP,120.0,4.0,5.441666666666666,2.701221431542076,653.0,251.0,0.03515406162464986,0.36512605042016805,0.6348739495798319,95.0,0.25,0.9894736842105263,0.7682017543859649,387.0,0.08537392455327597,94.0,137.0,42.0
X42_1.RCP,120.0,4.0,5.491666666666666,2.7386001087335763,659.0,251.0,0.03515406162464986,0.36512605042016805,0.6348739495798319,91.0,0.25,1.0562378797672916,0.7007336588481546,200.0,0.04412089124200309,97.0,134.0,37.0
X42_10.RCP,120.0,4.0,5.975,2.9338896252813145,717.0,251.0,0.03515406162464986,0.35448179271708685,0.6455182072829131,102.0,0.25,0.8165266106442577,0.6550028835063437,203.0,0.04404426122803212,84.0,144.0,42.0
X42_2.RCP,120.0,4.0,5.425,2.8067255536181897,651.0,251.0,0.03515406162464986,0.38599439775910366,0.6140056022408964,126.0,0.25,0.6026455026455027,0.48392711785568926,203.0,0.04630474452554745,76.0,147.0,21.0
X42_3.RCP,120.0,4.0,5.508333333333334,2.9097417793031433,661.0,251.0,0.03515406162464986,0.3810924369747899,0.6189075630252101,100.0,0.25,0.8206666666666667,0.5915833333333333,151.0,0.034170626838651276,83.0,124.0,24.0
X42_4.RCP,120.0,4.0,5.483333333333333,3.1569588037997725,658.0,251.0,0.03515406162464986,0.346078431372549,0.653921568627451,102.0,0.25,0.7503770739064857,0.6185323969331322,207.0,0.04433497536945813,77.0,136.0,34.0
X42_5.RCP,120.0,4.0,5.766666666666667,2.812867259971971,692.0,251.0,0.03515406162464986,0.365266106442577,0.6347338935574229,108.0,0.25,0.8338779956427015,0.6667138009049773,285.0,0.06288614298323036,91.0,147.0,39.0
X42_6.RCP,120.0,4.0,5.25,2.790609252475165,630.0,251.0,0.03515406162464986,0.37857142857142856,0.6214285714285714,88.0,0.25,0.7686688311688312,0.7372429653679653,240.0,0.054090601757944556,68.0,136.0,48.0
X42_7.RCP,120.0,4.0,5.283333333333333,2.6305364894299075,634.0,251.0,0.03515406162464986,0.3680672268907563,0.6319327731092437,118.0,0.25,0.5534550195567145,0.49642469112808096,165.0,0.036569148936170214,66.0,149.0,31.0
X42_8.RCP,120.0,4.0,5.833333333333333,3.069563848859023,700.0,251.0,0.03515406162464986,0.37030812324929974,0.6296918767507003,101.0,0.25,0.833003300330033,0.6731848184818481,206.0,0.04581850533807829,85.0,149.0,48.0
X42_9.RCP,120.0,4.0,5.525,2.9381470918477404,663.0,251.0,0.03515406162464986,0.4054621848739496,0.5945378151260504,96.0,0.25,0.7465277777777778,0.5428034364787582,53.0,0.012485276796230859,72.0,127.0,31.0
X43_1.RCP,120.0,4.0,5.65,2.6976841920432424,678.0,251.0,0.03515406162464986,0.3697478991596639,0.6302521008403361,100.0,0.25,0.7011111111111111,0.535033175888439,48.0,0.010666666666666666,71.0,119.0,19.0
X43_10.RCP,120.0,4.0,5.566666666666666,2.812867259971971,668.0,251.0,0.03515406162464986,0.36834733893557425,0.6316526610644257,111.0,0.25,0.6255630630630631,0.5168726762476763,126.0,0.027937915742793792,70.0,130.0,19.0
X43_2.RCP,120.0,4.0,5.425,2.7918407905896068,651.0,251.0,0.03515406162464986,0.39061624649859944,0.6093837535014006,115.0,0.25,0.6017391304347826,0.5205077953447518,156.0,0.03585382670650425,70.0,132.0,17.0
X43_3.RCP,120.0,4.0,5.241666666666666,2.7868615362486566,629.0,251.0,0.03515406162464986,0.38305322128851543,0.6169467787114846,95.0,0.25,0.6631578947368421,0.5443040166204987,86.0,0.01952326901248581,63.0,109.0,14.0
X43_4.RCP,120.0,4.0,5.516666666666667,2.848927673509612,662.0,251.0,0.03515406162464986,0.3661064425770308,0.6338935574229692,100.0,0.25,0.6578571428571428,0.5586347662634847,106.0,0.02342023862129916,66.0,125.0,25.0
X43_5.RCP,120.0,4.0,5.308333333333334,3.032589194438017,637.0,251.0,0.03515406162464986,0.3760504201680672,0.6239495798319328,98.0,0.25,0.6632653061224489,0.5723389355742297,111.0,0.024915824915824916,65.0,127.0,29.0
X43_6.RCP,120.0,4.0,5.133333333333334,2.7626476833324625,616.0,251.0,0.03515406162464986,0.3712885154061625,0.6287114845938375,85.0,0.25,0.7794117647058824,0.6480844091030077,99.0,0.022053909556694142,67.0,123.0,38.0
X43_7.RCP,120.0,4.0,6.008333333333334,2.9985992100016006,721.0,251.0,0.03515406162464986,0.37969187675070026,0.6203081232492997,117.0,0.25,0.6330128205128205,0.5247061965811965,55.0,0.01241815308195981,75.0,150.0,33.0
X43_8.RCP,120.0,4.0,5.216666666666667,2.828967224192524,626.0,251.0,0.03515406162464986,0.4203081232492997,0.5796918767507002,115.0,0.25,0.5194508009153318,0.4402964732803877,28.0,0.0067649190625755015,60.0,128.0,13.0
X43_9.RCP,120.0,4.0,5.583333333333333,2.7403872394649302,670.0,251.0,0.03515406162464986,0.36316526610644256,0.6368347338935574,101.0,0.25,0.6012101210121013,0.5440829797265441,109.0,0.02397184957114581,61.0,123.0,22.0
X44_1.RCP,120.0,4.0,5.258333333333334,2.948151492413886,631.0,251.0,0.03515406162464986,0.38081232492997197,0.619187675070028,100.0,0.25,0.51375,0.45331845238095236,26.0,0.005881022393123728,52.0,108.0,8.0
X44_10.RCP,120.0,4.0,6.116666666666666,2.646328693786083,734.0,251.0,0.03515406162464986,0.365266106442577,0.6347338935574229,98.0,0.25,0.536734693877551,0.4915615421992973,0.0,0.0,53.0,115.0,17.0
X44_2.RCP,120.0,4.0,5.733333333333333,2.9459953986537197,688.0,251.0,0.03515406162464986,0.3633053221288515,0.6366946778711484,102.0,0.25,0.6314878892733564,0.4945521122105533,40.0,0.008798944126704795,65.0,130.0,28.0
X44_3.RCP,120.0,4.0,5.583333333333333,2.821297967642238,670.0,251.0,0.03515406162464986,0.37563025210084033,0.6243697478991597,107.0,0.25,0.4537902388369678,0.4278220046705478,19.0,0.004262000897263347,49.0,117.0,10.0
X44_4.RCP,120.0,4.0,5.55,3.103358395888772,666.0,251.0,0.03515406162464986,0.37408963585434174,0.6259103641456583,93.0,0.25,0.6460215053763441,0.5097840030182984,15.0,0.003356455582904453,61.0,110.0,17.0
X44_5.RCP,120.0,4.0,6.091666666666667,2.717216202087881,731.0,251.0,0.03515406162464986,0.37591036414565826,0.6240896358543417,94.0,0.25,0.6170212765957447,0.5062081363278171,30.0,0.006732495511669659,58.0,105.0,11.0
X44_6.RCP,120.0,4.0,5.391666666666667,2.9419263341483513,647.0,251.0,0.03515406162464986,0.392296918767507,0.6077030812324931,106.0,0.25,0.573982125124131,0.5169793587742942,64.0,0.014749942383037565,61.0,115.0,9.0
X44_7.RCP,120.0,4.0,5.758333333333334,2.8313596066593556,691.0,251.0,0.03515406162464986,0.38095238095238093,0.6190476190476191,98.0,0.25,0.5433673469387755,0.5146794587400177,8.0,0.0018099547511312218,54.0,117.0,19.0
X44_8.RCP,120.0,4.0,5.05,2.8949668967595006,606.0,251.0,0.03515406162464986,0.3822128851540616,0.6177871148459384,105.0,0.25,0.5245421245421246,0.46426100354671784,67.0,0.015189299478576286,56.0,131.0,26.0
X44_9.RCP,120.0,4.0,5.066666666666666,2.728654532101042,608.0,251.0,0.03515406162464986,0.36708683473389353,0.6329131652661064,91.0,0.25,0.605006105006105,0.4696356865958259,20.0,0.004425757911042266,56.0,96.0,5.0
X45_1.RCP,120.0,4.0,5.233333333333333,2.768071932270226,628.0,251.0,0.03515406162464986,0.3739495798319328,0.6260504201680672,108.0,0.25,0.45263532763532766,0.37261638824138826,47.0,0.010514541387024609,49.0,109.0,1.0
X45_10.RCP,120.0,4.0,5.183333333333334,2.889588590478275,622.0,251.0,0.03515406162464986,0.37633053221288515,0.6236694677871149,99.0,0.25,0.447979797979798,0.4336662075298439,0.0,0.0,45.0,104.0,5.0
X45_2.RCP,120.0,4.0,5.516666666666667,2.7778388882166816,662.0,251.0,0.03515406162464986,0.37633053221288515,0.6236694677871149,91.0,0.25,0.5922498554077501,0.4902671341816079,25.0,0.005614192679092746,54.0,110.0,19.0
X45_3.RCP,120.0,4.0,5.033333333333333,2.6892791268706606,604.0,251.0,0.03515406162464986,0.39131652661064426,0.6086834733893558,98.0,0.25,0.47392290249433106,0.3582727193441479,9.0,0.0020708697653014268,47.0,107.0,9.0
X45_4.RCP,120.0,4.0,4.783333333333333,2.8201162308592096,574.0,251.0,0.03515406162464986,0.40980392156862744,0.5901960784313726,103.0,0.25,0.49867608120035306,0.44006022532578787,18.0,0.004271476032273375,52.0,110.0,7.0
X45_5.RCP,120.0,4.0,5.783333333333333,2.8699109548710546,694.0,251.0,0.03515406162464986,0.3983193277310924,0.6016806722689076,114.0,0.25,0.5230263157894737,0.460739522417154,22.0,0.005121042830540036,60.0,121.0,7.0
X45_6.RCP,120.0,4.0,5.925,2.8611259438666217,711.0,251.0,0.03515406162464986,0.3880952380952381,0.611904761904762,125.0,0.25,0.5266666666666666,0.4135272727272727,24.0,0.005493247882810712,66.0,132.0,7.0
X45_7.RCP,120.0,4.0,5.566666666666666,2.9431653406192155,668.0,251.0,0.03515406162464986,0.3773109243697479,0.6226890756302521,103.0,0.25,0.5334951456310679,0.4383292880258899,23.0,0.0051731893837157,55.0,110.0,7.0
X45_8.RCP,120.0,4.0,5.508333333333334,2.7838697087966517,661.0,251.0,0.03515406162464986,0.36666666666666664,0.6333333333333333,103.0,0.25,0.5237324703344121,0.4383372883149327,12.0,0.0026536930561698365,54.0,106.0,3.0
X45_9.RCP,120.0,4.0,5.616666666666666,2.9245607457455134,674.0,251.0,0.03515406162464986,0.3795518207282913,0.6204481792717087,114.0,0.25,0.4082934609250399,0.35406887332516623,3.0,0.0006772009029345372,47.0,115.0,1.0
X46_1.RCP,120.0,4.0,5.883333333333334,2.655758941537344,706.0,251.0,0.03515406162464986,0.3673669467787115,0.6326330532212885,119.0,0.5020833333333333,1.178046218487395,1.1410124626773785,731.0,0.16183307504981181,141.0,265.0,124.0
X46_10.RCP,120.0,4.0,5.891666666666667,2.7196685868359443,707.0,251.0,0.03515406162464986,0.38823529411764707,0.611764705882353,105.0,0.5020833333333333,1.408843537414966,1.276498342926914,732.0,0.16758241758241757,148.0,259.0,111.0
X46_2.RCP,120.0,4.0,5.933333333333334,2.7041120949809425,712.0,251.0,0.03515406162464986,0.37521008403361344,0.6247899159663866,117.0,0.5020833333333333,1.4165242165242165,1.2633073479227326,873.0,0.1956960322797579,166.0,284.0,118.0
X46_3.RCP,120.0,4.0,5.341666666666667,2.7187492017878774,641.0,251.0,0.03515406162464986,0.3872549019607843,0.6127450980392157,104.0,0.5020833333333333,1.3711538461538462,1.2405457523245984,876.0,0.20022857142857142,143.0,230.0,87.0
X46_4.RCP,120.0,4.0,5.416666666666667,2.9877062922732027,650.0,251.0,0.03515406162464986,0.3701680672268908,0.6298319327731092,90.0,0.5020833333333333,1.62,1.364814814814815,731.0,0.1625528129864354,146.0,214.0,68.0
X46_5.RCP,120.0,4.0,5.475,2.822417698829616,657.0,251.0,0.03515406162464986,0.35868347338935574,0.6413165266106442,97.0,0.5020833333333333,1.2945508100147276,1.2192537810128017,681.0,0.1487224284778336,126.0,208.0,82.0
X46_6.RCP,120.0,4.0,4.991666666666666,3.0179900412176464,599.0,251.0,0.03515406162464986,0.37212885154061626,0.6278711484593837,97.0,0.5020833333333333,1.544918998527246,1.2988398521581512,958.0,0.2136961855900067,150.0,254.0,104.0
X46_7.RCP,120.0,4.0,5.341666666666667,2.6661327590517483,641.0,251.0,0.03515406162464986,0.3899159663865546,0.6100840336134454,106.0,0.5020833333333333,1.3270440251572326,1.161016656299675,786.0,0.18044077134986225,141.0,214.0,73.0
X46_8.RCP,120.0,4.0,5.366666666666666,2.9181424837652385,644.0,251.0,0.03515406162464986,0.334453781512605,0.665546218487395,96.0,0.5020833333333333,1.4583333333333333,1.3546155992445055,881.0,0.18539562289562286,140.0,231.0,91.0
X46_9.RCP,120.0,4.0,5.608333333333333,2.876038459795387,673.0,251.0,0.03515406162464986,0.3903361344537815,0.6096638655462185,95.0,0.5020833333333333,1.4827067669172933,1.3381454839020628,767.0,0.17620032161727545,141.0,225.0,84.0
X47_1.RCP,120.0,4.0,5.541666666666667,2.7382958001079594,665.0,251.0,0.03515406162464986,0.37815126050420167,0.6218487394957983,107.0,0.5020833333333333,1.048481308411215,1.0226992471443406,214.0,0.0481981981981982,113.0,187.0,74.0
X47_10.RCP,120.0,4.0,5.691666666666666,2.9263055016332262,683.0,251.0,0.03515406162464986,0.3880952380952381,0.611904761904762,102.0,0.5020833333333333,1.1367102396514162,0.9161279461279461,134.0,0.030670634012359806,116.0,176.0,60.0
X47_2.RCP,120.0,4.0,5.35,2.8420942982244624,642.0,251.0,0.03515406162464986,0.3784313725490196,0.6215686274509804,107.0,0.5020833333333333,1.0451713395638629,0.898406647459771,47.0,0.010590356016223525,112.0,172.0,60.0
X47_3.RCP,120.0,4.0,5.816666666666666,2.837203239498754,698.0,251.0,0.03515406162464986,0.3689075630252101,0.6310924369747899,99.0,0.5020833333333333,1.039026629935721,0.9520265789205185,14.0,0.0031069684864624943,103.0,157.0,54.0
X47_4.RCP,120.0,4.0,5.316666666666666,2.9296852314806032,638.0,251.0,0.03515406162464986,0.37478991596638656,0.6252100840336134,106.0,0.5020833333333333,0.9575471698113207,0.8919535473904887,101.0,0.022625448028673834,102.0,171.0,65.0
X47_5.RCP,120.0,4.0,5.483333333333333,2.819525176731398,658.0,251.0,0.03515406162464986,0.35868347338935574,0.6413165266106442,106.0,0.5020833333333333,1.0710321864594894,0.9529678281441673,147.0,0.03210307927495086,114.0,177.0,63.0
X47_6.RCP,120.0,4.0,5.641666666666667,2.9405096874899463,677.0,251.0,0.03515406162464986,0.3661064425770308,0.6338935574229692,100.0,0.5020833333333333,1.1452631578947368,1.022219427244582,134.0,0.029606716747680072,115.0,176.0,61.0
X47_7.RCP,120.0,4.0,5.525,2.7867618604155373,663.0,251.0,0.03515406162464986,0.37296918767507004,0.62703081232493,86.0,0.5020833333333333,1.1255813953488372,1.053218438538206,0.0,0.0,97.0,156.0,59.0
X47_8.RCP,120.0,4.0,5.458333333333333,2.8515955572665317,655.0,251.0,0.03515406162464986,0.33641456582633056,0.6635854341736694,81.0,0.5020833333333333,1.411701556629093,1.2990719033184934,263.0,0.05550865344027016,115.0,171.0,56.0
X47_9.RCP,120.0,4.0,5.566666666666666,2.691756964429656,668.0,251.0,0.03515406162464986,0.38305322128851543,0.6169467787114846,104.0,0.5020833333333333,1.2516968325791855,0.9809731483686591,158.0,0.0358683314415437,131.0,173.0,42.0
X48_1.RCP,120.0,4.0,5.325,2.7933328361176963,639.0,251.0,0.03515406162464986,0.36316526610644256,0.6368347338935574,95.0,0.5020833333333333,0.8451127819548873,0.799172932330827,0.0,0.0,81.0,126.0,31.0
X48_10.RCP,120.0,4.0,5.091666666666667,2.717216202087881,611.0,251.0,0.03515406162464986,0.3838935574229692,0.6161064425770308,102.0,0.5020833333333333,0.857609710550887,0.8049289891395154,17.0,0.003864514662423278,88.0,132.0,30.0
X48_2.RCP,120.0,4.0,5.258333333333334,2.715682337011373,631.0,251.0,0.03515406162464986,0.37857142857142856,0.6214285714285714,88.0,0.5020833333333333,1.1510416666666667,0.9293036903122129,15.0,0.0033806626098715348,102.0,134.0,32.0
X48_3.RCP,120.0,4.0,5.641666666666667,3.0188182934533985,677.0,251.0,0.03515406162464986,0.3592436974789916,0.6407563025210083,104.0,0.5020833333333333,0.9457692307692308,0.8177723592197276,1.0,0.0002185792349726776,99.0,153.0,49.0
X48_4.RCP,120.0,4.0,5.791666666666667,2.7955197290585443,695.0,251.0,0.03515406162464986,0.39551820728291315,0.6044817927170869,105.0,0.5020833333333333,1.0752380952380953,0.859625850340136,4.0,0.0009267840593141796,113.0,162.0,49.0
X48_5.RCP,120.0,4.0,5.741666666666666,2.596458592433591,689.0,251.0,0.03515406162464986,0.3766106442577031,0.6233893557422969,93.0,0.5020833333333333,0.9206349206349206,0.8498053440637592,0.0,0.0,86.0,131.0,38.0
X48_6.RCP,120.0,4.0,5.483333333333333,3.016574584229971,658.0,251.0,0.03515406162464986,0.38907563025210085,0.6109243697478992,94.0,0.5020833333333333,0.8622340425531915,0.8120253682487726,0.0,0.0,82.0,140.0,46.0
X48_7.RCP,120.0,4.0,5.35,2.836224015600084,642.0,251.0,0.03515406162464986,0.37296918767507004,0.62703081232493,102.0,0.5020833333333333,0.7827450980392157,0.7230827886710239,0.0,0.0,80.0,134.0,32.0
X48_8.RCP,120.0,4.0,5.175,2.8007811410390495,621.0,251.0,0.03515406162464986,0.38641456582633055,0.6135854341736695,103.0,0.5020833333333333,0.7796538623891938,0.7522729443913709,11.0,0.0025108422734535494,81.0,144.0,41.0
X48_9.RCP,120.0,4.0,5.516666666666667,2.6235578048816754,662.0,251.0,0.03515406162464986,0.39019607843137255,0.6098039215686275,101.0,0.5020833333333333,0.9645648775403857,0.8214698174622954,18.0,0.004134129536058797,98.0,139.0,38.0
X49_1.RCP,120.0,4.0,5.083333333333333,2.8565227501671018,610.0,251.0,0.03515406162464986,0.36904761904761907,0.6309523809523809,96.0,0.5020833333333333,0.7253086419753086,0.6074632101481958,0.0,0.0,70.0,114.0,18.0
X49_10.RCP,120.0,4.0,5.341666666666667,2.782372588677193,641.0,251.0,0.03515406162464986,0.3918767507002801,0.60812324929972,87.0,0.5020833333333333,0.8875205254515599,0.7799277444611028,0.0,0.0,78.0,115.0,28.0
X49_2.RCP,120.0,4.0,5.65,2.7738360922496246,678.0,251.0,0.03515406162464986,0.39593837535014004,0.60406162464986,100.0,0.5020833333333333,0.8536363636363636,0.7929207205837641,0.0,0.0,86.0,149.0,49.0
X49_3.RCP,120.0,4.0,5.858333333333333,2.8586005705978272,703.0,251.0,0.03515406162464986,0.3427170868347339,0.6572829131652661,93.0,0.5020833333333333,0.8143992519869098,0.7460629750835455,0.0,0.0,76.0,114.0,21.0
X49_4.RCP,120.0,4.0,5.35,2.7798381247835278,642.0,251.0,0.03515406162464986,0.3813725490196078,0.6186274509803922,90.0,0.5020833333333333,0.8528735632183908,0.7246757263729247,0.0,0.0,77.0,116.0,26.0
X49_5.RCP,120.0,4.0,4.591666666666667,3.1424402230679833,551.0,251.0,0.03515406162464986,0.369327731092437,0.630672268907563,82.0,0.5020833333333333,0.8351007423117709,0.7159345533901083,0.0,0.0,69.0,106.0,24.0
X49_6.RCP,120.0,4.0,5.6,2.978814081699852,672.0,251.0,0.03515406162464986,0.36694677871148457,0.6330532212885154,128.0,0.5020833333333333,0.6388221153846154,0.5853528689381271,0.0,0.0,82.0,158.0,30.0
X49_7.RCP,120.0,4.0,5.366666666666666,2.8720878971384023,644.0,251.0,0.03515406162464986,0.38417366946778714,0.6158263305322129,97.0,0.5020833333333333,0.802934179222839,0.7333644515745477,0.0,0.0,78.0,117.0,20.0
X49_8.RCP,120.0,4.0,5.708333333333333,2.9591548155211855,685.0,251.0,0.03515406162464986,0.3978991596638655,0.6021008403361345,112.0,0.5020833333333333,0.8348214285714286,0.7216190874343049,0.0,0.0,94.0,152.0,40.0
X49_9.RCP,120.0,4.0,5.575,2.8479890566269153,669.0,251.0,0.03515406162464986,0.3701680672268908,0.6298319327731092,97.0,0.5020833333333333,0.7303092783505155,0.7016849226804123,0.0,0.0,71.0,117.0,20.0
X4_1.RCP,120.0,4.0,5.316666666666666,2.816568045610749,638.0,177.0,0.024789915966386553,0.1749299719887955,0.8250700280112044,70.0,0.25,0.6622857142857143,0.5774100529100529,22.0,0.003734510269903242,47.0,82.0,12.0
X4_10.RCP,120.0,4.0,5.025,2.631420718927325,603.0,177.0,0.024789915966386553,0.1815126050420168,0.8184873949579832,77.0,0.25,0.541501976284585,0.45058112177677395,2.0,0.00034223134839151266,42.0,84.0,7.0
X4_2.RCP,120.0,4.0,5.466666666666667,3.0164364553043197,656.0,177.0,0.024789915966386553,0.21680672268907564,0.7831932773109244,107.0,0.25,0.5024299065420561,0.41912383177570095,9.0,0.001609442060085837,54.0,111.0,4.0
X4_3.RCP,120.0,4.0,5.475,2.774774765634141,657.0,177.0,0.024789915966386553,0.1969187675070028,0.8030812324929972,91.0,0.25,0.5832967032967032,0.5367214254122702,41.0,0.007150331356818975,54.0,106.0,15.0
X4_4.RCP,120.0,4.0,5.4,2.8325489110222497,648.0,177.0,0.024789915966386553,0.17563025210084032,0.8243697478991596,75.0,0.25,0.6521212121212121,0.556046384901648,0.0,0.0,49.0,83.0,8.0
X4_5.RCP,120.0,4.0,5.633333333333334,2.7384099198054495,676.0,177.0,0.024789915966386553,0.16022408963585436,0.8397759103641457,74.0,0.25,0.682076813655761,0.6002983094430463,29.0,0.004836557705136758,51.0,85.0,11.0
X4_6.RCP,120.0,4.0,5.691666666666666,2.9602810489696565,683.0,177.0,0.024789915966386553,0.16554621848739495,0.8344537815126051,85.0,0.25,0.7034055727554179,0.5273373677228206,13.0,0.002181940248405505,60.0,101.0,16.0
X4_7.RCP,120.0,4.0,5.491666666666666,2.8136448287270057,659.0,177.0,0.024789915966386553,0.18837535014005602,0.811624649859944,81.0,0.25,0.6228395061728395,0.5427152180238599,0.0,0.0,51.0,94.0,13.0
X4_8.RCP,120.0,4.0,5.583333333333333,2.788617738035977,670.0,177.0,0.024789915966386553,0.17240896358543417,0.8275910364145658,90.0,0.25,0.5272727272727272,0.44139081027667987,0.0,0.0,48.0,92.0,2.0
X4_9.RCP,120.0,4.0,5.308333333333334,2.9148923174316788,637.0,177.0,0.024789915966386553,0.1738095238095238,0.8261904761904761,79.0,0.25,0.6606012658227848,0.5280774126772628,23.0,0.0038989659264282083,53.0,90.0,11.0
X50_1.RCP,120.0,4.0,5.558333333333334,2.8629700002309177,667.0,251.0,0.03515406162464986,0.3599439775910364,0.6400560224089635,116.0,0.5020833333333333,0.6228448275862069,0.48506944444444444,0.0,0.0,73.0,131.0,15.0
X50_10.RCP,120.0,4.0,5.533333333333333,2.792649080870865,664.0,251.0,0.03515406162464986,0.39439775910364144,0.6056022408963586,103.0,0.5020833333333333,0.6740638002773925,0.6047063316036156,0.0,0.0,70.0,125.0,22.0
X50_2.RCP,120.0,4.0,5.975,2.7125096005974494,717.0,251.0,0.03515406162464986,0.3542016806722689,0.645798319327731,112.0,0.5020833333333333,0.8504464285714286,0.6938603806907379,0.0,0.0,96.0,127.0,15.0
X50_3.RCP,120.0,4.0,5.391666666666667,2.927729021310241,647.0,251.0,0.03515406162464986,0.3858543417366947,0.6141456582633054,111.0,0.5020833333333333,0.6559251559251559,0.610531248031248,0.0,0.0,73.0,124.0,13.0
X50_4.RCP,120.0,4.0,5.641666666666667,2.9966532257763085,677.0,251.0,0.03515406162464986,0.3627450980392157,0.6372549019607843,94.0,0.5020833333333333,0.723404255319149,0.6938430851063829,0.0,0.0,68.0,123.0,29.0
X50_5.RCP,120.0,4.0,5.225,3.0753387347304253,627.0,251.0,0.03515406162464986,0.37212885154061626,0.6278711484593837,100.0,0.5020833333333333,0.75375,0.6539845032840723,0.0,0.0,76.0,125.0,25.0
X50_6.RCP,120.0,4.0,5.391666666666667,2.884717875672112,647.0,251.0,0.03515406162464986,0.37100840336134455,0.6289915966386554,102.0,0.5020833333333333,0.6702614379084967,0.5843981401618973,0.0,0.0,69.0,110.0,8.0
X50_7.RCP,120.0,4.0,5.658333333333333,2.9734823393156753,679.0,251.0,0.03515406162464986,0.37296918767507004,0.62703081232493,137.0,0.5020833333333333,0.5273722627737226,0.4747202986254081,0.0,0.0,73.0,145.0,8.0
X50_8.RCP,120.0,4.0,5.841666666666667,3.1064337359028853,701.0,251.0,0.03515406162464986,0.36470588235294116,0.6352941176470588,112.0,0.5020833333333333,0.6190476190476191,0.5401107317927171,0.0,0.0,70.0,125.0,13.0
X50_9.RCP,120.0,4.0,5.458333333333333,2.759516362617833,655.0,251.0,0.03515406162464986,0.3773109243697479,0.6226890756302521,101.0,0.5020833333333333,0.7006854531607006,0.5912226848088816,0.0,0.0,71.0,117.0,16.0
X51_1.RCP,120.0,4.0,5.575,3.029473276550452,669.0,251.0,0.03515406162464986,0.37745098039215685,0.6225490196078431,100.0,0.75,1.73,1.6734742647058825,869.0,0.1955005624296963,173.0,274.0,101.0
X51_10.RCP,120.0,4.0,5.733333333333333,2.697941602201369,688.0,251.0,0.03515406162464986,0.34551820728291316,0.6544817927170868,108.0,0.75,1.7303240740740742,1.6654780546477852,983.0,0.21035737213781297,187.0,299.0,112.0
X51_2.RCP,120.0,4.0,5.141666666666667,2.9532350435111363,617.0,251.0,0.03515406162464986,0.3612044817927171,0.6387955182072829,92.0,0.75,2.044202898550725,1.8975025879917184,1557.0,0.3413725060293795,189.0,276.0,87.0
X51_3.RCP,120.0,4.0,5.475,2.7867618604155373,657.0,251.0,0.03515406162464986,0.39481792717086833,0.6051820728291317,93.0,0.75,1.9476702508960573,1.8242159498207884,1091.0,0.25248785003471413,182.0,272.0,90.0
X51_4.RCP,120.0,4.0,5.641666666666667,3.038080077212508,677.0,251.0,0.03515406162464986,0.36316526610644256,0.6368347338935574,91.0,0.75,2.0864468864468866,1.8281936813186814,845.0,0.18583681548273587,190.0,276.0,86.0
X51_5.RCP,120.0,4.0,5.483333333333333,2.8076779650728385,658.0,251.0,0.03515406162464986,0.35602240896358545,0.6439775910364145,102.0,0.75,1.8566176470588236,1.80140931372549,1125.0,0.24467159634623753,190.0,299.0,109.0
X51_6.RCP,120.0,4.0,5.441666666666666,2.8803814369319602,653.0,251.0,0.03515406162464986,0.35294117647058826,0.6470588235294117,104.0,0.75,1.7494343891402715,1.637779270361991,996.0,0.21558441558441563,182.0,269.0,87.0
X51_7.RCP,120.0,4.0,5.166666666666667,2.7028791233711424,620.0,251.0,0.03515406162464986,0.3941176470588235,0.6058823529411765,91.0,0.75,1.926510989010989,1.7928645496660203,1134.0,0.262135922330097,176.0,275.0,99.0
X51_8.RCP,120.0,4.0,5.25,3.0062435031114827,630.0,251.0,0.03515406162464986,0.32521008403361346,0.6747899159663866,85.0,0.75,2.0737254901960784,1.975330882352941,1090.0,0.22623495226234952,177.0,281.0,104.0
X51_9.RCP,120.0,4.0,5.45,3.005134495048987,654.0,251.0,0.03515406162464986,0.38837535014005603,0.611624649859944,104.0,0.75,1.7602564102564102,1.649284737933635,1066.0,0.24410350354934737,184.0,277.0,93.0
X52_1.RCP,120.0,4.0,5.158333333333333,2.7079999794846548,619.0,251.0,0.03515406162464986,0.41988795518207284,0.5801120448179271,113.0,0.75,1.337266470009833,1.284889844775047,265.0,0.06397875422501208,152.0,220.0,68.0
X52_10.RCP,120.0,4.0,5.366666666666666,2.9747082023097473,644.0,251.0,0.03515406162464986,0.3677871148459384,0.6322128851540616,91.0,0.75,1.37012987012987,1.3290269513095598,0.0,0.0,125.0,188.0,63.0
X52_2.RCP,120.0,4.0,5.441666666666666,2.7135334692774458,653.0,251.0,0.03515406162464986,0.40028011204481795,0.599719887955182,111.0,0.75,1.3513513513513513,1.304691727331046,108.0,0.025221858944418495,150.0,229.0,79.0
X52_3.RCP,120.0,4.0,4.991666666666666,2.8504263813604367,599.0,251.0,0.03515406162464986,0.3735294117647059,0.6264705882352941,102.0,0.75,1.1816305469556243,1.0705229200063633,23.0,0.005141962888441762,121.0,168.0,47.0
X52_4.RCP,120.0,4.0,5.525,2.883754786154098,663.0,251.0,0.03515406162464986,0.3764705882352941,0.6235294117647059,113.0,0.75,1.3110619469026548,1.2049516422400224,0.0,0.0,149.0,217.0,68.0
X52_5.RCP,120.0,4.0,5.641666666666667,2.920604484615395,677.0,251.0,0.03515406162464986,0.37941176470588234,0.6205882352941177,113.0,0.75,1.3064741499767116,1.2090244970834165,17.0,0.0038366057323403293,148.0,208.0,60.0
X52_6.RCP,120.0,4.0,6.191666666666666,2.893371255511851,743.0,251.0,0.03515406162464986,0.3623249299719888,0.6376750700280112,118.0,0.75,1.3822975517890772,1.307932614020928,35.0,0.007687239182956293,164.0,262.0,98.0
X52_7.RCP,120.0,4.0,5.441666666666666,2.9148923174316788,653.0,251.0,0.03515406162464986,0.3799719887955182,0.6200280112044818,95.0,0.75,1.4086124401913875,1.321844185562721,0.0,0.0,134.0,182.0,48.0
X52_8.RCP,120.0,4.0,5.233333333333333,2.928974033495157,628.0,251.0,0.03515406162464986,0.40476190476190477,0.5952380952380952,114.0,0.75,1.2381578947368421,1.0938853020231738,0.0,0.0,142.0,211.0,69.0
X52_9.RCP,120.0,4.0,5.141666666666667,2.769764831573652,617.0,251.0,0.03515406162464986,0.36624649859943975,0.6337535014005602,88.0,0.75,1.5113636363636365,1.3686586850649352,0.0,0.0,133.0,186.0,53.0
X53_1.RCP,120.0,4.0,5.516666666666667,2.765813121348263,662.0,251.0,0.03515406162464986,0.40756302521008403,0.592436974789916,123.0,0.75,0.9939908094733121,0.9098753284309135,0.0,0.0,123.0,188.0,65.0
X53_10.RCP,120.0,4.0,5.208333333333333,2.744375561438744,625.0,251.0,0.03515406162464986,0.36708683473389353,0.6329131652661064,111.0,0.75,1.018018018018018,0.9551984126984128,0.0,0.0,113.0,172.0,59.0
X53_2.RCP,120.0,4.0,5.475,2.6924663414794994,657.0,251.0,0.03515406162464986,0.35490196078431374,0.6450980392156862,108.0,0.75,0.8994708994708994,0.8338985434531412,0.0,0.0,98.0,144.0,36.0
X53_3.RCP,120.0,4.0,5.216666666666667,2.8201162308592096,626.0,251.0,0.03515406162464986,0.3675070028011205,0.6324929971988795,103.0,0.75,0.9397249190938511,0.8593892869985104,0.0,0.0,97.0,147.0,44.0
X53_4.RCP,120.0,4.0,5.45,2.9264597497089664,654.0,251.0,0.03515406162464986,0.3682072829131653,0.6317927170868347,117.0,0.75,1.0365190365190364,0.9582144574117818,0.0,0.0,122.0,186.0,64.0
X53_5.RCP,120.0,4.0,5.716666666666667,2.7634016879362453,686.0,251.0,0.03515406162464986,0.36134453781512604,0.6386554621848739,96.0,0.75,1.0226293103448276,0.9312524792948642,0.0,0.0,99.0,141.0,42.0
X53_6.RCP,120.0,4.0,4.716666666666667,2.9074138947792685,566.0,251.0,0.03515406162464986,0.3838935574229692,0.6161064425770308,79.0,0.75,1.245253164556962,1.1056499062353493,0.0,0.0,99.0,132.0,33.0
X53_7.RCP,120.0,4.0,5.691666666666666,2.7862634277628686,683.0,251.0,0.03515406162464986,0.4004201680672269,0.5995798319327731,116.0,0.75,0.8630636604774535,0.7849905586626944,0.0,0.0,101.0,156.0,40.0
X53_8.RCP,120.0,4.0,5.475,2.918225773765057,657.0,251.0,0.03515406162464986,0.3707282913165266,0.6292717086834734,103.0,0.75,1.1916420430561419,1.0669180620045964,0.0,0.0,123.0,176.0,53.0
X53_9.RCP,120.0,4.0,5.816666666666666,3.00827562271515,698.0,251.0,0.03515406162464986,0.39551820728291315,0.6044817927170869,130.0,0.75,1.0995951417004048,1.0209444064707223,9.0,0.0020852641334569042,143.0,223.0,80.0
X54_1.RCP,120.0,4.0,5.108333333333333,2.6919504494366575,613.0,251.0,0.03515406162464986,0.3826330532212885,0.6173669467787115,98.0,0.75,0.9496379196840027,0.8428652832796077,0.0,0.0,94.0,140.0,42.0
X54_10.RCP,120.0,4.0,5.125,3.059309562630104,615.0,251.0,0.03515406162464986,0.4235294117647059,0.5764705882352941,100.0,0.75,0.9553846153846154,0.7764010524948025,0.0,0.0,96.0,137.0,37.0
X54_2.RCP,120.0,4.0,5.425,2.815618641317274,651.0,251.0,0.03515406162464986,0.36246498599439775,0.6375350140056022,134.0,0.75,0.7335544499723604,0.6398290664731896,0.0,0.0,99.0,153.0,19.0
X54_3.RCP,120.0,4.0,5.725,2.741540017338187,687.0,251.0,0.03515406162464986,0.35490196078431374,0.6450980392156862,111.0,0.75,0.8402948402948403,0.7499478602419779,0.0,0.0,94.0,141.0,30.0
X54_4.RCP,120.0,4.0,5.3,2.6975297341580253,636.0,251.0,0.03515406162464986,0.38011204481792715,0.6198879551820728,119.0,0.75,0.8813025210084033,0.7431708769480643,0.0,0.0,105.0,154.0,35.0
X54_5.RCP,120.0,4.0,5.458333333333333,2.7230370095824177,655.0,251.0,0.03515406162464986,0.3673669467787115,0.6326330532212885,92.0,0.75,1.0437979539641944,0.9483258399978349,0.0,0.0,97.0,135.0,38.0
X54_6.RCP,120.0,4.0,5.466666666666667,2.912425487840371,656.0,251.0,0.03515406162464986,0.3927170868347339,0.6072829131652662,100.0,0.75,0.869,0.8239904971816736,0.0,0.0,87.0,134.0,34.0
X54_7.RCP,120.0,4.0,5.391666666666667,2.766754516677538,647.0,251.0,0.03515406162464986,0.3543417366946779,0.645658263305322,98.0,0.75,0.9806474313863477,0.9101886542794458,0.0,0.0,97.0,145.0,47.0
X54_8.RCP,120.0,4.0,5.275,2.7627356611397573,633.0,251.0,0.03515406162464986,0.3488795518207283,0.6511204481792717,89.0,0.75,0.9594824651004427,0.8950731212891271,0.0,0.0,86.0,134.0,45.0
X54_9.RCP,120.0,4.0,5.316666666666666,2.6707780805517247,638.0,251.0,0.03515406162464986,0.33613445378151263,0.6638655462184874,95.0,0.75,1.0169172932330828,0.9076102303269487,0.0,0.0,97.0,128.0,31.0
X55_1.RCP,120.0,4.0,5.441666666666666,2.8337132098283266,653.0,251.0,0.03515406162464986,0.3858543417366947,0.6141456582633054,99.0,0.75,0.8675324675324675,0.7996964262589262,0.0,0.0,86.0,129.0,30.0
X55_10.RCP,120.0,4.0,5.325,2.6961778502168583,639.0,251.0,0.03515406162464986,0.3607843137254902,0.6392156862745098,100.0,0.75,0.7658333333333334,0.6966781788472965,0.0,0.0,77.0,118.0,18.0
X55_2.RCP,120.0,4.0,5.0,2.7386127875258306,600.0,251.0,0.03515406162464986,0.35532212885154063,0.6446778711484593,83.0,0.75,0.7466940934469586,0.6531183844387005,0.0,0.0,62.0,93.0,10.0
X55_3.RCP,120.0,4.0,5.308333333333334,2.67019298095766,637.0,251.0,0.03515406162464986,0.3929971988795518,0.6070028011204482,126.0,0.75,0.6986772486772487,0.6158258201784987,0.0,0.0,89.0,142.0,16.0
X55_4.RCP,120.0,4.0,5.541666666666667,3.0301150509877046,665.0,251.0,0.03515406162464986,0.36428571428571427,0.6357142857142857,90.0,0.75,0.777536231884058,0.7305738727858293,0.0,0.0,70.0,119.0,29.0
X55_5.RCP,120.0,4.0,5.583333333333333,2.7403872394649307,670.0,251.0,0.03515406162464986,0.3668067226890756,0.6331932773109243,106.0,0.75,0.730083857442348,0.6212856622003464,0.0,0.0,78.0,127.0,21.0
X55_6.RCP,120.0,4.0,5.475,2.828316637153627,657.0,251.0,0.03515406162464986,0.3876750700280112,0.6123249299719888,98.0,0.75,0.814094387755102,0.7698260748677461,0.0,0.0,80.0,121.0,23.0
X55_7.RCP,120.0,4.0,5.5,2.895398648430529,660.0,251.0,0.03515406162464986,0.40210084033613447,0.5978991596638655,105.0,0.75,0.5944973544973545,0.5554298941798942,0.0,0.0,63.0,116.0,11.0
X55_8.RCP,120.0,4.0,5.466666666666667,2.774687169554235,656.0,251.0,0.03515406162464986,0.365266106442577,0.6347338935574229,101.0,0.75,0.7665450755601876,0.7289082855653987,0.0,0.0,78.0,124.0,23.0
X55_9.RCP,120.0,4.0,5.291666666666667,2.887893792291461,635.0,251.0,0.03515406162464986,0.3599439775910364,0.6400560224089635,94.0,0.75,0.8331117021276596,0.7186429494876962,0.0,0.0,79.0,111.0,17.0
X56_1.RCP,120.0,4.0,5.191666666666666,2.8056366874957672,623.0,251.0,0.03515406162464986,0.3903361344537815,0.6096638655462185,95.0,1.0,2.219814241486068,2.060715514275886,816.0,0.1874569262577533,211.0,298.0,87.0
X56_10.RCP,120.0,4.0,5.508333333333334,2.7294560915236494,661.0,251.0,0.03515406162464986,0.3819327731092437,0.6180672268907563,102.0,1.0,2.17358708189158,2.104211721453287,1054.0,0.23883979152503965,222.0,314.0,92.0
X56_2.RCP,120.0,4.0,4.883333333333334,2.7814364793913393,586.0,251.0,0.03515406162464986,0.3637254901960784,0.6362745098039215,87.0,1.0,2.030852994555354,1.9674833635813673,422.0,0.09289016068677086,177.0,259.0,82.0
X56_3.RCP,120.0,4.0,5.458333333333333,2.825172069489259,655.0,251.0,0.03515406162464986,0.3896358543417367,0.6103641456582634,93.0,1.0,2.2968936678614096,2.183032890575585,631.0,0.1447911886186324,214.0,301.0,87.0
X56_4.RCP,120.0,4.0,4.808333333333334,3.0119092320689584,577.0,251.0,0.03515406162464986,0.3925770308123249,0.6074229691876751,86.0,1.0,2.3059593023255816,2.1717740633074936,983.0,0.22665436937975558,199.0,266.0,67.0
X56_5.RCP,120.0,4.0,5.566666666666666,2.993697082575694,668.0,251.0,0.03515406162464986,0.3876750700280112,0.6123249299719888,117.0,1.0,2.0438034188034186,1.9727485545500252,1614.0,0.36916742909423605,240.0,353.0,113.0
X56_6.RCP,120.0,4.0,5.041666666666667,2.808902019571981,605.0,251.0,0.03515406162464986,0.3488795518207283,0.6511204481792717,95.0,1.0,2.007017543859649,1.9311249615266235,387.0,0.08324370832437084,191.0,269.0,78.0
X56_7.RCP,120.0,4.0,5.641666666666667,2.8041511886645645,677.0,251.0,0.03515406162464986,0.3777310924369748,0.6222689075630252,117.0,1.0,2.0444444444444443,1.9797432755153346,1501.0,0.33783479630880037,240.0,359.0,119.0
X56_8.RCP,120.0,4.0,5.6,2.6312227829154513,672.0,251.0,0.03515406162464986,0.37212885154061626,0.6278711484593837,99.0,1.0,2.4532828282828283,2.3828914141414144,1545.0,0.3446352888690609,243.0,366.0,123.0
X56_9.RCP,120.0,4.0,5.925,2.7146592788046164,711.0,251.0,0.03515406162464986,0.3592436974789916,0.6407563025210083,101.0,1.0,2.49009900990099,2.307931712288876,1224.0,0.26754098360655737,252.0,363.0,111.0
X57_1.RCP,120.0,4.0,5.875,2.6412197308566863,705.0,251.0,0.03515406162464986,0.40182072829131654,0.5981792717086835,114.0,1.0,1.4610526315789474,1.4112662090007628,0.0,0.0,167.0,238.0,71.0
X57_10.RCP,120.0,4.0,5.55,2.786425428154622,666.0,251.0,0.03515406162464986,0.38599439775910366,0.6140056022408964,121.0,1.0,1.2430364248546066,1.1920811636029027,0.0,0.0,151.0,210.0,59.0
X57_2.RCP,120.0,4.0,5.508333333333334,2.8284148485601532,661.0,251.0,0.03515406162464986,0.3861344537815126,0.6138655462184874,104.0,1.0,1.3994391025641026,1.3347264553435805,0.0,0.0,146.0,191.0,45.0
X57_3.RCP,120.0,4.0,5.758333333333334,2.7355554991425213,691.0,251.0,0.03515406162464986,0.365266106442577,0.6347338935574229,115.0,1.0,1.4660869565217391,1.3615273752012882,0.0,0.0,169.0,233.0,64.0
X57_4.RCP,120.0,4.0,5.766666666666667,2.9657301892713632,692.0,251.0,0.03515406162464986,0.4158263305322129,0.584173669467787,120.0,1.0,1.5075757575757576,1.402536231884058,0.0,0.0,181.0,238.0,57.0
X57_5.RCP,120.0,4.0,5.55,2.756356290467544,666.0,251.0,0.03515406162464986,0.34551820728291316,0.6544817927170868,96.0,1.0,1.6689311594202898,1.5589475334448157,0.0,0.0,161.0,213.0,52.0
X57_6.RCP,120.0,4.0,5.3,2.894247167514666,636.0,251.0,0.03515406162464986,0.4142857142857143,0.5857142857142856,99.0,1.0,1.722943722943723,1.6508920372556735,0.0,0.0,171.0,232.0,61.0
X57_7.RCP,120.0,4.0,5.558333333333334,2.7772763436303722,667.0,251.0,0.03515406162464986,0.3787114845938375,0.6212885154061625,115.0,1.0,1.2987826086956522,1.2455852842809365,0.0,0.0,150.0,204.0,54.0
X57_8.RCP,120.0,4.0,5.325,2.9500353105231354,639.0,251.0,0.03515406162464986,0.35056022408963583,0.6494397759103642,86.0,1.0,1.746608527131783,1.6136454872646735,0.0,0.0,151.0,194.0,43.0
X57_9.RCP,120.0,4.0,5.391666666666667,2.7907461168814494,647.0,251.0,0.03515406162464986,0.3561624649859944,0.6438375350140055,108.0,1.0,1.373456790123457,1.3396006000172667,0.0,0.0,149.0,219.0,70.0
X58_1.RCP,120.0,4.0,5.333333333333333,2.9363620727393656,640.0,251.0,0.03515406162464986,0.43025210084033616,0.5697478991596638,121.0,1.0,1.03590766600171,0.9824262365406566,0.0,0.0,126.0,175.0,49.0
X58_10.RCP,120.0,4.0,5.183333333333334,2.8313228160859527,622.0,251.0,0.03515406162464986,0.3760504201680672,0.6239495798319328,98.0,1.0,1.2368804664723032,1.1813107153096598,0.0,0.0,122.0,160.0,38.0
X58_2.RCP,120.0,4.0,5.658333333333333,2.9368232080865124,679.0,251.0,0.03515406162464986,0.36554621848739494,0.634453781512605,106.0,1.0,1.0757665094339623,1.0201600029525597,0.0,0.0,115.0,163.0,48.0
X58_3.RCP,120.0,4.0,5.291666666666667,2.6845106113074353,635.0,251.0,0.03515406162464986,0.37142857142857144,0.6285714285714286,91.0,1.0,1.1780866192630899,1.129166739460857,0.0,0.0,108.0,138.0,30.0
X58_4.RCP,120.0,4.0,5.7,3.029301349596416,684.0,251.0,0.03515406162464986,0.38949579831932774,0.6105042016806723,98.0,1.0,1.3647014361300076,1.2925193688586545,0.0,0.0,134.0,179.0,45.0
X58_5.RCP,120.0,4.0,5.95,2.9884499884276687,714.0,251.0,0.03515406162464986,0.37058823529411766,0.6294117647058823,101.0,1.0,1.037953795379538,1.0040365317019506,0.0,0.0,105.0,150.0,45.0
X58_6.RCP,120.0,4.0,5.333333333333333,2.7304863221696523,640.0,251.0,0.03515406162464986,0.36246498599439775,0.6375350140056022,103.0,1.0,1.227781926811053,1.133257259171915,0.0,0.0,127.0,180.0,53.0
X58_7.RCP,120.0,4.0,6.141666666666667,2.852764253998022,737.0,251.0,0.03515406162464986,0.35798319327731093,0.642016806722689,114.0,1.0,1.1979166666666667,1.0666668697006778,0.0,0.0,137.0,183.0,46.0
X58_8.RCP,120.0,4.0,5.708333333333333,2.9051558573604197,685.0,251.0,0.03515406162464986,0.37591036414565826,0.6240896358543417,99.0,1.0,1.1962044689317417,1.1538423450188158,0.0,0.0,119.0,165.0,46.0
X58_9.RCP,120.0,4.0,5.533333333333333,2.8894443910359113,664.0,251.0,0.03515406162464986,0.3656862745098039,0.634313725490196,92.0,1.0,1.2985733695652173,1.239034733005521,0.0,0.0,120.0,156.0,36.0
X59_1.RCP,120.0,4.0,5.591666666666667,3.078137514074957,671.0,251.0,0.03515406162464986,0.36834733893557425,0.6316526610644257,102.0,1.0,0.8730050159598723,0.8129336921826364,0.0,0.0,90.0,129.0,27.0
X59_10.RCP,120.0,4.0,5.008333333333334,2.859183547020995,601.0,251.0,0.03515406162464986,0.40756302521008403,0.592436974789916,106.0,1.0,1.164757412398922,1.0529589818276672,0.0,0.0,124.0,155.0,31.0
X59_2.RCP,120.0,4.0,5.308333333333334,2.9715199066396236,637.0,251.0,0.03515406162464986,0.36666666666666664,0.6333333333333333,90.0,1.0,1.0722222222222222,0.9463385269932889,0.0,0.0,97.0,129.0,32.0
X59_3.RCP,120.0,4.0,5.175,2.8799956597189516,621.0,251.0,0.03515406162464986,0.3648459383753501,0.6351540616246498,108.0,1.0,0.8394249512670565,0.7615196441494441,0.0,0.0,91.0,136.0,28.0
X59_4.RCP,120.0,4.0,5.041666666666667,3.0177139066223995,605.0,251.0,0.03515406162464986,0.3838935574229692,0.6161064425770308,107.0,1.0,0.8598130841121495,0.8203717702034085,0.0,0.0,92.0,139.0,32.0
X59_5.RCP,120.0,4.0,5.441666666666666,2.7440718932920753,653.0,251.0,0.03515406162464986,0.3634453781512605,0.6365546218487395,97.0,1.0,0.9381443298969072,0.874397048474269,0.0,0.0,91.0,134.0,37.0
X59_6.RCP,120.0,4.0,5.766666666666667,3.1110912697779995,692.0,251.0,0.03515406162464986,0.4012605042016807,0.5987394957983193,103.0,1.0,1.0078719496195225,0.9220241958872516,0.0,0.0,104.0,144.0,40.0
X59_7.RCP,120.0,4.0,5.391666666666667,2.724260857961701,647.0,251.0,0.03515406162464986,0.3707282913165266,0.6292717086834734,90.0,1.0,1.1546031746031746,1.0706871345029239,0.0,0.0,104.0,129.0,25.0
X59_8.RCP,120.0,4.0,5.658333333333333,2.9054426895435785,679.0,251.0,0.03515406162464986,0.3826330532212885,0.6173669467787115,98.0,1.0,0.9704343275771847,0.9372770202296781,0.0,0.0,96.0,130.0,32.0
X59_9.RCP,120.0,4.0,5.225,2.8880861598412655,627.0,251.0,0.03515406162464986,0.4004201680672269,0.5995798319327731,112.0,1.0,0.9251575630252101,0.8430402566431978,0.0,0.0,104.0,144.0,32.0
X5_1.RCP,120.0,4.0,5.466666666666667,2.966292111186774,656.0,177.0,0.024789915966386553,0.17058823529411765,0.8294117647058823,92.0,0.25,0.48097826086956524,0.4042443064182195,0.0,0.0,45.0,108.0,16.0
X5_10.RCP,120.0,4.0,5.491666666666666,3.022129032468483,659.0,177.0,0.024789915966386553,0.17352941176470588,0.8264705882352941,92.0,0.25,0.49818840579710144,0.4014317228347549,9.0,0.001525165226232842,46.0,101.0,9.0
X5_2.RCP,120.0,4.0,5.783333333333333,2.7054985163962337,694.0,177.0,0.024789915966386553,0.1781512605042017,0.8218487394957983,80.0,0.25,0.53125,0.4686141304347826,0.0,0.0,43.0,85.0,5.0
X5_3.RCP,120.0,4.0,5.583333333333333,2.9257002960355014,670.0,177.0,0.024789915966386553,0.17142857142857143,0.8285714285714285,72.0,0.25,0.5902777777777778,0.5144386574074074,0.0,0.0,43.0,77.0,5.0
X5_4.RCP,120.0,4.0,5.466666666666667,3.03021818063027,656.0,177.0,0.024789915966386553,0.16358543417366947,0.8364145658263306,97.0,0.25,0.47036082474226804,0.36839246007681425,4.0,0.0006697923643670462,46.0,105.0,8.0
X5_5.RCP,120.0,4.0,5.466666666666667,3.0411985941218784,656.0,177.0,0.024789915966386553,0.1627450980392157,0.8372549019607843,77.0,0.25,0.43344155844155846,0.39482548701298703,0.0,0.0,34.0,84.0,7.0
X5_6.RCP,120.0,4.0,5.65,2.8567172302020607,678.0,177.0,0.024789915966386553,0.18669467787114846,0.8133053221288515,88.0,0.25,0.5840909090909091,0.4638277442254715,0.0,0.0,52.0,96.0,8.0
X5_7.RCP,120.0,4.0,5.583333333333333,2.722080495176846,670.0,177.0,0.024789915966386553,0.16330532212885154,0.8366946778711485,84.0,0.25,0.531547619047619,0.46233383916807835,0.0,0.0,45.0,90.0,6.0
X5_8.RCP,120.0,4.0,5.55,2.786425428154622,666.0,177.0,0.024789915966386553,0.1738095238095238,0.8261904761904761,78.0,0.25,0.5372960372960373,0.4879790499355716,0.0,0.0,42.0,89.0,11.0
X5_9.RCP,120.0,4.0,5.675,2.989321271905492,681.0,177.0,0.024789915966386553,0.19817927170868346,0.8018207282913166,106.0,0.25,0.6002358490566038,0.4047552770240424,34.0,0.005938864628820961,64.0,120.0,14.0
X60_1.RCP,120.0,4.0,5.475,3.1988604741897286,657.0,251.0,0.03515406162464986,0.3623249299719888,0.6376750700280112,101.0,1.0,0.7977722772277228,0.727142165303487,0.0,0.0,81.0,121.0,20.0
X60_10.RCP,120.0,4.0,4.866666666666666,2.8015868519267593,584.0,251.0,0.03515406162464986,0.39131652661064426,0.6086834733893558,85.0,1.0,0.8184143222506394,0.7668197467494142,0.0,0.0,70.0,104.0,19.0
X60_2.RCP,120.0,4.0,5.125,2.815322657648083,615.0,251.0,0.03515406162464986,0.36666666666666664,0.6333333333333333,81.0,1.0,0.8128395061728395,0.7956324082867292,0.0,0.0,66.0,99.0,18.0
X60_3.RCP,120.0,4.0,5.033333333333333,3.027466854575877,604.0,251.0,0.03515406162464986,0.40098039215686276,0.5990196078431372,81.0,1.0,1.0126262626262625,0.915661865569273,0.0,0.0,83.0,111.0,28.0
X60_4.RCP,120.0,4.0,5.3,2.9456182146820495,636.0,251.0,0.03515406162464986,0.3798319327731092,0.6201680672268908,101.0,1.0,0.8745874587458746,0.8298601599290364,0.0,0.0,89.0,124.0,23.0
X60_5.RCP,120.0,4.0,5.291666666666667,3.142175025183812,635.0,251.0,0.03515406162464986,0.37633053221288515,0.6236694677871149,96.0,1.0,1.0199404761904762,0.8729068023989899,0.0,0.0,98.0,125.0,27.0
X60_6.RCP,120.0,4.0,5.866666666666666,2.7596296047758937,704.0,251.0,0.03515406162464986,0.3862745098039216,0.6137254901960785,110.0,1.0,0.8049407114624506,0.775343318259913,0.0,0.0,89.0,134.0,24.0
X60_7.RCP,120.0,4.0,5.191666666666666,3.0091411657739746,623.0,251.0,0.03515406162464986,0.3773109243697479,0.6226890756302521,84.0,1.0,0.9435817805383023,0.8923009629233435,0.0,0.0,80.0,120.0,36.0
X60_8.RCP,120.0,4.0,5.741666666666666,2.80325951151314,689.0,251.0,0.03515406162464986,0.36946778711484596,0.630532212885154,101.0,1.0,0.8229608675153229,0.7149329630765275,0.0,0.0,84.0,118.0,17.0
X60_9.RCP,120.0,4.0,5.683333333333334,3.074040048896927,682.0,251.0,0.03515406162464986,0.3610644257703081,0.6389355742296918,101.0,1.0,0.7351018120679993,0.6933241279938739,0.0,0.0,75.0,118.0,17.0
X6_1.RCP,120.0,4.0,5.225,2.870721454036714,627.0,177.0,0.024789915966386553,0.17254901960784313,0.8274509803921568,75.0,0.5020833333333333,1.7066666666666668,1.4849999999999999,1126.0,0.1905890318212593,128.0,196.0,68.0
X6_10.RCP,120.0,4.0,6.2,2.7946377224964243,744.0,177.0,0.024789915966386553,0.15294117647058825,0.8470588235294118,93.0,0.5020833333333333,1.5677419354838709,1.4852918586789554,878.0,0.14517195767195767,146.0,226.0,80.0
X6_2.RCP,120.0,4.0,4.891666666666667,2.813052414884744,587.0,177.0,0.024789915966386553,0.17829131652661065,0.8217086834733893,72.0,0.5020833333333333,1.6583333333333334,1.4864842227095516,782.0,0.13328788137037667,120.0,187.0,67.0
X6_3.RCP,120.0,4.0,5.375,2.729659624690717,645.0,177.0,0.024789915966386553,0.17128851540616247,0.8287114845938375,85.0,0.5020833333333333,1.3670588235294117,1.251078431372549,480.0,0.08112219029913807,117.0,185.0,68.0
X6_4.RCP,120.0,4.0,4.908333333333333,2.88385110957938,589.0,177.0,0.024789915966386553,0.19355742296918768,0.8064425770308123,98.0,0.5020833333333333,1.3940345368916798,1.1830324437467294,1054.0,0.183049670024314,137.0,212.0,75.0
X6_5.RCP,120.0,4.0,5.441666666666666,2.917749798884217,653.0,177.0,0.024789915966386553,0.16064425770308124,0.8393557422969188,72.0,0.5020833333333333,1.5367063492063493,1.3945082251345957,341.0,0.05689971633572501,111.0,174.0,63.0
X6_6.RCP,120.0,4.0,5.8,2.874021572639983,696.0,177.0,0.024789915966386553,0.18473389355742298,0.815266106442577,71.0,0.5020833333333333,1.9245472837022133,1.7734455754132639,750.0,0.12884384126438755,137.0,213.0,76.0
X6_7.RCP,120.0,4.0,5.708333333333333,2.748926558171793,685.0,177.0,0.024789915966386553,0.18585434173669468,0.8141456582633053,112.0,0.5020833333333333,1.2525510204081634,1.1566924426020408,1016.0,0.17478066402890075,141.0,228.0,87.0
X6_8.RCP,120.0,4.0,5.491666666666666,3.0248852136164697,659.0,177.0,0.024789915966386553,0.16680672268907562,0.8331932773109244,103.0,0.5020833333333333,1.2267275842375784,1.1299525271273558,576.0,0.09682299546142209,127.0,210.0,83.0
X6_9.RCP,120.0,4.0,5.766666666666667,2.7980151695244415,692.0,177.0,0.024789915966386553,0.19257703081232494,0.8074229691876751,87.0,0.5020833333333333,1.6070402298850575,1.4812154890691909,758.0,0.13148308759757155,140.0,217.0,77.0
X7_1.RCP,120.0,4.0,5.575,2.725382236188776,669.0,177.0,0.024789915966386553,0.17703081232492998,0.82296918767507,76.0,0.5020833333333333,1.157202216066482,1.0908854822462857,0.0,0.0,88.0,132.0,44.0
X7_10.RCP,120.0,4.0,5.433333333333334,2.8656975105935767,652.0,177.0,0.024789915966386553,0.1799719887955182,0.8200280112044818,84.0,0.5020833333333333,1.1848072562358276,1.0628371524048215,13.0,0.0022203245089666953,100.0,154.0,54.0
X7_2.RCP,120.0,4.0,5.1,2.870540018881465,612.0,177.0,0.024789915966386553,0.18137254901960784,0.8186274509803921,98.0,0.5020833333333333,0.9326530612244898,0.8912079305406373,66.0,0.011291702309666382,92.0,156.0,58.0
X7_3.RCP,120.0,4.0,5.3,2.7676705006196096,636.0,177.0,0.024789915966386553,0.1869747899159664,0.8130252100840336,90.0,0.5020833333333333,0.9137566137566138,0.8495344932844933,0.0,0.0,83.0,136.0,46.0
X7_4.RCP,120.0,4.0,5.108333333333333,2.701221431542076,613.0,177.0,0.024789915966386553,0.2119047619047619,0.7880952380952381,85.0,0.5020833333333333,1.181424148606811,1.0213456435205661,28.0,0.004976008530300338,101.0,157.0,56.0
X7_5.RCP,120.0,4.0,5.975,2.788256623770488,717.0,177.0,0.024789915966386553,0.1766106442577031,0.8233893557422969,87.0,0.5020833333333333,1.3607918263090677,1.2306376573617954,174.0,0.029596870216023134,119.0,174.0,55.0
X7_6.RCP,120.0,4.0,5.716666666666667,2.9217099255211645,686.0,177.0,0.024789915966386553,0.1880952380952381,0.8119047619047619,96.0,0.5020833333333333,1.1082175925925926,1.0239955357142858,197.0,0.03398309470415732,107.0,165.0,58.0
X7_7.RCP,120.0,4.0,5.725,2.813546101748942,687.0,177.0,0.024789915966386553,0.18361344537815127,0.8163865546218487,93.0,0.5020833333333333,1.0951612903225807,0.9649918928144735,25.0,0.004288900325956425,102.0,157.0,55.0
X7_8.RCP,120.0,4.0,5.016666666666667,2.7171778660138455,602.0,177.0,0.024789915966386553,0.16442577030812325,0.8355742296918768,65.0,0.5020833333333333,1.2882591093117408,1.2075861187316295,52.0,0.008716057660073752,84.0,125.0,41.0
X7_9.RCP,120.0,4.0,5.325,2.9948914838437806,639.0,177.0,0.024789915966386553,0.18277310924369747,0.8172268907563025,79.0,0.5020833333333333,0.9878921298844249,0.9007385707303155,0.0,0.0,79.0,119.0,40.0
X8_1.RCP,120.0,4.0,5.758333333333334,2.9040082453204037,691.0,177.0,0.024789915966386553,0.18025210084033613,0.8197478991596638,95.0,0.5020833333333333,0.7968810916179337,0.7070399239342317,0.0,0.0,76.0,128.0,33.0
X8_10.RCP,120.0,4.0,5.866666666666666,2.935226661700175,704.0,177.0,0.024789915966386553,0.16526610644257703,0.834733893557423,83.0,0.5020833333333333,0.8828915662650603,0.8033586068411578,0.0,0.0,74.0,110.0,27.0
X8_2.RCP,120.0,4.0,5.75,2.7816362091402245,690.0,177.0,0.024789915966386553,0.18977591036414565,0.8102240896358543,90.0,0.5020833333333333,0.8810185185185185,0.8391341250670961,0.0,0.0,80.0,133.0,43.0
X8_3.RCP,120.0,4.0,5.166666666666667,2.9953667926019047,620.0,177.0,0.024789915966386553,0.17857142857142858,0.8214285714285714,88.0,0.5020833333333333,0.8587662337662337,0.8087332589285714,0.0,0.0,76.0,128.0,40.0
X8_4.RCP,120.0,4.0,5.6,2.9251780572585098,672.0,177.0,0.024789915966386553,0.19061624649859943,0.8093837535014006,89.0,0.5020833333333333,0.9384465070835368,0.8383450890015374,0.0,0.0,84.0,137.0,48.0
X8_5.RCP,120.0,4.0,5.666666666666667,2.775888246229584,680.0,177.0,0.024789915966386553,0.1645658263305322,0.8354341736694678,91.0,0.5020833333333333,0.9560439560439561,0.8897768897768898,0.0,0.0,87.0,127.0,36.0
X8_6.RCP,120.0,4.0,5.15,2.847952480876978,618.0,177.0,0.024789915966386553,0.15322128851540617,0.8467787114845938,82.0,0.5020833333333333,0.8621951219512195,0.7936229674796749,0.0,0.0,71.0,119.0,37.0
X8_7.RCP,120.0,4.0,5.366666666666666,2.825282680055612,644.0,177.0,0.024789915966386553,0.15910364145658262,0.8408963585434174,87.0,0.5020833333333333,0.8450574712643678,0.7525110521662246,0.0,0.0,74.0,117.0,30.0
X8_8.RCP,120.0,4.0,5.366666666666666,2.960668092771555,644.0,177.0,0.024789915966386553,0.16512605042016806,0.834873949579832,87.0,0.5020833333333333,0.8515325670498084,0.7200986932129173,0.0,0.0,75.0,120.0,33.0
X8_9.RCP,120.0,4.0,5.5,2.8780780624113262,660.0,177.0,0.024789915966386553,0.18781512605042017,0.8121848739495798,83.0,0.5020833333333333,0.9036144578313253,0.837026678141136,0.0,0.0,75.0,120.0,37.0
X9_1.RCP,120.0,4.0,5.541666666666667,2.900849971224909,665.0,177.0,0.024789915966386553,0.18179271708683473,0.8182072829131652,88.0,0.5020833333333333,0.7558922558922558,0.7048692416590143,0.0,0.0,67.0,123.0,35.0
X9_10.RCP,120.0,4.0,5.566666666666666,2.888867521288499,668.0,177.0,0.024789915966386553,0.1627450980392157,0.8372549019607843,84.0,0.5020833333333333,0.8341836734693877,0.7077755660344947,0.0,0.0,71.0,104.0,20.0
X9_2.RCP,120.0,4.0,5.316666666666666,2.816568045610749,638.0,177.0,0.024789915966386553,0.17759103641456583,0.8224089635854341,94.0,0.5020833333333333,0.7313829787234043,0.6171619245901498,0.0,0.0,69.0,111.0,17.0
X9_3.RCP,120.0,4.0,5.466666666666667,2.8778850258865836,656.0,177.0,0.024789915966386553,0.1550420168067227,0.8449579831932773,87.0,0.5020833333333333,0.7453304597701149,0.6886179016651296,0.0,0.0,65.0,100.0,13.0
X9_4.RCP,120.0,4.0,5.725,2.70173555330643,687.0,177.0,0.024789915966386553,0.1819327731092437,0.8180672268907563,80.0,0.5020833333333333,0.9760869565217392,0.8162601777751235,0.0,0.0,79.0,113.0,33.0
X9_5.RCP,120.0,4.0,5.625,2.9156545863093366,675.0,177.0,0.024789915966386553,0.19775910364145657,0.8022408963585435,114.0,0.5020833333333333,0.5311262026032824,0.505511236708069,0.0,0.0,61.0,137.0,23.0
X9_6.RCP,120.0,4.0,5.858333333333333,2.855683903298045,703.0,177.0,0.024789915966386553,0.18515406162464987,0.8148459383753501,98.0,0.5020833333333333,0.8595918367346939,0.6679153058805314,0.0,0.0,85.0,119.0,21.0
X9_7.RCP,120.0,4.0,5.541666666666667,2.7564948555890485,665.0,177.0,0.024789915966386553,0.16582633053221288,0.8341736694677871,80.0,0.5020833333333333,0.7257575757575757,0.6488032574217787,0.0,0.0,59.0,93.0,13.0
X9_8.RCP,120.0,4.0,5.533333333333333,2.9266970385667794,664.0,177.0,0.024789915966386553,0.1784313725490196,0.8215686274509804,80.0,0.5020833333333333,0.6608870967741935,0.5910993285772004,0.0,0.0,53.0,95.0,15.0
X9_9.RCP,120.0,4.0,5.175,2.908786975126688,621.0,177.0,0.024789915966386553,0.1915966386554622,0.8084033613445378,87.0,0.5020833333333333,0.7359605911330049,0.6583204683779397,0.0,0.0,65.0,108.0,21.0
j90_1.rcp,90.0,4.0,5.633333333333334,2.8769196489764304,507.0,132.0,0.03295880149812734,0.17478152309612985,0.8252184769038702,67.0,0.25,0.8437225636523266,0.7511177547942254,133.0,0.04024205748865355,57.0,95.0,28.0
j90_10.rcp,90.0,4.0,5.888888888888889,2.7139329576770006,530.0,132.0,0.03295880149812734,0.22421972534332085,0.7757802746566791,87.0,0.25,0.7216748768472906,0.5714252175966171,121.0,0.03894431927904732,63.0,109.0,22.0
j90_100.rcp,90.0,4.0,5.177777777777778,3.0095321813559806,466.0,132.0,0.03295880149812734,0.2292134831460674,0.7707865168539326,75.0,0.7527777777777778,0.7547619047619047,0.6587275132275132,0.0,0.0,57.0,86.0,11.0
j90_101.rcp,90.0,4.0,5.477777777777778,2.902978461962349,493.0,132.0,0.03295880149812734,0.2247191011235955,0.7752808988764045,86.0,0.7527777777777778,0.5628964059196617,0.533700805780791,0.0,0.0,49.0,90.0,4.0
j90_102.rcp,90.0,4.0,5.722222222222222,2.8285362440581556,515.0,132.0,0.03295880149812734,0.25418227215980027,0.7458177278401997,99.0,0.7527777777777778,0.6241199877563514,0.5723581132672042,0.0,0.0,62.0,107.0,8.0
j90_103.rcp,90.0,4.0,5.277777777777778,2.728564041468527,475.0,132.0,0.03295880149812734,0.19600499375780275,0.8039950062421972,69.0,0.7527777777777778,0.61133069828722,0.5638686441435802,0.0,0.0,43.0,81.0,12.0
j90_104.rcp,90.0,4.0,5.377777777777778,2.979850025226019,484.0,132.0,0.03295880149812734,0.19850187265917604,0.8014981273408239,64.0,0.7527777777777778,0.65625,0.6183806084344114,0.0,0.0,42.0,67.0,3.0
j90_105.rcp,90.0,4.0,5.444444444444445,3.0518158933516255,490.0,132.0,0.03295880149812734,0.21223470661672908,0.787765293383271,81.0,0.7527777777777778,0.5073832001936577,0.45814372325144886,0.0,0.0,42.0,82.0,1.0
j90_106.rcp,90.0,4.0,5.9,2.8009918878060955,531.0,132.0,0.03295880149812734,0.20898876404494382,0.7910112359550562,78.0,0.7527777777777778,0.5680473372781065,0.5309134419711343,0.0,0.0,45.0,84.0,6.0
j90_107.rcp,90.0,4.0,5.3,2.8923270139380084,477.0,132.0,0.03295880149812734,0.23820224719101124,0.7617977528089888,95.0,0.7527777777777778,0.5218713450292398,0.4041170160249108,0.0,0.0,50.0,102.0,7.0
j90_108.rcp,90.0,4.0,5.5777777777777775,2.649854410163269,502.0,132.0,0.03295880149812734,0.1912609238451935,0.8087390761548066,82.0,0.7527777777777778,0.5814991076740036,0.5562924113445677,0.0,0.0,48.0,94.0,12.0
j90_109.rcp,90.0,4.0,5.466666666666667,2.6923760675078228,492.0,132.0,0.03295880149812734,0.20724094881398253,0.7927590511860174,81.0,0.7527777777777778,0.5679012345679012,0.5292662260176978,0.0,0.0,46.0,83.0,2.0
j90_11.rcp,90.0,4.0,5.9222222222222225,2.9748119558788093,533.0,132.0,0.03295880149812734,0.2062421972534332,0.7937578027465668,96.0,0.25,0.34327651515151514,0.33456378690753685,11.0,0.0034602076124567475,33.0,96.0,0.0
j90_110.rcp,90.0,4.0,5.055555555555555,2.725847925615119,455.0,132.0,0.03295880149812734,0.22272159800249688,0.7772784019975031,81.0,0.7527777777777778,0.5732323232323232,0.5323590846738995,0.0,0.0,47.0,82.0,1.0
j90_111.rcp,90.0,4.0,5.388888888888889,2.5935580213051996,485.0,132.0,0.03295880149812734,0.21123595505617979,0.7887640449438202,71.0,0.7527777777777778,0.42374245472837024,0.3577478394959923,0.0,0.0,31.0,71.0,0.0
j90_112.rcp,90.0,4.0,5.144444444444445,2.9080772995652837,463.0,132.0,0.03295880149812734,0.20449438202247192,0.7955056179775281,71.0,0.7527777777777778,0.3426056338028169,0.3186497650889717,0.0,0.0,25.0,71.0,0.0
j90_113.rcp,90.0,4.0,5.977777777777778,2.8712280677932833,538.0,132.0,0.03295880149812734,0.2397003745318352,0.7602996254681648,93.0,0.7527777777777778,0.34995112414467255,0.32887413022144935,0.0,0.0,33.0,93.0,0.0
j90_114.rcp,90.0,4.0,5.855555555555555,2.8734845710821055,527.0,132.0,0.03295880149812734,0.22172284644194756,0.7782771535580524,73.0,0.7527777777777778,0.40616438356164386,0.3772340646504393,0.0,0.0,30.0,73.0,0.0
j90_115.rcp,90.0,4.0,5.588888888888889,3.1407516596595664,503.0,132.0,0.03295880149812734,0.20524344569288389,0.7947565543071161,83.0,0.7527777777777778,0.3460423974378527,0.32126142082715214,0.0,0.0,29.0,83.0,0.0
j90_116.rcp,90.0,4.0,5.344444444444444,2.574063415911854,481.0,132.0,0.03295880149812734,0.19875156054931337,0.8012484394506867,81.0,0.7527777777777778,0.38656142481279093,0.34306964144526836,0.0,0.0,32.0,81.0,0.0
j90_117.rcp,90.0,4.0,5.822222222222222,2.6939346596785314,524.0,132.0,0.03295880149812734,0.20823970037453182,0.7917602996254682,77.0,0.7527777777777778,0.5150095805833511,0.38979929057689744,0.0,0.0,40.0,77.0,0.0
j90_118.rcp,90.0,4.0,5.333333333333333,2.7406406388125952,480.0,132.0,0.03295880149812734,0.20074906367041198,0.799250936329588,83.0,0.7527777777777778,0.3376468838316228,0.3125512091722825,0.0,0.0,29.0,83.0,0.0
j90_119.rcp,90.0,4.0,5.7,2.7098585448936876,513.0,132.0,0.03295880149812734,0.22696629213483147,0.7730337078651686,77.0,0.7527777777777778,0.38848805515472185,0.3763633395349718,0.0,0.0,30.0,77.0,0.0
j90_12.rcp,90.0,4.0,5.2555555555555555,3.0607229033935797,473.0,132.0,0.03295880149812734,0.27240948813982524,0.7275905118601748,114.0,0.25,0.3679337231968811,0.30175563799705674,15.0,0.005147563486616335,42.0,119.0,5.0
j90_120.rcp,90.0,4.0,5.355555555555555,2.6428566661899566,482.0,132.0,0.03295880149812734,0.2247191011235955,0.7752808988764045,86.0,0.7527777777777778,0.364221824686941,0.3563730639827789,0.0,0.0,32.0,86.0,0.0
j90_121.rcp,90.0,4.0,5.055555555555555,2.9339435392246433,455.0,132.0,0.03295880149812734,0.21348314606741572,0.7865168539325843,82.0,1.0,1.4701219512195123,1.4458742046659598,0.0,0.0,121.0,169.0,48.0
j90_122.rcp,90.0,4.0,5.822222222222222,2.7871840738868316,524.0,132.0,0.03295880149812734,0.21697877652933834,0.7830212234706617,77.0,1.0,1.441017316017316,1.409383241279793,0.0,0.0,111.0,156.0,45.0
j90_123.rcp,90.0,4.0,5.277777777777778,2.800903734224913,475.0,132.0,0.03295880149812734,0.2132334581772784,0.7867665418227217,80.0,1.0,1.271153846153846,1.162809342874867,0.0,0.0,102.0,144.0,42.0
j90_124.rcp,90.0,4.0,5.5,2.8411656449813383,495.0,132.0,0.03295880149812734,0.20774032459425718,0.7922596754057428,81.0,1.0,1.2921810699588476,1.2155790711346266,0.0,0.0,105.0,143.0,38.0
j90_125.rcp,90.0,4.0,5.533333333333333,2.982169232846006,498.0,132.0,0.03295880149812734,0.2079900124843945,0.7920099875156055,79.0,1.0,1.344523940561365,1.2544571555507544,0.0,0.0,107.0,154.0,47.0
j90_126.rcp,90.0,4.0,5.322222222222222,2.9956552901300157,479.0,132.0,0.03295880149812734,0.21173533083645443,0.7882646691635455,76.0,1.0,1.4838056680161944,1.3882338056680164,0.0,0.0,113.0,155.0,42.0
j90_127.rcp,90.0,4.0,5.544444444444444,2.8486297334024813,499.0,132.0,0.03295880149812734,0.2184769038701623,0.7815230961298377,89.0,1.0,1.2364435759648267,1.2023651594926632,0.0,0.0,111.0,161.0,50.0
j90_128.rcp,90.0,4.0,5.511111111111111,2.9145018421085824,496.0,132.0,0.03295880149812734,0.17428214731585517,0.8257178526841449,59.0,1.0,1.8401937046004844,1.714274073384243,0.0,0.0,109.0,135.0,26.0
j90_129.rcp,90.0,4.0,4.833333333333333,2.7294688127912363,435.0,132.0,0.03295880149812734,0.2317103620474407,0.7682896379525593,82.0,1.0,1.3847006651884701,1.298278824833703,0.0,0.0,114.0,162.0,48.0
j90_13.rcp,90.0,4.0,5.4,2.7519689920733725,486.0,132.0,0.03295880149812734,0.19101123595505617,0.8089887640449438,75.0,0.25,0.4905263157894737,0.42365009746588694,7.0,0.0021604938271604936,37.0,75.0,0.0
j90_130.rcp,90.0,4.0,5.411111111111111,2.9017023526216255,487.0,132.0,0.03295880149812734,0.18202247191011237,0.8179775280898877,70.0,1.0,1.5691428571428572,1.5080824175824177,0.0,0.0,110.0,152.0,42.0
j90_131.rcp,90.0,4.0,5.555555555555555,2.9178040110524184,500.0,132.0,0.03295880149812734,0.20224719101123595,0.797752808988764,89.0,1.0,0.7095094546451083,0.6806861442672933,0.0,0.0,64.0,101.0,12.0
j90_132.rcp,90.0,4.0,5.2555555555555555,2.742914553338033,473.0,132.0,0.03295880149812734,0.19450686641697879,0.8054931335830212,79.0,1.0,0.7561181434599156,0.6956251893187937,0.0,0.0,60.0,102.0,23.0
j90_133.rcp,90.0,4.0,5.533333333333333,2.7211108842611402,498.0,132.0,0.03295880149812734,0.19875156054931337,0.8012484394506867,94.0,1.0,0.6256648936170213,0.5692754693779865,0.0,0.0,59.0,106.0,12.0
j90_134.rcp,90.0,4.0,5.544444444444444,2.761485554757766,499.0,132.0,0.03295880149812734,0.23645443196004995,0.7635455680399501,88.0,1.0,0.737401185770751,0.6872274416189401,0.0,0.0,65.0,102.0,14.0
j90_135.rcp,90.0,4.0,5.466666666666667,3.0594117081556713,492.0,132.0,0.03295880149812734,0.18576779026217227,0.8142322097378277,84.0,1.0,0.6552684903748733,0.6338481718507976,0.0,0.0,56.0,91.0,7.0
j90_136.rcp,90.0,4.0,5.7,2.6851443164195103,513.0,132.0,0.03295880149812734,0.199250936329588,0.800749063670412,76.0,1.0,0.828125,0.7884690532848078,0.0,0.0,63.0,96.0,20.0
j90_137.rcp,90.0,4.0,5.555555555555555,2.9631481423614727,500.0,132.0,0.03295880149812734,0.20449438202247192,0.7955056179775281,86.0,1.0,0.5579489134578727,0.5225357690629913,0.0,0.0,48.0,95.0,9.0
j90_138.rcp,90.0,4.0,5.7444444444444445,2.7711253675121115,517.0,132.0,0.03295880149812734,0.19550561797752808,0.8044943820224719,80.0,1.0,0.7239583333333334,0.6954494083958369,0.0,0.0,58.0,93.0,13.0
j90_139.rcp,90.0,4.0,5.911111111111111,2.7834608531444545,532.0,132.0,0.03295880149812734,0.23021223470661673,0.7697877652933833,112.0,1.0,0.6986607142857143,0.6242600619462901,0.0,0.0,79.0,128.0,16.0
j90_14.rcp,90.0,4.0,5.2555555555555555,2.830630519125106,473.0,132.0,0.03295880149812734,0.19625468164794008,0.80374531835206,70.0,0.25,0.49894179894179896,0.43231711525189787,0.0,0.0,35.0,80.0,10.0
j90_140.rcp,90.0,4.0,5.533333333333333,3.1664912232101114,498.0,132.0,0.03295880149812734,0.20599250936329588,0.7940074906367041,85.0,1.0,0.7330532212885154,0.6921582273935215,0.0,0.0,63.0,94.0,9.0
j90_141.rcp,90.0,4.0,5.011111111111111,3.0604808788614486,451.0,132.0,0.03295880149812734,0.2157303370786517,0.7842696629213484,76.0,1.0,0.5163000785545955,0.4948982205676423,0.0,0.0,40.0,92.0,16.0
j90_142.rcp,90.0,4.0,5.566666666666666,2.6121510931286753,501.0,132.0,0.03295880149812734,0.17752808988764046,0.8224719101123595,71.0,1.0,0.6451207243460765,0.596898694063296,0.0,0.0,46.0,82.0,11.0
j90_143.rcp,90.0,4.0,5.333333333333333,2.6541372316525846,480.0,132.0,0.03295880149812734,0.20324594257178527,0.7967540574282147,82.0,1.0,0.6005522319374137,0.5556813954324664,0.0,0.0,50.0,87.0,5.0
j90_144.rcp,90.0,4.0,5.533333333333333,3.0044411571316667,498.0,132.0,0.03295880149812734,0.17827715355805243,0.8217228464419476,92.0,1.0,0.4717046238785369,0.4471852855005029,0.0,0.0,44.0,92.0,0.0
j90_145.rcp,90.0,4.0,5.533333333333333,2.7047283700134392,498.0,132.0,0.03295880149812734,0.23196004993757802,0.768039950062422,93.0,1.0,0.6444600280504909,0.5997116693615674,0.0,0.0,60.0,102.0,9.0
j90_146.rcp,90.0,4.0,5.455555555555556,2.8408180007843247,491.0,132.0,0.03295880149812734,0.18826466916354556,0.8117353308364544,61.0,1.0,0.7001663102874792,0.640253547167529,0.0,0.0,43.0,70.0,9.0
j90_147.rcp,90.0,4.0,5.266666666666667,2.931817790306136,474.0,132.0,0.03295880149812734,0.18851435705368288,0.8114856429463171,82.0,1.0,0.6349416755037116,0.5512399928271974,0.0,0.0,53.0,82.0,0.0
j90_148.rcp,90.0,4.0,5.3,3.1391789443171993,477.0,132.0,0.03295880149812734,0.2194756554307116,0.7805243445692884,82.0,1.0,0.6718821905200184,0.5942702375442487,0.0,0.0,56.0,91.0,9.0
j90_149.rcp,90.0,4.0,5.544444444444444,3.0079934659766177,499.0,132.0,0.03295880149812734,0.2209737827715356,0.7790262172284644,83.0,1.0,0.53407917383821,0.4954524866382825,0.0,0.0,45.0,87.0,4.0
j90_15.rcp,90.0,4.0,5.677777777777778,2.939492691596735,511.0,132.0,0.03295880149812734,0.22347066167290885,0.7765293383270911,100.0,0.25,0.4093333333333333,0.3678514784946237,48.0,0.015434083601286173,41.0,110.0,10.0
j90_150.rcp,90.0,4.0,5.333333333333333,2.422120283277993,480.0,132.0,0.03295880149812734,0.22896379525593008,0.77103620474407,78.0,1.0,0.6683389074693422,0.5847460884942144,0.0,0.0,53.0,84.0,6.0
j90_151.rcp,90.0,4.0,5.655555555555556,2.7493882596805306,509.0,132.0,0.03295880149812734,0.22272159800249688,0.7772784019975031,85.0,1.0,0.4312156862745098,0.36694861417088004,0.0,0.0,37.0,85.0,0.0
j90_152.rcp,90.0,4.0,5.277777777777778,2.792958518122068,475.0,132.0,0.03295880149812734,0.19750312109862672,0.8024968789013733,71.0,1.0,0.49039692701664533,0.45657588494428814,0.0,0.0,35.0,71.0,0.0
j90_153.rcp,90.0,4.0,5.533333333333333,2.840970100355002,498.0,132.0,0.03295880149812734,0.20724094881398253,0.7927590511860174,73.0,1.0,0.5524488647025708,0.5298037894425585,0.0,0.0,41.0,73.0,0.0
j90_154.rcp,90.0,4.0,5.444444444444445,2.8445312486754926,490.0,132.0,0.03295880149812734,0.1937578027465668,0.8062421972534333,69.0,1.0,0.4855072463768116,0.4675975303994628,0.0,0.0,34.0,69.0,0.0
j90_155.rcp,90.0,4.0,5.066666666666666,2.8627880738111853,456.0,132.0,0.03295880149812734,0.2202247191011236,0.7797752808988764,71.0,1.0,0.4593716143011918,0.42018073710664255,0.0,0.0,33.0,71.0,0.0
j90_156.rcp,90.0,4.0,5.911111111111111,2.9838247060682384,532.0,132.0,0.03295880149812734,0.1912609238451935,0.8087390761548066,74.0,1.0,0.3635376447876448,0.34669668060482595,0.0,0.0,27.0,74.0,0.0
j90_157.rcp,90.0,4.0,4.8,2.891366458960192,432.0,132.0,0.03295880149812734,0.2079900124843945,0.7920099875156055,65.0,1.0,0.4519893899204244,0.4442655049299437,0.0,0.0,30.0,65.0,0.0
j90_158.rcp,90.0,4.0,5.311111111111111,2.931228200845526,478.0,132.0,0.03295880149812734,0.24469413233458176,0.7553058676654183,71.0,1.0,0.4236429814844121,0.40081636662957915,0.0,0.0,31.0,71.0,0.0
j90_159.rcp,90.0,4.0,5.855555555555555,2.6185709041855088,527.0,132.0,0.03295880149812734,0.20923845193508114,0.7907615480649188,66.0,1.0,0.5969696969696969,0.5262632419468503,0.0,0.0,40.0,66.0,0.0
j90_16.rcp,90.0,4.0,5.211111111111111,2.7868518456991116,469.0,132.0,0.03295880149812734,0.20574282147315856,0.7942571785268414,67.0,0.25,0.5432835820895522,0.43512560512970366,1.0,0.00031436655139893113,37.0,67.0,0.0
j90_160.rcp,90.0,4.0,5.022222222222222,2.64565798485736,452.0,132.0,0.03295880149812734,0.2087390761548065,0.7912609238451935,71.0,1.0,0.49258215962441315,0.46686288116792196,0.0,0.0,35.0,71.0,0.0
j90_161.rcp,90.0,4.0,5.7,2.7906590221268126,513.0,160.0,0.039950062421972535,0.2791510611735331,0.720848938826467,78.0,0.25,0.8736263736263736,0.6814426892551892,154.0,0.05334257014201593,69.0,114.0,36.0
j90_162.rcp,90.0,4.0,5.511111111111111,3.2050115078470625,496.0,160.0,0.039950062421972535,0.29612983770287143,0.7038701622971286,87.0,0.25,0.8390804597701149,0.5910856384994316,175.0,0.06207875133025896,73.0,120.0,33.0
j90_163.rcp,90.0,4.0,5.5777777777777775,2.9887856239905934,502.0,160.0,0.039950062421972535,0.3118601747815231,0.6881398252184769,86.0,0.25,0.6286337209302325,0.5126218365253077,85.0,0.030841799709724237,55.0,101.0,15.0
j90_164.rcp,90.0,4.0,5.344444444444444,2.7045686084891045,481.0,160.0,0.039950062421972535,0.3348314606741573,0.6651685393258426,92.0,0.25,0.596989966555184,0.4817845198279981,125.0,0.04692192192192193,55.0,118.0,26.0
j90_165.rcp,90.0,4.0,5.111111111111111,2.888461506848102,460.0,160.0,0.039950062421972535,0.32134831460674157,0.6786516853932585,109.0,0.25,0.5478374836173001,0.4226696850550062,167.0,0.06144223693892567,60.0,120.0,11.0
j90_166.rcp,90.0,4.0,5.533333333333333,2.89904198735452,498.0,160.0,0.039950062421972535,0.3088639200998752,0.6911360799001248,91.0,0.25,0.716821639898563,0.5459636517328824,174.0,0.06286127167630058,66.0,106.0,15.0
j90_167.rcp,90.0,4.0,5.344444444444444,2.7534265969317864,481.0,160.0,0.039950062421972535,0.28414481897627963,0.7158551810237204,73.0,0.25,0.7219983883964545,0.6069353189115477,116.0,0.04046041158004883,53.0,98.0,25.0
j90_168.rcp,90.0,4.0,5.5777777777777775,2.977611935680365,502.0,160.0,0.039950062421972535,0.31485642946317105,0.685143570536829,101.0,0.25,0.6831683168316832,0.5662033511043413,216.0,0.07871720116618076,69.0,135.0,34.0
j90_169.rcp,90.0,4.0,5.366666666666666,2.938064366589374,483.0,160.0,0.039950062421972535,0.32309612983770286,0.6769038701622971,80.0,0.25,0.7339285714285714,0.6853290979853479,218.0,0.08041313168572482,59.0,122.0,42.0
j90_17.rcp,90.0,4.0,5.733333333333333,2.893671255228094,516.0,132.0,0.03295880149812734,0.20249687890137327,0.7975031210986268,92.0,0.25,0.4622425629290618,0.36757720809058986,3.0,0.000939261114589856,43.0,103.0,11.0
j90_170.rcp,90.0,4.0,5.488888888888889,2.650972335009865,494.0,160.0,0.039950062421972535,0.31310861423220976,0.6868913857677903,81.0,0.25,0.8290598290598291,0.6404426977343645,167.0,0.060705198109778265,68.0,101.0,20.0
j90_171.rcp,90.0,4.0,5.977777777777778,2.7283604265719643,538.0,160.0,0.039950062421972535,0.31510611735330835,0.6848938826466917,101.0,0.25,0.48184818481848185,0.38391957616814315,3.0,0.0010936930368209987,49.0,102.0,1.0
j90_172.rcp,90.0,4.0,5.488888888888889,2.8096834319286437,494.0,160.0,0.039950062421972535,0.2801498127340824,0.7198501872659175,94.0,0.25,0.4977603583426652,0.383876913027249,1.0,0.00034686090877558104,47.0,98.0,4.0
j90_173.rcp,90.0,4.0,5.533333333333333,2.9105173270590763,498.0,160.0,0.039950062421972535,0.2983770287141074,0.7016229712858926,83.0,0.25,0.5125958378970427,0.4250279322685653,9.0,0.0032028469750889684,43.0,88.0,5.0
j90_174.rcp,90.0,4.0,5.888888888888889,2.810474236156376,530.0,160.0,0.039950062421972535,0.3136079900124844,0.6863920099875156,98.0,0.25,0.43501611170784105,0.36779536185183453,8.0,0.0029101491451436886,43.0,105.0,7.0
j90_175.rcp,90.0,4.0,5.622222222222222,2.8889743577100457,506.0,160.0,0.039950062421972535,0.30611735330836454,0.6938826466916355,90.0,0.25,0.5145833333333333,0.40345810439560437,47.0,0.01691255847427132,47.0,107.0,17.0
j90_176.rcp,90.0,4.0,5.711111111111111,2.9335016786709756,514.0,160.0,0.039950062421972535,0.3006242197253433,0.6993757802746567,83.0,0.25,0.5507745266781411,0.4549378407038148,12.0,0.004284184219921456,46.0,91.0,8.0
j90_177.rcp,90.0,4.0,4.8,2.6799668322989043,432.0,160.0,0.039950062421972535,0.3300873907615481,0.669912609238452,73.0,0.25,0.6070656092285508,0.44472977366865996,15.0,0.005590756615728662,45.0,76.0,3.0
j90_178.rcp,90.0,4.0,5.7,2.8025781781146524,513.0,160.0,0.039950062421972535,0.31510611735330835,0.6848938826466917,92.0,0.25,0.41915760869565216,0.35178733178053834,12.0,0.004374772147283995,39.0,92.0,0.0
j90_179.rcp,90.0,4.0,5.266666666666667,2.95070613017743,474.0,160.0,0.039950062421972535,0.31061173533083647,0.6893882646691636,79.0,0.25,0.43498273878020716,0.35132743690806434,0.0,0.0,35.0,82.0,3.0
j90_18.rcp,90.0,4.0,5.977777777777778,2.8673556450258713,538.0,132.0,0.03295880149812734,0.19300873907615482,0.8069912609238452,82.0,0.25,0.4653401797175867,0.4154400527861979,5.0,0.001547029702970297,39.0,84.0,2.0
j90_180.rcp,90.0,4.0,5.488888888888889,2.6635166580395775,494.0,160.0,0.039950062421972535,0.33857677902621724,0.6614232209737827,94.0,0.25,0.49240121580547114,0.39616161414173734,3.0,0.0011325028312570784,47.0,98.0,4.0
j90_181.rcp,90.0,4.0,5.5777777777777775,2.859595067595635,502.0,160.0,0.039950062421972535,0.2868913857677903,0.7131086142322097,98.0,0.25,0.3726530612244898,0.3074324145242513,0.0,0.0,37.0,99.0,1.0
j90_182.rcp,90.0,4.0,5.1,3.0697448319580785,459.0,160.0,0.039950062421972535,0.3006242197253433,0.6993757802746567,83.0,0.25,0.4612736660929432,0.34325237457767577,18.0,0.006426276329882184,39.0,83.0,0.0
j90_183.rcp,90.0,4.0,5.522222222222222,2.7130457578062734,497.0,160.0,0.039950062421972535,0.3111111111111111,0.6888888888888889,89.0,0.25,0.39325842696629215,0.3119529596156978,3.0,0.0010873504893077202,35.0,90.0,1.0
j90_184.rcp,90.0,4.0,5.622222222222222,3.027935775694127,506.0,160.0,0.039950062421972535,0.29463171036204744,0.7053682896379525,77.0,0.25,0.4745670995670996,0.371050498363117,4.0,0.001415929203539823,37.0,82.0,5.0
j90_185.rcp,90.0,4.0,4.466666666666667,2.612789058968723,402.0,160.0,0.039950062421972535,0.28963795255930086,0.7103620474406991,66.0,0.25,0.4270482603815937,0.3346931617764951,6.0,0.00210896309314587,29.0,70.0,4.0
j90_186.rcp,90.0,4.0,5.633333333333334,2.968164415931166,507.0,160.0,0.039950062421972535,0.3660424469413233,0.6339575530586767,136.0,0.25,0.31176470588235294,0.2524477973007385,20.0,0.00787711697518708,43.0,138.0,2.0
j90_187.rcp,90.0,4.0,5.177777777777778,2.9233837995559484,466.0,160.0,0.039950062421972535,0.30786516853932583,0.6921348314606741,66.0,0.25,0.5536130536130536,0.4290913947163947,0.0,0.0,37.0,69.0,3.0
j90_188.rcp,90.0,4.0,5.655555555555556,2.8251297359044165,509.0,160.0,0.039950062421972535,0.2948813982521848,0.7051186017478153,91.0,0.25,0.3860487338748208,0.33314222009874184,0.0,0.0,36.0,91.0,0.0
j90_189.rcp,90.0,4.0,6.011111111111111,2.6603861225370378,541.0,160.0,0.039950062421972535,0.31985018726591763,0.6801498127340824,121.0,0.25,0.3349282296650718,0.2804465674706989,0.0,0.0,41.0,124.0,3.0
j90_19.rcp,90.0,4.0,5.766666666666667,2.9061238025169462,519.0,132.0,0.03295880149812734,0.2062421972534332,0.7937578027465668,79.0,0.25,0.5543430816237451,0.42118447444451373,24.0,0.007549543881723813,44.0,94.0,15.0
j90_190.rcp,90.0,4.0,5.322222222222222,2.991943915761411,479.0,160.0,0.039950062421972535,0.300374531835206,0.699625468164794,85.0,0.25,0.3595907928388747,0.2929282644413793,0.0,0.0,31.0,88.0,3.0
j90_191.rcp,90.0,4.0,6.033333333333333,2.758622844826744,543.0,160.0,0.039950062421972535,0.2951310861423221,0.7048689138576779,85.0,0.25,0.3756862745098039,0.2901759678230267,0.0,0.0,32.0,85.0,0.0
j90_192.rcp,90.0,4.0,5.555555555555555,2.8445312486754926,500.0,160.0,0.039950062421972535,0.3188514357053683,0.6811485642946318,76.0,0.25,0.423444976076555,0.32347559239006607,0.0,0.0,33.0,76.0,0.0
j90_193.rcp,90.0,4.0,5.7555555555555555,2.8647711217908687,518.0,160.0,0.039950062421972535,0.2624219725343321,0.7375780274656679,86.0,0.25,0.3451374207188161,0.2840909090909091,0.0,0.0,30.0,86.0,0.0
j90_194.rcp,90.0,4.0,5.544444444444444,2.688085279364441,499.0,160.0,0.039950062421972535,0.3278401997503121,0.6721598002496879,86.0,0.25,0.36175710594315247,0.308882491295282,0.0,0.0,32.0,86.0,0.0
j90_195.rcp,90.0,4.0,5.277777777777778,3.0841090115399177,475.0,160.0,0.039950062421972535,0.28639200998751563,0.7136079900124843,88.0,0.25,0.32205578512396693,0.24135549562604322,0.0,0.0,29.0,88.0,0.0
j90_196.rcp,90.0,4.0,5.6,3.043389922803554,504.0,160.0,0.039950062421972535,0.29712858926342073,0.7028714107365792,83.0,0.25,0.3098106712564544,0.27849819190180636,3.0,0.0010657193605683839,26.0,83.0,0.0
j90_197.rcp,90.0,4.0,5.333333333333333,2.7888667551135855,480.0,160.0,0.039950062421972535,0.31560549313358305,0.684394506866417,82.0,0.25,0.2904245709123758,0.24011564078958172,0.0,0.0,24.0,82.0,0.0
j90_198.rcp,90.0,4.0,6.133333333333334,2.781686139336675,552.0,160.0,0.039950062421972535,0.2858926342072409,0.714107365792759,85.0,0.25,0.40542986425339367,0.32303431862255394,5.0,0.0017482517482517483,35.0,85.0,0.0
j90_199.rcp,90.0,4.0,4.711111111111111,2.8606310276830897,424.0,160.0,0.039950062421972535,0.300374531835206,0.699625468164794,76.0,0.25,0.2818825910931174,0.2283149712255883,0.0,0.0,22.0,76.0,0.0
j90_2.rcp,90.0,4.0,5.311111111111111,2.771459480909109,478.0,132.0,0.03295880149812734,0.2222222222222222,0.7777777777777778,88.0,0.25,0.5481283422459893,0.4835189320483438,107.0,0.03434991974317817,49.0,116.0,28.0
j90_20.rcp,90.0,4.0,5.622222222222222,2.7062798482943244,506.0,132.0,0.03295880149812734,0.2132334581772784,0.7867665418227217,80.0,0.25,0.625,0.4142200630252101,10.0,0.0031735956839098697,50.0,80.0,0.0
j90_200.rcp,90.0,4.0,5.711111111111111,2.7049109430583003,514.0,160.0,0.039950062421972535,0.3203495630461923,0.6796504369538077,89.0,0.25,0.4582664526484751,0.3205201087925807,10.0,0.003673769287288759,41.0,89.0,0.0
j90_201.rcp,90.0,4.0,5.211111111111111,2.754771393799995,469.0,160.0,0.039950062421972535,0.2898876404494382,0.7101123595505618,76.0,0.5027777777777778,1.1924342105263157,1.1062225877192982,297.0,0.10443037974683544,91.0,141.0,50.0
j90_202.rcp,90.0,4.0,5.4,3.025080347876914,486.0,160.0,0.039950062421972535,0.28214731585518105,0.717852684144819,93.0,0.5027777777777778,0.9818548387096774,0.9165341752150775,133.0,0.04626086956521739,92.0,152.0,59.0
j90_203.rcp,90.0,4.0,5.433333333333334,2.9554093531090486,489.0,160.0,0.039950062421972535,0.3235955056179775,0.6764044943820224,101.0,0.5027777777777778,0.9443069306930693,0.8563840759075907,238.0,0.08785529715762273,96.0,160.0,59.0
j90_204.rcp,90.0,4.0,4.855555555555555,2.779133002739088,437.0,160.0,0.039950062421972535,0.32384519350811486,0.6761548064918852,90.0,0.5027777777777778,0.8753968253968254,0.7779135338345864,205.0,0.07570162481536188,79.0,149.0,59.0
j90_205.rcp,90.0,4.0,5.722222222222222,2.538712612407135,515.0,160.0,0.039950062421972535,0.2966292134831461,0.7033707865168539,80.0,0.5027777777777778,1.1308823529411764,1.0116360294117646,177.0,0.06283280085197018,91.0,135.0,44.0
j90_206.rcp,90.0,4.0,5.877777777777778,3.003064278654121,529.0,160.0,0.039950062421972535,0.33632958801498125,0.6636704119850187,87.0,0.5027777777777778,0.9800362976406534,0.8850980985255567,40.0,0.015048908954100828,86.0,141.0,54.0
j90_207.rcp,90.0,4.0,5.288888888888889,2.989776819780829,476.0,160.0,0.039950062421972535,0.34656679151061176,0.6534332084893882,91.0,0.5027777777777778,0.924812030075188,0.8420973652618942,227.0,0.08674054260603745,85.0,138.0,47.0
j90_208.rcp,90.0,4.0,5.811111111111111,2.756384283982851,523.0,160.0,0.039950062421972535,0.3193508114856429,0.6806491885143571,85.0,0.5027777777777778,1.076470588235294,1.0116673875432525,109.0,0.03998532648569332,92.0,144.0,52.0
j90_209.rcp,90.0,4.0,5.666666666666667,2.9552213679068666,510.0,160.0,0.039950062421972535,0.2906367041198502,0.7093632958801498,91.0,0.5027777777777778,0.9928894634776988,0.8988611470229118,219.0,0.07708553326293559,91.0,156.0,65.0
j90_21.rcp,90.0,4.0,4.9222222222222225,2.9523165208876527,443.0,132.0,0.03295880149812734,0.2254681647940075,0.7745318352059924,81.0,0.25,0.5027160493827161,0.3132283146463254,0.0,0.0,41.0,82.0,1.0
j90_210.rcp,90.0,4.0,5.311111111111111,3.075510596973902,478.0,160.0,0.039950062421972535,0.3013732833957553,0.6986267166042447,81.0,0.5027777777777778,1.0817901234567902,0.9561456784359834,127.0,0.045389563974267334,88.0,145.0,57.0
j90_211.rcp,90.0,4.0,5.433333333333334,2.83254891102225,489.0,160.0,0.039950062421972535,0.3240948813982522,0.6759051186017477,108.0,0.5027777777777778,0.6296296296296297,0.49251041303843035,0.0,0.0,68.0,122.0,14.0
j90_212.rcp,90.0,4.0,5.388888888888889,2.8311538458313126,485.0,160.0,0.039950062421972535,0.316354556803995,0.6836454431960051,85.0,0.5027777777777778,0.6207058823529412,0.529421642341147,0.0,0.0,53.0,99.0,14.0
j90_213.rcp,90.0,4.0,5.633333333333334,2.742464422943552,507.0,160.0,0.039950062421972535,0.3250936329588015,0.6749063670411986,83.0,0.5027777777777778,0.6720214190093708,0.5989441894562376,0.0,0.0,56.0,99.0,16.0
j90_214.rcp,90.0,4.0,5.7555555555555555,2.7861208042370436,518.0,160.0,0.039950062421972535,0.31660424469413234,0.6833957553058676,96.0,0.5027777777777778,0.6446759259259259,0.5630256603089265,1.0,0.0003653635367190355,62.0,108.0,12.0
j90_215.rcp,90.0,4.0,5.333333333333333,2.8087165910587863,480.0,160.0,0.039950062421972535,0.3161048689138577,0.6838951310861423,96.0,0.5027777777777778,0.5756172839506173,0.5466122901018735,0.0,0.0,56.0,101.0,5.0
j90_216.rcp,90.0,4.0,5.433333333333334,3.137762826530322,489.0,160.0,0.039950062421972535,0.2766541822721598,0.7233458177278402,71.0,0.5027777777777778,0.6391880695940348,0.5990778637670425,0.0,0.0,46.0,80.0,9.0
j90_217.rcp,90.0,4.0,5.4,2.8433157482848164,486.0,160.0,0.039950062421972535,0.3091136079900125,0.6908863920099875,90.0,0.5027777777777778,0.6269230769230769,0.5347442372442373,0.0,0.0,57.0,94.0,4.0
j90_218.rcp,90.0,4.0,5.555555555555555,3.0335571752980806,500.0,160.0,0.039950062421972535,0.2801498127340824,0.7198501872659175,97.0,0.5027777777777778,0.46025939474559363,0.3877972783880801,0.0,0.0,45.0,104.0,7.0
j90_219.rcp,90.0,4.0,5.633333333333334,2.915285387211497,507.0,160.0,0.039950062421972535,0.317103620474407,0.682896379525593,97.0,0.5027777777777778,0.659345584939489,0.628259850861823,0.0,0.0,64.0,119.0,22.0
j90_22.rcp,90.0,4.0,5.277777777777778,2.7407532532246908,475.0,132.0,0.03295880149812734,0.21822721598002498,0.7817727840199751,84.0,0.25,0.33015873015873015,0.29014507318078747,0.0,0.0,28.0,84.0,0.0
j90_220.rcp,90.0,4.0,5.711111111111111,2.8645125412128034,514.0,160.0,0.039950062421972535,0.29038701622971286,0.7096129837702871,75.0,0.5027777777777778,0.7968,0.7021347442680775,0.0,0.0,60.0,95.0,20.0
j90_221.rcp,90.0,4.0,5.588888888888889,2.851488673363615,503.0,160.0,0.039950062421972535,0.2983770287141074,0.7016229712858926,90.0,0.5027777777777778,0.5472222222222223,0.48916890681003583,0.0,0.0,50.0,93.0,3.0
j90_222.rcp,90.0,4.0,5.888888888888889,2.9756211095591993,530.0,160.0,0.039950062421972535,0.2943820224719101,0.70561797752809,84.0,0.5027777777777778,0.4931972789115646,0.43683962946880883,0.0,0.0,42.0,84.0,0.0
j90_223.rcp,90.0,4.0,5.644444444444445,2.762089028700765,508.0,160.0,0.039950062421972535,0.3612983770287141,0.6387016229712859,116.0,0.5027777777777778,0.3706896551724138,0.33092175593443346,0.0,0.0,43.0,117.0,1.0
j90_224.rcp,90.0,4.0,5.488888888888889,2.8411439184652543,494.0,160.0,0.039950062421972535,0.28888888888888886,0.7111111111111111,85.0,0.5027777777777778,0.5729411764705883,0.534269357470756,0.0,0.0,49.0,90.0,5.0
j90_225.rcp,90.0,4.0,5.966666666666667,3.0639480703461306,537.0,160.0,0.039950062421972535,0.3430711610486891,0.6569288389513108,95.0,0.5027777777777778,0.5608552631578947,0.43548854106419893,0.0,0.0,54.0,97.0,2.0
j90_226.rcp,90.0,4.0,4.888888888888889,2.861407751612422,440.0,160.0,0.039950062421972535,0.32709113607990015,0.6729088639200999,87.0,0.5027777777777778,0.5796387520525451,0.45406884717229545,0.0,0.0,51.0,88.0,1.0
j90_227.rcp,90.0,4.0,5.2555555555555555,2.7990518676910385,473.0,160.0,0.039950062421972535,0.2803995006242197,0.7196004993757803,77.0,0.5027777777777778,0.5176252319109462,0.4932513914656772,0.0,0.0,40.0,77.0,0.0
j90_228.rcp,90.0,4.0,5.2555555555555555,2.854085224574733,473.0,160.0,0.039950062421972535,0.31660424469413234,0.6833957553058676,92.0,0.5027777777777778,0.4739906832298137,0.3729294793090294,0.0,0.0,44.0,92.0,0.0
j90_229.rcp,90.0,4.0,5.633333333333334,2.6476404589747453,507.0,160.0,0.039950062421972535,0.3021223470661673,0.6978776529338326,126.0,0.5027777777777778,0.45096371882086167,0.40705480579328507,0.0,0.0,57.0,130.0,4.0
j90_23.rcp,90.0,4.0,5.111111111111111,2.896144734122874,460.0,132.0,0.03295880149812734,0.22496878901373282,0.7750312109862671,71.0,0.25,0.38329979879275655,0.35817691293650494,24.0,0.007731958762886598,28.0,79.0,8.0
j90_230.rcp,90.0,4.0,5.711111111111111,2.7738639093607893,514.0,160.0,0.039950062421972535,0.3208489388264669,0.6791510611735331,87.0,0.5027777777777778,0.5291461412151067,0.4381226544444523,0.0,0.0,47.0,87.0,0.0
j90_231.rcp,90.0,4.0,5.777777777777778,2.6740638144873463,520.0,160.0,0.039950062421972535,0.2729088639200999,0.7270911360799002,84.0,0.5027777777777778,0.4035218253968254,0.34516242977804645,0.0,0.0,34.0,84.0,0.0
j90_232.rcp,90.0,4.0,5.6,2.870540018881465,504.0,160.0,0.039950062421972535,0.30786516853932583,0.6921348314606741,92.0,0.5027777777777778,0.4358345021037868,0.37172390122564747,0.0,0.0,41.0,92.0,0.0
j90_233.rcp,90.0,4.0,4.822222222222222,3.0824873714358874,434.0,160.0,0.039950062421972535,0.27740324594257176,0.7225967540574283,69.0,0.5027777777777778,0.40193236714975844,0.3488875879045832,0.0,0.0,28.0,69.0,0.0
j90_234.rcp,90.0,4.0,5.655555555555556,2.712772714856358,509.0,160.0,0.039950062421972535,0.2876404494382023,0.7123595505617977,81.0,0.5027777777777778,0.4666105499438833,0.44203938093673867,0.0,0.0,38.0,81.0,0.0
j90_235.rcp,90.0,4.0,5.277777777777778,2.890704557630574,475.0,160.0,0.039950062421972535,0.2891385767790262,0.7108614232209738,85.0,0.5027777777777778,0.42254901960784313,0.34530532212885157,0.0,0.0,36.0,85.0,0.0
j90_236.rcp,90.0,4.0,5.655555555555556,2.8251297359044165,509.0,160.0,0.039950062421972535,0.28314606741573034,0.7168539325842697,79.0,0.5027777777777778,0.4033977348434377,0.3555210084123985,0.0,0.0,32.0,79.0,0.0
j90_237.rcp,90.0,4.0,5.666666666666667,2.8047578623950176,510.0,160.0,0.039950062421972535,0.3091136079900125,0.6908863920099875,87.0,0.5027777777777778,0.36960408684546614,0.32211890741073,0.0,0.0,33.0,87.0,0.0
j90_238.rcp,90.0,4.0,5.688888888888889,2.9651473429548316,512.0,160.0,0.039950062421972535,0.30362047440699125,0.6963795255930088,88.0,0.5027777777777778,0.41088516746411485,0.3338131197829896,0.0,0.0,37.0,88.0,0.0
j90_239.rcp,90.0,4.0,5.488888888888889,2.918311705400323,494.0,160.0,0.039950062421972535,0.318601747815231,0.681398252184769,80.0,0.5027777777777778,0.5239583333333333,0.4025236830843449,0.0,0.0,42.0,80.0,0.0
j90_24.rcp,90.0,4.0,5.733333333333333,2.6025628394590847,516.0,132.0,0.03295880149812734,0.2237203495630462,0.7762796504369538,104.0,0.25,0.3804347826086957,0.29112341810920406,0.0,0.0,40.0,104.0,0.0
j90_240.rcp,90.0,4.0,5.533333333333333,2.89904198735452,498.0,160.0,0.039950062421972535,0.3240948813982522,0.6759051186017477,89.0,0.5027777777777778,0.4077990746860542,0.33453267528779757,0.0,0.0,37.0,89.0,0.0
j90_241.rcp,90.0,4.0,5.322222222222222,2.9167248671441883,479.0,160.0,0.039950062421972535,0.30287141073657925,0.6971285892634207,94.0,0.7527777777777778,1.1109422492401215,1.0268173758865249,32.0,0.011461318051575931,105.0,154.0,49.0
j90_242.rcp,90.0,4.0,5.766666666666667,2.836468853267308,519.0,160.0,0.039950062421972535,0.3260923845193508,0.6739076154806491,83.0,0.7527777777777778,1.3499214248297537,1.2522824216119135,0.0,0.0,113.0,176.0,63.0
j90_243.rcp,90.0,4.0,5.011111111111111,2.710040772323236,451.0,160.0,0.039950062421972535,0.2973782771535581,0.702621722846442,77.0,0.7527777777777778,1.3593073593073592,1.2855718842560948,107.0,0.03802416488983653,105.0,155.0,50.0
j90_244.rcp,90.0,4.0,5.5,2.8606526061955395,495.0,160.0,0.039950062421972535,0.2818976279650437,0.7181023720349563,95.0,0.7527777777777778,1.2764542936288088,1.1183649267647964,116.0,0.04033379694019471,122.0,170.0,48.0
j90_245.rcp,90.0,4.0,5.366666666666666,2.896166048032774,483.0,160.0,0.039950062421972535,0.2931335830212235,0.7068664169787765,71.0,0.7527777777777778,1.4741784037558685,1.2860277607675035,70.0,0.02472624514305899,105.0,147.0,42.0
j90_246.rcp,90.0,4.0,5.844444444444444,2.724013016411677,526.0,160.0,0.039950062421972535,0.3046192259675406,0.6953807740324593,79.0,0.7527777777777778,1.3369499698613623,1.228039088502765,0.0,0.0,106.0,150.0,44.0
j90_247.rcp,90.0,4.0,6.022222222222222,2.707921621128064,542.0,160.0,0.039950062421972535,0.2803995006242197,0.7196004993757803,77.0,0.7527777777777778,1.4714285714285715,1.3568800247371675,0.0,0.0,114.0,171.0,57.0
j90_248.rcp,90.0,4.0,6.033333333333333,2.9228981051917176,543.0,160.0,0.039950062421972535,0.3013732833957553,0.6986267166042447,101.0,0.7527777777777778,1.2574257425742574,1.1458028411536805,109.0,0.03895639742673338,127.0,185.0,58.0
j90_249.rcp,90.0,4.0,5.288888888888889,2.7738639093607893,476.0,160.0,0.039950062421972535,0.31410736579275905,0.6858926342072409,80.0,0.7527777777777778,1.114375,1.0792665968899522,0.0,0.0,90.0,135.0,45.0
j90_25.rcp,90.0,4.0,5.644444444444445,2.809947058066362,508.0,132.0,0.03295880149812734,0.20774032459425718,0.7922596754057428,75.0,0.25,0.37714285714285717,0.3276243758372915,15.0,0.004727387330601954,29.0,80.0,5.0
j90_250.rcp,90.0,4.0,5.455555555555556,2.7695210621297406,491.0,160.0,0.039950062421972535,0.29912609238451937,0.7008739076154806,96.0,0.7527777777777778,1.1414473684210527,1.0490732038429407,29.0,0.010331314570716068,110.0,174.0,64.0
j90_251.rcp,90.0,4.0,5.7555555555555555,3.152815711959747,518.0,160.0,0.039950062421972535,0.282896379525593,0.717103620474407,90.0,0.7527777777777778,0.5723456790123457,0.5358374348878225,0.0,0.0,52.0,97.0,7.0
j90_252.rcp,90.0,4.0,5.911111111111111,2.8969119360850613,532.0,160.0,0.039950062421972535,0.31235955056179776,0.6876404494382022,85.0,0.7527777777777778,0.7802656546489564,0.7354058880847585,0.0,0.0,67.0,100.0,15.0
j90_253.rcp,90.0,4.0,5.177777777777778,2.99472787774255,466.0,160.0,0.039950062421972535,0.2958801498127341,0.7041198501872659,80.0,0.7527777777777778,0.7201388888888889,0.655935560981741,0.0,0.0,58.0,95.0,15.0
j90_254.rcp,90.0,4.0,6.066666666666666,2.7760883751542687,546.0,160.0,0.039950062421972535,0.3118601747815231,0.6881398252184769,96.0,0.7527777777777778,0.8329613095238095,0.7680407323095705,0.0,0.0,80.0,114.0,18.0
j90_255.rcp,90.0,4.0,5.366666666666666,2.896166048032774,483.0,160.0,0.039950062421972535,0.2978776529338327,0.7021223470661673,82.0,0.7527777777777778,0.8617886178861789,0.7615438282359015,0.0,0.0,71.0,103.0,21.0
j90_256.rcp,90.0,4.0,5.811111111111111,2.855382614737158,523.0,160.0,0.039950062421972535,0.30511860174781524,0.6948813982521848,108.0,0.7527777777777778,0.501661918328585,0.47955227555281915,0.0,0.0,55.0,113.0,5.0
j90_257.rcp,90.0,4.0,5.188888888888889,2.981030561714613,467.0,160.0,0.039950062421972535,0.29213483146067415,0.7078651685393258,82.0,0.7527777777777778,0.7350332594235033,0.6899675707848406,0.0,0.0,61.0,95.0,13.0
j90_258.rcp,90.0,4.0,5.911111111111111,2.854409627398922,532.0,160.0,0.039950062421972535,0.3193508114856429,0.6806491885143571,82.0,0.7527777777777778,0.7975609756097561,0.7127739051258322,0.0,0.0,66.0,101.0,19.0
j90_259.rcp,90.0,4.0,5.466666666666667,2.8952067667477954,492.0,160.0,0.039950062421972535,0.29363295880149815,0.7063670411985019,87.0,0.7527777777777778,0.7491082045184304,0.6681837379229522,0.0,0.0,66.0,112.0,25.0
j90_26.rcp,90.0,4.0,5.1,2.569262756339085,459.0,132.0,0.03295880149812734,0.22446941323345818,0.7755305867665419,68.0,0.25,0.42211328976034856,0.36654562461787527,0.0,0.0,29.0,74.0,6.0
j90_260.rcp,90.0,4.0,5.122222222222222,2.8001102271072504,461.0,160.0,0.039950062421972535,0.30611735330836454,0.6938826466916355,92.0,0.7527777777777778,0.5100742311770944,0.4709516848807789,0.0,0.0,47.0,92.0,0.0
j90_261.rcp,90.0,4.0,5.366666666666666,2.605336403955884,483.0,160.0,0.039950062421972535,0.3203495630461923,0.6796504369538077,96.0,0.7527777777777778,0.6085858585858586,0.5646586783179526,0.0,0.0,59.0,98.0,2.0
j90_262.rcp,90.0,4.0,6.044444444444444,2.699428380277371,544.0,160.0,0.039950062421972535,0.27016229712858925,0.7298377028714107,81.0,0.7527777777777778,0.5852859662383472,0.5531940443309866,0.0,0.0,48.0,96.0,15.0
j90_263.rcp,90.0,4.0,5.377777777777778,2.7751988027998515,484.0,160.0,0.039950062421972535,0.29812734082397,0.70187265917603,91.0,0.7527777777777778,0.6379905808477238,0.582780612244898,0.0,0.0,59.0,99.0,8.0
j90_264.rcp,90.0,4.0,5.644444444444445,2.8686470334408756,508.0,160.0,0.039950062421972535,0.30187265917602996,0.6981273408239701,79.0,0.7527777777777778,0.6279147235176549,0.5560402666972636,0.0,0.0,50.0,86.0,7.0
j90_265.rcp,90.0,4.0,5.433333333333334,3.0296681153038674,489.0,160.0,0.039950062421972535,0.3250936329588015,0.6749063670411986,99.0,0.7527777777777778,0.5203194738078459,0.4529361603697152,0.0,0.0,52.0,100.0,1.0
j90_266.rcp,90.0,4.0,5.622222222222222,2.799118026878299,506.0,160.0,0.039950062421972535,0.30287141073657925,0.6971285892634207,87.0,0.7527777777777778,0.5584707646176912,0.5085139304233801,0.0,0.0,49.0,91.0,4.0
j90_267.rcp,90.0,4.0,5.088888888888889,2.7874498279269306,458.0,160.0,0.039950062421972535,0.2866416978776529,0.7133583021223471,73.0,0.7527777777777778,0.5326899128268991,0.5171973210205626,0.0,0.0,39.0,76.0,3.0
j90_268.rcp,90.0,4.0,4.977777777777778,2.7687854448306704,448.0,160.0,0.039950062421972535,0.2686641697877653,0.7313358302122347,72.0,0.7527777777777778,0.48838383838383836,0.4557886492614315,0.0,0.0,36.0,73.0,1.0
j90_269.rcp,90.0,4.0,6.066666666666666,2.6616619703569504,546.0,160.0,0.039950062421972535,0.2973782771535581,0.702621722846442,84.0,0.7527777777777778,0.6045918367346939,0.5111064965300636,0.0,0.0,51.0,97.0,13.0
j90_27.rcp,90.0,4.0,5.0777777777777775,3.148995528657698,457.0,132.0,0.03295880149812734,0.20724094881398253,0.7927590511860174,87.0,0.25,0.384807596201899,0.292376468015992,5.0,0.0015748031496062994,34.0,88.0,1.0
j90_270.rcp,90.0,4.0,5.633333333333334,2.853652630109932,507.0,160.0,0.039950062421972535,0.3048689138576779,0.6951310861423221,97.0,0.7527777777777778,0.49752577319587626,0.4712145242754534,0.0,0.0,49.0,106.0,9.0
j90_271.rcp,90.0,4.0,5.444444444444445,2.9967060105356094,490.0,160.0,0.039950062421972535,0.2898876404494382,0.7101123595505618,80.0,0.7527777777777778,0.4102272727272727,0.36362450049950046,0.0,0.0,33.0,80.0,0.0
j90_272.rcp,90.0,4.0,5.333333333333333,2.6076809620810595,480.0,160.0,0.039950062421972535,0.28888888888888886,0.7111111111111111,76.0,0.7527777777777778,0.44298245614035087,0.3949076457016135,0.0,0.0,34.0,76.0,0.0
j90_273.rcp,90.0,4.0,5.5,2.825479310370779,495.0,160.0,0.039950062421972535,0.2794007490636704,0.7205992509363296,86.0,0.7527777777777778,0.5552325581395349,0.4677172032978346,0.0,0.0,48.0,86.0,0.0
j90_274.rcp,90.0,4.0,5.555555555555555,2.741091068701217,500.0,160.0,0.039950062421972535,0.3006242197253433,0.6993757802746567,78.0,0.7527777777777778,0.5204178537511871,0.47522604376603783,0.0,0.0,41.0,78.0,0.0
j90_275.rcp,90.0,4.0,5.677777777777778,2.931923061662119,511.0,160.0,0.039950062421972535,0.2876404494382023,0.7123595505617977,88.0,0.7527777777777778,0.40314685314685317,0.35507988298709336,0.0,0.0,36.0,88.0,0.0
j90_276.rcp,90.0,4.0,5.866666666666666,2.6297443897754693,528.0,160.0,0.039950062421972535,0.3408239700374532,0.6591760299625469,102.0,0.7527777777777778,0.36730899256254224,0.3448294167500148,0.0,0.0,38.0,102.0,0.0
j90_277.rcp,90.0,4.0,5.511111111111111,2.663516658039578,496.0,160.0,0.039950062421972535,0.318601747815231,0.681398252184769,97.0,0.7527777777777778,0.46371134020618554,0.3816098166070552,0.0,0.0,45.0,97.0,0.0
j90_278.rcp,90.0,4.0,5.388888888888889,2.7475016709910776,485.0,160.0,0.039950062421972535,0.33607990012484396,0.663920099875156,110.0,0.7527777777777778,0.47174447174447176,0.4221399296611161,0.0,0.0,52.0,110.0,0.0
j90_279.rcp,90.0,4.0,5.222222222222222,2.694759431760417,470.0,160.0,0.039950062421972535,0.35006242197253434,0.6499375780274657,120.0,0.7527777777777778,0.4517094017094017,0.3103314057805178,0.0,0.0,55.0,120.0,0.0
j90_28.rcp,90.0,4.0,5.522222222222222,2.8876279299328704,497.0,132.0,0.03295880149812734,0.22147315855181024,0.7785268414481897,86.0,0.25,0.41304347826086957,0.30958490728460397,0.0,0.0,36.0,89.0,3.0
j90_280.rcp,90.0,4.0,4.911111111111111,2.5238614350256783,442.0,160.0,0.039950062421972535,0.2554307116104869,0.7445692883895131,68.0,0.7527777777777778,0.41452205882352944,0.3754044117647059,0.0,0.0,29.0,68.0,0.0
j90_281.rcp,90.0,4.0,4.944444444444445,2.9225601832453956,445.0,160.0,0.039950062421972535,0.32908863920099873,0.6709113607990013,96.0,1.0,1.2390046296296295,1.1393084490740741,59.0,0.02195757350204689,119.0,174.0,55.0
j90_282.rcp,90.0,4.0,5.5,2.895398648430529,495.0,160.0,0.039950062421972535,0.3153558052434457,0.6846441947565542,76.0,1.0,1.5240274599542334,1.3716052359158768,0.0,0.0,116.0,161.0,45.0
j90_283.rcp,90.0,4.0,5.433333333333334,2.8984670277771167,489.0,160.0,0.039950062421972535,0.3153558052434457,0.6846441947565542,87.0,1.0,1.4815486993345433,1.3955115174242452,19.0,0.0069292487235594466,129.0,180.0,51.0
j90_284.rcp,90.0,4.0,5.333333333333333,2.917380864938809,480.0,160.0,0.039950062421972535,0.332334581772784,0.6676654182272159,87.0,1.0,1.5374931581828133,1.4405685550082103,0.0,0.0,134.0,186.0,52.0
j90_285.rcp,90.0,4.0,5.411111111111111,2.546869295797596,487.0,160.0,0.039950062421972535,0.32284644194756557,0.6771535580524344,96.0,1.0,1.1385030864197532,1.0505660909306742,0.0,0.0,110.0,164.0,54.0
j90_286.rcp,90.0,4.0,5.7,2.790659022126813,513.0,160.0,0.039950062421972535,0.27640449438202247,0.7235955056179775,77.0,1.0,1.4175824175824177,1.3955544455544455,0.0,0.0,110.0,141.0,31.0
j90_287.rcp,90.0,4.0,5.711111111111111,2.809683431928644,514.0,160.0,0.039950062421972535,0.28789013732833957,0.7121098626716604,103.0,1.0,1.4897518878101403,1.3837685103461803,37.0,0.012973352033660589,154.0,214.0,60.0
j90_288.rcp,90.0,4.0,5.777777777777778,2.905082816864178,520.0,160.0,0.039950062421972535,0.33433208489388266,0.6656679151061173,93.0,1.0,1.5306451612903227,1.4062370600414078,0.0,0.0,143.0,195.0,52.0
j90_289.rcp,90.0,4.0,5.277777777777778,2.804867902525408,475.0,160.0,0.039950062421972535,0.28389513108614234,0.7161048689138576,81.0,1.0,1.3801440329218106,1.3391908040519152,0.0,0.0,112.0,159.0,47.0
j90_29.rcp,90.0,4.0,5.333333333333333,3.0368111930480994,480.0,132.0,0.03295880149812734,0.1912609238451935,0.8087390761548066,61.0,0.25,0.4269422665716322,0.3970377955050578,0.0,0.0,27.0,61.0,0.0
j90_290.rcp,90.0,4.0,5.477777777777778,3.204953727444708,493.0,160.0,0.039950062421972535,0.31660424469413234,0.6833957553058676,81.0,1.0,1.3446502057613168,1.2899228395061728,0.0,0.0,109.0,161.0,52.0
j90_291.rcp,90.0,4.0,5.555555555555555,3.0518158933516255,500.0,160.0,0.039950062421972535,0.2731585518102372,0.7268414481897628,102.0,1.0,0.6446623093681917,0.6135460782206714,0.0,0.0,66.0,114.0,12.0
j90_292.rcp,90.0,4.0,4.9,2.7650597743187313,441.0,160.0,0.039950062421972535,0.2881398252184769,0.7118601747815231,76.0,1.0,0.7387218045112782,0.6669732842745161,0.0,0.0,57.0,89.0,13.0
j90_293.rcp,90.0,4.0,5.333333333333333,2.8944391128123215,480.0,160.0,0.039950062421972535,0.33707865168539325,0.6629213483146068,102.0,1.0,0.7899584076054664,0.7193734245785328,0.0,0.0,81.0,119.0,17.0
j90_294.rcp,90.0,4.0,5.7555555555555555,2.982583187295168,518.0,160.0,0.039950062421972535,0.3203495630461923,0.6796504369538077,104.0,1.0,0.7760989010989011,0.7221574487706296,0.0,0.0,81.0,127.0,23.0
j90_295.rcp,90.0,4.0,5.055555555555555,2.8765763257776924,455.0,160.0,0.039950062421972535,0.3031210986267166,0.6968789013732835,83.0,1.0,0.85965483555845,0.8248642252407312,0.0,0.0,72.0,101.0,18.0
j90_296.rcp,90.0,4.0,5.722222222222222,2.890704557630574,515.0,160.0,0.039950062421972535,0.3303370786516854,0.6696629213483146,90.0,1.0,0.6822695035460993,0.6627078673395163,0.0,0.0,62.0,101.0,11.0
j90_297.rcp,90.0,4.0,5.633333333333334,2.8104961997641786,507.0,160.0,0.039950062421972535,0.3013732833957553,0.6986267166042447,84.0,1.0,0.8324829931972789,0.7671443509209467,0.0,0.0,70.0,103.0,19.0
j90_298.rcp,90.0,4.0,5.955555555555556,2.8786999809370397,536.0,160.0,0.039950062421972535,0.3153558052434457,0.6846441947565542,82.0,1.0,0.72710027100271,0.6982887428165061,0.0,0.0,60.0,96.0,14.0
j90_299.rcp,90.0,4.0,5.977777777777778,2.8125819603969973,538.0,160.0,0.039950062421972535,0.30536828963795254,0.6946317103620474,82.0,1.0,0.979564930784443,0.9082063008130081,0.0,0.0,81.0,108.0,26.0
j90_3.rcp,90.0,4.0,5.1,2.855987861785597,459.0,132.0,0.03295880149812734,0.182521847690387,0.817478152309613,59.0,0.25,0.8364905284147557,0.6849700897308075,114.0,0.03481979230299328,50.0,92.0,33.0
j90_30.rcp,90.0,4.0,5.466666666666667,2.737395355686375,492.0,132.0,0.03295880149812734,0.18626716604244695,0.813732833957553,65.0,0.25,0.4461538461538462,0.3830795110686415,10.0,0.003068425897514575,29.0,76.0,11.0
j90_300.rcp,90.0,4.0,5.322222222222222,3.0215072683744295,479.0,160.0,0.039950062421972535,0.332334581772784,0.6676654182272159,90.0,1.0,0.8044444444444444,0.7791708781952684,0.0,0.0,73.0,106.0,16.0
j90_301.rcp,90.0,4.0,5.233333333333333,2.928974033495157,471.0,160.0,0.039950062421972535,0.3096129837702871,0.6903870162297129,79.0,1.0,0.6425316455696203,0.5777960274660546,0.0,0.0,51.0,86.0,7.0
j90_302.rcp,90.0,4.0,5.322222222222222,2.780198944831018,479.0,160.0,0.039950062421972535,0.2931335830212235,0.7068664169787765,69.0,1.0,0.7112387202625102,0.6925557161385002,0.0,0.0,50.0,81.0,12.0
j90_303.rcp,90.0,4.0,5.377777777777778,2.9984358062080667,484.0,160.0,0.039950062421972535,0.3285892634207241,0.6714107365792759,106.0,1.0,0.5103588605253422,0.44375055657705503,0.0,0.0,55.0,106.0,0.0
j90_304.rcp,90.0,4.0,5.4,2.8354893757515653,486.0,160.0,0.039950062421972535,0.32983770287141073,0.6701622971285892,79.0,1.0,0.5999563509384548,0.5554725507591012,0.0,0.0,48.0,87.0,8.0
j90_305.rcp,90.0,4.0,5.655555555555556,2.9782959748118127,509.0,160.0,0.039950062421972535,0.30536828963795254,0.6946317103620474,79.0,1.0,0.6904487917146145,0.6166643627087889,0.0,0.0,55.0,86.0,7.0
j90_306.rcp,90.0,4.0,5.266666666666667,3.0324174441451093,474.0,160.0,0.039950062421972535,0.3021223470661673,0.6978776529338326,80.0,1.0,0.6490196078431373,0.6207736057785183,0.0,0.0,52.0,87.0,7.0
j90_307.rcp,90.0,4.0,5.733333333333333,2.939387691339814,516.0,160.0,0.039950062421972535,0.28389513108614234,0.7161048689138576,97.0,1.0,0.4971732623877619,0.46822393685049973,0.0,0.0,49.0,97.0,0.0
j90_308.rcp,90.0,4.0,5.222222222222222,2.9203416001776907,470.0,160.0,0.039950062421972535,0.26816479400749066,0.7318352059925093,83.0,1.0,0.623855421686747,0.557460584820485,0.0,0.0,52.0,84.0,1.0
j90_309.rcp,90.0,4.0,5.533333333333333,2.5914388967435746,498.0,160.0,0.039950062421972535,0.27965043695380776,0.7203495630461922,72.0,1.0,0.6595052083333334,0.6172925325841543,0.0,0.0,48.0,76.0,4.0
j90_31.rcp,90.0,4.0,5.488888888888889,3.0848894971905465,494.0,132.0,0.03295880149812734,0.21622971285892634,0.7837702871410737,93.0,0.25,0.2981427174975562,0.24140715914909464,0.0,0.0,28.0,93.0,0.0
j90_310.rcp,90.0,4.0,5.366666666666666,3.0566866593312003,483.0,160.0,0.039950062421972535,0.32059925093632957,0.6794007490636704,99.0,1.0,0.5796602387511478,0.5449910157896865,0.0,0.0,58.0,109.0,10.0
j90_311.rcp,90.0,4.0,5.766666666666667,2.947880594596735,519.0,160.0,0.039950062421972535,0.31735330836454434,0.6826466916354557,78.0,1.0,0.4571567672833496,0.4299326014145675,0.0,0.0,36.0,78.0,0.0
j90_312.rcp,90.0,4.0,5.388888888888889,2.7596072363228488,485.0,160.0,0.039950062421972535,0.2891385767790262,0.7108614232209738,78.0,1.0,0.4075656853434631,0.3729127207902259,0.0,0.0,32.0,78.0,0.0
j90_313.rcp,90.0,4.0,5.266666666666667,2.935605180840533,474.0,160.0,0.039950062421972535,0.31410736579275905,0.6858926342072409,89.0,1.0,0.4294241573033708,0.37530700102518844,0.0,0.0,39.0,89.0,0.0
j90_314.rcp,90.0,4.0,5.9,2.8869437896232837,531.0,160.0,0.039950062421972535,0.316354556803995,0.6836454431960051,104.0,1.0,0.5108618233618234,0.4586123255478094,0.0,0.0,54.0,104.0,0.0
j90_315.rcp,90.0,4.0,5.811111111111111,2.8358594403517423,523.0,160.0,0.039950062421972535,0.31086142322097376,0.6891385767790262,93.0,1.0,0.4982078853046595,0.4554170441267215,0.0,0.0,47.0,93.0,0.0
j90_316.rcp,90.0,4.0,5.211111111111111,2.710040772323236,469.0,160.0,0.039950062421972535,0.3313358302122347,0.6686641697877653,86.0,1.0,0.4863672814755413,0.4122070490184847,0.0,0.0,42.0,86.0,0.0
j90_317.rcp,90.0,4.0,5.833333333333333,2.829409047054801,525.0,160.0,0.039950062421972535,0.3121098626716604,0.6878901373283396,87.0,1.0,0.41528586356172564,0.3919898729309571,0.0,0.0,37.0,87.0,0.0
j90_318.rcp,90.0,4.0,4.944444444444445,2.857197971249731,445.0,160.0,0.039950062421972535,0.3038701622971286,0.6961298377028714,79.0,1.0,0.42862165963431786,0.37867488221349044,0.0,0.0,34.0,79.0,0.0
j90_319.rcp,90.0,4.0,5.7,2.8301943396169813,513.0,160.0,0.039950062421972535,0.29188514357053685,0.7081148564294631,95.0,1.0,0.31294736842105264,0.30094624321910984,0.0,0.0,30.0,95.0,0.0
j90_32.rcp,90.0,4.0,5.555555555555555,2.8833279811553836,500.0,132.0,0.03295880149812734,0.24244694132334582,0.7575530586766541,89.0,0.25,0.348876404494382,0.3008963227783452,0.0,0.0,32.0,89.0,0.0
j90_320.rcp,90.0,4.0,5.366666666666666,3.1391789443171993,483.0,160.0,0.039950062421972535,0.31685393258426964,0.6831460674157304,91.0,1.0,0.4700854700854701,0.45805140828435703,0.0,0.0,43.0,91.0,0.0
j90_321.rcp,90.0,4.0,5.3,3.1603445663056706,477.0,188.0,0.04694132334581773,0.3750312109862672,0.6249687890137328,82.0,0.25,0.759581881533101,0.565410199556541,152.0,0.06072712744706354,63.0,116.0,34.0
j90_322.rcp,90.0,4.0,5.7444444444444445,3.216489152653216,517.0,188.0,0.04694132334581773,0.417478152309613,0.5825218476903871,107.0,0.25,0.5311526479750779,0.47258738146588614,133.0,0.057008144020574365,57.0,125.0,18.0
j90_323.rcp,90.0,4.0,5.277777777777778,2.8868582606847792,475.0,188.0,0.04694132334581773,0.4149812734082397,0.5850187265917604,105.0,0.25,0.5738095238095238,0.5075412087912088,163.0,0.0695689287238583,61.0,131.0,26.0
j90_324.rcp,90.0,4.0,5.233333333333333,2.603629944690468,471.0,188.0,0.04694132334581773,0.4202247191011236,0.5797752808988764,85.0,0.25,0.6558823529411765,0.5356859317153435,106.0,0.04565030146425495,56.0,108.0,23.0
j90_325.rcp,90.0,4.0,5.288888888888889,2.671846820478069,476.0,188.0,0.04694132334581773,0.4279650436953808,0.5720349563046192,106.0,0.25,0.5320754716981132,0.48782051282051286,167.0,0.07289393278044522,57.0,126.0,20.0
j90_326.rcp,90.0,4.0,5.066666666666666,2.9769484749021475,456.0,188.0,0.04694132334581773,0.3760299625468165,0.6239700374531836,83.0,0.25,0.6875502008032128,0.5567896586345382,145.0,0.058023209283713476,58.0,101.0,18.0
j90_327.rcp,90.0,4.0,5.8,2.8015868519267593,522.0,188.0,0.04694132334581773,0.4019975031210986,0.5980024968789014,94.0,0.25,0.7150455927051672,0.5713276085616511,133.0,0.055532359081419624,68.0,119.0,25.0
j90_328.rcp,90.0,4.0,5.022222222222222,2.947608363017108,452.0,188.0,0.04694132334581773,0.43395755305867667,0.5660424469413233,99.0,0.25,0.6320346320346321,0.5051499426499426,127.0,0.056021173356859286,63.0,130.0,31.0
j90_329.rcp,90.0,4.0,5.488888888888889,2.757794789096069,494.0,188.0,0.04694132334581773,0.41048689138576777,0.5895131086142322,86.0,0.25,0.5635658914728682,0.5105183576113809,93.0,0.03939008894536213,49.0,116.0,30.0
j90_33.rcp,90.0,4.0,5.188888888888889,2.859271253093248,467.0,132.0,0.03295880149812734,0.21747815230961298,0.782521847690387,67.0,0.25,0.30557737627651216,0.29373284479333184,3.0,0.0009572431397574984,21.0,67.0,0.0
j90_330.rcp,90.0,4.0,6.044444444444444,2.590199954148161,544.0,188.0,0.04694132334581773,0.4247191011235955,0.5752808988764044,113.0,0.25,0.6150442477876106,0.5036346396965865,152.0,0.06597222222222224,70.0,124.0,11.0
j90_331.rcp,90.0,4.0,5.611111111111111,2.9728192546785706,505.0,188.0,0.04694132334581773,0.38277153558052435,0.6172284644194757,83.0,0.25,0.5416448402304872,0.42320946188847464,2.0,0.0008090614886731392,45.0,89.0,6.0
j90_332.rcp,90.0,4.0,5.588888888888889,2.559923802878361,503.0,188.0,0.04694132334581773,0.4352059925093633,0.5647940074906367,89.0,0.25,0.5584930601454065,0.3995779269720899,18.0,0.007957559681697613,50.0,99.0,10.0
j90_333.rcp,90.0,4.0,5.555555555555555,2.7972649781571803,500.0,188.0,0.04694132334581773,0.4009987515605493,0.5990012484394507,82.0,0.25,0.48712737127371275,0.4210378378993874,11.0,0.004585243851604835,40.0,89.0,7.0
j90_334.rcp,90.0,4.0,5.522222222222222,2.7617537816788236,497.0,188.0,0.04694132334581773,0.40224719101123596,0.597752808988764,76.0,0.25,0.5332080200501254,0.43644387410834784,9.0,0.0037593984962406013,41.0,91.0,15.0
j90_335.rcp,90.0,4.0,5.677777777777778,2.6949655853410888,511.0,188.0,0.04694132334581773,0.43420724094881397,0.565792759051186,80.0,0.25,0.49296875,0.44720647321428575,17.0,0.007502206531332745,40.0,105.0,25.0
j90_336.rcp,90.0,4.0,5.566666666666666,2.7529781853274624,501.0,188.0,0.04694132334581773,0.450936329588015,0.549063670411985,89.0,0.25,0.4747191011235955,0.37500917970184333,11.0,0.0050022737608003635,43.0,99.0,10.0
j90_337.rcp,90.0,4.0,5.466666666666667,2.8055500550001087,492.0,188.0,0.04694132334581773,0.4232209737827715,0.5767790262172285,92.0,0.25,0.4007561436672968,0.35039895080065214,5.0,0.002164502164502164,37.0,93.0,1.0
j90_338.rcp,90.0,4.0,5.333333333333333,3.0477678535099897,480.0,188.0,0.04694132334581773,0.39101123595505616,0.6089887640449438,78.0,0.25,0.5769230769230769,0.46539918414918413,24.0,0.00984009840098401,45.0,88.0,10.0
j90_339.rcp,90.0,4.0,5.688888888888889,2.6358403443660343,512.0,188.0,0.04694132334581773,0.41298377028714106,0.5870162297128589,109.0,0.25,0.41187831965234184,0.3670361875637105,14.0,0.005954912803062527,45.0,114.0,5.0
j90_34.rcp,90.0,4.0,5.5,3.063222703842039,495.0,132.0,0.03295880149812734,0.21298377028714108,0.7870162297128589,92.0,0.25,0.3126086956521739,0.2661352657004831,0.0,0.0,29.0,92.0,0.0
j90_340.rcp,90.0,4.0,5.866666666666666,2.7616420236277306,528.0,188.0,0.04694132334581773,0.4117353308364544,0.5882646691635456,101.0,0.25,0.3811881188118812,0.35694287106056144,9.0,0.0038200339558573855,39.0,105.0,4.0
j90_341.rcp,90.0,4.0,5.7444444444444445,2.652299258761102,517.0,188.0,0.04694132334581773,0.4017478152309613,0.5982521847690387,97.0,0.25,0.3395618556701031,0.2896323443919076,2.0,0.0008347245409015025,33.0,103.0,6.0
j90_342.rcp,90.0,4.0,5.633333333333334,2.7302828506300303,507.0,188.0,0.04694132334581773,0.4282147315855181,0.571785268414482,92.0,0.25,0.4451581027667984,0.3976833914083628,1.0,0.0004366812227074235,41.0,100.0,8.0
j90_343.rcp,90.0,4.0,5.177777777777778,2.8424472154887073,466.0,188.0,0.04694132334581773,0.4439450686641698,0.5560549313358303,96.0,0.25,0.45465686274509803,0.36635856994312876,13.0,0.005837449483610237,44.0,97.0,1.0
j90_344.rcp,90.0,4.0,5.6,2.980678520814421,504.0,188.0,0.04694132334581773,0.4059925093632959,0.5940074906367041,86.0,0.25,0.42790697674418604,0.36789990825000934,0.0,0.0,37.0,89.0,3.0
j90_345.rcp,90.0,4.0,5.966666666666667,2.6308004696500857,537.0,188.0,0.04694132334581773,0.42197253433208487,0.5780274656679152,103.0,0.25,0.3562684677078936,0.32457949322264434,3.0,0.0012958963282937363,37.0,103.0,0.0
j90_346.rcp,90.0,4.0,5.277777777777778,2.8442057191489343,475.0,188.0,0.04694132334581773,0.40549313358302125,0.5945068664169788,72.0,0.25,0.46256038647342995,0.40735937271263356,0.0,0.0,34.0,78.0,6.0
j90_347.rcp,90.0,4.0,4.988888888888889,2.778866453328065,449.0,188.0,0.04694132334581773,0.40474406991260925,0.5952559300873907,78.0,0.25,0.4465811965811966,0.38996031746031745,1.0,0.00041946308724832214,35.0,78.0,0.0
j90_348.rcp,90.0,4.0,5.277777777777778,2.607799318189691,475.0,188.0,0.04694132334581773,0.3982521847690387,0.6017478152309613,85.0,0.25,0.4663101604278075,0.3262264589630318,0.0,0.0,40.0,85.0,0.0
j90_349.rcp,90.0,4.0,5.2555555555555555,3.1253839270332895,473.0,188.0,0.04694132334581773,0.41373283395755306,0.586267166042447,76.0,0.25,0.4363157894736842,0.33290035433411114,0.0,0.0,34.0,78.0,2.0
j90_35.rcp,90.0,4.0,5.6,2.8158282775923835,504.0,132.0,0.03295880149812734,0.21548064918851437,0.7845193508114856,88.0,0.25,0.4049586776859504,0.31858499770431586,0.0,0.0,36.0,88.0,0.0
j90_350.rcp,90.0,4.0,5.5,2.7858770811202547,495.0,188.0,0.04694132334581773,0.41298377028714106,0.5870162297128589,82.0,0.25,0.4750795334040297,0.3518555585012372,0.0,0.0,39.0,84.0,2.0
j90_351.rcp,90.0,4.0,4.855555555555555,2.6481067077824623,437.0,188.0,0.04694132334581773,0.3982521847690387,0.6017478152309613,97.0,0.25,0.3078055964653903,0.28179241080999723,10.0,0.004149377593360996,30.0,97.0,0.0
j90_352.rcp,90.0,4.0,5.788888888888889,3.031297648219119,521.0,188.0,0.04694132334581773,0.415980024968789,0.584019975031211,114.0,0.25,0.3201754385964912,0.24572368421052632,0.0,0.0,37.0,114.0,0.0
j90_353.rcp,90.0,4.0,5.655555555555556,2.7934889022356217,509.0,188.0,0.04694132334581773,0.41972534332084893,0.580274656679151,84.0,0.25,0.32596371882086167,0.2922013502370645,0.0,0.0,28.0,84.0,0.0
j90_354.rcp,90.0,4.0,5.166666666666667,2.914523021772936,465.0,188.0,0.04694132334581773,0.41797752808988764,0.5820224719101124,79.0,0.25,0.30210970464135023,0.28370720245254866,0.0,0.0,24.0,79.0,0.0
j90_355.rcp,90.0,4.0,5.677777777777778,2.756115534498903,511.0,188.0,0.04694132334581773,0.4247191011235955,0.5752808988764044,98.0,0.25,0.3460884353741497,0.27523261328823023,2.0,0.0008680555555555557,34.0,98.0,0.0
j90_356.rcp,90.0,4.0,5.444444444444445,2.9443396207756223,490.0,188.0,0.04694132334581773,0.41473158551810235,0.5852684144818976,99.0,0.25,0.2846988402543958,0.21261366374984625,0.0,0.0,29.0,99.0,0.0
j90_357.rcp,90.0,4.0,5.522222222222222,3.0376444740320228,497.0,188.0,0.04694132334581773,0.4139825218476904,0.5860174781523095,89.0,0.25,0.27668539325842695,0.2697616067066787,0.0,0.0,25.0,89.0,0.0
j90_358.rcp,90.0,4.0,5.188888888888889,2.8358594403517428,467.0,188.0,0.04694132334581773,0.42771535580524345,0.5722846441947566,84.0,0.25,0.32521645021645024,0.2894602916924346,6.0,0.002617801047120419,28.0,84.0,0.0
j90_359.rcp,90.0,4.0,6.211111111111111,2.857716432726757,559.0,188.0,0.04694132334581773,0.4042446941323346,0.5957553058676655,102.0,0.25,0.29444444444444445,0.26084052566895705,0.0,0.0,31.0,102.0,0.0
j90_36.rcp,90.0,4.0,5.4,2.682453271830761,486.0,132.0,0.03295880149812734,0.20574282147315856,0.7942571785268414,78.0,0.25,0.3295625942684766,0.2680660842425548,0.0,0.0,26.0,78.0,0.0
j90_360.rcp,90.0,4.0,5.633333333333334,2.9,507.0,188.0,0.04694132334581773,0.41548064918851435,0.5845193508114856,109.0,0.25,0.28145478374836175,0.24700244078485006,0.0,0.0,31.0,109.0,0.0
j90_361.rcp,90.0,4.0,5.766666666666667,2.8907899727698427,519.0,188.0,0.04694132334581773,0.41048689138576777,0.5895131086142322,84.0,0.5027777777777778,1.037037037037037,0.9238147451963241,97.0,0.041084286319356206,88.0,143.0,55.0
j90_362.rcp,90.0,4.0,5.544444444444444,3.000596648487361,499.0,188.0,0.04694132334581773,0.4282147315855181,0.571785268414482,90.0,0.5027777777777778,1.0708333333333333,0.9260873538011696,117.0,0.05109170305676855,97.0,142.0,45.0
j90_363.rcp,90.0,4.0,5.266666666666667,2.9694743268426786,474.0,188.0,0.04694132334581773,0.41947565543071164,0.5805243445692884,115.0,0.5027777777777778,0.8521739130434782,0.772415691192865,219.0,0.09419354838709677,98.0,175.0,60.0
j90_364.rcp,90.0,4.0,5.7444444444444445,2.8618607432193914,517.0,188.0,0.04694132334581773,0.4114856429463171,0.5885143570536828,86.0,0.5027777777777778,1.1027131782945736,1.025143923848609,230.0,0.09758167161646163,95.0,155.0,60.0
j90_365.rcp,90.0,4.0,5.488888888888889,2.8489547574288614,494.0,188.0,0.04694132334581773,0.44269662921348313,0.5573033707865169,92.0,0.5027777777777778,1.0304347826086957,0.983684329710145,321.0,0.14381720430107525,95.0,173.0,78.0
j90_366.rcp,90.0,4.0,6.233333333333333,2.812867259971971,561.0,188.0,0.04694132334581773,0.38701622971285893,0.612983770287141,96.0,0.5027777777777778,1.0225694444444444,0.9791028390522876,143.0,0.05824847250509166,99.0,169.0,70.0
j90_367.rcp,90.0,4.0,5.388888888888889,2.819355499418043,485.0,188.0,0.04694132334581773,0.4766541822721598,0.5233458177278403,97.0,0.5027777777777778,1.0663659793814433,0.867316228302053,223.0,0.10639312977099234,104.0,153.0,49.0
j90_368.rcp,90.0,4.0,5.811111111111111,2.7964042167057817,523.0,188.0,0.04694132334581773,0.39425717852684145,0.6057428214731586,89.0,0.5027777777777778,1.0629213483146067,1.0000468164794007,178.0,0.07337180544105522,95.0,148.0,53.0
j90_369.rcp,90.0,4.0,5.355555555555555,2.887948564912514,482.0,188.0,0.04694132334581773,0.4314606741573034,0.5685393258426966,93.0,0.5027777777777778,1.1397849462365592,0.8874920936116382,234.0,0.10276679841897234,106.0,154.0,48.0
j90_37.rcp,90.0,4.0,5.8,3.0338827341287344,522.0,132.0,0.03295880149812734,0.18926342072409488,0.8107365792759051,80.0,0.25,0.37115384615384617,0.2798677099044746,0.0,0.0,30.0,80.0,0.0
j90_370.rcp,90.0,4.0,5.9,2.8869437896232837,531.0,188.0,0.04694132334581773,0.39151061173533086,0.6084893882646691,89.0,0.5027777777777778,1.1004213483146068,1.0309124164647132,167.0,0.06852687730816578,98.0,149.0,51.0
j90_371.rcp,90.0,4.0,5.5,3.0046260628866577,495.0,188.0,0.04694132334581773,0.39975031210986267,0.6002496878901373,83.0,0.5027777777777778,0.6657742079428827,0.5879068778165164,0.0,0.0,56.0,94.0,11.0
j90_372.rcp,90.0,4.0,5.177777777777778,2.673232657197307,466.0,188.0,0.04694132334581773,0.4142322097378277,0.5857677902621723,77.0,0.5027777777777778,0.6778221778221778,0.6071750885377136,0.0,0.0,53.0,92.0,15.0
j90_373.rcp,90.0,4.0,5.433333333333334,2.6793448618811446,489.0,188.0,0.04694132334581773,0.4419475655430712,0.5580524344569289,88.0,0.5027777777777778,0.6282467532467533,0.5974624848142635,0.0,0.0,56.0,101.0,13.0
j90_374.rcp,90.0,4.0,5.622222222222222,3.096872177528581,506.0,188.0,0.04694132334581773,0.41123595505617977,0.5887640449438203,89.0,0.5027777777777778,0.6108614232209738,0.5668001136400014,0.0,0.0,55.0,103.0,14.0
j90_375.rcp,90.0,4.0,5.7555555555555555,2.6845695335094066,518.0,188.0,0.04694132334581773,0.38926342072409487,0.6107365792759052,84.0,0.5027777777777778,0.7472527472527473,0.6302776545400769,0.0,0.0,63.0,91.0,7.0
j90_376.rcp,90.0,4.0,5.4222222222222225,2.863477985394598,488.0,188.0,0.04694132334581773,0.38177278401997505,0.618227215980025,88.0,0.5027777777777778,0.5916666666666667,0.5492172339155098,0.0,0.0,53.0,101.0,13.0
j90_377.rcp,90.0,4.0,5.522222222222222,2.9523165208876527,497.0,188.0,0.04694132334581773,0.418227215980025,0.581772784019975,85.0,0.5027777777777778,0.6171945701357466,0.5610381832700172,0.0,0.0,53.0,98.0,13.0
j90_378.rcp,90.0,4.0,5.9,2.8325489110222497,531.0,188.0,0.04694132334581773,0.3902621722846442,0.6097378277153558,91.0,0.5027777777777778,0.6813186813186813,0.5673032216413751,0.0,0.0,62.0,113.0,22.0
j90_379.rcp,90.0,4.0,5.955555555555556,2.939807669865916,536.0,188.0,0.04694132334581773,0.3830212234706617,0.6169787765293383,95.0,0.5027777777777778,0.6939271255060728,0.5882338056680161,0.0,0.0,66.0,116.0,21.0
j90_38.rcp,90.0,4.0,4.666666666666667,2.947692129257886,420.0,132.0,0.03295880149812734,0.17503121098626717,0.8249687890137328,69.0,0.25,0.42934782608695654,0.2601473000403575,0.0,0.0,30.0,69.0,0.0
j90_380.rcp,90.0,4.0,5.533333333333333,2.6923760675078228,498.0,188.0,0.04694132334581773,0.4214731585518102,0.5785268414481898,108.0,0.5027777777777778,0.5701058201058201,0.49420270023718293,0.0,0.0,62.0,115.0,7.0
j90_381.rcp,90.0,4.0,5.7,2.907652737939048,513.0,188.0,0.04694132334581773,0.42446941323345816,0.5755305867665419,106.0,0.5027777777777778,0.5904802744425386,0.44453342180753536,0.0,0.0,63.0,108.0,2.0
j90_382.rcp,90.0,4.0,5.611111111111111,2.7836604376429905,505.0,188.0,0.04694132334581773,0.45692883895131087,0.5430711610486891,119.0,0.5027777777777778,0.44318597004019,0.39906037914578285,0.0,0.0,53.0,122.0,3.0
j90_383.rcp,90.0,4.0,5.611111111111111,2.893265914899802,505.0,188.0,0.04694132334581773,0.4254681647940075,0.5745318352059925,83.0,0.5027777777777778,0.6406803685329554,0.5043274408086598,0.0,0.0,54.0,85.0,2.0
j90_384.rcp,90.0,4.0,5.5777777777777775,2.824408601923115,502.0,188.0,0.04694132334581773,0.3857677902621723,0.6142322097378277,81.0,0.5027777777777778,0.6416011971567527,0.4991542408209075,0.0,0.0,52.0,87.0,6.0
j90_385.rcp,90.0,4.0,5.855555555555555,2.9309123005610807,527.0,188.0,0.04694132334581773,0.44794007490636706,0.5520599250936329,85.0,0.5027777777777778,0.5622926093514329,0.48389423076923077,0.0,0.0,48.0,96.0,11.0
j90_386.rcp,90.0,4.0,6.055555555555555,2.9864922237416147,545.0,188.0,0.04694132334581773,0.39975031210986267,0.6002496878901373,102.0,0.5027777777777778,0.5192697768762677,0.42782793046484735,0.0,0.0,53.0,105.0,3.0
j90_387.rcp,90.0,4.0,5.877777777777778,2.882235929034486,529.0,188.0,0.04694132334581773,0.3850187265917603,0.6149812734082397,85.0,0.5027777777777778,0.5058823529411764,0.42649572381030176,0.0,0.0,43.0,86.0,1.0
j90_388.rcp,90.0,4.0,5.633333333333334,2.9418437151630683,507.0,188.0,0.04694132334581773,0.3725343320848939,0.627465667915106,81.0,0.5027777777777778,0.5738271604938272,0.5125417175417175,0.0,0.0,47.0,86.0,5.0
j90_389.rcp,90.0,4.0,5.444444444444445,3.018870690657945,490.0,188.0,0.04694132334581773,0.4092384519350811,0.5907615480649189,79.0,0.5027777777777778,0.5259289505920784,0.4557958986705414,0.0,0.0,42.0,86.0,7.0
j90_39.rcp,90.0,4.0,5.322222222222222,2.6534161535557548,479.0,132.0,0.03295880149812734,0.2149812734082397,0.7850187265917603,79.0,0.25,0.3270042194092827,0.2908870618821169,1.0,0.0003180661577608143,26.0,79.0,0.0
j90_390.rcp,90.0,4.0,5.7,2.968164415931166,513.0,188.0,0.04694132334581773,0.39151061173533086,0.6084893882646691,100.0,0.5027777777777778,0.4739285714285714,0.43469353281853285,0.0,0.0,48.0,100.0,0.0
j90_391.rcp,90.0,4.0,5.2,2.5957229778575717,468.0,188.0,0.04694132334581773,0.43121098626716603,0.568789013732834,95.0,0.5027777777777778,0.4439201451905626,0.3618891614524832,0.0,0.0,43.0,95.0,0.0
j90_392.rcp,90.0,4.0,5.622222222222222,2.9043177733152863,506.0,188.0,0.04694132334581773,0.4239700374531835,0.5760299625468165,91.0,0.5027777777777778,0.4308191808191808,0.35104536528927355,0.0,0.0,40.0,91.0,0.0
j90_393.rcp,90.0,4.0,5.033333333333333,2.9380643665893746,453.0,188.0,0.04694132334581773,0.37777777777777777,0.6222222222222222,77.0,0.5027777777777778,0.4088085827216262,0.3775864552483896,0.0,0.0,32.0,77.0,0.0
j90_394.rcp,90.0,4.0,5.044444444444444,2.6621257634166935,454.0,188.0,0.04694132334581773,0.4149812734082397,0.5850187265917604,106.0,0.5027777777777778,0.38469601677148846,0.3356618748128182,0.0,0.0,41.0,106.0,0.0
j90_395.rcp,90.0,4.0,5.566666666666666,2.724579478255926,501.0,188.0,0.04694132334581773,0.4209737827715356,0.5790262172284644,92.0,0.5027777777777778,0.3890664961636829,0.34471492732830145,0.0,0.0,36.0,92.0,0.0
j90_396.rcp,90.0,4.0,5.4,2.727636339397171,486.0,188.0,0.04694132334581773,0.3867665418227216,0.6132334581772785,86.0,0.5027777777777778,0.40605875152998777,0.3466196237913035,0.0,0.0,35.0,86.0,0.0
j90_397.rcp,90.0,4.0,5.811111111111111,2.947294218410599,523.0,188.0,0.04694132334581773,0.418227215980025,0.581772784019975,87.0,0.5027777777777778,0.3811252268602541,0.36877070784783045,0.0,0.0,34.0,87.0,0.0
j90_398.rcp,90.0,4.0,5.0777777777777775,2.914438302192028,457.0,188.0,0.04694132334581773,0.41373283395755306,0.586267166042447,79.0,0.5027777777777778,0.3992766726943942,0.3347290392950429,0.0,0.0,32.0,79.0,0.0
j90_399.rcp,90.0,4.0,5.533333333333333,2.7616420236277306,498.0,188.0,0.04694132334581773,0.39151061173533086,0.6084893882646691,98.0,0.5027777777777778,0.3622448979591837,0.32903593407260645,0.0,0.0,36.0,98.0,0.0
j90_4.rcp,90.0,4.0,5.477777777777778,2.621398175604334,493.0,132.0,0.03295880149812734,0.19675405742821472,0.8032459425717853,76.0,0.25,0.8453947368421053,0.6127548438403703,176.0,0.05470935654336338,65.0,112.0,36.0
j90_40.rcp,90.0,4.0,5.177777777777778,2.6856730080508386,466.0,132.0,0.03295880149812734,0.21023720349563046,0.7897627965043695,68.0,0.25,0.24328644501278773,0.22109632363405762,0.0,0.0,17.0,68.0,0.0
j90_400.rcp,90.0,4.0,5.211111111111111,3.085789812257487,469.0,188.0,0.04694132334581773,0.4257178526841448,0.5742821473158553,86.0,0.5027777777777778,0.43281653746770027,0.40903066168327795,0.0,0.0,38.0,86.0,0.0
j90_401.rcp,90.0,4.0,5.344444444444444,3.0629002635886393,481.0,188.0,0.04694132334581773,0.41123595505617977,0.5887640449438203,102.0,0.7527777777777778,1.196524064171123,1.0849585823634265,112.0,0.047497879558948256,123.0,184.0,61.0
j90_402.rcp,90.0,4.0,5.611111111111111,2.755577956898191,505.0,188.0,0.04694132334581773,0.43820224719101125,0.5617977528089888,108.0,0.7527777777777778,1.2384259259259258,1.161470675827186,253.0,0.11244444444444444,134.0,210.0,76.0
j90_403.rcp,90.0,4.0,5.733333333333333,3.043389922803554,516.0,188.0,0.04694132334581773,0.4184769038701623,0.5815230961298377,106.0,0.7527777777777778,1.2391786903440623,1.1678304969786657,287.0,0.12322885358522971,132.0,215.0,83.0
j90_404.rcp,90.0,4.0,5.977777777777778,2.6540442003259765,538.0,188.0,0.04694132334581773,0.40074906367041196,0.599250936329588,85.0,0.7527777777777778,1.5529411764705883,1.4265196078431372,99.0,0.04125,132.0,183.0,51.0
j90_405.rcp,90.0,4.0,5.2,3.0155154341063044,468.0,188.0,0.04694132334581773,0.39151061173533086,0.6084893882646691,89.0,0.7527777777777778,1.2640449438202248,1.1629213483146068,91.0,0.037340993024210095,113.0,155.0,42.0
j90_406.rcp,90.0,4.0,5.3,2.8104961997641786,477.0,188.0,0.04694132334581773,0.42247191011235957,0.5775280898876405,86.0,0.7527777777777778,1.29328165374677,1.2226767257290514,71.0,0.030696065715520967,112.0,172.0,60.0
j90_407.rcp,90.0,4.0,5.533333333333333,2.887521043694362,498.0,188.0,0.04694132334581773,0.4017478152309613,0.5982521847690387,105.0,0.7527777777777778,1.271957671957672,1.1601384998443822,205.0,0.08555926544240401,134.0,203.0,69.0
j90_408.rcp,90.0,4.0,6.188888888888889,2.8901920137844144,557.0,188.0,0.04694132334581773,0.44069912609238454,0.5593008739076155,108.0,0.7527777777777778,1.2662037037037037,1.183834199696773,70.0,0.03125,137.0,207.0,70.0
j90_409.rcp,90.0,4.0,5.533333333333333,3.0919249667480617,498.0,188.0,0.04694132334581773,0.3735330836454432,0.6264669163545569,77.0,0.7527777777777778,1.333530106257379,1.2397136953955137,0.0,0.0,103.0,147.0,44.0
j90_41.rcp,90.0,4.0,5.055555555555555,2.861084142267718,455.0,132.0,0.03295880149812734,0.19625468164794008,0.80374531835206,66.0,0.5027777777777778,1.0685425685425685,0.9140535390535389,34.0,0.01056228642435539,71.0,110.0,39.0
j90_410.rcp,90.0,4.0,5.977777777777778,2.7283604265719643,538.0,188.0,0.04694132334581773,0.41548064918851435,0.5845193508114856,105.0,0.7527777777777778,1.292857142857143,1.1008408919123205,78.0,0.03331909440410081,136.0,203.0,67.0
j90_411.rcp,90.0,4.0,5.711111111111111,2.872259832119977,514.0,188.0,0.04694132334581773,0.41872659176029964,0.5812734082397004,106.0,0.7527777777777778,0.7226415094339622,0.6575629494375691,0.0,0.0,77.0,124.0,18.0
j90_412.rcp,90.0,4.0,5.655555555555556,2.895057516646493,509.0,188.0,0.04694132334581773,0.4109862671660425,0.5890137328339575,92.0,0.7527777777777778,0.84472049689441,0.7844240466172443,0.0,0.0,78.0,125.0,33.0
j90_413.rcp,90.0,4.0,5.7444444444444445,3.206109137641627,517.0,188.0,0.04694132334581773,0.3850187265917603,0.6149812734082397,94.0,0.7527777777777778,0.7621580547112462,0.6683400228612995,0.0,0.0,72.0,113.0,19.0
j90_414.rcp,90.0,4.0,5.444444444444445,2.84062243222663,490.0,188.0,0.04694132334581773,0.45143570536828964,0.5485642946317104,102.0,0.7527777777777778,0.6657179000632512,0.6184748765097438,0.0,0.0,68.0,109.0,7.0
j90_415.rcp,90.0,4.0,5.344444444444444,2.8486297334024813,481.0,188.0,0.04694132334581773,0.3922596754057428,0.6077403245942572,105.0,0.7527777777777778,0.7436507936507937,0.6074806096681097,0.0,0.0,79.0,120.0,15.0
j90_416.rcp,90.0,4.0,4.911111111111111,2.8033489672352183,442.0,188.0,0.04694132334581773,0.4117353308364544,0.5882646691635456,89.0,0.7527777777777778,0.7251512532411409,0.6053605216526565,0.0,0.0,65.0,100.0,11.0
j90_417.rcp,90.0,4.0,5.355555555555555,2.77813331058069,482.0,188.0,0.04694132334581773,0.3807740324594257,0.6192259675405742,83.0,0.7527777777777778,0.8177710843373494,0.7694262869051289,0.0,0.0,68.0,101.0,18.0
j90_418.rcp,90.0,4.0,5.4,3.0615900008546757,486.0,188.0,0.04694132334581773,0.3787765293383271,0.6212234706616728,105.0,0.7527777777777778,0.5980952380952381,0.5299323706090624,0.0,0.0,63.0,111.0,6.0
j90_419.rcp,90.0,4.0,5.188888888888889,2.9055289992412914,467.0,188.0,0.04694132334581773,0.4002496878901373,0.5997503121098626,82.0,0.7527777777777778,0.8841463414634146,0.7697792450138171,0.0,0.0,73.0,100.0,18.0
j90_42.rcp,90.0,4.0,5.555555555555555,2.8948656123523673,500.0,132.0,0.03295880149812734,0.20524344569288389,0.7947565543071161,90.0,0.5027777777777778,0.8456140350877193,0.7676943584451325,73.0,0.022934338674206724,77.0,135.0,45.0
j90_420.rcp,90.0,4.0,5.555555555555555,2.490475684643893,500.0,188.0,0.04694132334581773,0.41797752808988764,0.5820224719101124,85.0,0.7527777777777778,0.7789915966386555,0.7243790916653605,0.0,0.0,67.0,106.0,21.0
j90_421.rcp,90.0,4.0,5.544444444444444,2.56108098319228,499.0,188.0,0.04694132334581773,0.43645443196004996,0.56354556803995,99.0,0.7527777777777778,0.6606691919191919,0.574676577280744,0.0,0.0,66.0,104.0,5.0
j90_422.rcp,90.0,4.0,5.288888888888889,2.793820341175401,476.0,188.0,0.04694132334581773,0.4044943820224719,0.5955056179775281,91.0,0.7527777777777778,0.6274370790499822,0.5503476274623677,0.0,0.0,58.0,95.0,4.0
j90_423.rcp,90.0,4.0,5.366666666666666,2.9,483.0,188.0,0.04694132334581773,0.4352059925093633,0.5647940074906367,102.0,0.7527777777777778,0.5136738906088751,0.4604927697623672,0.0,0.0,53.0,108.0,6.0
j90_424.rcp,90.0,4.0,5.677777777777778,2.8628958834554523,511.0,188.0,0.04694132334581773,0.3707865168539326,0.6292134831460674,94.0,0.7527777777777778,0.6498480243161094,0.5508042046605877,0.0,0.0,62.0,96.0,2.0
j90_425.rcp,90.0,4.0,5.677777777777778,2.969578263277194,511.0,188.0,0.04694132334581773,0.42946317103620474,0.5705368289637953,98.0,0.7527777777777778,0.4905247813411079,0.4663082325837428,0.0,0.0,49.0,108.0,10.0
j90_426.rcp,90.0,4.0,5.5,2.8992336152086047,495.0,188.0,0.04694132334581773,0.4589263420724095,0.5410736579275905,114.0,0.7527777777777778,0.5538011695906433,0.4965283566193009,0.0,0.0,64.0,116.0,2.0
j90_427.rcp,90.0,4.0,5.9,3.1235663378047005,531.0,188.0,0.04694132334581773,0.3980024968789014,0.6019975031210987,88.0,0.7527777777777778,0.6462703962703963,0.586976658028811,0.0,0.0,57.0,94.0,6.0
j90_428.rcp,90.0,4.0,5.288888888888889,2.7253723270385746,476.0,188.0,0.04694132334581773,0.42871410736579274,0.5712858926342073,100.0,0.7527777777777778,0.5264864864864864,0.4824670085188378,0.0,0.0,53.0,107.0,7.0
j90_429.rcp,90.0,4.0,5.4,2.935605180840533,486.0,188.0,0.04694132334581773,0.41722846441947564,0.5827715355805243,88.0,0.7527777777777778,0.615530303030303,0.550104136751864,0.0,0.0,55.0,91.0,3.0
j90_43.rcp,90.0,4.0,5.0777777777777775,2.8721953577080215,457.0,132.0,0.03295880149812734,0.1637952559300874,0.8362047440699126,62.0,0.5027777777777778,1.228110599078341,1.0760477847052798,69.0,0.020603165123917588,77.0,109.0,32.0
j90_430.rcp,90.0,4.0,5.5777777777777775,2.8322655940186343,502.0,188.0,0.04694132334581773,0.42921348314606744,0.5707865168539326,92.0,0.7527777777777778,0.5975790513833992,0.5118641945378712,0.0,0.0,55.0,103.0,11.0
j90_431.rcp,90.0,4.0,5.833333333333333,3.11715682420161,525.0,188.0,0.04694132334581773,0.4062421972534332,0.5937578027465669,100.0,0.7527777777777778,0.47596153846153844,0.43840853937728935,0.0,0.0,48.0,100.0,0.0
j90_432.rcp,90.0,4.0,5.811111111111111,2.8824929196962072,523.0,188.0,0.04694132334581773,0.46117353308364545,0.5388264669163545,92.0,0.7527777777777778,0.46493027071369974,0.42458171651670423,0.0,0.0,43.0,92.0,0.0
j90_433.rcp,90.0,4.0,5.511111111111111,2.8096834319286437,496.0,188.0,0.04694132334581773,0.41622971285892635,0.5837702871410737,110.0,0.7527777777777778,0.4115384615384615,0.3948287182266318,0.0,0.0,46.0,110.0,0.0
j90_434.rcp,90.0,4.0,5.322222222222222,2.855123183868207,479.0,188.0,0.04694132334581773,0.4352059925093633,0.5647940074906367,89.0,0.7527777777777778,0.4079941057284951,0.39278404780467613,0.0,0.0,37.0,89.0,0.0
j90_435.rcp,90.0,4.0,5.377777777777778,2.865805210786811,484.0,188.0,0.04694132334581773,0.3800249687890137,0.6199750312109863,84.0,0.7527777777777778,0.5085034013605442,0.407178491412514,0.0,0.0,43.0,84.0,0.0
j90_436.rcp,90.0,4.0,5.7,2.968164415931166,513.0,188.0,0.04694132334581773,0.4019975031210986,0.5980024968789014,96.0,0.7527777777777778,0.5115131578947368,0.42552552071466543,0.0,0.0,50.0,96.0,0.0
j90_437.rcp,90.0,4.0,5.222222222222222,2.665740579933871,470.0,188.0,0.04694132334581773,0.3732833957553059,0.6267166042446941,93.0,0.7527777777777778,0.475177304964539,0.4165145556190485,0.0,0.0,45.0,93.0,0.0
j90_438.rcp,90.0,4.0,5.6,2.764054992217051,504.0,188.0,0.04694132334581773,0.39176029962546816,0.6082397003745319,99.0,0.7527777777777778,0.44602891661715194,0.4021434851248463,0.0,0.0,45.0,99.0,0.0
j90_439.rcp,90.0,4.0,5.1,2.8869437896232837,459.0,188.0,0.04694132334581773,0.4079900124843945,0.5920099875156055,96.0,0.7527777777777778,0.5,0.4107999582811848,0.0,0.0,48.0,96.0,0.0
j90_44.rcp,90.0,4.0,6.0,2.8323527714997336,540.0,132.0,0.03295880149812734,0.21273408239700375,0.7872659176029962,90.0,0.5027777777777778,0.9567251461988304,0.8669769330734243,29.0,0.009197589597209007,87.0,144.0,54.0
j90_440.rcp,90.0,4.0,5.233333333333333,2.769075256792018,471.0,188.0,0.04694132334581773,0.4214731585518102,0.5785268414481898,86.0,0.7527777777777778,0.4712473572938689,0.39356531897220687,0.0,0.0,41.0,86.0,0.0
j90_441.rcp,90.0,4.0,5.5777777777777775,3.1692192441173823,502.0,188.0,0.04694132334581773,0.4354556803995006,0.5645443196004993,93.0,1.0,1.4751664106502815,1.2469207199221224,0.0,0.0,138.0,181.0,43.0
j90_442.rcp,90.0,4.0,5.588888888888889,3.0473830100393586,503.0,188.0,0.04694132334581773,0.4017478152309613,0.5982521847690387,89.0,1.0,1.4708400214018191,1.3769104613022543,0.0,0.0,131.0,176.0,45.0
j90_443.rcp,90.0,4.0,4.866666666666666,2.6674998698323407,438.0,188.0,0.04694132334581773,0.4109862671660425,0.5890137328339575,101.0,1.0,1.3382838283828382,1.213524839326038,103.0,0.043662568885120816,136.0,197.0,61.0
j90_444.rcp,90.0,4.0,5.066666666666666,3.04703863520705,456.0,188.0,0.04694132334581773,0.4059925093632959,0.5940074906367041,76.0,1.0,1.5297482837528604,1.5082301851466609,0.0,0.0,117.0,164.0,47.0
j90_445.rcp,90.0,4.0,6.088888888888889,2.900744902202591,548.0,188.0,0.04694132334581773,0.41298377028714106,0.5870162297128589,98.0,1.0,1.638265306122449,1.4967869290573372,0.0,0.0,161.0,219.0,58.0
j90_446.rcp,90.0,4.0,5.777777777777778,2.731616443621199,520.0,188.0,0.04694132334581773,0.44094881398252184,0.5590511860174782,106.0,1.0,1.4463753723932473,1.3631116276970299,17.0,0.007592675301473872,154.0,224.0,70.0
j90_447.rcp,90.0,4.0,5.588888888888889,2.7684510087148593,503.0,188.0,0.04694132334581773,0.3772784019975031,0.6227215980024969,81.0,1.0,1.5233494363929148,1.4483425031311505,0.0,0.0,124.0,164.0,40.0
j90_448.rcp,90.0,4.0,5.388888888888889,2.7353425316461,485.0,188.0,0.04694132334581773,0.44794007490636706,0.5520599250936329,97.0,1.0,1.4762886597938145,1.3491899852724594,0.0,0.0,144.0,190.0,46.0
j90_449.rcp,90.0,4.0,5.333333333333333,2.824496021908648,480.0,188.0,0.04694132334581773,0.4094881398252185,0.5905118601747815,96.0,1.0,1.3916666666666666,1.3130084325396825,17.0,0.00718816067653277,134.0,195.0,61.0
j90_45.rcp,90.0,4.0,5.7555555555555555,2.805990065362595,518.0,132.0,0.03295880149812734,0.21622971285892634,0.7837702871410737,79.0,0.5027777777777778,1.2501861504095308,0.9693397865475304,94.0,0.029945842625039822,99.0,145.0,46.0
j90_450.rcp,90.0,4.0,5.788888888888889,2.865482098063254,521.0,188.0,0.04694132334581773,0.41897627965043693,0.5810237203495631,88.0,1.0,1.6517045454545454,1.55587150621118,0.0,0.0,146.0,204.0,58.0
j90_451.rcp,90.0,4.0,5.622222222222222,2.8580404233894936,506.0,188.0,0.04694132334581773,0.4414481897627965,0.5585518102372036,103.0,1.0,0.8383964923269652,0.7833433542097231,0.0,0.0,87.0,121.0,18.0
j90_452.rcp,90.0,4.0,5.133333333333334,2.937118769588092,462.0,188.0,0.04694132334581773,0.42596754057428216,0.5740324594257178,98.0,1.0,0.7492269635126778,0.7119064656364938,0.0,0.0,74.0,114.0,16.0
j90_453.rcp,90.0,4.0,5.722222222222222,2.8868582606847797,515.0,188.0,0.04694132334581773,0.41123595505617977,0.5887640449438203,112.0,1.0,0.7274159663865546,0.6668817242806213,0.0,0.0,82.0,131.0,19.0
j90_454.rcp,90.0,4.0,5.711111111111111,2.99349088094836,514.0,188.0,0.04694132334581773,0.41548064918851435,0.5845193508114856,88.0,1.0,0.9014127764127764,0.8396684028769784,0.0,0.0,80.0,118.0,30.0
j90_455.rcp,90.0,4.0,5.4,2.87827108598972,486.0,188.0,0.04694132334581773,0.38277153558052435,0.6172284644194757,91.0,1.0,0.7771978021978022,0.7129271689581452,0.0,0.0,71.0,103.0,12.0
j90_456.rcp,90.0,4.0,5.5,2.6299556396765835,495.0,188.0,0.04694132334581773,0.3805243445692884,0.6194756554307116,83.0,1.0,0.7686746987951807,0.718221742120298,0.0,0.0,64.0,103.0,20.0
j90_457.rcp,90.0,4.0,5.033333333333333,2.7465129406819355,453.0,188.0,0.04694132334581773,0.4199750312109863,0.5800249687890138,89.0,1.0,0.7766027759418375,0.6501474723286398,0.0,0.0,70.0,109.0,20.0
j90_458.rcp,90.0,4.0,5.455555555555556,3.127516270891545,491.0,188.0,0.04694132334581773,0.37203495630461925,0.6279650436953808,87.0,1.0,0.975933908045977,0.8553974035536798,0.0,0.0,85.0,113.0,26.0
j90_459.rcp,90.0,4.0,5.322222222222222,2.7601440291637673,479.0,188.0,0.04694132334581773,0.4217228464419476,0.5782771535580524,74.0,1.0,1.0018261504747992,0.8808489080546749,0.0,0.0,75.0,101.0,26.0
j90_46.rcp,90.0,4.0,5.466666666666667,2.875953948016399,492.0,132.0,0.03295880149812734,0.21598002496878901,0.784019975031211,75.0,0.5027777777777778,0.9424561403508772,0.8184320705144503,27.0,0.008598726114649681,71.0,120.0,45.0
j90_460.rcp,90.0,4.0,5.877777777777778,2.9129129283923096,529.0,188.0,0.04694132334581773,0.4229712858926342,0.5770287141073658,114.0,1.0,0.715742057847321,0.6635431187023985,0.0,0.0,82.0,120.0,6.0
j90_461.rcp,90.0,4.0,5.277777777777778,2.736696214934991,475.0,188.0,0.04694132334581773,0.39975031210986267,0.6002496878901373,82.0,1.0,0.7104878048780487,0.6126161648329232,0.0,0.0,59.0,85.0,3.0
j90_462.rcp,90.0,4.0,5.111111111111111,3.038436895088015,460.0,188.0,0.04694132334581773,0.3982521847690387,0.6017478152309613,90.0,1.0,0.6555555555555556,0.5447173138997039,0.0,0.0,59.0,96.0,6.0
j90_463.rcp,90.0,4.0,6.155555555555556,2.8004408823973534,554.0,188.0,0.04694132334581773,0.4372034956304619,0.5627965043695381,102.0,1.0,0.722875816993464,0.6401591988031359,0.0,0.0,74.0,117.0,15.0
j90_464.rcp,90.0,4.0,5.644444444444445,2.880243473933376,508.0,188.0,0.04694132334581773,0.415980024968789,0.584019975031211,93.0,1.0,0.728110599078341,0.6658555139203284,0.0,0.0,68.0,99.0,6.0
j90_465.rcp,90.0,4.0,5.855555555555555,2.730734989017959,527.0,188.0,0.04694132334581773,0.3815230961298377,0.6184769038701623,93.0,1.0,0.7396849212303076,0.6442131096345427,0.0,0.0,69.0,100.0,7.0
j90_466.rcp,90.0,4.0,5.611111111111111,2.706758801569978,505.0,188.0,0.04694132334581773,0.42247191011235957,0.5775280898876405,98.0,1.0,0.6543921916592724,0.6246279144068695,0.0,0.0,65.0,104.0,6.0
j90_467.rcp,90.0,4.0,5.977777777777778,2.772795531900684,538.0,188.0,0.04694132334581773,0.3790262172284644,0.6209737827715356,94.0,1.0,0.5900315208825847,0.5654131726065689,0.0,0.0,56.0,97.0,3.0
j90_468.rcp,90.0,4.0,5.311111111111111,2.771459480909109,478.0,188.0,0.04694132334581773,0.42197253433208487,0.5780274656679152,98.0,1.0,0.6242236024844721,0.5675704773142661,0.0,0.0,62.0,99.0,1.0
j90_469.rcp,90.0,4.0,5.155555555555556,2.8825571637816894,464.0,188.0,0.04694132334581773,0.4207240948813982,0.5792759051186018,86.0,1.0,0.6167846309403437,0.568096281316706,0.0,0.0,54.0,88.0,2.0
j90_47.rcp,90.0,4.0,5.4222222222222225,2.6498544101632695,488.0,132.0,0.03295880149812734,0.2107365792759051,0.7892634207240949,79.0,0.5027777777777778,1.2215189873417722,0.934282700421941,70.0,0.02214489085732363,97.0,133.0,36.0
j90_470.rcp,90.0,4.0,4.788888888888889,2.6935909301089933,431.0,188.0,0.04694132334581773,0.39076154806491886,0.6092384519350811,65.0,1.0,0.701098901098901,0.6923571795582137,0.0,0.0,46.0,75.0,10.0
j90_471.rcp,90.0,4.0,5.866666666666666,2.7170245163086446,528.0,188.0,0.04694132334581773,0.3872659176029963,0.6127340823970038,83.0,1.0,0.49100750829404577,0.42282014464930917,0.0,0.0,41.0,83.0,0.0
j90_472.rcp,90.0,4.0,5.411111111111111,2.824080752876134,487.0,188.0,0.04694132334581773,0.38551810237203493,0.6144818976279651,89.0,1.0,0.44610252808988765,0.42147520451478987,0.0,0.0,40.0,89.0,0.0
j90_473.rcp,90.0,4.0,5.277777777777778,2.9515637203119516,475.0,188.0,0.04694132334581773,0.4117353308364544,0.5882646691635456,86.0,1.0,0.5031533307055578,0.44291980773295025,0.0,0.0,44.0,86.0,0.0
j90_474.rcp,90.0,4.0,5.4,2.81977146434088,486.0,188.0,0.04694132334581773,0.4084893882646692,0.5915106117353308,91.0,1.0,0.5130133024869867,0.4521623749877988,0.0,0.0,47.0,91.0,0.0
j90_475.rcp,90.0,4.0,5.444444444444445,2.6124110239441056,490.0,188.0,0.04694132334581773,0.4077403245942572,0.5922596754057428,75.0,1.0,0.5314583333333334,0.48594861684400414,0.0,0.0,40.0,75.0,0.0
j90_476.rcp,90.0,4.0,5.877777777777778,2.8899357077730516,529.0,188.0,0.04694132334581773,0.43270911360799,0.56729088639201,114.0,1.0,0.45094217024041583,0.41442482904171174,0.0,0.0,52.0,114.0,0.0
j90_477.rcp,90.0,4.0,5.488888888888889,2.638368369716592,494.0,188.0,0.04694132334581773,0.4059925093632959,0.5940074906367041,103.0,1.0,0.3907766990291262,0.35703260074477994,0.0,0.0,41.0,103.0,0.0
j90_478.rcp,90.0,4.0,5.1,2.71231758219178,459.0,188.0,0.04694132334581773,0.40823970037453183,0.5917602996254682,74.0,1.0,0.5576737451737451,0.5012103008196759,0.0,0.0,42.0,74.0,0.0
j90_479.rcp,90.0,4.0,5.388888888888889,2.7067588015699777,485.0,188.0,0.04694132334581773,0.4079900124843945,0.5920099875156055,89.0,1.0,0.4967067028283611,0.47401024662263436,0.0,0.0,45.0,89.0,0.0
j90_48.rcp,90.0,4.0,5.766666666666667,2.9137604568666933,519.0,132.0,0.03295880149812734,0.21897627965043695,0.781023720349563,75.0,0.5027777777777778,1.1051851851851853,1.0057407407407406,81.0,0.02589514066496164,83.0,124.0,41.0
j90_480.rcp,90.0,4.0,5.633333333333334,2.971905486757986,507.0,188.0,0.04694132334581773,0.38027465667915106,0.6197253433208489,93.0,1.0,0.459005376344086,0.40763189397788285,0.0,0.0,43.0,93.0,0.0
j90_49.rcp,90.0,4.0,5.522222222222222,2.721224306887446,497.0,132.0,0.03295880149812734,0.20973782771535582,0.7902621722846441,94.0,0.5027777777777778,1.0195968645016797,0.9462788486521895,199.0,0.06287519747235389,96.0,158.0,62.0
j90_5.rcp,90.0,4.0,5.2,2.902872140943632,468.0,132.0,0.03295880149812734,0.20374531835205992,0.7962546816479401,84.0,0.25,0.5934065934065934,0.5487146781789639,151.0,0.047350266541235496,50.0,106.0,22.0
j90_50.rcp,90.0,4.0,5.766666666666667,2.9927690633703543,519.0,132.0,0.03295880149812734,0.20449438202247192,0.7955056179775281,78.0,0.5027777777777778,1.1237179487179487,0.9465811965811965,42.0,0.013182674199623353,88.0,142.0,54.0
j90_51.rcp,90.0,4.0,5.0777777777777775,2.813569412597843,457.0,132.0,0.03295880149812734,0.23345817727840198,0.766541822721598,82.0,0.5027777777777778,0.5296924708377518,0.47534378227644397,0.0,0.0,44.0,94.0,12.0
j90_52.rcp,90.0,4.0,5.477777777777778,2.781797092120199,493.0,132.0,0.03295880149812734,0.2104868913857678,0.7895131086142322,86.0,0.5027777777777778,0.554561717352415,0.5098408146617074,0.0,0.0,48.0,105.0,19.0
j90_53.rcp,90.0,4.0,5.666666666666667,2.840187787218772,510.0,132.0,0.03295880149812734,0.2237203495630462,0.7762796504369538,75.0,0.5027777777777778,0.7544086021505376,0.7006044653524492,0.0,0.0,57.0,98.0,23.0
j90_54.rcp,90.0,4.0,5.277777777777778,3.0075009107887336,475.0,132.0,0.03295880149812734,0.1805243445692884,0.8194756554307117,80.0,0.5027777777777778,0.6050675675675675,0.485789804386191,0.0,0.0,49.0,91.0,11.0
j90_55.rcp,90.0,4.0,5.533333333333333,2.9295430056959777,498.0,132.0,0.03295880149812734,0.1982521847690387,0.8017478152309613,71.0,0.5027777777777778,0.7158953722334004,0.5940805852618322,0.0,0.0,51.0,84.0,13.0
j90_56.rcp,90.0,4.0,5.588888888888889,2.8514886733636144,503.0,132.0,0.03295880149812734,0.22571785268414482,0.7742821473158552,98.0,0.5027777777777778,0.5163883735312307,0.46375388843165427,1.0,0.0003224766204450177,51.0,106.0,8.0
j90_57.rcp,90.0,4.0,5.222222222222222,3.0578779053373957,470.0,132.0,0.03295880149812734,0.21598002496878901,0.784019975031211,71.0,0.5027777777777778,0.7285089849441476,0.5408608297257179,0.0,0.0,52.0,81.0,10.0
j90_58.rcp,90.0,4.0,5.611111111111111,3.12585790693067,505.0,132.0,0.03295880149812734,0.19575530586766543,0.8042446941323346,67.0,0.5027777777777778,0.8232276119402985,0.6724123532508522,0.0,0.0,56.0,85.0,18.0
j90_59.rcp,90.0,4.0,5.477777777777778,2.89147320304903,493.0,132.0,0.03295880149812734,0.19225967540574282,0.8077403245942572,68.0,0.5027777777777778,0.5617647058823529,0.5434768222293578,0.0,0.0,39.0,75.0,7.0
j90_6.rcp,90.0,4.0,5.522222222222222,2.75369560884511,497.0,132.0,0.03295880149812734,0.19176029962546817,0.8082397003745319,61.0,0.25,0.9495586380832283,0.7074702960973454,101.0,0.031201729996910718,58.0,85.0,24.0
j90_60.rcp,90.0,4.0,6.088888888888889,2.627396025829226,548.0,132.0,0.03295880149812734,0.20199750312109863,0.7980024968789013,94.0,0.5027777777777778,0.5311812179016875,0.5160000260123329,0.0,0.0,50.0,107.0,13.0
j90_61.rcp,90.0,4.0,5.266666666666667,2.7398296784046026,474.0,132.0,0.03295880149812734,0.22871410736579276,0.7712858926342072,88.0,0.5027777777777778,0.3747417355371901,0.3243534840669754,0.0,0.0,33.0,89.0,1.0
j90_62.rcp,90.0,4.0,5.377777777777778,2.881272009904953,484.0,132.0,0.03295880149812734,0.2034956304619226,0.7965043695380774,77.0,0.5027777777777778,0.3978127136021873,0.3573854209569546,0.0,0.0,31.0,83.0,6.0
j90_63.rcp,90.0,4.0,5.533333333333333,2.6758176320519307,498.0,132.0,0.03295880149812734,0.2282147315855181,0.7717852684144819,80.0,0.5027777777777778,0.6549242424242424,0.4694390100390694,0.0,0.0,53.0,86.0,6.0
j90_64.rcp,90.0,4.0,5.2444444444444445,2.9337541785648833,472.0,132.0,0.03295880149812734,0.20224719101123595,0.797752808988764,86.0,0.5027777777777778,0.5486649440137812,0.3970551000884671,0.0,0.0,48.0,88.0,2.0
j90_65.rcp,90.0,4.0,5.166666666666667,2.753785273643051,465.0,132.0,0.03295880149812734,0.22247191011235956,0.7775280898876404,79.0,0.5027777777777778,0.5676424050632911,0.4292613095277368,0.0,0.0,45.0,79.0,0.0
j90_66.rcp,90.0,4.0,5.311111111111111,2.9875461668006795,478.0,132.0,0.03295880149812734,0.17952559300873908,0.820474406991261,90.0,0.5027777777777778,0.4703703703703704,0.3964021164021164,0.0,0.0,43.0,92.0,2.0
j90_67.rcp,90.0,4.0,5.233333333333333,3.0406505151949896,471.0,132.0,0.03295880149812734,0.2,0.8,90.0,0.5027777777777778,0.47562724014336916,0.3614706697872021,0.0,0.0,43.0,90.0,0.0
j90_68.rcp,90.0,4.0,5.111111111111111,3.0200972921945723,460.0,132.0,0.03295880149812734,0.18726591760299627,0.8127340823970037,60.0,0.5027777777777778,0.4860544217687075,0.4414575156985871,0.0,0.0,30.0,63.0,3.0
j90_69.rcp,90.0,4.0,5.688888888888889,3.0899278828133925,512.0,132.0,0.03295880149812734,0.2069912609238452,0.7930087390761548,83.0,0.5027777777777778,0.5604130808950086,0.4775836539435051,0.0,0.0,47.0,85.0,2.0
j90_7.rcp,90.0,4.0,5.588888888888889,2.8631546100390133,503.0,132.0,0.03295880149812734,0.21348314606741572,0.7865168539325843,83.0,0.25,0.7082616179001722,0.6273533695220442,170.0,0.05396825396825397,59.0,104.0,21.0
j90_70.rcp,90.0,4.0,6.0,2.9059326290271157,540.0,132.0,0.03295880149812734,0.19950062421972534,0.8004993757802746,98.0,0.5027777777777778,0.5064247921390779,0.4000342964777941,0.0,0.0,50.0,103.0,5.0
j90_71.rcp,90.0,4.0,5.866666666666666,3.0484968973796467,528.0,132.0,0.03295880149812734,0.20299625468164795,0.797003745318352,96.0,0.5027777777777778,0.4007352941176471,0.3222312962070074,0.0,0.0,39.0,96.0,0.0
j90_72.rcp,90.0,4.0,4.644444444444445,2.8531117947918285,418.0,132.0,0.03295880149812734,0.22147315855181024,0.7785268414481897,78.0,0.5027777777777778,0.446474358974359,0.361371396849338,0.0,0.0,35.0,78.0,0.0
j90_73.rcp,90.0,4.0,5.4,2.9280255007997,486.0,132.0,0.03295880149812734,0.19775280898876405,0.802247191011236,70.0,0.5027777777777778,0.3705539358600583,0.3315076066456127,0.0,0.0,26.0,70.0,0.0
j90_74.rcp,90.0,4.0,5.977777777777778,2.943836415208252,538.0,132.0,0.03295880149812734,0.20524344569288389,0.7947565543071161,77.0,0.5027777777777778,0.43933209647495364,0.3760969025603827,0.0,0.0,34.0,77.0,0.0
j90_75.rcp,90.0,4.0,5.488888888888889,2.7335139958361467,494.0,132.0,0.03295880149812734,0.1937578027465668,0.8062421972534333,63.0,0.5027777777777778,0.41005291005291006,0.3568890174153332,0.0,0.0,26.0,63.0,0.0
j90_76.rcp,90.0,4.0,5.6,2.916619047230314,504.0,132.0,0.03295880149812734,0.20823970037453182,0.7917602996254682,70.0,0.5027777777777778,0.47824675324675325,0.3322704081632653,0.0,0.0,34.0,70.0,0.0
j90_77.rcp,90.0,4.0,5.655555555555556,2.6756561442885625,509.0,132.0,0.03295880149812734,0.1912609238451935,0.8087390761548066,77.0,0.5027777777777778,0.41316822712171547,0.3575742124168254,0.0,0.0,32.0,77.0,0.0
j90_78.rcp,90.0,4.0,5.566666666666666,3.047950130825634,501.0,132.0,0.03295880149812734,0.17877652933832708,0.8212234706616729,68.0,0.5027777777777778,0.3715686274509804,0.3290630175226781,0.0,0.0,26.0,68.0,0.0
j90_79.rcp,90.0,4.0,6.022222222222222,2.9324914616822855,542.0,132.0,0.03295880149812734,0.21997503121098627,0.7800249687890137,97.0,0.5027777777777778,0.3444855086559035,0.31153159389521873,0.0,0.0,34.0,97.0,0.0
j90_8.rcp,90.0,4.0,6.066666666666666,2.999259167787198,546.0,132.0,0.03295880149812734,0.22771535580524344,0.7722846441947566,85.0,0.25,0.6974789915966386,0.6546778711484593,183.0,0.059165858389912694,60.0,118.0,33.0
j90_80.rcp,90.0,4.0,5.311111111111111,2.9986828384195783,478.0,132.0,0.03295880149812734,0.19500624219725343,0.8049937578027466,88.0,0.5027777777777778,0.3146464646464647,0.29898877164502163,0.0,0.0,28.0,88.0,0.0
j90_81.rcp,90.0,4.0,5.322222222222222,2.851228888188303,479.0,132.0,0.03295880149812734,0.1990012484394507,0.8009987515605493,80.0,0.7527777777777778,1.125,1.0290747452978057,0.0,0.0,90.0,145.0,55.0
j90_82.rcp,90.0,4.0,5.811111111111111,2.8709055653978064,523.0,132.0,0.03295880149812734,0.2237203495630462,0.7762796504369538,92.0,0.7527777777777778,1.2276887871853548,1.1375331619181734,25.0,0.008041170794467674,113.0,153.0,40.0
j90_83.rcp,90.0,4.0,5.2444444444444445,2.860889959090473,472.0,132.0,0.03295880149812734,0.1920099875156055,0.8079900124843945,67.0,0.7527777777777778,1.4100923951670221,1.2549673990296963,0.0,0.0,95.0,123.0,28.0
j90_84.rcp,90.0,4.0,5.677777777777778,2.8238184462326807,511.0,132.0,0.03295880149812734,0.22446941323345818,0.7755305867665419,81.0,0.7527777777777778,1.2574074074074073,1.2360549943883277,0.0,0.0,102.0,162.0,60.0
j90_85.rcp,90.0,4.0,5.666666666666667,2.832352771499734,510.0,132.0,0.03295880149812734,0.21722846441947566,0.7827715355805244,89.0,0.7527777777777778,1.3660555884092254,1.2625278082847569,139.0,0.04433811802232855,122.0,188.0,66.0
j90_86.rcp,90.0,4.0,5.633333333333334,2.849756324865533,507.0,132.0,0.03295880149812734,0.20948813982521847,0.7905118601747816,88.0,0.7527777777777778,1.1801136363636364,1.1010041286854397,10.0,0.0031585596967782688,104.0,161.0,57.0
j90_87.rcp,90.0,4.0,5.5777777777777775,2.8712280677932833,502.0,132.0,0.03295880149812734,0.19500624219725343,0.8049937578027466,74.0,0.7527777777777778,1.3599508599508598,1.2344389844389845,0.0,0.0,101.0,132.0,31.0
j90_88.rcp,90.0,4.0,5.566666666666666,2.7204983203654276,501.0,132.0,0.03295880149812734,0.20898876404494382,0.7910112359550562,75.0,0.7527777777777778,1.4303703703703703,1.2598816485658593,40.0,0.012626262626262626,108.0,157.0,49.0
j90_89.rcp,90.0,4.0,5.366666666666666,2.8923270139380084,483.0,132.0,0.03295880149812734,0.20948813982521847,0.7905118601747816,77.0,0.7527777777777778,1.32172373081464,1.247663321526958,0.0,0.0,102.0,145.0,43.0
j90_9.rcp,90.0,4.0,5.2555555555555555,2.972320870637067,473.0,132.0,0.03295880149812734,0.21223470661672908,0.787765293383271,66.0,0.25,0.7593582887700535,0.6141090527119939,62.0,0.0196513470681458,51.0,84.0,18.0
j90_90.rcp,90.0,4.0,5.566666666666666,2.8598756771735534,501.0,132.0,0.03295880149812734,0.23320848938826466,0.7667915106117353,77.0,0.7527777777777778,1.2910271546635184,1.19115786810592,0.0,0.0,100.0,139.0,39.0
j90_91.rcp,90.0,4.0,5.4222222222222225,3.126864875656971,488.0,132.0,0.03295880149812734,0.19600499375780275,0.8039950062421972,77.0,0.7527777777777778,0.6512987012987013,0.5897946859903381,0.0,0.0,51.0,92.0,15.0
j90_92.rcp,90.0,4.0,5.855555555555555,2.7429145533380326,527.0,132.0,0.03295880149812734,0.24119850187265918,0.7588014981273408,95.0,0.7527777777777778,0.7165789473684211,0.6632975474905878,0.0,0.0,69.0,115.0,20.0
j90_93.rcp,90.0,4.0,5.777777777777778,2.632184465748629,520.0,132.0,0.03295880149812734,0.2132334581772784,0.7867665418227217,112.0,0.7527777777777778,0.5589285714285714,0.5342197900665643,0.0,0.0,63.0,127.0,15.0
j90_94.rcp,90.0,4.0,6.011111111111111,2.97953927998737,541.0,132.0,0.03295880149812734,0.2034956304619226,0.7965043695380774,94.0,0.7527777777777778,0.525350837483024,0.47858145013216236,0.0,0.0,50.0,104.0,10.0
j90_95.rcp,90.0,4.0,5.866666666666666,2.821347195933177,528.0,132.0,0.03295880149812734,0.18202247191011237,0.8179775280898877,78.0,0.7527777777777778,0.6054778554778555,0.5742888014763015,0.0,0.0,48.0,94.0,16.0
j90_96.rcp,90.0,4.0,5.011111111111111,2.926865765606025,451.0,132.0,0.03295880149812734,0.2132334581772784,0.7867665418227217,92.0,0.7527777777777778,0.5670914542728636,0.5366427798790124,0.0,0.0,53.0,99.0,7.0
j90_97.rcp,90.0,4.0,5.411111111111111,2.772461579513149,487.0,132.0,0.03295880149812734,0.18127340823970037,0.8187265917602996,83.0,0.7527777777777778,0.6596385542168675,0.5547356091030791,0.0,0.0,55.0,102.0,19.0
j90_98.rcp,90.0,4.0,5.4222222222222225,2.792759598110712,488.0,132.0,0.03295880149812734,0.20749063670411985,0.7925093632958802,81.0,0.7527777777777778,0.7215363511659808,0.706566461106485,0.0,0.0,59.0,101.0,20.0
j90_99.rcp,90.0,4.0,5.588888888888889,2.8901920137844144,503.0,132.0,0.03295880149812734,0.23320848938826466,0.7667915106117353,88.0,0.7527777777777778,0.7428977272727273,0.5938168290712669,0.0,0.0,66.0,96.0,8.0
