instance,nodes,solved,done_reason,makespan,lowerbound
AD_inst1.rcp,9603,1,search_exhausted,46,46
AD_inst100001.rcp,35507,0,time_limit,105,40
AD_inst10001.rcp,93,1,search_exhausted,95,95
AD_inst1001.rcp,25667,0,time_limit,38,33
AD_inst101001.rcp,36706,0,time_limit,61,33
AD_inst102001.rcp,10378,1,search_exhausted,120,120
AD_inst103001.rcp,30991,0,time_limit,87,71
AD_inst104001.rcp,46160,0,time_limit,99,40
AD_inst105001.rcp,40228,0,time_limit,66,33
AD_inst106001.rcp,7957,1,search_exhausted,121,121
AD_inst107001.rcp,28128,0,time_limit,93,71
AD_inst108001.rcp,43106,0,time_limit,90,40
AD_inst109001.rcp,40570,0,time_limit,71,33
AD_inst110001.rcp,1285,1,search_exhausted,106,106
AD_inst11001.rcp,32,1,search_exhausted,71,71
AD_inst111001.rcp,32781,0,time_limit,87,71
AD_inst112001.rcp,48547,0,time_limit,99,40
AD_inst113001.rcp,39426,0,time_limit,64,33
AD_inst114001.rcp,11523,1,search_exhausted,117,117
AD_inst115001.rcp,32045,0,time_limit,87,71
AD_inst116001.rcp,47947,0,time_limit,90,40
AD_inst117001.rcp,45692,0,time_limit,73,33
AD_inst118001.rcp,8696,1,search_exhausted,115,115
AD_inst119001.rcp,31688,0,time_limit,76,71
AD_inst120001.rcp,43423,0,time_limit,111,40
AD_inst12001.rcp,34682,0,time_limit,47,40
AD_inst121001.rcp,43248,0,time_limit,65,33
AD_inst122001.rcp,60038,1,search_exhausted,127,127
AD_inst123001.rcp,31105,0,time_limit,81,71
AD_inst124001.rcp,47400,0,time_limit,86,40
AD_inst125001.rcp,38506,0,time_limit,61,33
AD_inst126001.rcp,2462,1,search_exhausted,121,121
AD_inst127001.rcp,31014,0,time_limit,91,71
AD_inst128001.rcp,42081,0,time_limit,106,40
AD_inst129001.rcp,36876,0,time_limit,62,33
AD_inst130001.rcp,2228,1,search_exhausted,112,112
AD_inst13001.rcp,3522,1,search_exhausted,33,33
AD_inst131001.rcp,25384,0,time_limit,87,71
AD_inst132001.rcp,47270,0,time_limit,110,40
AD_inst133001.rcp,34002,0,time_limit,64,33
AD_inst134001.rcp,9989,1,search_exhausted,113,113
AD_inst135001.rcp,28775,0,time_limit,81,71
AD_inst136001.rcp,43370,0,time_limit,87,40
AD_inst137001.rcp,46493,0,time_limit,66,33
AD_inst138001.rcp,33137,1,search_exhausted,135,135
AD_inst139001.rcp,29981,0,time_limit,98,71
AD_inst140001.rcp,43718,0,time_limit,103,40
AD_inst14001.rcp,32,1,search_exhausted,92,92
AD_inst141001.rcp,44694,0,time_limit,69,33
AD_inst142001.rcp,662,1,search_exhausted,102,102
AD_inst143001.rcp,33710,0,time_limit,79,71
AD_inst144001.rcp,46972,0,time_limit,99,40
AD_inst145001.rcp,45885,0,time_limit,72,33
AD_inst146001.rcp,1230,1,search_exhausted,108,108
AD_inst147001.rcp,31176,0,time_limit,89,71
AD_inst148001.rcp,41190,0,time_limit,97,40
AD_inst149001.rcp,35697,0,time_limit,60,33
AD_inst150001.rcp,3972,1,search_exhausted,113,113
AD_inst15001.rcp,32,1,search_exhausted,71,71
AD_inst151001.rcp,26965,0,time_limit,91,71
AD_inst152001.rcp,43072,0,time_limit,90,40
AD_inst153001.rcp,43532,0,time_limit,69,33
AD_inst154001.rcp,912,1,search_exhausted,101,101
AD_inst155001.rcp,29618,0,time_limit,87,71
AD_inst156001.rcp,42070,0,time_limit,79,40
AD_inst157001.rcp,44025,0,time_limit,65,33
AD_inst158001.rcp,1606,1,search_exhausted,116,116
AD_inst159001.rcp,25273,0,time_limit,87,71
AD_inst160001.rcp,51169,0,time_limit,124,40
AD_inst16001.rcp,9700,1,search_exhausted,41,41
AD_inst161001.rcp,44312,0,time_limit,82,33
AD_inst162001.rcp,74550,0,time_limit,121,92
AD_inst163001.rcp,38872,0,time_limit,117,71
AD_inst164001.rcp,60977,0,time_limit,143,40
AD_inst165001.rcp,42449,0,time_limit,73,33
AD_inst166001.rcp,88644,0,time_limit,152,92
AD_inst167001.rcp,36813,0,time_limit,114,71
AD_inst168001.rcp,59019,0,time_limit,134,40
AD_inst169001.rcp,46862,0,time_limit,90,33
AD_inst170001.rcp,86570,0,time_limit,153,92
AD_inst17001.rcp,2778,1,search_exhausted,33,33
AD_inst171001.rcp,39875,0,time_limit,115,71
AD_inst172001.rcp,60620,0,time_limit,147,40
AD_inst173001.rcp,53168,0,time_limit,97,33
AD_inst174001.rcp,42334,1,search_exhausted,130,130
AD_inst175001.rcp,37678,0,time_limit,109,71
AD_inst176001.rcp,49732,0,time_limit,138,40
AD_inst177001.rcp,52476,0,time_limit,95,33
AD_inst178001.rcp,87639,0,time_limit,145,92
AD_inst179001.rcp,30391,0,time_limit,106,71
AD_inst180001.rcp,51589,0,time_limit,128,40
AD_inst18001.rcp,212,1,search_exhausted,97,97
AD_inst181001.rcp,46098,0,time_limit,91,33
AD_inst182001.rcp,74489,0,time_limit,141,92
AD_inst183001.rcp,35219,0,time_limit,109,71
AD_inst184001.rcp,56603,0,time_limit,121,40
AD_inst185001.rcp,45462,0,time_limit,85,33
AD_inst186001.rcp,73060,0,time_limit,140,92
AD_inst187001.rcp,45278,0,time_limit,122,71
AD_inst188001.rcp,53752,0,time_limit,136,40
AD_inst189001.rcp,51520,0,time_limit,94,33
AD_inst190001.rcp,4837,1,search_exhausted,121,121
AD_inst19001.rcp,32,1,search_exhausted,71,71
AD_inst191001.rcp,41790,0,time_limit,111,71
AD_inst192001.rcp,49457,0,time_limit,133,40
AD_inst193001.rcp,51837,0,time_limit,84,33
AD_inst194001.rcp,86648,0,time_limit,142,92
AD_inst195001.rcp,34395,0,time_limit,103,71
AD_inst196001.rcp,60278,0,time_limit,141,40
AD_inst197001.rcp,50951,0,time_limit,89,33
AD_inst198001.rcp,83159,0,time_limit,139,92
AD_inst199001.rcp,36073,0,time_limit,119,71
AD_inst200001.rcp,52026,0,time_limit,140,40
AD_inst20001.rcp,3843,1,search_exhausted,41,41
AD_inst2001.rcp,157,1,search_exhausted,102,102
AD_inst201001.rcp,57338,0,time_limit,93,33
AD_inst202001.rcp,88545,0,time_limit,140,92
AD_inst203001.rcp,36704,0,time_limit,110,71
AD_inst204001.rcp,51628,0,time_limit,123,40
AD_inst205001.rcp,48379,0,time_limit,103,33
AD_inst206001.rcp,70982,0,time_limit,142,92
AD_inst207001.rcp,34122,0,time_limit,104,71
AD_inst208001.rcp,59136,0,time_limit,125,40
AD_inst209001.rcp,46980,0,time_limit,79,33
AD_inst210001.rcp,81160,0,time_limit,140,92
AD_inst21001.rcp,32,1,search_exhausted,33,33
AD_inst211001.rcp,30958,0,time_limit,100,71
AD_inst212001.rcp,53379,0,time_limit,135,40
AD_inst213001.rcp,57123,0,time_limit,91,33
AD_inst214001.rcp,67740,1,search_exhausted,125,125
AD_inst215001.rcp,28128,0,time_limit,95,71
AD_inst216001.rcp,52855,0,time_limit,120,40
AD_inst217001.rcp,49878,0,time_limit,84,33
AD_inst218001.rcp,58298,1,search_exhausted,131,131
AD_inst219001.rcp,37868,0,time_limit,109,71
AD_inst220001.rcp,59439,0,time_limit,128,40
AD_inst22001.rcp,126,1,search_exhausted,99,99
AD_inst221001.rcp,52699,0,time_limit,85,33
AD_inst222001.rcp,47463,1,search_exhausted,126,126
AD_inst223001.rcp,43167,0,time_limit,117,71
AD_inst224001.rcp,60846,0,time_limit,125,40
AD_inst225001.rcp,47813,0,time_limit,84,33
AD_inst226001.rcp,74450,0,time_limit,128,92
AD_inst227001.rcp,31322,0,time_limit,104,71
AD_inst228001.rcp,57714,0,time_limit,133,40
AD_inst229001.rcp,43015,0,time_limit,93,33
AD_inst230001.rcp,71290,1,search_exhausted,132,132
AD_inst23001.rcp,32,1,search_exhausted,71,71
AD_inst231001.rcp,38373,0,time_limit,120,71
AD_inst232001.rcp,67057,0,time_limit,131,40
AD_inst233001.rcp,50579,0,time_limit,98,33
AD_inst234001.rcp,76393,0,time_limit,130,92
AD_inst235001.rcp,37823,0,time_limit,109,71
AD_inst236001.rcp,56827,0,time_limit,133,40
AD_inst237001.rcp,46565,0,time_limit,88,33
AD_inst238001.rcp,77202,0,time_limit,147,92
AD_inst239001.rcp,41129,0,time_limit,120,71
AD_inst240001.rcp,47065,0,time_limit,96,40
AD_inst24001.rcp,6209,1,search_exhausted,46,46
AD_inst241001.rcp,44264,0,time_limit,58,33
AD_inst242001.rcp,133,1,search_exhausted,99,99
AD_inst243001.rcp,11936,1,search_exhausted,71,71
AD_inst244001.rcp,42328,0,time_limit,69,40
AD_inst245001.rcp,40582,0,time_limit,61,33
AD_inst246001.rcp,367,1,search_exhausted,101,101
AD_inst247001.rcp,28755,0,time_limit,85,71
AD_inst248001.rcp,43396,0,time_limit,86,40
AD_inst249001.rcp,40206,0,time_limit,61,33
AD_inst250001.rcp,1649,1,search_exhausted,98,98
AD_inst25001.rcp,32538,0,time_limit,41,33
AD_inst251001.rcp,31412,0,time_limit,85,71
AD_inst252001.rcp,44180,0,time_limit,90,40
AD_inst253001.rcp,36615,0,time_limit,63,33
AD_inst254001.rcp,510,1,search_exhausted,96,96
AD_inst255001.rcp,5943,1,search_exhausted,71,71
AD_inst256001.rcp,42987,0,time_limit,94,40
AD_inst257001.rcp,34080,0,time_limit,56,33
AD_inst258001.rcp,120,1,search_exhausted,96,96
AD_inst259001.rcp,31361,0,time_limit,84,71
AD_inst260001.rcp,48640,0,time_limit,74,40
AD_inst26001.rcp,86,1,search_exhausted,101,101
AD_inst261001.rcp,49703,0,time_limit,62,33
AD_inst262001.rcp,3258,1,search_exhausted,112,112
AD_inst263001.rcp,35766,0,time_limit,78,71
AD_inst264001.rcp,45319,0,time_limit,85,40
AD_inst265001.rcp,37833,0,time_limit,57,33
AD_inst266001.rcp,2225,1,search_exhausted,109,109
AD_inst267001.rcp,29064,0,time_limit,104,71
AD_inst268001.rcp,46595,0,time_limit,106,40
AD_inst269001.rcp,46888,0,time_limit,61,33
AD_inst270001.rcp,507,1,search_exhausted,109,109
AD_inst27001.rcp,32,1,search_exhausted,71,71
AD_inst271001.rcp,8419,1,search_exhausted,71,71
AD_inst272001.rcp,48636,0,time_limit,81,40
AD_inst273001.rcp,38224,0,time_limit,69,33
AD_inst274001.rcp,1316,1,search_exhausted,110,110
AD_inst275001.rcp,37446,0,time_limit,75,71
AD_inst276001.rcp,39927,0,time_limit,73,40
AD_inst277001.rcp,32970,0,time_limit,57,33
AD_inst278001.rcp,648,1,search_exhausted,101,101
AD_inst279001.rcp,34928,0,time_limit,79,71
AD_inst280001.rcp,48754,0,time_limit,97,40
AD_inst28001.rcp,36754,0,time_limit,44,40
AD_inst281001.rcp,36234,0,time_limit,60,33
AD_inst282001.rcp,896,1,search_exhausted,102,102
AD_inst283001.rcp,30363,0,time_limit,74,71
AD_inst284001.rcp,45881,0,time_limit,83,40
AD_inst285001.rcp,43162,0,time_limit,59,33
AD_inst286001.rcp,507,1,search_exhausted,99,99
AD_inst287001.rcp,33736,0,time_limit,79,71
AD_inst288001.rcp,41819,0,time_limit,94,40
AD_inst289001.rcp,41610,0,time_limit,65,33
AD_inst290001.rcp,2004,1,search_exhausted,107,107
AD_inst29001.rcp,32,1,search_exhausted,33,33
AD_inst291001.rcp,36484,0,time_limit,77,71
AD_inst292001.rcp,49053,0,time_limit,79,40
AD_inst293001.rcp,38203,0,time_limit,60,33
AD_inst294001.rcp,289,1,search_exhausted,104,104
AD_inst295001.rcp,27797,0,time_limit,90,71
AD_inst296001.rcp,45394,0,time_limit,90,40
AD_inst297001.rcp,39254,0,time_limit,56,33
AD_inst298001.rcp,7040,1,search_exhausted,119,119
AD_inst299001.rcp,26745,0,time_limit,79,71
AD_inst300001.rcp,44803,0,time_limit,86,40
AD_inst30001.rcp,143,1,search_exhausted,106,106
AD_inst3001.rcp,32,1,search_exhausted,71,71
AD_inst301001.rcp,36507,0,time_limit,54,33
AD_inst302001.rcp,319,1,search_exhausted,99,99
AD_inst303001.rcp,33286,0,time_limit,78,71
AD_inst304001.rcp,47196,0,time_limit,88,40
AD_inst305001.rcp,39254,0,time_limit,58,33
AD_inst306001.rcp,676,1,search_exhausted,97,97
AD_inst307001.rcp,43,1,search_exhausted,71,71
AD_inst308001.rcp,44494,0,time_limit,73,40
AD_inst309001.rcp,36362,0,time_limit,53,33
AD_inst310001.rcp,527,1,search_exhausted,109,109
AD_inst31001.rcp,32,1,search_exhausted,71,71
AD_inst311001.rcp,32996,0,time_limit,88,71
AD_inst312001.rcp,54001,0,time_limit,94,40
AD_inst313001.rcp,42843,0,time_limit,56,33
AD_inst314001.rcp,516,1,search_exhausted,106,106
AD_inst315001.rcp,32225,0,time_limit,81,71
AD_inst316001.rcp,41827,0,time_limit,74,40
AD_inst317001.rcp,38828,0,time_limit,64,33
AD_inst318001.rcp,1248,1,search_exhausted,106,106
AD_inst319001.rcp,32431,0,time_limit,77,71
AD_inst320001.rcp,63430,0,time_limit,157,40
AD_inst32001.rcp,22569,1,search_exhausted,45,45
AD_inst321001.rcp,60226,0,time_limit,139,33
AD_inst322001.rcp,86787,0,time_limit,159,92
AD_inst323001.rcp,45282,0,time_limit,135,71
AD_inst324001.rcp,70974,0,time_limit,181,40
AD_inst325001.rcp,57416,0,time_limit,129,33
AD_inst326001.rcp,74878,0,time_limit,156,92
AD_inst327001.rcp,33221,0,time_limit,146,71
AD_inst328001.rcp,60979,0,time_limit,175,40
AD_inst329001.rcp,49983,0,time_limit,128,33
AD_inst330001.rcp,78939,0,time_limit,162,92
AD_inst33001.rcp,32,1,search_exhausted,33,33
AD_inst331001.rcp,48964,0,time_limit,147,71
AD_inst332001.rcp,56892,0,time_limit,183,40
AD_inst333001.rcp,65938,0,time_limit,136,33
AD_inst334001.rcp,76525,0,time_limit,153,92
AD_inst335001.rcp,44298,0,time_limit,154,71
AD_inst336001.rcp,65243,0,time_limit,161,40
AD_inst337001.rcp,60621,0,time_limit,140,33
AD_inst338001.rcp,84362,0,time_limit,152,92
AD_inst339001.rcp,39807,0,time_limit,152,71
AD_inst340001.rcp,69238,0,time_limit,152,40
AD_inst34001.rcp,32,1,search_exhausted,92,92
AD_inst341001.rcp,60425,0,time_limit,145,33
AD_inst342001.rcp,78699,0,time_limit,169,92
AD_inst343001.rcp,45936,0,time_limit,152,71
AD_inst344001.rcp,63132,0,time_limit,167,40
AD_inst345001.rcp,54286,0,time_limit,133,33
AD_inst346001.rcp,74362,0,time_limit,156,92
AD_inst347001.rcp,44009,0,time_limit,166,71
AD_inst348001.rcp,56818,0,time_limit,171,40
AD_inst349001.rcp,61835,0,time_limit,126,33
AD_inst350001.rcp,82877,0,time_limit,166,92
AD_inst35001.rcp,32,1,search_exhausted,71,71
AD_inst351001.rcp,42051,0,time_limit,150,71
AD_inst352001.rcp,59571,0,time_limit,165,40
AD_inst353001.rcp,60092,0,time_limit,142,33
AD_inst354001.rcp,73389,0,time_limit,161,92
AD_inst355001.rcp,45391,0,time_limit,142,71
AD_inst356001.rcp,63851,0,time_limit,170,40
AD_inst357001.rcp,54410,0,time_limit,130,33
AD_inst358001.rcp,90459,0,time_limit,165,92
AD_inst359001.rcp,41356,0,time_limit,152,71
AD_inst360001.rcp,73688,0,time_limit,170,40
AD_inst36001.rcp,11422,1,search_exhausted,41,41
AD_inst361001.rcp,51400,0,time_limit,125,33
AD_inst362001.rcp,77857,0,time_limit,163,92
AD_inst363001.rcp,48794,0,time_limit,153,71
AD_inst364001.rcp,51030,0,time_limit,166,40
AD_inst365001.rcp,57899,0,time_limit,122,33
AD_inst366001.rcp,74552,0,time_limit,155,92
AD_inst367001.rcp,49721,0,time_limit,141,71
AD_inst368001.rcp,60332,0,time_limit,171,40
AD_inst369001.rcp,52060,0,time_limit,139,33
AD_inst370001.rcp,77723,0,time_limit,157,92
AD_inst37001.rcp,32,1,search_exhausted,33,33
AD_inst371001.rcp,47270,0,time_limit,138,71
AD_inst372001.rcp,61377,0,time_limit,157,40
AD_inst373001.rcp,51444,0,time_limit,128,33
AD_inst374001.rcp,75513,0,time_limit,159,92
AD_inst375001.rcp,45850,0,time_limit,159,71
AD_inst376001.rcp,63022,0,time_limit,170,40
AD_inst377001.rcp,59201,0,time_limit,130,33
AD_inst378001.rcp,77269,0,time_limit,167,92
AD_inst379001.rcp,49102,0,time_limit,155,71
AD_inst380001.rcp,51459,0,time_limit,157,40
AD_inst38001.rcp,135,1,search_exhausted,94,94
AD_inst381001.rcp,55243,0,time_limit,136,33
AD_inst382001.rcp,71168,0,time_limit,151,92
AD_inst383001.rcp,62464,0,time_limit,140,71
AD_inst384001.rcp,61137,0,time_limit,164,40
AD_inst385001.rcp,64734,0,time_limit,130,33
AD_inst386001.rcp,75729,0,time_limit,165,92
AD_inst387001.rcp,39862,0,time_limit,157,71
AD_inst388001.rcp,58021,0,time_limit,157,40
AD_inst389001.rcp,61317,0,time_limit,133,33
AD_inst390001.rcp,80671,0,time_limit,158,92
AD_inst39001.rcp,32,1,search_exhausted,71,71
AD_inst391001.rcp,44823,0,time_limit,148,71
AD_inst392001.rcp,68115,0,time_limit,153,40
AD_inst393001.rcp,56265,0,time_limit,132,33
AD_inst394001.rcp,78817,0,time_limit,162,92
AD_inst395001.rcp,49184,0,time_limit,156,71
AD_inst396001.rcp,54595,0,time_limit,175,40
AD_inst397001.rcp,56447,0,time_limit,139,33
AD_inst398001.rcp,85513,0,time_limit,161,92
AD_inst399001.rcp,44661,0,time_limit,141,71
AD_inst400001.rcp,62530,0,time_limit,185,40
AD_inst40001.rcp,21490,1,search_exhausted,44,44
AD_inst4001.rcp,40192,0,time_limit,48,40
AD_inst401001.rcp,65734,0,time_limit,154,33
AD_inst402001.rcp,79705,0,time_limit,169,92
AD_inst403001.rcp,49823,0,time_limit,171,71
AD_inst404001.rcp,63365,0,time_limit,185,40
AD_inst405001.rcp,65675,0,time_limit,154,33
AD_inst406001.rcp,78761,0,time_limit,169,92
AD_inst407001.rcp,49539,0,time_limit,171,71
AD_inst408001.rcp,62799,0,time_limit,185,40
AD_inst409001.rcp,65220,0,time_limit,154,33
AD_inst410001.rcp,78933,0,time_limit,169,92
AD_inst41001.rcp,27141,0,time_limit,38,33
AD_inst411001.rcp,50241,0,time_limit,171,71
AD_inst412001.rcp,63444,0,time_limit,185,40
AD_inst413001.rcp,65903,0,time_limit,154,33
AD_inst414001.rcp,79170,0,time_limit,169,92
AD_inst415001.rcp,50110,0,time_limit,171,71
AD_inst416001.rcp,63637,0,time_limit,185,40
AD_inst417001.rcp,65675,0,time_limit,154,33
AD_inst418001.rcp,79270,0,time_limit,169,92
AD_inst419001.rcp,50596,0,time_limit,171,71
AD_inst420001.rcp,63535,0,time_limit,185,40
AD_inst42001.rcp,98,1,search_exhausted,94,94
AD_inst421001.rcp,65367,0,time_limit,154,33
AD_inst422001.rcp,79453,0,time_limit,169,92
AD_inst423001.rcp,50902,0,time_limit,171,71
AD_inst424001.rcp,63331,0,time_limit,185,40
AD_inst425001.rcp,63573,0,time_limit,154,33
AD_inst426001.rcp,79612,0,time_limit,169,92
AD_inst427001.rcp,50833,0,time_limit,171,71
AD_inst428001.rcp,63459,0,time_limit,185,40
AD_inst429001.rcp,65127,0,time_limit,154,33
AD_inst430001.rcp,78688,0,time_limit,169,92
AD_inst43001.rcp,32,1,search_exhausted,71,71
AD_inst431001.rcp,50839,0,time_limit,171,71
AD_inst432001.rcp,63069,0,time_limit,185,40
AD_inst433001.rcp,65964,0,time_limit,154,33
AD_inst434001.rcp,78942,0,time_limit,169,92
AD_inst435001.rcp,50148,0,time_limit,171,71
AD_inst436001.rcp,63445,0,time_limit,185,40
AD_inst437001.rcp,64426,0,time_limit,154,33
AD_inst438001.rcp,79032,0,time_limit,169,92
AD_inst439001.rcp,50933,0,time_limit,171,71
AD_inst440001.rcp,63087,0,time_limit,185,40
AD_inst44001.rcp,1784,1,search_exhausted,47,47
AD_inst441001.rcp,65608,0,time_limit,154,33
AD_inst442001.rcp,78979,0,time_limit,169,92
AD_inst443001.rcp,50886,0,time_limit,171,71
AD_inst444001.rcp,63545,0,time_limit,185,40
AD_inst445001.rcp,64874,0,time_limit,154,33
AD_inst446001.rcp,78926,0,time_limit,169,92
AD_inst447001.rcp,49146,0,time_limit,171,71
AD_inst448001.rcp,63752,0,time_limit,185,40
AD_inst449001.rcp,65459,0,time_limit,154,33
AD_inst450001.rcp,77489,0,time_limit,169,92
AD_inst45001.rcp,1313,1,search_exhausted,33,33
AD_inst451001.rcp,50395,0,time_limit,171,71
AD_inst452001.rcp,63452,0,time_limit,185,40
AD_inst453001.rcp,65844,0,time_limit,154,33
AD_inst454001.rcp,79404,0,time_limit,169,92
AD_inst455001.rcp,49515,0,time_limit,171,71
AD_inst456001.rcp,59558,0,time_limit,185,40
AD_inst457001.rcp,65371,0,time_limit,154,33
AD_inst458001.rcp,79213,0,time_limit,169,92
AD_inst459001.rcp,50132,0,time_limit,171,71
AD_inst460001.rcp,63747,0,time_limit,185,40
AD_inst46001.rcp,32,1,search_exhausted,92,92
AD_inst461001.rcp,65912,0,time_limit,154,33
AD_inst462001.rcp,79763,0,time_limit,169,92
AD_inst463001.rcp,49650,0,time_limit,171,71
AD_inst464001.rcp,63354,0,time_limit,185,40
AD_inst465001.rcp,66176,0,time_limit,154,33
AD_inst466001.rcp,79322,0,time_limit,169,92
AD_inst467001.rcp,50828,0,time_limit,171,71
AD_inst468001.rcp,63242,0,time_limit,185,40
AD_inst469001.rcp,64639,0,time_limit,154,33
AD_inst470001.rcp,79556,0,time_limit,169,92
AD_inst47001.rcp,32,1,search_exhausted,71,71
AD_inst471001.rcp,51558,0,time_limit,171,71
AD_inst472001.rcp,63238,0,time_limit,185,40
AD_inst473001.rcp,65847,0,time_limit,154,33
AD_inst474001.rcp,78801,0,time_limit,169,92
AD_inst475001.rcp,51180,0,time_limit,171,71
AD_inst476001.rcp,63564,0,time_limit,185,40
AD_inst477001.rcp,65508,0,time_limit,154,33
AD_inst478001.rcp,80229,0,time_limit,169,92
AD_inst479001.rcp,50738,0,time_limit,171,71
AD_inst48001.rcp,36927,0,time_limit,46,40
AD_inst49001.rcp,31007,0,time_limit,37,33
AD_inst50001.rcp,32,1,search_exhausted,92,92
AD_inst5001.rcp,32,1,search_exhausted,33,33
AD_inst51001.rcp,32,1,search_exhausted,71,71
AD_inst52001.rcp,41290,0,time_limit,54,40
AD_inst53001.rcp,32208,0,time_limit,42,33
AD_inst54001.rcp,32,1,search_exhausted,92,92
AD_inst55001.rcp,32,1,search_exhausted,71,71
AD_inst56001.rcp,37899,0,time_limit,44,40
AD_inst57001.rcp,11393,1,search_exhausted,33,33
AD_inst58001.rcp,159,1,search_exhausted,97,97
AD_inst59001.rcp,32,1,search_exhausted,71,71
AD_inst60001.rcp,39317,0,time_limit,53,40
AD_inst6001.rcp,52,1,search_exhausted,99,99
AD_inst61001.rcp,210,1,search_exhausted,33,33
AD_inst62001.rcp,32,1,search_exhausted,92,92
AD_inst63001.rcp,32,1,search_exhausted,71,71
AD_inst64001.rcp,34522,0,time_limit,43,40
AD_inst65001.rcp,32,1,search_exhausted,33,33
AD_inst66001.rcp,32,1,search_exhausted,92,92
AD_inst67001.rcp,32,1,search_exhausted,71,71
AD_inst68001.rcp,36774,0,time_limit,44,40
AD_inst69001.rcp,32,1,search_exhausted,33,33
AD_inst70001.rcp,42,1,search_exhausted,93,93
AD_inst7001.rcp,32,1,search_exhausted,71,71
AD_inst71001.rcp,32,1,search_exhausted,71,71
AD_inst72001.rcp,38608,0,time_limit,51,40
AD_inst73001.rcp,32,1,search_exhausted,33,33
AD_inst74001.rcp,85,1,search_exhausted,95,95
AD_inst75001.rcp,32,1,search_exhausted,71,71
AD_inst76001.rcp,8803,1,search_exhausted,43,43
AD_inst77001.rcp,32,1,search_exhausted,33,33
AD_inst78001.rcp,32,1,search_exhausted,92,92
AD_inst79001.rcp,32,1,search_exhausted,71,71
AD_inst80001.rcp,43610,0,time_limit,82,40
AD_inst8001.rcp,32,1,search_exhausted,40,40
AD_inst81001.rcp,39875,0,time_limit,66,33
AD_inst82001.rcp,2424,1,search_exhausted,113,113
AD_inst83001.rcp,27608,0,time_limit,79,71
AD_inst84001.rcp,46926,0,time_limit,98,40
AD_inst85001.rcp,45208,0,time_limit,76,33
AD_inst86001.rcp,3810,1,search_exhausted,123,123
AD_inst87001.rcp,26665,0,time_limit,79,71
AD_inst88001.rcp,49421,0,time_limit,91,40
AD_inst89001.rcp,35234,0,time_limit,61,33
AD_inst90001.rcp,15802,1,search_exhausted,117,117
AD_inst9001.rcp,32834,0,time_limit,35,33
AD_inst91001.rcp,27434,0,time_limit,85,71
AD_inst92001.rcp,50779,0,time_limit,114,40
AD_inst93001.rcp,38119,0,time_limit,62,33
AD_inst94001.rcp,2843,1,search_exhausted,110,110
AD_inst95001.rcp,30546,0,time_limit,79,71
AD_inst96001.rcp,40986,0,time_limit,90,40
AD_inst97001.rcp,37808,0,time_limit,66,33
AD_inst98001.rcp,3049,1,search_exhausted,112,112
AD_inst99001.rcp,38221,0,time_limit,101,71
LA_inst1.rcp,8473,1,search_exhausted,49,49
LA_inst100001.rcp,66,1,search_exhausted,104,104
LA_inst10001.rcp,32,1,search_exhausted,96,96
LA_inst1001.rcp,32,1,search_exhausted,128,128
LA_inst101001.rcp,27947,0,time_limit,60,47
LA_inst102001.rcp,2510,1,search_exhausted,44,44
LA_inst103001.rcp,32,1,search_exhausted,128,128
LA_inst104001.rcp,32,1,search_exhausted,144,144
LA_inst105001.rcp,32,1,search_exhausted,85,85
LA_inst106001.rcp,32,1,search_exhausted,96,96
LA_inst107001.rcp,36476,0,time_limit,55,47
LA_inst108001.rcp,28012,1,search_exhausted,49,49
LA_inst109001.rcp,38,1,search_exhausted,131,131
LA_inst110001.rcp,32,1,search_exhausted,144,144
LA_inst11001.rcp,32899,0,time_limit,59,47
LA_inst111001.rcp,32,1,search_exhausted,85,85
LA_inst112001.rcp,32,1,search_exhausted,96,96
LA_inst113001.rcp,29614,0,time_limit,51,47
LA_inst114001.rcp,3361,1,search_exhausted,46,46
LA_inst115001.rcp,32,1,search_exhausted,128,128
LA_inst116001.rcp,32,1,search_exhausted,144,144
LA_inst117001.rcp,32,1,search_exhausted,85,85
LA_inst118001.rcp,609,1,search_exhausted,99,99
LA_inst119001.rcp,44831,0,time_limit,62,47
LA_inst120001.rcp,41274,0,time_limit,84,44
LA_inst12001.rcp,38691,0,time_limit,46,44
LA_inst121001.rcp,69,1,search_exhausted,132,132
LA_inst122001.rcp,32,1,search_exhausted,144,144
LA_inst123001.rcp,599,1,search_exhausted,98,98
LA_inst124001.rcp,855,1,search_exhausted,101,101
LA_inst125001.rcp,52242,0,time_limit,99,47
LA_inst126001.rcp,41259,0,time_limit,73,44
LA_inst127001.rcp,38,1,search_exhausted,131,131
LA_inst128001.rcp,32,1,search_exhausted,144,144
LA_inst129001.rcp,935,1,search_exhausted,106,106
LA_inst130001.rcp,21765,1,search_exhausted,125,125
LA_inst13001.rcp,32,1,search_exhausted,128,128
LA_inst131001.rcp,55406,0,time_limit,107,47
LA_inst132001.rcp,42135,0,time_limit,88,44
LA_inst133001.rcp,49,1,search_exhausted,133,133
LA_inst134001.rcp,173,1,search_exhausted,147,147
LA_inst135001.rcp,2380,1,search_exhausted,111,111
LA_inst136001.rcp,80956,0,time_limit,124,96
LA_inst137001.rcp,50446,0,time_limit,104,47
LA_inst138001.rcp,42602,0,time_limit,79,44
LA_inst139001.rcp,43,1,search_exhausted,132,132
LA_inst140001.rcp,78,1,search_exhausted,148,148
LA_inst14001.rcp,32,1,search_exhausted,144,144
LA_inst141001.rcp,69,1,search_exhausted,101,101
LA_inst142001.rcp,85346,0,time_limit,135,104
LA_inst143001.rcp,47822,0,time_limit,84,47
LA_inst144001.rcp,39993,0,time_limit,89,44
LA_inst145001.rcp,49,1,search_exhausted,129,129
LA_inst146001.rcp,70,1,search_exhausted,145,145
LA_inst147001.rcp,2001,1,search_exhausted,103,103
LA_inst148001.rcp,10610,1,search_exhausted,108,108
LA_inst149001.rcp,56557,0,time_limit,84,47
LA_inst150001.rcp,41676,0,time_limit,91,44
LA_inst15001.rcp,74,1,search_exhausted,86,86
LA_inst151001.rcp,64,1,search_exhausted,131,131
LA_inst152001.rcp,106,1,search_exhausted,148,148
LA_inst153001.rcp,3633,1,search_exhausted,102,102
LA_inst154001.rcp,4167,1,search_exhausted,119,119
LA_inst155001.rcp,53426,0,time_limit,100,47
LA_inst156001.rcp,41754,0,time_limit,85,44
LA_inst157001.rcp,38,1,search_exhausted,131,131
LA_inst158001.rcp,113,1,search_exhausted,146,146
LA_inst159001.rcp,773,1,search_exhausted,96,96
LA_inst160001.rcp,12211,1,search_exhausted,121,121
LA_inst16001.rcp,32,1,search_exhausted,96,96
LA_inst161001.rcp,50402,0,time_limit,88,47
LA_inst162001.rcp,38582,0,time_limit,86,44
LA_inst163001.rcp,37,1,search_exhausted,132,132
LA_inst164001.rcp,84,1,search_exhausted,146,146
LA_inst165001.rcp,520,1,search_exhausted,93,93
LA_inst166001.rcp,82972,0,time_limit,135,96
LA_inst167001.rcp,44804,0,time_limit,84,47
LA_inst168001.rcp,43183,0,time_limit,69,44
LA_inst169001.rcp,93,1,search_exhausted,133,133
LA_inst170001.rcp,270,1,search_exhausted,155,155
LA_inst17001.rcp,33075,0,time_limit,53,47
LA_inst171001.rcp,2819,1,search_exhausted,98,98
LA_inst172001.rcp,83560,0,time_limit,130,96
LA_inst173001.rcp,45393,0,time_limit,79,47
LA_inst174001.rcp,46439,0,time_limit,86,44
LA_inst175001.rcp,33,1,search_exhausted,131,131
LA_inst176001.rcp,32,1,search_exhausted,144,144
LA_inst177001.rcp,958,1,search_exhausted,103,103
LA_inst178001.rcp,7353,1,search_exhausted,111,111
LA_inst179001.rcp,52898,0,time_limit,84,47
LA_inst180001.rcp,39224,0,time_limit,81,44
LA_inst18001.rcp,498,1,search_exhausted,44,44
LA_inst181001.rcp,147,1,search_exhausted,135,135
LA_inst182001.rcp,201,1,search_exhausted,147,147
LA_inst183001.rcp,1572,1,search_exhausted,107,107
LA_inst184001.rcp,12482,1,search_exhausted,112,112
LA_inst185001.rcp,47050,0,time_limit,93,47
LA_inst186001.rcp,43698,0,time_limit,79,44
LA_inst187001.rcp,34,1,search_exhausted,130,130
LA_inst188001.rcp,32,1,search_exhausted,144,144
LA_inst189001.rcp,2926,1,search_exhausted,105,105
LA_inst190001.rcp,6641,1,search_exhausted,115,115
LA_inst19001.rcp,32,1,search_exhausted,128,128
LA_inst191001.rcp,49670,0,time_limit,95,47
LA_inst192001.rcp,42972,0,time_limit,83,44
LA_inst193001.rcp,72,1,search_exhausted,134,134
LA_inst194001.rcp,81,1,search_exhausted,149,149
LA_inst195001.rcp,711,1,search_exhausted,99,99
LA_inst196001.rcp,87369,0,time_limit,127,96
LA_inst197001.rcp,47228,0,time_limit,92,47
LA_inst198001.rcp,45895,0,time_limit,85,44
LA_inst199001.rcp,39,1,search_exhausted,133,133
LA_inst200001.rcp,84,1,search_exhausted,146,146
LA_inst20001.rcp,32,1,search_exhausted,144,144
LA_inst2001.rcp,32,1,search_exhausted,144,144
LA_inst201001.rcp,1452,1,search_exhausted,97,97
LA_inst202001.rcp,4369,1,search_exhausted,120,120
LA_inst203001.rcp,59665,0,time_limit,85,47
LA_inst204001.rcp,48623,0,time_limit,78,44
LA_inst205001.rcp,89,1,search_exhausted,137,137
LA_inst206001.rcp,293,1,search_exhausted,150,150
LA_inst207001.rcp,32,1,search_exhausted,85,85
LA_inst208001.rcp,6768,1,search_exhausted,111,111
LA_inst209001.rcp,42462,0,time_limit,77,47
LA_inst210001.rcp,41924,0,time_limit,81,44
LA_inst21001.rcp,100,1,search_exhausted,88,88
LA_inst211001.rcp,87,1,search_exhausted,137,137
LA_inst212001.rcp,32,1,search_exhausted,144,144
LA_inst213001.rcp,501,1,search_exhausted,98,98
LA_inst214001.rcp,17369,1,search_exhausted,118,118
LA_inst215001.rcp,54608,0,time_limit,77,47
LA_inst216001.rcp,45801,0,time_limit,85,44
LA_inst217001.rcp,78,1,search_exhausted,135,135
LA_inst218001.rcp,213,1,search_exhausted,154,154
LA_inst219001.rcp,682,1,search_exhausted,100,100
LA_inst220001.rcp,25401,1,search_exhausted,126,126
LA_inst22001.rcp,282,1,search_exhausted,97,97
LA_inst221001.rcp,36112,0,time_limit,82,47
LA_inst222001.rcp,43065,0,time_limit,87,44
LA_inst223001.rcp,37,1,search_exhausted,132,132
LA_inst224001.rcp,100,1,search_exhausted,149,149
LA_inst225001.rcp,619,1,search_exhausted,102,102
LA_inst226001.rcp,6395,1,search_exhausted,114,114
LA_inst227001.rcp,49539,0,time_limit,93,47
LA_inst228001.rcp,40896,0,time_limit,91,44
LA_inst229001.rcp,88,1,search_exhausted,132,132
LA_inst230001.rcp,120,1,search_exhausted,149,149
LA_inst23001.rcp,29861,0,time_limit,54,47
LA_inst231001.rcp,904,1,search_exhausted,101,101
LA_inst232001.rcp,19734,1,search_exhausted,117,117
LA_inst233001.rcp,45980,0,time_limit,86,47
LA_inst234001.rcp,43265,0,time_limit,87,44
LA_inst235001.rcp,38,1,search_exhausted,131,131
LA_inst236001.rcp,84,1,search_exhausted,147,147
LA_inst237001.rcp,768,1,search_exhausted,106,106
LA_inst238001.rcp,595,1,search_exhausted,110,110
LA_inst239001.rcp,36122,0,time_limit,79,47
LA_inst240001.rcp,53748,0,time_limit,105,44
LA_inst24001.rcp,32,1,search_exhausted,44,44
LA_inst241001.rcp,149,1,search_exhausted,137,137
LA_inst242001.rcp,1619,1,search_exhausted,167,167
LA_inst243001.rcp,98801,0,time_limit,127,94
LA_inst244001.rcp,82149,0,time_limit,143,96
LA_inst245001.rcp,57202,0,time_limit,107,47
LA_inst246001.rcp,53559,0,time_limit,117,44
LA_inst247001.rcp,193,1,search_exhausted,139,139
LA_inst248001.rcp,2813,1,search_exhausted,167,167
LA_inst249001.rcp,5456,1,search_exhausted,114,114
LA_inst250001.rcp,83249,0,time_limit,153,96
LA_inst25001.rcp,32,1,search_exhausted,128,128
LA_inst251001.rcp,54670,0,time_limit,112,47
LA_inst252001.rcp,44319,0,time_limit,118,44
LA_inst253001.rcp,465,1,search_exhausted,141,141
LA_inst254001.rcp,414,1,search_exhausted,153,153
LA_inst255001.rcp,94690,0,time_limit,125,85
LA_inst256001.rcp,86636,0,time_limit,162,96
LA_inst257001.rcp,53576,0,time_limit,105,47
LA_inst258001.rcp,52204,0,time_limit,142,44
LA_inst259001.rcp,924,1,search_exhausted,144,144
LA_inst260001.rcp,348,1,search_exhausted,155,155
LA_inst26001.rcp,32,1,search_exhausted,144,144
LA_inst261001.rcp,49805,1,search_exhausted,123,123
LA_inst262001.rcp,87546,0,time_limit,141,96
LA_inst263001.rcp,70608,0,time_limit,123,47
LA_inst264001.rcp,51977,0,time_limit,128,44
LA_inst265001.rcp,263,1,search_exhausted,140,140
LA_inst266001.rcp,291,1,search_exhausted,152,152
LA_inst267001.rcp,95916,0,time_limit,129,85
LA_inst268001.rcp,40461,1,search_exhausted,126,126
LA_inst269001.rcp,58673,0,time_limit,137,47
LA_inst270001.rcp,50575,0,time_limit,127,44
LA_inst27001.rcp,35,1,search_exhausted,89,89
LA_inst271001.rcp,76,1,search_exhausted,135,135
LA_inst272001.rcp,1005,1,search_exhausted,164,164
LA_inst273001.rcp,18022,1,search_exhausted,117,117
LA_inst274001.rcp,90279,0,time_limit,152,96
LA_inst275001.rcp,60123,0,time_limit,110,47
LA_inst276001.rcp,43774,0,time_limit,128,44
LA_inst277001.rcp,135,1,search_exhausted,138,138
LA_inst278001.rcp,154,1,search_exhausted,156,156
LA_inst279001.rcp,86465,1,search_exhausted,123,123
LA_inst280001.rcp,69193,1,search_exhausted,134,134
LA_inst28001.rcp,199,1,search_exhausted,97,97
LA_inst281001.rcp,57446,0,time_limit,113,47
LA_inst282001.rcp,65040,0,time_limit,130,44
LA_inst283001.rcp,135,1,search_exhausted,138,138
LA_inst284001.rcp,699,1,search_exhausted,164,164
LA_inst285001.rcp,5389,1,search_exhausted,107,107
LA_inst286001.rcp,87048,0,time_limit,151,96
LA_inst287001.rcp,56787,0,time_limit,119,47
LA_inst288001.rcp,53178,0,time_limit,118,44
LA_inst289001.rcp,478,1,search_exhausted,141,141
LA_inst290001.rcp,1434,1,search_exhausted,163,163
LA_inst29001.rcp,33020,0,time_limit,63,47
LA_inst291001.rcp,96784,0,time_limit,133,85
LA_inst292001.rcp,81646,0,time_limit,155,96
LA_inst293001.rcp,68014,0,time_limit,132,47
LA_inst294001.rcp,43860,0,time_limit,114,44
LA_inst295001.rcp,193,1,search_exhausted,139,139
LA_inst296001.rcp,385,1,search_exhausted,155,155
LA_inst297001.rcp,18459,1,search_exhausted,115,115
LA_inst298001.rcp,89562,0,time_limit,156,96
LA_inst299001.rcp,51157,0,time_limit,115,47
LA_inst300001.rcp,53313,0,time_limit,124,44
LA_inst30001.rcp,960,1,search_exhausted,44,44
LA_inst3001.rcp,32,1,search_exhausted,85,85
LA_inst301001.rcp,135,1,search_exhausted,138,138
LA_inst302001.rcp,1604,1,search_exhausted,167,167
LA_inst303001.rcp,40157,1,search_exhausted,123,123
LA_inst304001.rcp,87489,0,time_limit,152,96
LA_inst305001.rcp,63349,0,time_limit,113,47
LA_inst306001.rcp,51301,0,time_limit,126,44
LA_inst307001.rcp,147,1,search_exhausted,135,135
LA_inst308001.rcp,84,1,search_exhausted,150,150
LA_inst309001.rcp,68597,1,search_exhausted,122,122
LA_inst310001.rcp,94271,0,time_limit,162,96
LA_inst31001.rcp,32,1,search_exhausted,128,128
LA_inst311001.rcp,51026,0,time_limit,120,47
LA_inst312001.rcp,47840,0,time_limit,125,44
LA_inst313001.rcp,255,1,search_exhausted,138,138
LA_inst314001.rcp,1167,1,search_exhausted,164,164
LA_inst315001.rcp,45548,1,search_exhausted,120,120
LA_inst316001.rcp,77845,0,time_limit,148,96
LA_inst317001.rcp,51121,0,time_limit,118,47
LA_inst318001.rcp,49066,0,time_limit,120,44
LA_inst319001.rcp,329,1,search_exhausted,143,143
LA_inst320001.rcp,431,1,search_exhausted,157,157
LA_inst32001.rcp,32,1,search_exhausted,144,144
LA_inst321001.rcp,27621,1,search_exhausted,114,114
LA_inst322001.rcp,83695,0,time_limit,150,96
LA_inst323001.rcp,52429,0,time_limit,105,47
LA_inst324001.rcp,50661,0,time_limit,111,44
LA_inst325001.rcp,265,1,search_exhausted,142,142
LA_inst326001.rcp,196,1,search_exhausted,153,153
LA_inst327001.rcp,14094,1,search_exhausted,113,113
LA_inst328001.rcp,90608,0,time_limit,147,96
LA_inst329001.rcp,58101,0,time_limit,127,47
LA_inst330001.rcp,45975,0,time_limit,112,44
LA_inst33001.rcp,63,1,search_exhausted,91,91
LA_inst331001.rcp,101,1,search_exhausted,140,140
LA_inst332001.rcp,1228,1,search_exhausted,163,163
LA_inst333001.rcp,10903,1,search_exhausted,113,113
LA_inst334001.rcp,83080,0,time_limit,143,96
LA_inst335001.rcp,64311,0,time_limit,125,47
LA_inst336001.rcp,50159,0,time_limit,129,44
LA_inst337001.rcp,476,1,search_exhausted,143,143
LA_inst338001.rcp,230,1,search_exhausted,158,158
LA_inst339001.rcp,12045,1,search_exhausted,115,115
LA_inst340001.rcp,83571,0,time_limit,150,96
LA_inst34001.rcp,100,1,search_exhausted,98,98
LA_inst341001.rcp,58863,0,time_limit,116,47
LA_inst342001.rcp,51522,0,time_limit,119,44
LA_inst343001.rcp,266,1,search_exhausted,140,140
LA_inst344001.rcp,3953,1,search_exhausted,168,168
LA_inst345001.rcp,34724,1,search_exhausted,117,117
LA_inst346001.rcp,80168,0,time_limit,149,96
LA_inst347001.rcp,67076,0,time_limit,131,47
LA_inst348001.rcp,46498,0,time_limit,115,44
LA_inst349001.rcp,151,1,search_exhausted,139,139
LA_inst350001.rcp,106,1,search_exhausted,154,154
LA_inst35001.rcp,30467,0,time_limit,54,47
LA_inst351001.rcp,22276,1,search_exhausted,120,120
LA_inst352001.rcp,85285,0,time_limit,145,96
LA_inst353001.rcp,53652,0,time_limit,106,47
LA_inst354001.rcp,48950,0,time_limit,121,44
LA_inst355001.rcp,924,1,search_exhausted,144,144
LA_inst356001.rcp,490,1,search_exhausted,157,157
LA_inst357001.rcp,99206,0,time_limit,130,85
LA_inst358001.rcp,83048,0,time_limit,141,96
LA_inst359001.rcp,63261,0,time_limit,122,47
LA_inst360001.rcp,45939,0,time_limit,65,44
LA_inst36001.rcp,37,1,search_exhausted,44,44
LA_inst361001.rcp,32,1,search_exhausted,128,128
LA_inst362001.rcp,32,1,search_exhausted,144,144
LA_inst363001.rcp,110,1,search_exhausted,89,89
LA_inst364001.rcp,1383,1,search_exhausted,102,102
LA_inst365001.rcp,43071,0,time_limit,76,47
LA_inst366001.rcp,40179,0,time_limit,75,44
LA_inst367001.rcp,37,1,search_exhausted,132,132
LA_inst368001.rcp,77,1,search_exhausted,149,149
LA_inst369001.rcp,406,1,search_exhausted,97,97
LA_inst370001.rcp,11724,1,search_exhausted,115,115
LA_inst37001.rcp,32,1,search_exhausted,128,128
LA_inst371001.rcp,53730,0,time_limit,91,47
LA_inst372001.rcp,42774,0,time_limit,68,44
LA_inst373001.rcp,32,1,search_exhausted,128,128
LA_inst374001.rcp,32,1,search_exhausted,144,144
LA_inst375001.rcp,129,1,search_exhausted,99,99
LA_inst376001.rcp,11793,1,search_exhausted,118,118
LA_inst377001.rcp,42722,0,time_limit,76,47
LA_inst378001.rcp,44451,0,time_limit,65,44
LA_inst379001.rcp,36,1,search_exhausted,131,131
LA_inst380001.rcp,32,1,search_exhausted,144,144
LA_inst38001.rcp,32,1,search_exhausted,144,144
LA_inst381001.rcp,111,1,search_exhausted,95,95
LA_inst382001.rcp,5732,1,search_exhausted,124,124
LA_inst383001.rcp,47333,0,time_limit,78,47
LA_inst384001.rcp,43650,0,time_limit,92,44
LA_inst385001.rcp,90,1,search_exhausted,132,132
LA_inst386001.rcp,32,1,search_exhausted,144,144
LA_inst387001.rcp,55,1,search_exhausted,85,85
LA_inst388001.rcp,1178,1,search_exhausted,111,111
LA_inst389001.rcp,45534,0,time_limit,82,47
LA_inst390001.rcp,44083,0,time_limit,80,44
LA_inst39001.rcp,72,1,search_exhausted,90,90
LA_inst391001.rcp,32,1,search_exhausted,128,128
LA_inst392001.rcp,32,1,search_exhausted,144,144
LA_inst393001.rcp,76,1,search_exhausted,93,93
LA_inst394001.rcp,4423,1,search_exhausted,110,110
LA_inst395001.rcp,45858,0,time_limit,78,47
LA_inst396001.rcp,42721,0,time_limit,74,44
LA_inst397001.rcp,39,1,search_exhausted,133,133
LA_inst398001.rcp,32,1,search_exhausted,144,144
LA_inst399001.rcp,477,1,search_exhausted,97,97
LA_inst400001.rcp,1285,1,search_exhausted,102,102
LA_inst40001.rcp,42,1,search_exhausted,102,102
LA_inst4001.rcp,181,1,search_exhausted,97,97
LA_inst401001.rcp,43218,0,time_limit,88,47
LA_inst402001.rcp,43524,0,time_limit,81,44
LA_inst403001.rcp,43,1,search_exhausted,132,132
LA_inst404001.rcp,32,1,search_exhausted,144,144
LA_inst405001.rcp,698,1,search_exhausted,92,92
LA_inst406001.rcp,3707,1,search_exhausted,111,111
LA_inst407001.rcp,58316,0,time_limit,79,47
LA_inst408001.rcp,47343,0,time_limit,69,44
LA_inst409001.rcp,70,1,search_exhausted,133,133
LA_inst410001.rcp,32,1,search_exhausted,144,144
LA_inst41001.rcp,27608,0,time_limit,53,47
LA_inst411001.rcp,271,1,search_exhausted,91,91
LA_inst412001.rcp,4786,1,search_exhausted,110,110
LA_inst413001.rcp,54148,0,time_limit,75,47
LA_inst414001.rcp,37672,0,time_limit,88,44
LA_inst415001.rcp,49,1,search_exhausted,129,129
LA_inst416001.rcp,71,1,search_exhausted,154,154
LA_inst417001.rcp,44,1,search_exhausted,90,90
LA_inst418001.rcp,5130,1,search_exhausted,113,113
LA_inst419001.rcp,45699,0,time_limit,72,47
LA_inst420001.rcp,43187,0,time_limit,77,44
LA_inst42001.rcp,2226,1,search_exhausted,46,46
LA_inst421001.rcp,32,1,search_exhausted,128,128
LA_inst422001.rcp,77,1,search_exhausted,149,149
LA_inst423001.rcp,379,1,search_exhausted,101,101
LA_inst424001.rcp,3067,1,search_exhausted,109,109
LA_inst425001.rcp,46572,0,time_limit,75,47
LA_inst426001.rcp,45433,0,time_limit,70,44
LA_inst427001.rcp,34,1,search_exhausted,130,130
LA_inst428001.rcp,93,1,search_exhausted,152,152
LA_inst429001.rcp,101,1,search_exhausted,96,96
LA_inst430001.rcp,544,1,search_exhausted,101,101
LA_inst43001.rcp,34,1,search_exhausted,130,130
LA_inst431001.rcp,57679,0,time_limit,77,47
LA_inst432001.rcp,38516,0,time_limit,88,44
LA_inst433001.rcp,50,1,search_exhausted,133,133
LA_inst434001.rcp,32,1,search_exhausted,144,144
LA_inst435001.rcp,462,1,search_exhausted,97,97
LA_inst436001.rcp,5577,1,search_exhausted,110,110
LA_inst437001.rcp,47575,0,time_limit,76,47
LA_inst438001.rcp,42153,0,time_limit,76,44
LA_inst439001.rcp,39,1,search_exhausted,133,133
LA_inst440001.rcp,32,1,search_exhausted,144,144
LA_inst44001.rcp,32,1,search_exhausted,144,144
LA_inst441001.rcp,379,1,search_exhausted,97,97
LA_inst442001.rcp,3632,1,search_exhausted,115,115
LA_inst443001.rcp,46372,0,time_limit,88,47
LA_inst444001.rcp,40826,0,time_limit,85,44
LA_inst445001.rcp,36,1,search_exhausted,131,131
LA_inst446001.rcp,32,1,search_exhausted,144,144
LA_inst447001.rcp,364,1,search_exhausted,91,91
LA_inst448001.rcp,1453,1,search_exhausted,103,103
LA_inst449001.rcp,40835,0,time_limit,82,47
LA_inst450001.rcp,40524,0,time_limit,73,44
LA_inst45001.rcp,41,1,search_exhausted,85,85
LA_inst451001.rcp,32,1,search_exhausted,128,128
LA_inst452001.rcp,32,1,search_exhausted,144,144
LA_inst453001.rcp,167,1,search_exhausted,93,93
LA_inst454001.rcp,756,1,search_exhausted,108,108
LA_inst455001.rcp,47719,0,time_limit,74,47
LA_inst456001.rcp,46810,0,time_limit,78,44
LA_inst457001.rcp,95,1,search_exhausted,133,133
LA_inst458001.rcp,32,1,search_exhausted,144,144
LA_inst459001.rcp,110,1,search_exhausted,94,94
LA_inst460001.rcp,1032,1,search_exhausted,118,118
LA_inst46001.rcp,32,1,search_exhausted,96,96
LA_inst461001.rcp,42344,0,time_limit,70,47
LA_inst462001.rcp,40840,0,time_limit,83,44
LA_inst463001.rcp,61,1,search_exhausted,130,130
LA_inst464001.rcp,32,1,search_exhausted,144,144
LA_inst465001.rcp,340,1,search_exhausted,92,92
LA_inst466001.rcp,6318,1,search_exhausted,116,116
LA_inst467001.rcp,51864,0,time_limit,75,47
LA_inst468001.rcp,46979,0,time_limit,76,44
LA_inst469001.rcp,72,1,search_exhausted,134,134
LA_inst470001.rcp,60,1,search_exhausted,151,151
LA_inst47001.rcp,32943,0,time_limit,57,47
LA_inst471001.rcp,515,1,search_exhausted,99,99
LA_inst472001.rcp,856,1,search_exhausted,104,104
LA_inst473001.rcp,42055,0,time_limit,80,47
LA_inst474001.rcp,44265,0,time_limit,65,44
LA_inst475001.rcp,55,1,search_exhausted,134,134
LA_inst476001.rcp,100,1,search_exhausted,149,149
LA_inst477001.rcp,178,1,search_exhausted,90,90
LA_inst478001.rcp,2598,1,search_exhausted,107,107
LA_inst479001.rcp,40934,0,time_limit,79,47
LA_inst480001.rcp,64735,0,time_limit,156,44
LA_inst48001.rcp,32,1,search_exhausted,44,44
LA_inst481001.rcp,476,1,search_exhausted,143,143
LA_inst482001.rcp,38102,1,search_exhausted,183,183
LA_inst483001.rcp,86406,0,time_limit,129,85
LA_inst484001.rcp,76711,0,time_limit,155,96
LA_inst485001.rcp,62675,0,time_limit,148,47
LA_inst486001.rcp,53811,0,time_limit,146,44
LA_inst487001.rcp,924,1,search_exhausted,144,144
LA_inst488001.rcp,5997,1,search_exhausted,173,173
LA_inst489001.rcp,86939,0,time_limit,139,85
LA_inst490001.rcp,84397,0,time_limit,177,96
LA_inst49001.rcp,32,1,search_exhausted,128,128
LA_inst491001.rcp,67385,0,time_limit,145,47
LA_inst492001.rcp,68118,0,time_limit,165,44
LA_inst493001.rcp,470,1,search_exhausted,142,142
LA_inst494001.rcp,1591,1,search_exhausted,160,160
LA_inst495001.rcp,87410,0,time_limit,140,85
LA_inst496001.rcp,77889,0,time_limit,183,96
LA_inst497001.rcp,63675,0,time_limit,141,47
LA_inst498001.rcp,71142,0,time_limit,175,44
LA_inst499001.rcp,924,1,search_exhausted,144,144
LA_inst500001.rcp,9101,1,search_exhausted,174,174
LA_inst50001.rcp,32,1,search_exhausted,144,144
LA_inst5001.rcp,26511,0,time_limit,49,47
LA_inst501001.rcp,87235,0,time_limit,138,85
LA_inst502001.rcp,74592,0,time_limit,187,96
LA_inst503001.rcp,59746,0,time_limit,143,47
LA_inst504001.rcp,59441,0,time_limit,168,44
LA_inst505001.rcp,924,1,search_exhausted,144,144
LA_inst506001.rcp,7552,1,search_exhausted,176,176
LA_inst507001.rcp,87108,0,time_limit,133,85
LA_inst508001.rcp,72744,0,time_limit,187,96
LA_inst509001.rcp,61772,0,time_limit,156,47
LA_inst510001.rcp,54908,0,time_limit,156,44
LA_inst51001.rcp,32,1,search_exhausted,85,85
LA_inst511001.rcp,924,1,search_exhausted,144,144
LA_inst512001.rcp,6882,1,search_exhausted,173,173
LA_inst513001.rcp,87835,0,time_limit,143,85
LA_inst514001.rcp,78515,0,time_limit,184,96
LA_inst515001.rcp,66208,0,time_limit,150,47
LA_inst516001.rcp,62531,0,time_limit,159,44
LA_inst517001.rcp,476,1,search_exhausted,143,143
LA_inst518001.rcp,3037,1,search_exhausted,170,170
LA_inst519001.rcp,87553,0,time_limit,134,85
LA_inst520001.rcp,79179,0,time_limit,176,96
LA_inst52001.rcp,32,1,search_exhausted,96,96
LA_inst521001.rcp,66102,0,time_limit,163,47
LA_inst522001.rcp,55530,0,time_limit,174,44
LA_inst523001.rcp,924,1,search_exhausted,144,144
LA_inst524001.rcp,4933,1,search_exhausted,178,178
LA_inst525001.rcp,87520,0,time_limit,143,85
LA_inst526001.rcp,81276,0,time_limit,168,96
LA_inst527001.rcp,67651,0,time_limit,158,47
LA_inst528001.rcp,48974,0,time_limit,151,44
LA_inst529001.rcp,465,1,search_exhausted,141,141
LA_inst530001.rcp,21557,1,search_exhausted,178,178
LA_inst53001.rcp,40733,0,time_limit,61,47
LA_inst531001.rcp,86438,0,time_limit,137,85
LA_inst532001.rcp,82823,0,time_limit,173,96
LA_inst533001.rcp,67707,0,time_limit,150,47
LA_inst534001.rcp,49097,0,time_limit,152,44
LA_inst535001.rcp,924,1,search_exhausted,144,144
LA_inst536001.rcp,17888,1,search_exhausted,177,177
LA_inst537001.rcp,86644,0,time_limit,137,85
LA_inst538001.rcp,82406,0,time_limit,181,96
LA_inst539001.rcp,66703,0,time_limit,155,47
LA_inst540001.rcp,71730,0,time_limit,156,44
LA_inst54001.rcp,4760,1,search_exhausted,46,46
LA_inst541001.rcp,460,1,search_exhausted,143,143
LA_inst542001.rcp,27072,1,search_exhausted,178,178
LA_inst543001.rcp,87407,0,time_limit,136,85
LA_inst544001.rcp,81758,0,time_limit,181,96
LA_inst545001.rcp,66371,0,time_limit,141,47
LA_inst546001.rcp,56799,0,time_limit,163,44
LA_inst547001.rcp,516,1,search_exhausted,139,139
LA_inst548001.rcp,1046,1,search_exhausted,164,164
LA_inst549001.rcp,88339,0,time_limit,134,85
LA_inst550001.rcp,75927,0,time_limit,162,96
LA_inst55001.rcp,32,1,search_exhausted,128,128
LA_inst551001.rcp,65092,0,time_limit,155,47
LA_inst552001.rcp,55667,0,time_limit,168,44
LA_inst553001.rcp,181,1,search_exhausted,142,142
LA_inst554001.rcp,5900,1,search_exhausted,168,168
LA_inst555001.rcp,86981,0,time_limit,141,85
LA_inst556001.rcp,80806,0,time_limit,162,96
LA_inst557001.rcp,66417,0,time_limit,153,47
LA_inst558001.rcp,62027,0,time_limit,167,44
LA_inst559001.rcp,329,1,search_exhausted,143,143
LA_inst560001.rcp,750,1,search_exhausted,162,162
LA_inst56001.rcp,32,1,search_exhausted,144,144
LA_inst561001.rcp,88287,0,time_limit,143,85
LA_inst562001.rcp,72648,0,time_limit,176,96
LA_inst563001.rcp,66346,0,time_limit,160,47
LA_inst564001.rcp,58710,0,time_limit,158,44
LA_inst565001.rcp,924,1,search_exhausted,144,144
LA_inst566001.rcp,38102,1,search_exhausted,183,183
LA_inst567001.rcp,86658,0,time_limit,127,85
LA_inst568001.rcp,81586,0,time_limit,171,96
LA_inst569001.rcp,65876,0,time_limit,152,47
LA_inst570001.rcp,56608,0,time_limit,148,44
LA_inst57001.rcp,35,1,search_exhausted,89,89
LA_inst571001.rcp,924,1,search_exhausted,144,144
LA_inst572001.rcp,9101,1,search_exhausted,174,174
LA_inst573001.rcp,86396,0,time_limit,143,85
LA_inst574001.rcp,81087,0,time_limit,182,96
LA_inst575001.rcp,65650,0,time_limit,146,47
LA_inst576001.rcp,56646,0,time_limit,156,44
LA_inst577001.rcp,329,1,search_exhausted,143,143
LA_inst578001.rcp,5695,1,search_exhausted,174,174
LA_inst579001.rcp,86220,0,time_limit,142,85
LA_inst580001.rcp,67720,0,time_limit,186,96
LA_inst58001.rcp,42,1,search_exhausted,102,102
LA_inst581001.rcp,64318,0,time_limit,152,47
LA_inst582001.rcp,53903,0,time_limit,154,44
LA_inst583001.rcp,924,1,search_exhausted,144,144
LA_inst584001.rcp,2699,1,search_exhausted,174,174
LA_inst585001.rcp,87300,0,time_limit,133,85
LA_inst586001.rcp,84049,0,time_limit,178,96
LA_inst587001.rcp,66026,0,time_limit,146,47
LA_inst588001.rcp,54558,0,time_limit,148,44
LA_inst589001.rcp,80,1,search_exhausted,138,138
LA_inst590001.rcp,16813,1,search_exhausted,178,178
LA_inst59001.rcp,30473,0,time_limit,51,47
LA_inst591001.rcp,86358,0,time_limit,133,85
LA_inst592001.rcp,78509,0,time_limit,185,96
LA_inst593001.rcp,67225,0,time_limit,159,47
LA_inst594001.rcp,59948,0,time_limit,164,44
LA_inst595001.rcp,924,1,search_exhausted,144,144
LA_inst596001.rcp,15169,1,search_exhausted,177,177
LA_inst597001.rcp,87577,0,time_limit,138,85
LA_inst598001.rcp,78965,0,time_limit,182,96
LA_inst599001.rcp,66450,0,time_limit,136,47
LA_inst600001.rcp,63822,0,time_limit,178,44
LA_inst60001.rcp,519,1,search_exhausted,44,44
LA_inst6001.rcp,39306,0,time_limit,52,44
LA_inst601001.rcp,924,1,search_exhausted,144,144
LA_inst602001.rcp,38102,1,search_exhausted,183,183
LA_inst603001.rcp,87570,0,time_limit,143,85
LA_inst604001.rcp,75371,0,time_limit,187,96
LA_inst605001.rcp,66956,0,time_limit,166,47
LA_inst606001.rcp,64216,0,time_limit,178,44
LA_inst607001.rcp,924,1,search_exhausted,144,144
LA_inst608001.rcp,38102,1,search_exhausted,183,183
LA_inst609001.rcp,87177,0,time_limit,143,85
LA_inst610001.rcp,75551,0,time_limit,187,96
LA_inst61001.rcp,32,1,search_exhausted,128,128
LA_inst611001.rcp,67563,0,time_limit,166,47
LA_inst612001.rcp,65011,0,time_limit,178,44
LA_inst613001.rcp,924,1,search_exhausted,144,144
LA_inst614001.rcp,38102,1,search_exhausted,183,183
LA_inst615001.rcp,87998,0,time_limit,143,85
LA_inst616001.rcp,75186,0,time_limit,187,96
LA_inst617001.rcp,61170,0,time_limit,165,47
LA_inst618001.rcp,64434,0,time_limit,178,44
LA_inst619001.rcp,924,1,search_exhausted,144,144
LA_inst620001.rcp,38102,1,search_exhausted,183,183
LA_inst62001.rcp,32,1,search_exhausted,144,144
LA_inst621001.rcp,87985,0,time_limit,143,85
LA_inst622001.rcp,74945,0,time_limit,187,96
LA_inst623001.rcp,67097,0,time_limit,166,47
LA_inst624001.rcp,63958,0,time_limit,178,44
LA_inst625001.rcp,924,1,search_exhausted,144,144
LA_inst626001.rcp,38102,1,search_exhausted,183,183
LA_inst627001.rcp,87581,0,time_limit,143,85
LA_inst628001.rcp,75160,0,time_limit,187,96
LA_inst629001.rcp,66906,0,time_limit,166,47
LA_inst630001.rcp,63732,0,time_limit,178,44
LA_inst63001.rcp,75,1,search_exhausted,90,90
LA_inst631001.rcp,924,1,search_exhausted,144,144
LA_inst632001.rcp,38102,1,search_exhausted,183,183
LA_inst633001.rcp,87295,0,time_limit,143,85
LA_inst634001.rcp,75076,0,time_limit,187,96
LA_inst635001.rcp,66358,0,time_limit,166,47
LA_inst636001.rcp,63862,0,time_limit,178,44
LA_inst637001.rcp,924,1,search_exhausted,144,144
LA_inst638001.rcp,38102,1,search_exhausted,183,183
LA_inst639001.rcp,87527,0,time_limit,143,85
LA_inst640001.rcp,75062,0,time_limit,187,96
LA_inst64001.rcp,196,1,search_exhausted,102,102
LA_inst641001.rcp,67502,0,time_limit,166,47
LA_inst642001.rcp,64289,0,time_limit,178,44
LA_inst643001.rcp,924,1,search_exhausted,144,144
LA_inst644001.rcp,38102,1,search_exhausted,183,183
LA_inst645001.rcp,87170,0,time_limit,143,85
LA_inst646001.rcp,75679,0,time_limit,187,96
LA_inst647001.rcp,66875,0,time_limit,166,47
LA_inst648001.rcp,63625,0,time_limit,178,44
LA_inst649001.rcp,924,1,search_exhausted,144,144
LA_inst650001.rcp,38102,1,search_exhausted,183,183
LA_inst65001.rcp,30553,0,time_limit,58,47
LA_inst651001.rcp,87494,0,time_limit,143,85
LA_inst652001.rcp,75237,0,time_limit,187,96
LA_inst653001.rcp,66924,0,time_limit,166,47
LA_inst654001.rcp,64404,0,time_limit,178,44
LA_inst655001.rcp,924,1,search_exhausted,144,144
LA_inst656001.rcp,38102,1,search_exhausted,183,183
LA_inst657001.rcp,88061,0,time_limit,143,85
LA_inst658001.rcp,75407,0,time_limit,187,96
LA_inst659001.rcp,67187,0,time_limit,166,47
LA_inst660001.rcp,64149,0,time_limit,178,44
LA_inst66001.rcp,18160,1,search_exhausted,47,47
LA_inst661001.rcp,924,1,search_exhausted,144,144
LA_inst662001.rcp,38102,1,search_exhausted,183,183
LA_inst663001.rcp,87153,0,time_limit,143,85
LA_inst664001.rcp,75360,0,time_limit,187,96
LA_inst665001.rcp,66922,0,time_limit,166,47
LA_inst666001.rcp,64077,0,time_limit,178,44
LA_inst667001.rcp,924,1,search_exhausted,144,144
LA_inst668001.rcp,38102,1,search_exhausted,183,183
LA_inst669001.rcp,87744,0,time_limit,143,85
LA_inst670001.rcp,74768,0,time_limit,187,96
LA_inst67001.rcp,32,1,search_exhausted,128,128
LA_inst671001.rcp,67421,0,time_limit,166,47
LA_inst672001.rcp,63924,0,time_limit,178,44
LA_inst673001.rcp,924,1,search_exhausted,144,144
LA_inst674001.rcp,38102,1,search_exhausted,183,183
LA_inst675001.rcp,86948,0,time_limit,143,85
LA_inst676001.rcp,74906,0,time_limit,187,96
LA_inst677001.rcp,66523,0,time_limit,166,47
LA_inst678001.rcp,64324,0,time_limit,178,44
LA_inst679001.rcp,924,1,search_exhausted,144,144
LA_inst680001.rcp,38102,1,search_exhausted,183,183
LA_inst68001.rcp,83,1,search_exhausted,145,145
LA_inst681001.rcp,88251,0,time_limit,143,85
LA_inst682001.rcp,75131,0,time_limit,187,96
LA_inst683001.rcp,67199,0,time_limit,166,47
LA_inst684001.rcp,62118,0,time_limit,178,44
LA_inst685001.rcp,924,1,search_exhausted,144,144
LA_inst686001.rcp,38102,1,search_exhausted,183,183
LA_inst687001.rcp,87773,0,time_limit,143,85
LA_inst688001.rcp,75849,0,time_limit,187,96
LA_inst689001.rcp,67046,0,time_limit,166,47
LA_inst690001.rcp,64003,0,time_limit,178,44
LA_inst69001.rcp,32,1,search_exhausted,85,85
LA_inst691001.rcp,924,1,search_exhausted,144,144
LA_inst692001.rcp,38102,1,search_exhausted,183,183
LA_inst693001.rcp,88065,0,time_limit,143,85
LA_inst694001.rcp,75118,0,time_limit,187,96
LA_inst695001.rcp,67033,0,time_limit,166,47
LA_inst696001.rcp,63977,0,time_limit,178,44
LA_inst697001.rcp,924,1,search_exhausted,144,144
LA_inst698001.rcp,38102,1,search_exhausted,183,183
LA_inst699001.rcp,87751,0,time_limit,143,85
LA_inst700001.rcp,75322,0,time_limit,187,96
LA_inst70001.rcp,358,1,search_exhausted,108,108
LA_inst7001.rcp,32,1,search_exhausted,128,128
LA_inst701001.rcp,67564,0,time_limit,166,47
LA_inst702001.rcp,63804,0,time_limit,178,44
LA_inst703001.rcp,924,1,search_exhausted,144,144
LA_inst704001.rcp,38102,1,search_exhausted,183,183
LA_inst705001.rcp,87585,0,time_limit,143,85
LA_inst706001.rcp,75340,0,time_limit,187,96
LA_inst707001.rcp,66923,0,time_limit,166,47
LA_inst708001.rcp,64126,0,time_limit,178,44
LA_inst709001.rcp,924,1,search_exhausted,144,144
LA_inst710001.rcp,38102,1,search_exhausted,183,183
LA_inst71001.rcp,28403,0,time_limit,57,47
LA_inst711001.rcp,86981,0,time_limit,143,85
LA_inst712001.rcp,75525,0,time_limit,187,96
LA_inst713001.rcp,66409,0,time_limit,166,47
LA_inst714001.rcp,64835,0,time_limit,178,44
LA_inst715001.rcp,924,1,search_exhausted,144,144
LA_inst716001.rcp,38102,1,search_exhausted,183,183
LA_inst717001.rcp,87472,0,time_limit,143,85
LA_inst718001.rcp,75545,0,time_limit,187,96
LA_inst719001.rcp,67204,0,time_limit,166,47
LA_inst72001.rcp,3316,1,search_exhausted,45,45
LA_inst73001.rcp,32,1,search_exhausted,128,128
LA_inst74001.rcp,32,1,search_exhausted,144,144
LA_inst75001.rcp,56,1,search_exhausted,88,88
LA_inst76001.rcp,32,1,search_exhausted,96,96
LA_inst77001.rcp,25360,0,time_limit,48,47
LA_inst78001.rcp,21965,1,search_exhausted,44,44
LA_inst79001.rcp,32,1,search_exhausted,128,128
LA_inst80001.rcp,85,1,search_exhausted,146,146
LA_inst8001.rcp,32,1,search_exhausted,144,144
LA_inst81001.rcp,32,1,search_exhausted,85,85
LA_inst82001.rcp,171,1,search_exhausted,97,97
LA_inst83001.rcp,31642,0,time_limit,54,47
LA_inst84001.rcp,28697,1,search_exhausted,51,51
LA_inst85001.rcp,49,1,search_exhausted,129,129
LA_inst86001.rcp,32,1,search_exhausted,144,144
LA_inst87001.rcp,58,1,search_exhausted,89,89
LA_inst88001.rcp,42,1,search_exhausted,102,102
LA_inst89001.rcp,33339,0,time_limit,57,47
LA_inst90001.rcp,384,1,search_exhausted,44,44
LA_inst9001.rcp,32,1,search_exhausted,85,85
LA_inst91001.rcp,49,1,search_exhausted,129,129
LA_inst92001.rcp,32,1,search_exhausted,144,144
LA_inst93001.rcp,32,1,search_exhausted,85,85
LA_inst94001.rcp,32,1,search_exhausted,96,96
LA_inst95001.rcp,26524,0,time_limit,49,47
LA_inst96001.rcp,37333,1,search_exhausted,47,47
LA_inst97001.rcp,36,1,search_exhausted,131,131
LA_inst98001.rcp,32,1,search_exhausted,144,144
LA_inst99001.rcp,32,1,search_exhausted,85,85
RC_inst1.rcp,32,1,search_exhausted,28,28
RC_inst100001.rcp,276,1,search_exhausted,92,92
RC_inst10001.rcp,32,1,search_exhausted,81,81
RC_inst1001.rcp,32,1,search_exhausted,81,81
RC_inst101001.rcp,71,1,search_exhausted,145,145
RC_inst102001.rcp,47354,0,time_limit,49,28
RC_inst103001.rcp,2663,1,search_exhausted,95,95
RC_inst104001.rcp,206,1,search_exhausted,151,151
RC_inst105001.rcp,38768,0,time_limit,47,28
RC_inst106001.rcp,205,1,search_exhausted,91,91
RC_inst107001.rcp,32,1,search_exhausted,142,142
RC_inst108001.rcp,42108,0,time_limit,46,28
RC_inst109001.rcp,1618,1,search_exhausted,98,98
RC_inst110001.rcp,75,1,search_exhausted,148,148
RC_inst11001.rcp,32,1,search_exhausted,142,142
RC_inst111001.rcp,43646,0,time_limit,56,28
RC_inst112001.rcp,142,1,search_exhausted,90,90
RC_inst113001.rcp,41,1,search_exhausted,142,142
RC_inst114001.rcp,46379,0,time_limit,53,28
RC_inst115001.rcp,167,1,search_exhausted,92,92
RC_inst116001.rcp,128,1,search_exhausted,144,144
RC_inst117001.rcp,38481,0,time_limit,53,28
RC_inst118001.rcp,522,1,search_exhausted,92,92
RC_inst119001.rcp,100,1,search_exhausted,151,151
RC_inst120001.rcp,44723,0,time_limit,57,28
RC_inst12001.rcp,32,1,search_exhausted,28,28
RC_inst121001.rcp,2661,1,search_exhausted,101,101
RC_inst122001.rcp,68,1,search_exhausted,148,148
RC_inst123001.rcp,45576,0,time_limit,57,28
RC_inst124001.rcp,12921,1,search_exhausted,107,107
RC_inst125001.rcp,330,1,search_exhausted,151,151
RC_inst126001.rcp,51933,0,time_limit,54,28
RC_inst127001.rcp,22955,1,search_exhausted,108,108
RC_inst128001.rcp,237,1,search_exhausted,144,144
RC_inst129001.rcp,46166,0,time_limit,67,28
RC_inst130001.rcp,4531,1,search_exhausted,104,104
RC_inst13001.rcp,32,1,search_exhausted,81,81
RC_inst131001.rcp,214,1,search_exhausted,145,145
RC_inst132001.rcp,51781,0,time_limit,62,28
RC_inst133001.rcp,251,1,search_exhausted,93,93
RC_inst134001.rcp,234,1,search_exhausted,147,147
RC_inst135001.rcp,45304,0,time_limit,50,28
RC_inst136001.rcp,3398,1,search_exhausted,99,99
RC_inst137001.rcp,457,1,search_exhausted,151,151
RC_inst138001.rcp,57581,0,time_limit,62,28
RC_inst139001.rcp,1726,1,search_exhausted,99,99
RC_inst140001.rcp,210,1,search_exhausted,146,146
RC_inst14001.rcp,32,1,search_exhausted,142,142
RC_inst141001.rcp,48961,0,time_limit,53,28
RC_inst142001.rcp,1840,1,search_exhausted,99,99
RC_inst143001.rcp,619,1,search_exhausted,149,149
RC_inst144001.rcp,43949,0,time_limit,53,28
RC_inst145001.rcp,4074,1,search_exhausted,101,101
RC_inst146001.rcp,87,1,search_exhausted,151,151
RC_inst147001.rcp,47254,0,time_limit,55,28
RC_inst148001.rcp,12552,1,search_exhausted,109,109
RC_inst149001.rcp,91,1,search_exhausted,148,148
RC_inst150001.rcp,57583,0,time_limit,72,28
RC_inst15001.rcp,32,1,search_exhausted,28,28
RC_inst151001.rcp,45869,1,search_exhausted,117,117
RC_inst152001.rcp,478,1,search_exhausted,152,152
RC_inst153001.rcp,57136,0,time_limit,74,28
RC_inst154001.rcp,82287,0,time_limit,119,96
RC_inst155001.rcp,364,1,search_exhausted,151,151
RC_inst156001.rcp,49470,0,time_limit,66,28
RC_inst157001.rcp,13520,1,search_exhausted,109,109
RC_inst158001.rcp,841,1,search_exhausted,146,146
RC_inst159001.rcp,53351,0,time_limit,70,28
RC_inst160001.rcp,12155,1,search_exhausted,112,112
RC_inst16001.rcp,32,1,search_exhausted,81,81
RC_inst161001.rcp,81,1,search_exhausted,145,145
RC_inst162001.rcp,48924,0,time_limit,63,28
RC_inst163001.rcp,76993,0,time_limit,122,91
RC_inst164001.rcp,282,1,search_exhausted,145,145
RC_inst165001.rcp,59767,0,time_limit,70,28
RC_inst166001.rcp,82594,0,time_limit,127,81
RC_inst167001.rcp,111,1,search_exhausted,145,145
RC_inst168001.rcp,55434,0,time_limit,72,28
RC_inst169001.rcp,22253,1,search_exhausted,109,109
RC_inst170001.rcp,49,1,search_exhausted,143,143
RC_inst17001.rcp,32,1,search_exhausted,142,142
RC_inst171001.rcp,63115,0,time_limit,90,28
RC_inst172001.rcp,52643,1,search_exhausted,114,114
RC_inst173001.rcp,814,1,search_exhausted,152,152
RC_inst174001.rcp,65079,0,time_limit,74,28
RC_inst175001.rcp,29959,1,search_exhausted,109,109
RC_inst176001.rcp,202,1,search_exhausted,150,150
RC_inst177001.rcp,64288,0,time_limit,67,28
RC_inst178001.rcp,18292,1,search_exhausted,109,109
RC_inst179001.rcp,587,1,search_exhausted,146,146
RC_inst180001.rcp,64016,0,time_limit,77,28
RC_inst18001.rcp,32,1,search_exhausted,28,28
RC_inst181001.rcp,65600,0,time_limit,116,81
RC_inst182001.rcp,1033,1,search_exhausted,149,149
RC_inst183001.rcp,57804,0,time_limit,78,28
RC_inst184001.rcp,31684,1,search_exhausted,112,112
RC_inst185001.rcp,1569,1,search_exhausted,154,154
RC_inst186001.rcp,61114,0,time_limit,84,28
RC_inst187001.rcp,74486,0,time_limit,117,91
RC_inst188001.rcp,431,1,search_exhausted,155,155
RC_inst189001.rcp,56186,0,time_limit,76,28
RC_inst190001.rcp,83232,0,time_limit,115,81
RC_inst19001.rcp,32,1,search_exhausted,81,81
RC_inst191001.rcp,81,1,search_exhausted,148,148
RC_inst192001.rcp,74312,0,time_limit,91,28
RC_inst193001.rcp,53381,1,search_exhausted,117,117
RC_inst194001.rcp,871,1,search_exhausted,156,156
RC_inst195001.rcp,67096,0,time_limit,92,28
RC_inst196001.rcp,71797,0,time_limit,117,91
RC_inst197001.rcp,424,1,search_exhausted,151,151
RC_inst198001.rcp,61650,0,time_limit,78,28
RC_inst199001.rcp,68145,0,time_limit,117,91
RC_inst200001.rcp,994,1,search_exhausted,156,156
RC_inst20001.rcp,32,1,search_exhausted,142,142
RC_inst2001.rcp,32,1,search_exhausted,142,142
RC_inst201001.rcp,63588,0,time_limit,78,28
RC_inst202001.rcp,93382,0,time_limit,128,81
RC_inst203001.rcp,2048,1,search_exhausted,158,158
RC_inst204001.rcp,55664,0,time_limit,76,28
RC_inst205001.rcp,80777,0,time_limit,129,81
RC_inst206001.rcp,576,1,search_exhausted,154,154
RC_inst207001.rcp,62652,0,time_limit,85,28
RC_inst208001.rcp,26755,1,search_exhausted,111,111
RC_inst209001.rcp,197,1,search_exhausted,145,145
RC_inst210001.rcp,55757,0,time_limit,76,28
RC_inst21001.rcp,32,1,search_exhausted,28,28
RC_inst211001.rcp,97154,0,time_limit,141,81
RC_inst212001.rcp,1251,1,search_exhausted,157,157
RC_inst213001.rcp,62089,0,time_limit,91,28
RC_inst214001.rcp,78574,0,time_limit,122,81
RC_inst215001.rcp,3204,1,search_exhausted,155,155
RC_inst216001.rcp,67329,0,time_limit,98,28
RC_inst217001.rcp,79906,0,time_limit,124,81
RC_inst218001.rcp,1013,1,search_exhausted,154,154
RC_inst219001.rcp,61087,0,time_limit,81,28
RC_inst220001.rcp,84885,0,time_limit,131,81
RC_inst22001.rcp,32,1,search_exhausted,81,81
RC_inst221001.rcp,1066,1,search_exhausted,152,152
RC_inst222001.rcp,72233,0,time_limit,80,28
RC_inst223001.rcp,102278,0,time_limit,128,81
RC_inst224001.rcp,1265,1,search_exhausted,152,152
RC_inst225001.rcp,74512,0,time_limit,89,28
RC_inst226001.rcp,85894,0,time_limit,125,81
RC_inst227001.rcp,1573,1,search_exhausted,152,152
RC_inst228001.rcp,59605,0,time_limit,85,28
RC_inst229001.rcp,74995,0,time_limit,130,81
RC_inst230001.rcp,760,1,search_exhausted,149,149
RC_inst23001.rcp,32,1,search_exhausted,142,142
RC_inst231001.rcp,79583,0,time_limit,94,28
RC_inst232001.rcp,82521,0,time_limit,126,81
RC_inst233001.rcp,440,1,search_exhausted,156,156
RC_inst234001.rcp,77624,0,time_limit,101,28
RC_inst235001.rcp,99123,0,time_limit,145,81
RC_inst236001.rcp,2895,1,search_exhausted,157,157
RC_inst237001.rcp,71089,0,time_limit,98,28
RC_inst238001.rcp,72933,0,time_limit,126,81
RC_inst239001.rcp,468,1,search_exhausted,154,154
RC_inst240001.rcp,61293,0,time_limit,90,28
RC_inst24001.rcp,32,1,search_exhausted,28,28
RC_inst241001.rcp,95903,0,time_limit,137,81
RC_inst242001.rcp,758,1,search_exhausted,152,152
RC_inst243001.rcp,65918,0,time_limit,95,28
RC_inst244001.rcp,96484,0,time_limit,141,81
RC_inst245001.rcp,2831,1,search_exhausted,152,152
RC_inst246001.rcp,64801,0,time_limit,90,28
RC_inst247001.rcp,34666,1,search_exhausted,109,109
RC_inst248001.rcp,992,1,search_exhausted,152,152
RC_inst249001.rcp,65780,0,time_limit,97,28
RC_inst250001.rcp,78199,0,time_limit,122,81
RC_inst25001.rcp,32,1,search_exhausted,81,81
RC_inst251001.rcp,779,1,search_exhausted,149,149
RC_inst252001.rcp,74545,0,time_limit,91,28
RC_inst253001.rcp,75124,0,time_limit,130,81
RC_inst254001.rcp,5171,1,search_exhausted,159,159
RC_inst255001.rcp,69335,0,time_limit,99,28
RC_inst256001.rcp,87799,0,time_limit,129,81
RC_inst257001.rcp,1777,1,search_exhausted,151,151
RC_inst258001.rcp,66524,0,time_limit,92,28
RC_inst259001.rcp,91294,0,time_limit,150,81
RC_inst260001.rcp,491,1,search_exhausted,152,152
RC_inst26001.rcp,32,1,search_exhausted,142,142
RC_inst261001.rcp,79663,0,time_limit,113,28
RC_inst262001.rcp,92803,0,time_limit,137,81
RC_inst263001.rcp,2019,1,search_exhausted,157,157
RC_inst264001.rcp,73605,0,time_limit,89,28
RC_inst265001.rcp,77350,0,time_limit,134,81
RC_inst266001.rcp,2118,1,search_exhausted,160,160
RC_inst267001.rcp,63434,0,time_limit,90,28
RC_inst268001.rcp,87842,0,time_limit,127,81
RC_inst269001.rcp,2827,1,search_exhausted,156,156
RC_inst270001.rcp,32,1,search_exhausted,28,28
RC_inst27001.rcp,32,1,search_exhausted,28,28
RC_inst271001.rcp,32,1,search_exhausted,81,81
RC_inst272001.rcp,32,1,search_exhausted,142,142
RC_inst273001.rcp,32,1,search_exhausted,28,28
RC_inst274001.rcp,32,1,search_exhausted,81,81
RC_inst275001.rcp,32,1,search_exhausted,142,142
RC_inst276001.rcp,32,1,search_exhausted,28,28
RC_inst277001.rcp,32,1,search_exhausted,81,81
RC_inst278001.rcp,32,1,search_exhausted,142,142
RC_inst279001.rcp,32,1,search_exhausted,28,28
RC_inst280001.rcp,32,1,search_exhausted,81,81
RC_inst28001.rcp,32,1,search_exhausted,81,81
RC_inst281001.rcp,32,1,search_exhausted,142,142
RC_inst282001.rcp,30397,0,time_limit,29,28
RC_inst283001.rcp,32,1,search_exhausted,81,81
RC_inst284001.rcp,32,1,search_exhausted,142,142
RC_inst285001.rcp,30478,0,time_limit,31,28
RC_inst286001.rcp,32,1,search_exhausted,81,81
RC_inst287001.rcp,32,1,search_exhausted,142,142
RC_inst288001.rcp,37687,0,time_limit,29,28
RC_inst289001.rcp,32,1,search_exhausted,81,81
RC_inst290001.rcp,32,1,search_exhausted,142,142
RC_inst29001.rcp,32,1,search_exhausted,142,142
RC_inst291001.rcp,32,1,search_exhausted,28,28
RC_inst292001.rcp,32,1,search_exhausted,81,81
RC_inst293001.rcp,32,1,search_exhausted,142,142
RC_inst294001.rcp,32,1,search_exhausted,28,28
RC_inst295001.rcp,32,1,search_exhausted,81,81
RC_inst296001.rcp,32,1,search_exhausted,142,142
RC_inst297001.rcp,32,1,search_exhausted,28,28
RC_inst298001.rcp,32,1,search_exhausted,81,81
RC_inst299001.rcp,32,1,search_exhausted,142,142
RC_inst300001.rcp,39638,0,time_limit,49,28
RC_inst30001.rcp,32,1,search_exhausted,28,28
RC_inst3001.rcp,32,1,search_exhausted,28,28
RC_inst301001.rcp,134,1,search_exhausted,86,86
RC_inst302001.rcp,32,1,search_exhausted,142,142
RC_inst303001.rcp,37490,0,time_limit,45,28
RC_inst304001.rcp,146,1,search_exhausted,85,85
RC_inst305001.rcp,71,1,search_exhausted,145,145
RC_inst306001.rcp,46269,0,time_limit,47,28
RC_inst307001.rcp,32,1,search_exhausted,81,81
RC_inst308001.rcp,32,1,search_exhausted,142,142
RC_inst309001.rcp,41533,0,time_limit,43,28
RC_inst310001.rcp,172,1,search_exhausted,87,87
RC_inst31001.rcp,32,1,search_exhausted,81,81
RC_inst311001.rcp,32,1,search_exhausted,142,142
RC_inst312001.rcp,38671,0,time_limit,43,28
RC_inst313001.rcp,102,1,search_exhausted,86,86
RC_inst314001.rcp,32,1,search_exhausted,142,142
RC_inst315001.rcp,53128,0,time_limit,53,28
RC_inst316001.rcp,134,1,search_exhausted,84,84
RC_inst317001.rcp,128,1,search_exhausted,145,145
RC_inst318001.rcp,48032,0,time_limit,43,28
RC_inst319001.rcp,41,1,search_exhausted,85,85
RC_inst320001.rcp,32,1,search_exhausted,142,142
RC_inst32001.rcp,32,1,search_exhausted,142,142
RC_inst321001.rcp,41413,0,time_limit,39,28
RC_inst322001.rcp,233,1,search_exhausted,88,88
RC_inst323001.rcp,71,1,search_exhausted,145,145
RC_inst324001.rcp,38994,0,time_limit,43,28
RC_inst325001.rcp,502,1,search_exhausted,87,87
RC_inst326001.rcp,32,1,search_exhausted,142,142
RC_inst327001.rcp,46900,0,time_limit,40,28
RC_inst328001.rcp,311,1,search_exhausted,91,91
RC_inst329001.rcp,32,1,search_exhausted,142,142
RC_inst330001.rcp,51191,0,time_limit,77,28
RC_inst33001.rcp,27258,0,time_limit,29,28
RC_inst331001.rcp,23573,1,search_exhausted,110,110
RC_inst332001.rcp,122,1,search_exhausted,144,144
RC_inst333001.rcp,53831,0,time_limit,69,28
RC_inst334001.rcp,4502,1,search_exhausted,105,105
RC_inst335001.rcp,825,1,search_exhausted,152,152
RC_inst336001.rcp,47039,0,time_limit,54,28
RC_inst337001.rcp,15170,1,search_exhausted,109,109
RC_inst338001.rcp,95,1,search_exhausted,151,151
RC_inst339001.rcp,55331,0,time_limit,70,28
RC_inst340001.rcp,46668,1,search_exhausted,116,116
RC_inst34001.rcp,346,1,search_exhausted,86,86
RC_inst341001.rcp,264,1,search_exhausted,150,150
RC_inst342001.rcp,55359,0,time_limit,72,28
RC_inst343001.rcp,45755,1,search_exhausted,107,107
RC_inst344001.rcp,181,1,search_exhausted,151,151
RC_inst345001.rcp,55169,0,time_limit,68,28
RC_inst346001.rcp,35941,1,search_exhausted,116,116
RC_inst347001.rcp,93,1,search_exhausted,147,147
RC_inst348001.rcp,62914,0,time_limit,63,28
RC_inst349001.rcp,4957,1,search_exhausted,100,100
RC_inst350001.rcp,71,1,search_exhausted,145,145
RC_inst35001.rcp,32,1,search_exhausted,142,142
RC_inst351001.rcp,59281,0,time_limit,71,28
RC_inst352001.rcp,12320,1,search_exhausted,103,103
RC_inst353001.rcp,304,1,search_exhausted,149,149
RC_inst354001.rcp,55346,0,time_limit,63,28
RC_inst355001.rcp,8744,1,search_exhausted,102,102
RC_inst356001.rcp,109,1,search_exhausted,147,147
RC_inst357001.rcp,52545,0,time_limit,71,28
RC_inst358001.rcp,9926,1,search_exhausted,106,106
RC_inst359001.rcp,171,1,search_exhausted,148,148
RC_inst360001.rcp,56613,0,time_limit,89,28
RC_inst36001.rcp,87,1,search_exhausted,28,28
RC_inst361001.rcp,85726,0,time_limit,142,81
RC_inst362001.rcp,1981,1,search_exhausted,161,161
RC_inst363001.rcp,70002,0,time_limit,82,28
RC_inst364001.rcp,72042,0,time_limit,130,81
RC_inst365001.rcp,1233,1,search_exhausted,152,152
RC_inst366001.rcp,59464,0,time_limit,94,28
RC_inst367001.rcp,88919,0,time_limit,140,81
RC_inst368001.rcp,382,1,search_exhausted,148,148
RC_inst369001.rcp,52545,0,time_limit,85,28
RC_inst370001.rcp,75935,0,time_limit,116,81
RC_inst37001.rcp,32,1,search_exhausted,81,81
RC_inst371001.rcp,483,1,search_exhausted,149,149
RC_inst372001.rcp,58116,0,time_limit,103,28
RC_inst373001.rcp,85449,0,time_limit,135,81
RC_inst374001.rcp,4203,1,search_exhausted,158,158
RC_inst375001.rcp,73928,0,time_limit,94,28
RC_inst376001.rcp,59900,1,search_exhausted,113,113
RC_inst377001.rcp,1451,1,search_exhausted,160,160
RC_inst378001.rcp,64588,0,time_limit,95,28
RC_inst379001.rcp,79593,0,time_limit,134,81
RC_inst380001.rcp,162,1,search_exhausted,151,151
RC_inst38001.rcp,32,1,search_exhausted,142,142
RC_inst381001.rcp,63595,0,time_limit,108,28
RC_inst382001.rcp,64443,0,time_limit,131,81
RC_inst383001.rcp,2951,1,search_exhausted,157,157
RC_inst384001.rcp,64255,0,time_limit,91,28
RC_inst385001.rcp,85787,0,time_limit,122,81
RC_inst386001.rcp,494,1,search_exhausted,152,152
RC_inst387001.rcp,59537,0,time_limit,104,28
RC_inst388001.rcp,88557,0,time_limit,129,81
RC_inst389001.rcp,1018,1,search_exhausted,149,149
RC_inst390001.rcp,76297,0,time_limit,116,28
RC_inst39001.rcp,32,1,search_exhausted,28,28
RC_inst391001.rcp,91248,0,time_limit,153,81
RC_inst392001.rcp,24280,1,search_exhausted,165,165
RC_inst393001.rcp,73521,0,time_limit,127,28
RC_inst394001.rcp,94410,0,time_limit,155,81
RC_inst395001.rcp,364,1,search_exhausted,154,154
RC_inst396001.rcp,70895,0,time_limit,113,28
RC_inst397001.rcp,84003,0,time_limit,149,81
RC_inst398001.rcp,26627,1,search_exhausted,166,166
RC_inst399001.rcp,69195,0,time_limit,121,28
RC_inst400001.rcp,80192,0,time_limit,142,81
RC_inst40001.rcp,32,1,search_exhausted,81,81
RC_inst4001.rcp,32,1,search_exhausted,81,81
RC_inst401001.rcp,4291,1,search_exhausted,165,165
RC_inst402001.rcp,70185,0,time_limit,114,28
RC_inst403001.rcp,87974,0,time_limit,145,81
RC_inst404001.rcp,26627,1,search_exhausted,166,166
RC_inst405001.rcp,62575,0,time_limit,114,28
RC_inst406001.rcp,93326,0,time_limit,153,81
RC_inst407001.rcp,5272,1,search_exhausted,158,158
RC_inst408001.rcp,70349,0,time_limit,125,28
RC_inst409001.rcp,86319,0,time_limit,153,81
RC_inst410001.rcp,9934,1,search_exhausted,161,161
RC_inst41001.rcp,32,1,search_exhausted,142,142
RC_inst411001.rcp,73347,0,time_limit,118,28
RC_inst412001.rcp,90165,0,time_limit,134,81
RC_inst413001.rcp,955,1,search_exhausted,150,150
RC_inst414001.rcp,71173,0,time_limit,118,28
RC_inst415001.rcp,88697,0,time_limit,155,81
RC_inst416001.rcp,19975,1,search_exhausted,165,165
RC_inst417001.rcp,70429,0,time_limit,119,28
RC_inst418001.rcp,88729,0,time_limit,149,81
RC_inst419001.rcp,26627,1,search_exhausted,166,166
RC_inst420001.rcp,71335,0,time_limit,128,28
RC_inst42001.rcp,35,1,search_exhausted,28,28
RC_inst421001.rcp,84102,0,time_limit,158,81
RC_inst422001.rcp,9115,1,search_exhausted,161,161
RC_inst423001.rcp,69256,0,time_limit,128,28
RC_inst424001.rcp,81860,0,time_limit,158,81
RC_inst425001.rcp,26627,1,search_exhausted,166,166
RC_inst426001.rcp,71186,0,time_limit,129,28
RC_inst427001.rcp,83795,0,time_limit,158,81
RC_inst428001.rcp,26627,1,search_exhausted,166,166
RC_inst429001.rcp,70448,0,time_limit,124,28
RC_inst430001.rcp,89473,0,time_limit,153,81
RC_inst43001.rcp,32,1,search_exhausted,81,81
RC_inst431001.rcp,26627,1,search_exhausted,166,166
RC_inst432001.rcp,71332,0,time_limit,123,28
RC_inst433001.rcp,83398,0,time_limit,158,81
RC_inst434001.rcp,26627,1,search_exhausted,166,166
RC_inst435001.rcp,71222,0,time_limit,130,28
RC_inst436001.rcp,82621,0,time_limit,158,81
RC_inst437001.rcp,26627,1,search_exhausted,166,166
RC_inst438001.rcp,67572,0,time_limit,129,28
RC_inst439001.rcp,83637,0,time_limit,158,81
RC_inst440001.rcp,8959,1,search_exhausted,159,159
RC_inst44001.rcp,32,1,search_exhausted,142,142
RC_inst441001.rcp,71474,0,time_limit,123,28
RC_inst442001.rcp,83020,0,time_limit,158,81
RC_inst443001.rcp,5272,1,search_exhausted,158,158
RC_inst444001.rcp,69281,0,time_limit,129,28
RC_inst445001.rcp,84303,0,time_limit,158,81
RC_inst446001.rcp,4291,1,search_exhausted,165,165
RC_inst447001.rcp,75117,0,time_limit,125,28
RC_inst448001.rcp,83747,0,time_limit,156,81
RC_inst449001.rcp,26627,1,search_exhausted,166,166
RC_inst450001.rcp,70542,0,time_limit,130,28
RC_inst45001.rcp,27962,0,time_limit,40,28
RC_inst451001.rcp,83582,0,time_limit,158,81
RC_inst452001.rcp,26627,1,search_exhausted,166,166
RC_inst453001.rcp,70939,0,time_limit,130,28
RC_inst454001.rcp,84377,0,time_limit,158,81
RC_inst455001.rcp,26627,1,search_exhausted,166,166
RC_inst456001.rcp,71378,0,time_limit,130,28
RC_inst457001.rcp,83404,0,time_limit,158,81
RC_inst458001.rcp,26627,1,search_exhausted,166,166
RC_inst459001.rcp,70607,0,time_limit,130,28
RC_inst460001.rcp,84011,0,time_limit,158,81
RC_inst46001.rcp,32,1,search_exhausted,81,81
RC_inst461001.rcp,26627,1,search_exhausted,166,166
RC_inst462001.rcp,71911,0,time_limit,122,28
RC_inst463001.rcp,83163,0,time_limit,158,81
RC_inst464001.rcp,26627,1,search_exhausted,166,166
RC_inst465001.rcp,71097,0,time_limit,130,28
RC_inst466001.rcp,84349,0,time_limit,158,81
RC_inst467001.rcp,26627,1,search_exhausted,166,166
RC_inst468001.rcp,71180,0,time_limit,130,28
RC_inst469001.rcp,82897,0,time_limit,158,81
RC_inst470001.rcp,26627,1,search_exhausted,166,166
RC_inst47001.rcp,32,1,search_exhausted,142,142
RC_inst471001.rcp,71853,0,time_limit,130,28
RC_inst472001.rcp,83497,0,time_limit,158,81
RC_inst473001.rcp,26627,1,search_exhausted,166,166
RC_inst474001.rcp,71846,0,time_limit,130,28
RC_inst475001.rcp,83830,0,time_limit,158,81
RC_inst476001.rcp,26627,1,search_exhausted,166,166
RC_inst477001.rcp,71405,0,time_limit,129,28
RC_inst478001.rcp,83764,0,time_limit,158,81
RC_inst479001.rcp,26627,1,search_exhausted,166,166
RC_inst480001.rcp,71467,0,time_limit,130,28
RC_inst48001.rcp,30356,0,time_limit,36,28
RC_inst481001.rcp,83869,0,time_limit,158,81
RC_inst482001.rcp,26627,1,search_exhausted,166,166
RC_inst483001.rcp,71787,0,time_limit,130,28
RC_inst484001.rcp,83835,0,time_limit,158,81
RC_inst485001.rcp,26627,1,search_exhausted,166,166
RC_inst486001.rcp,71605,0,time_limit,130,28
RC_inst487001.rcp,84062,0,time_limit,158,81
RC_inst488001.rcp,26627,1,search_exhausted,166,166
RC_inst489001.rcp,71562,0,time_limit,130,28
RC_inst490001.rcp,83692,0,time_limit,158,81
RC_inst49001.rcp,32,1,search_exhausted,81,81
RC_inst491001.rcp,26627,1,search_exhausted,166,166
RC_inst492001.rcp,70994,0,time_limit,130,28
RC_inst493001.rcp,83698,0,time_limit,158,81
RC_inst494001.rcp,26627,1,search_exhausted,166,166
RC_inst495001.rcp,71501,0,time_limit,130,28
RC_inst496001.rcp,83666,0,time_limit,158,81
RC_inst497001.rcp,26627,1,search_exhausted,166,166
RC_inst498001.rcp,71504,0,time_limit,130,28
RC_inst499001.rcp,83655,0,time_limit,158,81
RC_inst500001.rcp,26627,1,search_exhausted,166,166
RC_inst50001.rcp,32,1,search_exhausted,142,142
RC_inst5001.rcp,32,1,search_exhausted,142,142
RC_inst501001.rcp,71729,0,time_limit,130,28
RC_inst502001.rcp,83879,0,time_limit,158,81
RC_inst503001.rcp,26627,1,search_exhausted,166,166
RC_inst504001.rcp,71494,0,time_limit,130,28
RC_inst505001.rcp,84240,0,time_limit,158,81
RC_inst506001.rcp,26627,1,search_exhausted,166,166
RC_inst507001.rcp,71244,0,time_limit,130,28
RC_inst508001.rcp,83786,0,time_limit,158,81
RC_inst509001.rcp,26627,1,search_exhausted,166,166
RC_inst510001.rcp,71631,0,time_limit,130,28
RC_inst51001.rcp,32,1,search_exhausted,28,28
RC_inst511001.rcp,84111,0,time_limit,158,81
RC_inst512001.rcp,26627,1,search_exhausted,166,166
RC_inst513001.rcp,71622,0,time_limit,130,28
RC_inst514001.rcp,83224,0,time_limit,158,81
RC_inst515001.rcp,26627,1,search_exhausted,166,166
RC_inst516001.rcp,71421,0,time_limit,130,28
RC_inst517001.rcp,84131,0,time_limit,158,81
RC_inst518001.rcp,26627,1,search_exhausted,166,166
RC_inst519001.rcp,71557,0,time_limit,130,28
RC_inst520001.rcp,83582,0,time_limit,158,81
RC_inst52001.rcp,32,1,search_exhausted,81,81
RC_inst521001.rcp,26627,1,search_exhausted,166,166
RC_inst522001.rcp,71486,0,time_limit,130,28
RC_inst523001.rcp,84018,0,time_limit,158,81
RC_inst524001.rcp,26627,1,search_exhausted,166,166
RC_inst525001.rcp,71373,0,time_limit,130,28
RC_inst526001.rcp,84011,0,time_limit,158,81
RC_inst527001.rcp,26627,1,search_exhausted,166,166
RC_inst528001.rcp,71636,0,time_limit,130,28
RC_inst529001.rcp,84034,0,time_limit,158,81
RC_inst530001.rcp,26627,1,search_exhausted,166,166
RC_inst53001.rcp,32,1,search_exhausted,142,142
RC_inst531001.rcp,71925,0,time_limit,130,28
RC_inst532001.rcp,83439,0,time_limit,158,81
RC_inst533001.rcp,26627,1,search_exhausted,166,166
RC_inst534001.rcp,71740,0,time_limit,130,28
RC_inst535001.rcp,84338,0,time_limit,158,81
RC_inst536001.rcp,26627,1,search_exhausted,166,166
RC_inst537001.rcp,71950,0,time_limit,130,28
RC_inst538001.rcp,83961,0,time_limit,158,81
RC_inst539001.rcp,26627,1,search_exhausted,166,166
RC_inst54001.rcp,27705,0,time_limit,34,28
RC_inst55001.rcp,68,1,search_exhausted,86,86
RC_inst56001.rcp,32,1,search_exhausted,142,142
RC_inst57001.rcp,29981,0,time_limit,33,28
RC_inst58001.rcp,32,1,search_exhausted,81,81
RC_inst59001.rcp,32,1,search_exhausted,142,142
RC_inst60001.rcp,40022,0,time_limit,42,28
RC_inst6001.rcp,32,1,search_exhausted,28,28
RC_inst61001.rcp,167,1,search_exhausted,88,88
RC_inst62001.rcp,32,1,search_exhausted,142,142
RC_inst63001.rcp,35928,0,time_limit,34,28
RC_inst64001.rcp,84,1,search_exhausted,86,86
RC_inst65001.rcp,32,1,search_exhausted,142,142
RC_inst66001.rcp,47587,0,time_limit,41,28
RC_inst67001.rcp,32,1,search_exhausted,81,81
RC_inst68001.rcp,32,1,search_exhausted,142,142
RC_inst69001.rcp,28612,0,time_limit,35,28
RC_inst70001.rcp,232,1,search_exhausted,91,91
RC_inst7001.rcp,32,1,search_exhausted,81,81
RC_inst71001.rcp,32,1,search_exhausted,142,142
RC_inst72001.rcp,36625,0,time_limit,38,28
RC_inst73001.rcp,186,1,search_exhausted,94,94
RC_inst74001.rcp,32,1,search_exhausted,142,142
RC_inst75001.rcp,34996,0,time_limit,40,28
RC_inst76001.rcp,194,1,search_exhausted,87,87
RC_inst77001.rcp,32,1,search_exhausted,142,142
RC_inst78001.rcp,52203,0,time_limit,41,28
RC_inst79001.rcp,283,1,search_exhausted,92,92
RC_inst80001.rcp,75,1,search_exhausted,148,148
RC_inst8001.rcp,32,1,search_exhausted,142,142
RC_inst81001.rcp,35383,0,time_limit,43,28
RC_inst82001.rcp,202,1,search_exhausted,83,83
RC_inst83001.rcp,32,1,search_exhausted,142,142
RC_inst84001.rcp,41088,0,time_limit,42,28
RC_inst85001.rcp,1043,1,search_exhausted,91,91
RC_inst86001.rcp,32,1,search_exhausted,142,142
RC_inst87001.rcp,41579,0,time_limit,45,28
RC_inst88001.rcp,73,1,search_exhausted,84,84
RC_inst89001.rcp,32,1,search_exhausted,142,142
RC_inst90001.rcp,48377,0,time_limit,48,28
RC_inst9001.rcp,32,1,search_exhausted,28,28
RC_inst91001.rcp,805,1,search_exhausted,92,92
RC_inst92001.rcp,32,1,search_exhausted,142,142
RC_inst93001.rcp,48593,0,time_limit,51,28
RC_inst94001.rcp,2088,1,search_exhausted,99,99
RC_inst95001.rcp,87,1,search_exhausted,143,143
RC_inst96001.rcp,35666,0,time_limit,46,28
RC_inst97001.rcp,869,1,search_exhausted,97,97
RC_inst98001.rcp,68,1,search_exhausted,148,148
RC_inst99001.rcp,41866,0,time_limit,51,28
RU_inst1.rcp,32,1,search_exhausted,28,28
RU_inst100001.rcp,614,1,search_exhausted,90,90
RU_inst10001.rcp,32,1,search_exhausted,81,81
RU_inst1001.rcp,32,1,search_exhausted,81,81
RU_inst101001.rcp,105,1,search_exhausted,150,150
RU_inst102001.rcp,35404,0,time_limit,38,28
RU_inst103001.rcp,917,1,search_exhausted,91,91
RU_inst104001.rcp,32,1,search_exhausted,142,142
RU_inst105001.rcp,38998,0,time_limit,44,28
RU_inst106001.rcp,250,1,search_exhausted,90,90
RU_inst107001.rcp,114,1,search_exhausted,145,145
RU_inst108001.rcp,44040,0,time_limit,44,28
RU_inst109001.rcp,1556,1,search_exhausted,95,95
RU_inst110001.rcp,71,1,search_exhausted,145,145
RU_inst11001.rcp,60,1,search_exhausted,148,148
RU_inst111001.rcp,43856,0,time_limit,50,28
RU_inst112001.rcp,170,1,search_exhausted,85,85
RU_inst113001.rcp,32,1,search_exhausted,142,142
RU_inst114001.rcp,35301,0,time_limit,47,28
RU_inst115001.rcp,553,1,search_exhausted,94,94
RU_inst116001.rcp,32,1,search_exhausted,142,142
RU_inst117001.rcp,34742,0,time_limit,48,28
RU_inst118001.rcp,225,1,search_exhausted,83,83
RU_inst119001.rcp,32,1,search_exhausted,142,142
RU_inst120001.rcp,60765,0,time_limit,116,28
RU_inst12001.rcp,32,1,search_exhausted,28,28
RU_inst121001.rcp,73165,0,time_limit,148,81
RU_inst122001.rcp,5094,1,search_exhausted,156,156
RU_inst123001.rcp,62336,0,time_limit,94,28
RU_inst124001.rcp,75344,0,time_limit,151,81
RU_inst125001.rcp,1754,1,search_exhausted,161,161
RU_inst126001.rcp,58455,0,time_limit,115,28
RU_inst127001.rcp,65787,0,time_limit,137,81
RU_inst128001.rcp,3363,1,search_exhausted,157,157
RU_inst129001.rcp,65385,0,time_limit,123,28
RU_inst130001.rcp,76487,0,time_limit,150,81
RU_inst13001.rcp,32,1,search_exhausted,81,81
RU_inst131001.rcp,2252,1,search_exhausted,157,157
RU_inst132001.rcp,60104,0,time_limit,93,28
RU_inst133001.rcp,73069,0,time_limit,149,81
RU_inst134001.rcp,5564,1,search_exhausted,159,159
RU_inst135001.rcp,61198,0,time_limit,99,28
RU_inst136001.rcp,76430,0,time_limit,148,81
RU_inst137001.rcp,6260,1,search_exhausted,158,158
RU_inst138001.rcp,53882,0,time_limit,103,28
RU_inst139001.rcp,70768,0,time_limit,144,81
RU_inst140001.rcp,1513,1,search_exhausted,158,158
RU_inst14001.rcp,32,1,search_exhausted,142,142
RU_inst141001.rcp,57290,0,time_limit,100,28
RU_inst142001.rcp,74971,0,time_limit,143,81
RU_inst143001.rcp,2109,1,search_exhausted,159,159
RU_inst144001.rcp,59429,0,time_limit,108,28
RU_inst145001.rcp,70252,0,time_limit,158,81
RU_inst146001.rcp,2271,1,search_exhausted,153,153
RU_inst147001.rcp,59220,0,time_limit,123,28
RU_inst148001.rcp,69015,0,time_limit,139,81
RU_inst149001.rcp,6532,1,search_exhausted,164,164
RU_inst150001.rcp,61834,0,time_limit,130,28
RU_inst15001.rcp,32,1,search_exhausted,28,28
RU_inst151001.rcp,71557,0,time_limit,158,81
RU_inst152001.rcp,26627,1,search_exhausted,166,166
RU_inst153001.rcp,61236,0,time_limit,124,28
RU_inst154001.rcp,70708,0,time_limit,158,81
RU_inst155001.rcp,26627,1,search_exhausted,166,166
RU_inst156001.rcp,61147,0,time_limit,130,28
RU_inst157001.rcp,71220,0,time_limit,158,81
RU_inst158001.rcp,26627,1,search_exhausted,166,166
RU_inst159001.rcp,60579,0,time_limit,130,28
RU_inst160001.rcp,70973,0,time_limit,158,81
RU_inst16001.rcp,67,1,search_exhausted,86,86
RU_inst161001.rcp,26627,1,search_exhausted,166,166
RU_inst162001.rcp,61883,0,time_limit,130,28
RU_inst163001.rcp,78368,0,time_limit,153,81
RU_inst164001.rcp,26627,1,search_exhausted,166,166
RU_inst165001.rcp,62045,0,time_limit,130,28
RU_inst166001.rcp,70600,0,time_limit,158,81
RU_inst167001.rcp,26627,1,search_exhausted,166,166
RU_inst168001.rcp,61680,0,time_limit,130,28
RU_inst169001.rcp,70356,0,time_limit,158,81
RU_inst170001.rcp,26627,1,search_exhausted,166,166
RU_inst17001.rcp,32,1,search_exhausted,142,142
RU_inst171001.rcp,61941,0,time_limit,130,28
RU_inst172001.rcp,71272,0,time_limit,158,81
RU_inst173001.rcp,26627,1,search_exhausted,166,166
RU_inst174001.rcp,61443,0,time_limit,130,28
RU_inst175001.rcp,70326,0,time_limit,158,81
RU_inst176001.rcp,26627,1,search_exhausted,166,166
RU_inst177001.rcp,61823,0,time_limit,129,28
RU_inst178001.rcp,71701,0,time_limit,158,81
RU_inst179001.rcp,26627,1,search_exhausted,166,166
RU_inst180001.rcp,38854,0,time_limit,61,28
RU_inst18001.rcp,27304,0,time_limit,29,28
RU_inst181001.rcp,23897,1,search_exhausted,109,109
RU_inst182001.rcp,622,1,search_exhausted,146,146
RU_inst183001.rcp,40066,0,time_limit,69,28
RU_inst184001.rcp,8018,1,search_exhausted,105,105
RU_inst185001.rcp,1721,1,search_exhausted,157,157
RU_inst186001.rcp,46063,0,time_limit,67,28
RU_inst187001.rcp,21850,1,search_exhausted,104,104
RU_inst188001.rcp,189,1,search_exhausted,151,151
RU_inst189001.rcp,38396,0,time_limit,76,28
RU_inst190001.rcp,40533,1,search_exhausted,113,113
RU_inst19001.rcp,32,1,search_exhausted,81,81
RU_inst191001.rcp,292,1,search_exhausted,151,151
RU_inst192001.rcp,45657,0,time_limit,65,28
RU_inst193001.rcp,44669,1,search_exhausted,111,111
RU_inst194001.rcp,65,1,search_exhausted,143,143
RU_inst195001.rcp,43404,0,time_limit,70,28
RU_inst196001.rcp,56426,0,time_limit,112,81
RU_inst197001.rcp,153,1,search_exhausted,148,148
RU_inst198001.rcp,37033,0,time_limit,71,28
RU_inst199001.rcp,31615,1,search_exhausted,108,108
RU_inst200001.rcp,379,1,search_exhausted,146,146
RU_inst20001.rcp,32,1,search_exhausted,142,142
RU_inst2001.rcp,32,1,search_exhausted,142,142
RU_inst201001.rcp,39867,0,time_limit,67,28
RU_inst202001.rcp,26854,1,search_exhausted,113,113
RU_inst203001.rcp,62,1,search_exhausted,148,148
RU_inst204001.rcp,35725,0,time_limit,64,28
RU_inst205001.rcp,15779,1,search_exhausted,98,98
RU_inst206001.rcp,231,1,search_exhausted,156,156
RU_inst207001.rcp,40574,0,time_limit,71,28
RU_inst208001.rcp,29870,1,search_exhausted,104,104
RU_inst209001.rcp,273,1,search_exhausted,156,156
RU_inst210001.rcp,53184,0,time_limit,130,28
RU_inst21001.rcp,32,1,search_exhausted,28,28
RU_inst211001.rcp,59981,0,time_limit,158,81
RU_inst212001.rcp,26627,1,search_exhausted,166,166
RU_inst213001.rcp,50052,0,time_limit,129,28
RU_inst214001.rcp,59476,0,time_limit,158,81
RU_inst215001.rcp,26627,1,search_exhausted,166,166
RU_inst216001.rcp,53499,0,time_limit,130,28
RU_inst217001.rcp,59554,0,time_limit,158,81
RU_inst218001.rcp,26627,1,search_exhausted,166,166
RU_inst219001.rcp,54043,0,time_limit,130,28
RU_inst220001.rcp,60708,0,time_limit,158,81
RU_inst22001.rcp,50,1,search_exhausted,84,84
RU_inst221001.rcp,26627,1,search_exhausted,166,166
RU_inst222001.rcp,53961,0,time_limit,130,28
RU_inst223001.rcp,60649,0,time_limit,158,81
RU_inst224001.rcp,26627,1,search_exhausted,166,166
RU_inst225001.rcp,53616,0,time_limit,130,28
RU_inst226001.rcp,60031,0,time_limit,158,81
RU_inst227001.rcp,26627,1,search_exhausted,166,166
RU_inst228001.rcp,53220,0,time_limit,130,28
RU_inst229001.rcp,58915,0,time_limit,158,81
RU_inst230001.rcp,26627,1,search_exhausted,166,166
RU_inst23001.rcp,32,1,search_exhausted,142,142
RU_inst231001.rcp,53649,0,time_limit,130,28
RU_inst232001.rcp,60557,0,time_limit,158,81
RU_inst233001.rcp,26627,1,search_exhausted,166,166
RU_inst234001.rcp,53116,0,time_limit,130,28
RU_inst235001.rcp,60341,0,time_limit,158,81
RU_inst236001.rcp,26627,1,search_exhausted,166,166
RU_inst237001.rcp,53999,0,time_limit,130,28
RU_inst238001.rcp,60492,0,time_limit,158,81
RU_inst239001.rcp,26627,1,search_exhausted,166,166
RU_inst240001.rcp,54336,0,time_limit,130,28
RU_inst24001.rcp,32,1,search_exhausted,28,28
RU_inst241001.rcp,61217,0,time_limit,158,81
RU_inst242001.rcp,26627,1,search_exhausted,166,166
RU_inst243001.rcp,54345,0,time_limit,130,28
RU_inst244001.rcp,60881,0,time_limit,158,81
RU_inst245001.rcp,26627,1,search_exhausted,166,166
RU_inst246001.rcp,54253,0,time_limit,130,28
RU_inst247001.rcp,60750,0,time_limit,158,81
RU_inst248001.rcp,26627,1,search_exhausted,166,166
RU_inst249001.rcp,54395,0,time_limit,130,28
RU_inst250001.rcp,60756,0,time_limit,158,81
RU_inst25001.rcp,32,1,search_exhausted,81,81
RU_inst251001.rcp,26627,1,search_exhausted,166,166
RU_inst252001.rcp,54232,0,time_limit,130,28
RU_inst253001.rcp,60721,0,time_limit,158,81
RU_inst254001.rcp,26627,1,search_exhausted,166,166
RU_inst255001.rcp,54509,0,time_limit,130,28
RU_inst256001.rcp,60607,0,time_limit,158,81
RU_inst257001.rcp,26627,1,search_exhausted,166,166
RU_inst258001.rcp,54401,0,time_limit,130,28
RU_inst259001.rcp,60906,0,time_limit,158,81
RU_inst260001.rcp,26627,1,search_exhausted,166,166
RU_inst26001.rcp,32,1,search_exhausted,142,142
RU_inst261001.rcp,54505,0,time_limit,130,28
RU_inst262001.rcp,60371,0,time_limit,158,81
RU_inst263001.rcp,26627,1,search_exhausted,166,166
RU_inst264001.rcp,54757,0,time_limit,130,28
RU_inst265001.rcp,61038,0,time_limit,158,81
RU_inst266001.rcp,26627,1,search_exhausted,166,166
RU_inst267001.rcp,54593,0,time_limit,130,28
RU_inst268001.rcp,60933,0,time_limit,158,81
RU_inst269001.rcp,26627,1,search_exhausted,166,166
RU_inst27001.rcp,32,1,search_exhausted,28,28
RU_inst28001.rcp,32,1,search_exhausted,81,81
RU_inst29001.rcp,32,1,search_exhausted,142,142
RU_inst30001.rcp,40100,0,time_limit,40,28
RU_inst3001.rcp,32,1,search_exhausted,28,28
RU_inst31001.rcp,41,1,search_exhausted,91,91
RU_inst32001.rcp,32,1,search_exhausted,142,142
RU_inst33001.rcp,38057,0,time_limit,41,28
RU_inst34001.rcp,124,1,search_exhausted,86,86
RU_inst35001.rcp,32,1,search_exhausted,142,142
RU_inst36001.rcp,38318,0,time_limit,43,28
RU_inst37001.rcp,271,1,search_exhausted,93,93
RU_inst38001.rcp,32,1,search_exhausted,142,142
RU_inst39001.rcp,29036,0,time_limit,34,28
RU_inst40001.rcp,274,1,search_exhausted,92,92
RU_inst4001.rcp,32,1,search_exhausted,81,81
RU_inst41001.rcp,71,1,search_exhausted,145,145
RU_inst42001.rcp,32515,0,time_limit,32,28
RU_inst43001.rcp,437,1,search_exhausted,92,92
RU_inst44001.rcp,35,1,search_exhausted,143,143
RU_inst45001.rcp,36161,0,time_limit,36,28
RU_inst46001.rcp,293,1,search_exhausted,91,91
RU_inst47001.rcp,32,1,search_exhausted,142,142
RU_inst48001.rcp,34688,0,time_limit,42,28
RU_inst49001.rcp,207,1,search_exhausted,83,83
RU_inst50001.rcp,32,1,search_exhausted,142,142
RU_inst5001.rcp,32,1,search_exhausted,142,142
RU_inst51001.rcp,31139,0,time_limit,40,28
RU_inst52001.rcp,245,1,search_exhausted,92,92
RU_inst53001.rcp,32,1,search_exhausted,142,142
RU_inst54001.rcp,34063,0,time_limit,37,28
RU_inst55001.rcp,81,1,search_exhausted,89,89
RU_inst56001.rcp,32,1,search_exhausted,142,142
RU_inst57001.rcp,37492,0,time_limit,38,28
RU_inst58001.rcp,221,1,search_exhausted,89,89
RU_inst59001.rcp,32,1,search_exhausted,142,142
RU_inst60001.rcp,41312,0,time_limit,55,28
RU_inst6001.rcp,28649,0,time_limit,29,28
RU_inst61001.rcp,2695,1,search_exhausted,103,103
RU_inst62001.rcp,83,1,search_exhausted,145,145
RU_inst63001.rcp,44217,0,time_limit,50,28
RU_inst64001.rcp,1286,1,search_exhausted,94,94
RU_inst65001.rcp,158,1,search_exhausted,145,145
RU_inst66001.rcp,42598,0,time_limit,44,28
RU_inst67001.rcp,429,1,search_exhausted,90,90
RU_inst68001.rcp,32,1,search_exhausted,142,142
RU_inst69001.rcp,44497,0,time_limit,50,28
RU_inst70001.rcp,1064,1,search_exhausted,94,94
RU_inst7001.rcp,32,1,search_exhausted,81,81
RU_inst71001.rcp,32,1,search_exhausted,142,142
RU_inst72001.rcp,45597,0,time_limit,50,28
RU_inst73001.rcp,513,1,search_exhausted,95,95
RU_inst74001.rcp,32,1,search_exhausted,142,142
RU_inst75001.rcp,44941,0,time_limit,49,28
RU_inst76001.rcp,420,1,search_exhausted,89,89
RU_inst77001.rcp,32,1,search_exhausted,142,142
RU_inst78001.rcp,45387,0,time_limit,57,28
RU_inst79001.rcp,1665,1,search_exhausted,97,97
RU_inst80001.rcp,184,1,search_exhausted,145,145
RU_inst8001.rcp,32,1,search_exhausted,142,142
RU_inst81001.rcp,40075,0,time_limit,47,28
RU_inst82001.rcp,346,1,search_exhausted,94,94
RU_inst83001.rcp,66,1,search_exhausted,148,148
RU_inst84001.rcp,41209,0,time_limit,48,28
RU_inst85001.rcp,834,1,search_exhausted,94,94
RU_inst86001.rcp,60,1,search_exhausted,148,148
RU_inst87001.rcp,45622,0,time_limit,45,28
RU_inst88001.rcp,891,1,search_exhausted,91,91
RU_inst89001.rcp,128,1,search_exhausted,144,144
RU_inst90001.rcp,40537,0,time_limit,48,28
RU_inst9001.rcp,32,1,search_exhausted,28,28
RU_inst91001.rcp,540,1,search_exhausted,100,100
RU_inst92001.rcp,32,1,search_exhausted,142,142
RU_inst93001.rcp,38996,0,time_limit,46,28
RU_inst94001.rcp,466,1,search_exhausted,98,98
RU_inst95001.rcp,161,1,search_exhausted,150,150
RU_inst96001.rcp,37288,0,time_limit,41,28
RU_inst97001.rcp,403,1,search_exhausted,92,92
RU_inst98001.rcp,32,1,search_exhausted,142,142
RU_inst99001.rcp,39773,0,time_limit,49,28
SP_inst1.rcp,31559,0,time_limit,34,26
SP_inst100001.rcp,45670,0,time_limit,55,28
SP_inst10001.rcp,36405,0,time_limit,31,28
SP_inst1001.rcp,32332,0,time_limit,38,28
SP_inst101001.rcp,40486,0,time_limit,79,44
SP_inst102001.rcp,48775,0,time_limit,100,69
SP_inst103001.rcp,3422,1,search_exhausted,105,105
SP_inst104001.rcp,32,1,search_exhausted,100,100
SP_inst105001.rcp,3432,1,search_exhausted,110,110
SP_inst106001.rcp,35,1,search_exhausted,143,143
SP_inst107001.rcp,132,1,search_exhausted,130,130
SP_inst108001.rcp,40672,0,time_limit,61,26
SP_inst109001.rcp,54310,0,time_limit,56,28
SP_inst110001.rcp,37664,0,time_limit,75,44
SP_inst11001.rcp,32,1,search_exhausted,44,44
SP_inst111001.rcp,51910,0,time_limit,86,69
SP_inst112001.rcp,9554,1,search_exhausted,105,105
SP_inst113001.rcp,1038,1,search_exhausted,105,105
SP_inst114001.rcp,80,1,search_exhausted,106,106
SP_inst115001.rcp,32,1,search_exhausted,142,142
SP_inst116001.rcp,95,1,search_exhausted,128,128
SP_inst117001.rcp,41381,0,time_limit,62,26
SP_inst118001.rcp,48308,0,time_limit,55,28
SP_inst119001.rcp,31041,0,time_limit,76,44
SP_inst120001.rcp,49865,0,time_limit,82,69
SP_inst12001.rcp,32,1,search_exhausted,69,69
SP_inst121001.rcp,1355,1,search_exhausted,96,96
SP_inst122001.rcp,47226,1,search_exhausted,108,108
SP_inst123001.rcp,32,1,search_exhausted,106,106
SP_inst124001.rcp,92,1,search_exhausted,143,143
SP_inst125001.rcp,135,1,search_exhausted,130,130
SP_inst126001.rcp,45148,0,time_limit,68,26
SP_inst127001.rcp,55623,0,time_limit,60,28
SP_inst128001.rcp,37444,0,time_limit,72,44
SP_inst129001.rcp,46322,0,time_limit,91,69
SP_inst130001.rcp,81,1,search_exhausted,88,88
SP_inst13001.rcp,32,1,search_exhausted,81,81
SP_inst131001.rcp,3371,1,search_exhausted,101,101
SP_inst132001.rcp,32,1,search_exhausted,106,106
SP_inst133001.rcp,106,1,search_exhausted,151,151
SP_inst134001.rcp,32,1,search_exhausted,126,126
SP_inst135001.rcp,43543,0,time_limit,62,26
SP_inst136001.rcp,56299,0,time_limit,54,28
SP_inst137001.rcp,35126,0,time_limit,72,44
SP_inst138001.rcp,46716,0,time_limit,93,69
SP_inst139001.rcp,2792,1,search_exhausted,100,100
SP_inst140001.rcp,11709,1,search_exhausted,107,107
SP_inst14001.rcp,32,1,search_exhausted,100,100
SP_inst141001.rcp,32,1,search_exhausted,106,106
SP_inst142001.rcp,268,1,search_exhausted,148,148
SP_inst143001.rcp,264,1,search_exhausted,134,134
SP_inst144001.rcp,43865,0,time_limit,60,26
SP_inst145001.rcp,55153,0,time_limit,54,28
SP_inst146001.rcp,32614,0,time_limit,75,44
SP_inst147001.rcp,51074,0,time_limit,87,69
SP_inst148001.rcp,5931,1,search_exhausted,104,104
SP_inst149001.rcp,5603,1,search_exhausted,103,103
SP_inst150001.rcp,32,1,search_exhausted,106,106
SP_inst15001.rcp,32,1,search_exhausted,106,106
SP_inst151001.rcp,32,1,search_exhausted,142,142
SP_inst152001.rcp,111,1,search_exhausted,128,128
SP_inst153001.rcp,40813,0,time_limit,56,26
SP_inst154001.rcp,54507,0,time_limit,63,28
SP_inst155001.rcp,32457,0,time_limit,70,44
SP_inst156001.rcp,52996,0,time_limit,83,69
SP_inst157001.rcp,4387,1,search_exhausted,104,104
SP_inst158001.rcp,22625,1,search_exhausted,107,107
SP_inst159001.rcp,32,1,search_exhausted,106,106
SP_inst160001.rcp,128,1,search_exhausted,145,145
SP_inst16001.rcp,32,1,search_exhausted,142,142
SP_inst161001.rcp,132,1,search_exhausted,131,131
SP_inst162001.rcp,45893,0,time_limit,75,26
SP_inst163001.rcp,53917,0,time_limit,58,28
SP_inst164001.rcp,39881,0,time_limit,71,44
SP_inst165001.rcp,46410,0,time_limit,101,69
SP_inst166001.rcp,7142,1,search_exhausted,106,106
SP_inst167001.rcp,32,1,search_exhausted,100,100
SP_inst168001.rcp,4772,1,search_exhausted,112,112
SP_inst169001.rcp,91,1,search_exhausted,148,148
SP_inst170001.rcp,32,1,search_exhausted,126,126
SP_inst17001.rcp,32,1,search_exhausted,126,126
SP_inst171001.rcp,43239,0,time_limit,57,26
SP_inst172001.rcp,43391,0,time_limit,65,28
SP_inst173001.rcp,35180,0,time_limit,84,44
SP_inst174001.rcp,45796,0,time_limit,90,69
SP_inst175001.rcp,2597,1,search_exhausted,100,100
SP_inst176001.rcp,2708,1,search_exhausted,105,105
SP_inst177001.rcp,4466,1,search_exhausted,108,108
SP_inst178001.rcp,139,1,search_exhausted,148,148
SP_inst179001.rcp,32,1,search_exhausted,126,126
SP_inst180001.rcp,57089,0,time_limit,96,26
SP_inst18001.rcp,36846,0,time_limit,33,26
SP_inst181001.rcp,70649,0,time_limit,96,28
SP_inst182001.rcp,47778,0,time_limit,101,44
SP_inst183001.rcp,73426,0,time_limit,117,69
SP_inst184001.rcp,90894,0,time_limit,128,81
SP_inst185001.rcp,56858,0,time_limit,118,100
SP_inst186001.rcp,20008,1,search_exhausted,111,111
SP_inst187001.rcp,433,1,search_exhausted,151,151
SP_inst188001.rcp,186,1,search_exhausted,133,133
SP_inst189001.rcp,50927,0,time_limit,90,26
SP_inst190001.rcp,57760,0,time_limit,79,28
SP_inst19001.rcp,37412,0,time_limit,31,28
SP_inst191001.rcp,50550,0,time_limit,97,44
SP_inst192001.rcp,62467,0,time_limit,117,69
SP_inst193001.rcp,79997,0,time_limit,123,81
SP_inst194001.rcp,56074,0,time_limit,131,100
SP_inst195001.rcp,49313,0,time_limit,119,106
SP_inst196001.rcp,237,1,search_exhausted,144,144
SP_inst197001.rcp,713,1,search_exhausted,141,141
SP_inst198001.rcp,50827,0,time_limit,94,26
SP_inst199001.rcp,62900,0,time_limit,79,28
SP_inst200001.rcp,54933,0,time_limit,115,44
SP_inst20001.rcp,32,1,search_exhausted,44,44
SP_inst2001.rcp,32,1,search_exhausted,44,44
SP_inst201001.rcp,59282,0,time_limit,118,69
SP_inst202001.rcp,72239,0,time_limit,122,81
SP_inst203001.rcp,50678,0,time_limit,122,100
SP_inst204001.rcp,50261,0,time_limit,131,106
SP_inst205001.rcp,436,1,search_exhausted,149,149
SP_inst206001.rcp,225,1,search_exhausted,134,134
SP_inst207001.rcp,48504,0,time_limit,84,26
SP_inst208001.rcp,64076,0,time_limit,85,28
SP_inst209001.rcp,52152,0,time_limit,105,44
SP_inst210001.rcp,60575,0,time_limit,101,69
SP_inst21001.rcp,89,1,search_exhausted,69,69
SP_inst211001.rcp,100566,0,time_limit,141,81
SP_inst212001.rcp,50700,0,time_limit,131,100
SP_inst213001.rcp,50818,0,time_limit,127,106
SP_inst214001.rcp,955,1,search_exhausted,151,151
SP_inst215001.rcp,186,1,search_exhausted,131,131
SP_inst216001.rcp,52866,0,time_limit,98,26
SP_inst217001.rcp,54784,0,time_limit,76,28
SP_inst218001.rcp,49544,0,time_limit,100,44
SP_inst219001.rcp,63951,0,time_limit,123,69
SP_inst220001.rcp,78121,0,time_limit,121,81
SP_inst22001.rcp,88,1,search_exhausted,87,87
SP_inst221001.rcp,55164,0,time_limit,120,100
SP_inst222001.rcp,10820,1,search_exhausted,111,111
SP_inst223001.rcp,2026,1,search_exhausted,153,153
SP_inst224001.rcp,342,1,search_exhausted,137,137
SP_inst225001.rcp,53910,0,time_limit,92,26
SP_inst226001.rcp,56897,0,time_limit,76,28
SP_inst227001.rcp,52736,0,time_limit,96,44
SP_inst228001.rcp,63828,0,time_limit,114,69
SP_inst229001.rcp,78309,0,time_limit,119,81
SP_inst230001.rcp,49321,0,time_limit,115,100
SP_inst23001.rcp,32,1,search_exhausted,100,100
SP_inst231001.rcp,51573,0,time_limit,128,106
SP_inst232001.rcp,1378,1,search_exhausted,152,152
SP_inst233001.rcp,369,1,search_exhausted,139,139
SP_inst234001.rcp,52054,0,time_limit,88,26
SP_inst235001.rcp,74531,0,time_limit,83,28
SP_inst236001.rcp,43276,0,time_limit,106,44
SP_inst237001.rcp,70339,0,time_limit,129,69
SP_inst238001.rcp,85176,0,time_limit,134,81
SP_inst239001.rcp,11618,1,search_exhausted,103,103
SP_inst240001.rcp,49309,0,time_limit,130,106
SP_inst24001.rcp,32,1,search_exhausted,106,106
SP_inst241001.rcp,1455,1,search_exhausted,157,157
SP_inst242001.rcp,131,1,search_exhausted,129,129
SP_inst243001.rcp,49102,0,time_limit,89,26
SP_inst244001.rcp,62834,0,time_limit,97,28
SP_inst245001.rcp,43275,0,time_limit,98,44
SP_inst246001.rcp,65297,0,time_limit,113,69
SP_inst247001.rcp,75113,0,time_limit,121,81
SP_inst248001.rcp,50238,0,time_limit,118,100
SP_inst249001.rcp,1263,1,search_exhausted,110,110
SP_inst250001.rcp,603,1,search_exhausted,152,152
SP_inst25001.rcp,60,1,search_exhausted,148,148
SP_inst251001.rcp,321,1,search_exhausted,136,136
SP_inst252001.rcp,50312,0,time_limit,86,26
SP_inst253001.rcp,62807,0,time_limit,84,28
SP_inst254001.rcp,44185,0,time_limit,95,44
SP_inst255001.rcp,64532,0,time_limit,122,69
SP_inst256001.rcp,74960,0,time_limit,124,91
SP_inst257001.rcp,56205,0,time_limit,123,100
SP_inst258001.rcp,23715,1,search_exhausted,109,109
SP_inst259001.rcp,726,1,search_exhausted,152,152
SP_inst260001.rcp,839,1,search_exhausted,142,142
SP_inst26001.rcp,32,1,search_exhausted,126,126
SP_inst261001.rcp,61158,0,time_limit,113,26
SP_inst262001.rcp,65917,0,time_limit,82,28
SP_inst263001.rcp,46086,0,time_limit,96,44
SP_inst264001.rcp,56063,0,time_limit,103,69
SP_inst265001.rcp,80333,0,time_limit,133,81
SP_inst266001.rcp,57773,0,time_limit,147,100
SP_inst267001.rcp,54077,0,time_limit,118,106
SP_inst268001.rcp,472,1,search_exhausted,152,152
SP_inst269001.rcp,163,1,search_exhausted,132,132
SP_inst270001.rcp,47475,0,time_limit,49,26
SP_inst27001.rcp,37840,0,time_limit,36,26
SP_inst271001.rcp,44792,0,time_limit,50,28
SP_inst272001.rcp,38726,0,time_limit,73,44
SP_inst273001.rcp,48973,0,time_limit,78,69
SP_inst274001.rcp,987,1,search_exhausted,91,91
SP_inst275001.rcp,32,1,search_exhausted,100,100
SP_inst276001.rcp,2392,1,search_exhausted,110,110
SP_inst277001.rcp,299,1,search_exhausted,148,148
SP_inst278001.rcp,32,1,search_exhausted,126,126
SP_inst279001.rcp,43618,0,time_limit,55,26
SP_inst280001.rcp,48247,0,time_limit,56,28
SP_inst28001.rcp,33820,0,time_limit,29,28
SP_inst281001.rcp,34269,0,time_limit,75,44
SP_inst282001.rcp,51733,0,time_limit,95,69
SP_inst283001.rcp,774,1,search_exhausted,96,96
SP_inst284001.rcp,32,1,search_exhausted,100,100
SP_inst285001.rcp,32,1,search_exhausted,106,106
SP_inst286001.rcp,32,1,search_exhausted,142,142
SP_inst287001.rcp,99,1,search_exhausted,133,133
SP_inst288001.rcp,43657,0,time_limit,60,26
SP_inst289001.rcp,44960,0,time_limit,56,28
SP_inst290001.rcp,35530,0,time_limit,63,44
SP_inst29001.rcp,32,1,search_exhausted,44,44
SP_inst291001.rcp,53436,0,time_limit,79,69
SP_inst292001.rcp,168,1,search_exhausted,87,87
SP_inst293001.rcp,1716,1,search_exhausted,102,102
SP_inst294001.rcp,32,1,search_exhausted,106,106
SP_inst295001.rcp,148,1,search_exhausted,145,145
SP_inst296001.rcp,32,1,search_exhausted,126,126
SP_inst297001.rcp,46151,0,time_limit,50,26
SP_inst298001.rcp,44002,0,time_limit,58,28
SP_inst299001.rcp,39701,0,time_limit,91,44
SP_inst300001.rcp,53517,0,time_limit,78,69
SP_inst30001.rcp,32,1,search_exhausted,69,69
SP_inst3001.rcp,1611,1,search_exhausted,71,71
SP_inst301001.rcp,94,1,search_exhausted,91,91
SP_inst302001.rcp,21204,1,search_exhausted,103,103
SP_inst303001.rcp,2883,1,search_exhausted,116,116
SP_inst304001.rcp,142,1,search_exhausted,151,151
SP_inst305001.rcp,32,1,search_exhausted,126,126
SP_inst306001.rcp,55328,0,time_limit,61,26
SP_inst307001.rcp,44734,0,time_limit,64,28
SP_inst308001.rcp,34558,0,time_limit,64,44
SP_inst309001.rcp,49576,0,time_limit,73,69
SP_inst310001.rcp,2675,1,search_exhausted,104,104
SP_inst31001.rcp,32,1,search_exhausted,81,81
SP_inst311001.rcp,3197,1,search_exhausted,103,103
SP_inst312001.rcp,46,1,search_exhausted,106,106
SP_inst313001.rcp,35,1,search_exhausted,143,143
SP_inst314001.rcp,32,1,search_exhausted,126,126
SP_inst315001.rcp,40243,0,time_limit,53,26
SP_inst316001.rcp,46313,0,time_limit,58,28
SP_inst317001.rcp,39296,0,time_limit,70,44
SP_inst318001.rcp,55424,0,time_limit,77,69
SP_inst319001.rcp,964,1,search_exhausted,91,91
SP_inst320001.rcp,267,1,search_exhausted,100,100
SP_inst32001.rcp,32,1,search_exhausted,100,100
SP_inst321001.rcp,41,1,search_exhausted,106,106
SP_inst322001.rcp,71,1,search_exhausted,145,145
SP_inst323001.rcp,32,1,search_exhausted,126,126
SP_inst324001.rcp,45437,0,time_limit,65,26
SP_inst325001.rcp,59621,0,time_limit,64,28
SP_inst326001.rcp,34259,0,time_limit,67,44
SP_inst327001.rcp,50136,0,time_limit,76,69
SP_inst328001.rcp,144,1,search_exhausted,88,88
SP_inst329001.rcp,32,1,search_exhausted,100,100
SP_inst330001.rcp,32,1,search_exhausted,106,106
SP_inst33001.rcp,32,1,search_exhausted,106,106
SP_inst331001.rcp,90,1,search_exhausted,153,153
SP_inst332001.rcp,32,1,search_exhausted,126,126
SP_inst333001.rcp,46226,0,time_limit,62,26
SP_inst334001.rcp,44607,0,time_limit,58,28
SP_inst335001.rcp,30665,0,time_limit,65,44
SP_inst336001.rcp,47184,0,time_limit,81,69
SP_inst337001.rcp,3839,1,search_exhausted,103,103
SP_inst338001.rcp,33812,1,search_exhausted,109,109
SP_inst339001.rcp,32,1,search_exhausted,106,106
SP_inst340001.rcp,32,1,search_exhausted,142,142
SP_inst34001.rcp,32,1,search_exhausted,142,142
SP_inst341001.rcp,165,1,search_exhausted,130,130
SP_inst342001.rcp,40056,0,time_limit,75,26
SP_inst343001.rcp,44204,0,time_limit,47,28
SP_inst344001.rcp,39564,0,time_limit,72,44
SP_inst345001.rcp,27550,1,search_exhausted,81,81
SP_inst346001.rcp,147,1,search_exhausted,91,91
SP_inst347001.rcp,32,1,search_exhausted,100,100
SP_inst348001.rcp,32,1,search_exhausted,106,106
SP_inst349001.rcp,32,1,search_exhausted,142,142
SP_inst350001.rcp,32,1,search_exhausted,126,126
SP_inst35001.rcp,32,1,search_exhausted,126,126
SP_inst351001.rcp,47441,0,time_limit,63,26
SP_inst352001.rcp,44549,0,time_limit,53,28
SP_inst353001.rcp,34527,0,time_limit,64,44
SP_inst354001.rcp,49090,0,time_limit,77,69
SP_inst355001.rcp,664,1,search_exhausted,91,91
SP_inst356001.rcp,32,1,search_exhausted,100,100
SP_inst357001.rcp,1878,1,search_exhausted,110,110
SP_inst358001.rcp,95,1,search_exhausted,151,151
SP_inst359001.rcp,32,1,search_exhausted,126,126
SP_inst360001.rcp,62615,0,time_limit,138,26
SP_inst36001.rcp,35267,0,time_limit,31,26
SP_inst361001.rcp,66524,0,time_limit,119,28
SP_inst362001.rcp,56825,0,time_limit,136,44
SP_inst363001.rcp,71105,0,time_limit,152,69
SP_inst364001.rcp,94422,0,time_limit,155,81
SP_inst365001.rcp,73013,0,time_limit,162,100
SP_inst366001.rcp,54680,0,time_limit,142,106
SP_inst367001.rcp,3298,1,search_exhausted,162,162
SP_inst368001.rcp,1048,1,search_exhausted,148,148
SP_inst369001.rcp,63655,0,time_limit,150,26
SP_inst370001.rcp,63379,0,time_limit,106,28
SP_inst37001.rcp,36519,0,time_limit,36,28
SP_inst371001.rcp,62623,0,time_limit,151,44
SP_inst372001.rcp,71325,0,time_limit,144,69
SP_inst373001.rcp,93527,0,time_limit,150,81
SP_inst374001.rcp,73449,0,time_limit,161,100
SP_inst375001.rcp,61772,0,time_limit,155,106
SP_inst376001.rcp,26627,1,search_exhausted,166,166
SP_inst377001.rcp,972,1,search_exhausted,145,145
SP_inst378001.rcp,48883,0,time_limit,129,26
SP_inst379001.rcp,67879,0,time_limit,116,28
SP_inst380001.rcp,51682,0,time_limit,146,44
SP_inst38001.rcp,32108,0,time_limit,53,44
SP_inst381001.rcp,62352,0,time_limit,150,69
SP_inst382001.rcp,93376,0,time_limit,150,81
SP_inst383001.rcp,73587,0,time_limit,150,100
SP_inst384001.rcp,59211,0,time_limit,148,106
SP_inst385001.rcp,26627,1,search_exhausted,166,166
SP_inst386001.rcp,591,1,search_exhausted,140,140
SP_inst387001.rcp,55669,0,time_limit,131,26
SP_inst388001.rcp,68674,0,time_limit,122,28
SP_inst389001.rcp,61591,0,time_limit,152,44
SP_inst390001.rcp,63910,0,time_limit,145,69
SP_inst39001.rcp,32,1,search_exhausted,69,69
SP_inst391001.rcp,87019,0,time_limit,153,81
SP_inst392001.rcp,68075,0,time_limit,156,100
SP_inst393001.rcp,45272,0,time_limit,128,106
SP_inst394001.rcp,3572,1,search_exhausted,164,164
SP_inst395001.rcp,522,1,search_exhausted,141,141
SP_inst396001.rcp,67540,0,time_limit,124,26
SP_inst397001.rcp,71199,0,time_limit,114,28
SP_inst398001.rcp,47214,0,time_limit,158,44
SP_inst399001.rcp,66393,0,time_limit,148,69
SP_inst400001.rcp,87689,0,time_limit,146,81
SP_inst40001.rcp,32,1,search_exhausted,81,81
SP_inst4001.rcp,32,1,search_exhausted,81,81
SP_inst401001.rcp,70629,0,time_limit,155,100
SP_inst402001.rcp,59258,0,time_limit,149,106
SP_inst403001.rcp,6350,1,search_exhausted,158,158
SP_inst404001.rcp,1048,1,search_exhausted,148,148
SP_inst405001.rcp,58132,0,time_limit,136,26
SP_inst406001.rcp,69978,0,time_limit,100,28
SP_inst407001.rcp,60637,0,time_limit,165,44
SP_inst408001.rcp,67786,0,time_limit,149,69
SP_inst409001.rcp,91617,0,time_limit,142,81
SP_inst410001.rcp,58249,0,time_limit,152,100
SP_inst41001.rcp,32,1,search_exhausted,100,100
SP_inst411001.rcp,58751,0,time_limit,143,106
SP_inst412001.rcp,387,1,search_exhausted,149,149
SP_inst413001.rcp,220,1,search_exhausted,134,134
SP_inst414001.rcp,63170,0,time_limit,145,26
SP_inst415001.rcp,70469,0,time_limit,128,28
SP_inst416001.rcp,49472,0,time_limit,157,44
SP_inst417001.rcp,70008,0,time_limit,143,69
SP_inst418001.rcp,93734,0,time_limit,155,81
SP_inst419001.rcp,73678,0,time_limit,148,100
SP_inst420001.rcp,67248,0,time_limit,160,106
SP_inst42001.rcp,265,1,search_exhausted,109,109
SP_inst421001.rcp,8380,1,search_exhausted,161,161
SP_inst422001.rcp,1018,1,search_exhausted,147,147
SP_inst423001.rcp,63275,0,time_limit,140,26
SP_inst424001.rcp,71100,0,time_limit,110,28
SP_inst425001.rcp,50576,0,time_limit,149,44
SP_inst426001.rcp,61519,0,time_limit,137,69
SP_inst427001.rcp,83904,0,time_limit,139,81
SP_inst428001.rcp,76106,0,time_limit,154,100
SP_inst429001.rcp,65427,0,time_limit,156,106
SP_inst430001.rcp,26627,1,search_exhausted,166,166
SP_inst43001.rcp,32,1,search_exhausted,142,142
SP_inst431001.rcp,364,1,search_exhausted,137,137
SP_inst432001.rcp,67644,0,time_limit,135,26
SP_inst433001.rcp,63867,0,time_limit,110,28
SP_inst434001.rcp,61764,0,time_limit,162,44
SP_inst435001.rcp,63289,0,time_limit,145,69
SP_inst436001.rcp,86621,0,time_limit,149,81
SP_inst437001.rcp,53864,0,time_limit,143,100
SP_inst438001.rcp,47927,0,time_limit,140,106
SP_inst439001.rcp,6668,1,search_exhausted,165,165
SP_inst440001.rcp,970,1,search_exhausted,146,146
SP_inst44001.rcp,32,1,search_exhausted,126,126
SP_inst441001.rcp,62460,0,time_limit,142,26
SP_inst442001.rcp,68689,0,time_limit,115,28
SP_inst443001.rcp,57323,0,time_limit,151,44
SP_inst444001.rcp,66843,0,time_limit,152,69
SP_inst445001.rcp,92262,0,time_limit,153,81
SP_inst446001.rcp,67247,0,time_limit,158,100
SP_inst447001.rcp,71337,0,time_limit,161,106
SP_inst448001.rcp,8956,1,search_exhausted,161,161
SP_inst449001.rcp,987,1,search_exhausted,144,144
SP_inst450001.rcp,67078,0,time_limit,158,26
SP_inst45001.rcp,34221,0,time_limit,29,26
SP_inst451001.rcp,71464,0,time_limit,130,28
SP_inst452001.rcp,66109,0,time_limit,174,44
SP_inst453001.rcp,69757,0,time_limit,158,69
SP_inst454001.rcp,83625,0,time_limit,158,81
SP_inst455001.rcp,73950,0,time_limit,164,100
SP_inst456001.rcp,72060,0,time_limit,161,106
SP_inst457001.rcp,26627,1,search_exhausted,166,166
SP_inst458001.rcp,1048,1,search_exhausted,148,148
SP_inst459001.rcp,67079,0,time_limit,158,26
SP_inst460001.rcp,71228,0,time_limit,130,28
SP_inst46001.rcp,33641,0,time_limit,46,28
SP_inst461001.rcp,64436,0,time_limit,174,44
SP_inst462001.rcp,69286,0,time_limit,158,69
SP_inst463001.rcp,82285,0,time_limit,158,81
SP_inst464001.rcp,73681,0,time_limit,164,100
SP_inst465001.rcp,72273,0,time_limit,161,106
SP_inst466001.rcp,26627,1,search_exhausted,166,166
SP_inst467001.rcp,1048,1,search_exhausted,148,148
SP_inst468001.rcp,67249,0,time_limit,158,26
SP_inst469001.rcp,70968,0,time_limit,130,28
SP_inst470001.rcp,65784,0,time_limit,174,44
SP_inst47001.rcp,32,1,search_exhausted,44,44
SP_inst471001.rcp,70584,0,time_limit,158,69
SP_inst472001.rcp,83895,0,time_limit,158,81
SP_inst473001.rcp,73851,0,time_limit,164,100
SP_inst474001.rcp,72401,0,time_limit,161,106
SP_inst475001.rcp,26627,1,search_exhausted,166,166
SP_inst476001.rcp,1048,1,search_exhausted,148,148
SP_inst477001.rcp,67337,0,time_limit,158,26
SP_inst478001.rcp,71028,0,time_limit,130,28
SP_inst479001.rcp,64386,0,time_limit,174,44
SP_inst480001.rcp,70082,0,time_limit,158,69
SP_inst48001.rcp,32,1,search_exhausted,69,69
SP_inst481001.rcp,84202,0,time_limit,158,81
SP_inst482001.rcp,74332,0,time_limit,164,100
SP_inst483001.rcp,71540,0,time_limit,161,106
SP_inst484001.rcp,26627,1,search_exhausted,166,166
SP_inst485001.rcp,1048,1,search_exhausted,148,148
SP_inst486001.rcp,66868,0,time_limit,158,26
SP_inst487001.rcp,71636,0,time_limit,130,28
SP_inst488001.rcp,64080,0,time_limit,174,44
SP_inst489001.rcp,70270,0,time_limit,158,69
SP_inst490001.rcp,84199,0,time_limit,158,81
SP_inst49001.rcp,32,1,search_exhausted,81,81
SP_inst491001.rcp,74641,0,time_limit,164,100
SP_inst492001.rcp,72561,0,time_limit,161,106
SP_inst493001.rcp,26627,1,search_exhausted,166,166
SP_inst494001.rcp,1048,1,search_exhausted,148,148
SP_inst495001.rcp,66830,0,time_limit,158,26
SP_inst496001.rcp,71855,0,time_limit,124,28
SP_inst497001.rcp,64753,0,time_limit,174,44
SP_inst498001.rcp,69818,0,time_limit,158,69
SP_inst499001.rcp,83924,0,time_limit,158,81
SP_inst500001.rcp,74206,0,time_limit,164,100
SP_inst50001.rcp,32,1,search_exhausted,100,100
SP_inst5001.rcp,32,1,search_exhausted,100,100
SP_inst501001.rcp,73422,0,time_limit,161,106
SP_inst502001.rcp,26627,1,search_exhausted,166,166
SP_inst503001.rcp,1048,1,search_exhausted,148,148
SP_inst504001.rcp,66171,0,time_limit,158,26
SP_inst505001.rcp,70885,0,time_limit,130,28
SP_inst506001.rcp,65374,0,time_limit,174,44
SP_inst507001.rcp,69429,0,time_limit,158,69
SP_inst508001.rcp,83125,0,time_limit,158,81
SP_inst509001.rcp,73826,0,time_limit,164,100
SP_inst510001.rcp,71490,0,time_limit,161,106
SP_inst51001.rcp,32,1,search_exhausted,106,106
SP_inst511001.rcp,26627,1,search_exhausted,166,166
SP_inst512001.rcp,1048,1,search_exhausted,148,148
SP_inst513001.rcp,67369,0,time_limit,158,26
SP_inst514001.rcp,70954,0,time_limit,130,28
SP_inst515001.rcp,65168,0,time_limit,174,44
SP_inst516001.rcp,70534,0,time_limit,158,69
SP_inst517001.rcp,83914,0,time_limit,158,81
SP_inst518001.rcp,74282,0,time_limit,164,100
SP_inst519001.rcp,72241,0,time_limit,161,106
SP_inst520001.rcp,26627,1,search_exhausted,166,166
SP_inst52001.rcp,32,1,search_exhausted,142,142
SP_inst521001.rcp,1048,1,search_exhausted,148,148
SP_inst522001.rcp,66771,0,time_limit,158,26
SP_inst523001.rcp,70949,0,time_limit,130,28
SP_inst524001.rcp,65490,0,time_limit,174,44
SP_inst525001.rcp,70122,0,time_limit,158,69
SP_inst526001.rcp,83769,0,time_limit,158,81
SP_inst527001.rcp,74481,0,time_limit,164,100
SP_inst528001.rcp,71042,0,time_limit,161,106
SP_inst529001.rcp,26627,1,search_exhausted,166,166
SP_inst530001.rcp,1048,1,search_exhausted,148,148
SP_inst53001.rcp,32,1,search_exhausted,126,126
SP_inst531001.rcp,66584,0,time_limit,158,26
SP_inst532001.rcp,71540,0,time_limit,130,28
SP_inst533001.rcp,65185,0,time_limit,174,44
SP_inst534001.rcp,69718,0,time_limit,158,69
SP_inst535001.rcp,83119,0,time_limit,158,81
SP_inst536001.rcp,74423,0,time_limit,164,100
SP_inst537001.rcp,72479,0,time_limit,161,106
SP_inst538001.rcp,26627,1,search_exhausted,166,166
SP_inst539001.rcp,1048,1,search_exhausted,148,148
SP_inst54001.rcp,32040,0,time_limit,28,26
SP_inst55001.rcp,35562,0,time_limit,37,28
SP_inst56001.rcp,32,1,search_exhausted,44,44
SP_inst57001.rcp,2824,1,search_exhausted,72,72
SP_inst58001.rcp,101,1,search_exhausted,84,84
SP_inst59001.rcp,32,1,search_exhausted,100,100
SP_inst60001.rcp,32,1,search_exhausted,106,106
SP_inst6001.rcp,32,1,search_exhausted,106,106
SP_inst61001.rcp,32,1,search_exhausted,142,142
SP_inst62001.rcp,32,1,search_exhausted,126,126
SP_inst63001.rcp,34827,0,time_limit,28,26
SP_inst64001.rcp,34539,0,time_limit,30,28
SP_inst65001.rcp,32,1,search_exhausted,44,44
SP_inst66001.rcp,32,1,search_exhausted,69,69
SP_inst67001.rcp,67,1,search_exhausted,84,84
SP_inst68001.rcp,32,1,search_exhausted,100,100
SP_inst69001.rcp,32,1,search_exhausted,106,106
SP_inst70001.rcp,32,1,search_exhausted,142,142
SP_inst7001.rcp,32,1,search_exhausted,142,142
SP_inst71001.rcp,32,1,search_exhausted,126,126
SP_inst72001.rcp,34946,0,time_limit,39,26
SP_inst73001.rcp,37384,0,time_limit,35,28
SP_inst74001.rcp,32,1,search_exhausted,44,44
SP_inst75001.rcp,1305,1,search_exhausted,70,70
SP_inst76001.rcp,50,1,search_exhausted,84,84
SP_inst77001.rcp,32,1,search_exhausted,100,100
SP_inst78001.rcp,32,1,search_exhausted,106,106
SP_inst79001.rcp,32,1,search_exhausted,142,142
SP_inst80001.rcp,32,1,search_exhausted,126,126
SP_inst8001.rcp,32,1,search_exhausted,126,126
SP_inst81001.rcp,29187,0,time_limit,36,26
SP_inst82001.rcp,34843,0,time_limit,34,28
SP_inst83001.rcp,32,1,search_exhausted,44,44
SP_inst84001.rcp,32,1,search_exhausted,69,69
SP_inst85001.rcp,53,1,search_exhausted,84,84
SP_inst86001.rcp,32,1,search_exhausted,100,100
SP_inst87001.rcp,32,1,search_exhausted,106,106
SP_inst88001.rcp,32,1,search_exhausted,142,142
SP_inst89001.rcp,32,1,search_exhausted,126,126
SP_inst90001.rcp,45196,0,time_limit,62,26
SP_inst9001.rcp,32920,0,time_limit,34,26
SP_inst91001.rcp,50958,0,time_limit,57,28
SP_inst92001.rcp,37293,0,time_limit,77,44
SP_inst93001.rcp,57113,0,time_limit,90,69
SP_inst94001.rcp,1291,1,search_exhausted,101,101
SP_inst95001.rcp,8231,1,search_exhausted,101,101
SP_inst96001.rcp,32,1,search_exhausted,106,106
SP_inst97001.rcp,180,1,search_exhausted,148,148
SP_inst98001.rcp,32,1,search_exhausted,126,126
SP_inst99001.rcp,42778,0,time_limit,60,26
TF_inst1.rcp,13618,1,search_exhausted,48,48
TF_inst100001.rcp,126,1,search_exhausted,85,85
TF_inst10001.rcp,142,1,search_exhausted,85,85
TF_inst1001.rcp,32,1,search_exhausted,137,137
TF_inst101001.rcp,13882,1,search_exhausted,35,35
TF_inst102001.rcp,11341,1,search_exhausted,50,50
TF_inst103001.rcp,32,1,search_exhausted,137,137
TF_inst104001.rcp,32,1,search_exhausted,146,146
TF_inst105001.rcp,32,1,search_exhausted,82,82
TF_inst106001.rcp,102,1,search_exhausted,85,85
TF_inst107001.rcp,10805,1,search_exhausted,35,35
TF_inst108001.rcp,5722,1,search_exhausted,51,51
TF_inst109001.rcp,32,1,search_exhausted,137,137
TF_inst110001.rcp,32,1,search_exhausted,146,146
TF_inst11001.rcp,31058,0,time_limit,38,35
TF_inst111001.rcp,32,1,search_exhausted,82,82
TF_inst112001.rcp,32,1,search_exhausted,81,81
TF_inst113001.rcp,32,1,search_exhausted,35,35
TF_inst114001.rcp,32,1,search_exhausted,42,42
TF_inst115001.rcp,32,1,search_exhausted,137,137
TF_inst116001.rcp,32,1,search_exhausted,146,146
TF_inst117001.rcp,32,1,search_exhausted,82,82
TF_inst118001.rcp,32,1,search_exhausted,81,81
TF_inst119001.rcp,36120,0,time_limit,50,35
TF_inst120001.rcp,43631,0,time_limit,77,42
TF_inst12001.rcp,5326,1,search_exhausted,45,45
TF_inst121001.rcp,32,1,search_exhausted,137,137
TF_inst122001.rcp,44,1,search_exhausted,151,151
TF_inst123001.rcp,33275,0,time_limit,87,82
TF_inst124001.rcp,17163,1,search_exhausted,90,90
TF_inst125001.rcp,44014,0,time_limit,75,35
TF_inst126001.rcp,43367,0,time_limit,79,42
TF_inst127001.rcp,32,1,search_exhausted,137,137
TF_inst128001.rcp,80,1,search_exhausted,148,148
TF_inst129001.rcp,33299,0,time_limit,88,82
TF_inst130001.rcp,7529,1,search_exhausted,91,91
TF_inst13001.rcp,32,1,search_exhausted,137,137
TF_inst131001.rcp,48130,0,time_limit,72,35
TF_inst132001.rcp,50453,0,time_limit,83,42
TF_inst133001.rcp,32,1,search_exhausted,137,137
TF_inst134001.rcp,32,1,search_exhausted,146,146
TF_inst135001.rcp,29513,0,time_limit,92,82
TF_inst136001.rcp,63065,0,time_limit,106,83
TF_inst137001.rcp,42721,0,time_limit,73,35
TF_inst138001.rcp,46408,0,time_limit,87,42
TF_inst139001.rcp,32,1,search_exhausted,137,137
TF_inst140001.rcp,99,1,search_exhausted,152,152
TF_inst14001.rcp,32,1,search_exhausted,146,146
TF_inst141001.rcp,27363,0,time_limit,83,82
TF_inst142001.rcp,18098,1,search_exhausted,93,93
TF_inst143001.rcp,35602,0,time_limit,58,35
TF_inst144001.rcp,43681,0,time_limit,80,42
TF_inst145001.rcp,32,1,search_exhausted,137,137
TF_inst146001.rcp,32,1,search_exhausted,146,146
TF_inst147001.rcp,32238,0,time_limit,92,82
TF_inst148001.rcp,859,1,search_exhausted,82,82
TF_inst149001.rcp,49015,0,time_limit,64,35
TF_inst150001.rcp,44130,0,time_limit,79,42
TF_inst15001.rcp,32,1,search_exhausted,82,82
TF_inst151001.rcp,32,1,search_exhausted,137,137
TF_inst152001.rcp,39,1,search_exhausted,147,147
TF_inst153001.rcp,36185,0,time_limit,97,82
TF_inst154001.rcp,12083,1,search_exhausted,93,93
TF_inst155001.rcp,49493,0,time_limit,74,35
TF_inst156001.rcp,52827,0,time_limit,83,42
TF_inst157001.rcp,32,1,search_exhausted,137,137
TF_inst158001.rcp,32,1,search_exhausted,146,146
TF_inst159001.rcp,32175,0,time_limit,92,82
TF_inst160001.rcp,62998,0,time_limit,101,81
TF_inst16001.rcp,32,1,search_exhausted,81,81
TF_inst161001.rcp,53813,0,time_limit,81,35
TF_inst162001.rcp,48409,0,time_limit,79,42
TF_inst163001.rcp,32,1,search_exhausted,137,137
TF_inst164001.rcp,32,1,search_exhausted,146,146
TF_inst165001.rcp,31957,0,time_limit,99,82
TF_inst166001.rcp,3599,1,search_exhausted,97,97
TF_inst167001.rcp,49007,0,time_limit,66,35
TF_inst168001.rcp,48316,0,time_limit,93,42
TF_inst169001.rcp,32,1,search_exhausted,137,137
TF_inst170001.rcp,84,1,search_exhausted,147,147
TF_inst17001.rcp,34277,0,time_limit,41,35
TF_inst171001.rcp,33608,0,time_limit,92,82
TF_inst172001.rcp,4636,1,search_exhausted,98,98
TF_inst173001.rcp,47682,0,time_limit,62,35
TF_inst174001.rcp,51232,0,time_limit,94,42
TF_inst175001.rcp,32,1,search_exhausted,137,137
TF_inst176001.rcp,32,1,search_exhausted,146,146
TF_inst177001.rcp,34935,0,time_limit,92,82
TF_inst178001.rcp,11623,1,search_exhausted,95,95
TF_inst179001.rcp,49318,0,time_limit,70,35
TF_inst180001.rcp,42856,0,time_limit,89,42
TF_inst18001.rcp,23892,1,search_exhausted,48,48
TF_inst181001.rcp,32,1,search_exhausted,137,137
TF_inst182001.rcp,175,1,search_exhausted,151,151
TF_inst183001.rcp,31147,0,time_limit,96,82
TF_inst184001.rcp,4030,1,search_exhausted,92,92
TF_inst185001.rcp,42130,0,time_limit,63,35
TF_inst186001.rcp,46805,0,time_limit,76,42
TF_inst187001.rcp,756,1,search_exhausted,138,138
TF_inst188001.rcp,64,1,search_exhausted,151,151
TF_inst189001.rcp,35850,0,time_limit,98,82
TF_inst190001.rcp,60833,0,time_limit,104,81
TF_inst19001.rcp,32,1,search_exhausted,137,137
TF_inst191001.rcp,50180,0,time_limit,73,35
TF_inst192001.rcp,49289,0,time_limit,87,42
TF_inst193001.rcp,32,1,search_exhausted,137,137
TF_inst194001.rcp,32,1,search_exhausted,146,146
TF_inst195001.rcp,33773,0,time_limit,95,82
TF_inst196001.rcp,63361,0,time_limit,109,81
TF_inst197001.rcp,52498,0,time_limit,71,35
TF_inst198001.rcp,45930,0,time_limit,90,42
TF_inst199001.rcp,32,1,search_exhausted,137,137
TF_inst200001.rcp,32,1,search_exhausted,146,146
TF_inst20001.rcp,32,1,search_exhausted,146,146
TF_inst2001.rcp,32,1,search_exhausted,146,146
TF_inst201001.rcp,36140,0,time_limit,96,82
TF_inst202001.rcp,20542,1,search_exhausted,95,95
TF_inst203001.rcp,48713,0,time_limit,69,35
TF_inst204001.rcp,45998,0,time_limit,82,42
TF_inst205001.rcp,710,1,search_exhausted,138,138
TF_inst206001.rcp,32,1,search_exhausted,146,146
TF_inst207001.rcp,29965,0,time_limit,86,82
TF_inst208001.rcp,31999,1,search_exhausted,98,98
TF_inst209001.rcp,40138,0,time_limit,54,35
TF_inst210001.rcp,48686,0,time_limit,89,42
TF_inst21001.rcp,32,1,search_exhausted,82,82
TF_inst211001.rcp,32,1,search_exhausted,137,137
TF_inst212001.rcp,32,1,search_exhausted,146,146
TF_inst213001.rcp,30759,0,time_limit,89,82
TF_inst214001.rcp,22177,1,search_exhausted,97,97
TF_inst215001.rcp,41594,0,time_limit,68,35
TF_inst216001.rcp,44945,0,time_limit,86,42
TF_inst217001.rcp,32,1,search_exhausted,137,137
TF_inst218001.rcp,32,1,search_exhausted,146,146
TF_inst219001.rcp,6386,1,search_exhausted,82,82
TF_inst220001.rcp,7497,1,search_exhausted,92,92
TF_inst22001.rcp,32,1,search_exhausted,81,81
TF_inst221001.rcp,49496,0,time_limit,65,35
TF_inst222001.rcp,44068,0,time_limit,77,42
TF_inst223001.rcp,32,1,search_exhausted,137,137
TF_inst224001.rcp,32,1,search_exhausted,146,146
TF_inst225001.rcp,31202,0,time_limit,100,82
TF_inst226001.rcp,10238,1,search_exhausted,93,93
TF_inst227001.rcp,52347,0,time_limit,78,35
TF_inst228001.rcp,45133,0,time_limit,82,42
TF_inst229001.rcp,32,1,search_exhausted,137,137
TF_inst230001.rcp,32,1,search_exhausted,146,146
TF_inst23001.rcp,27527,0,time_limit,36,35
TF_inst231001.rcp,29888,0,time_limit,92,82
TF_inst232001.rcp,3248,1,search_exhausted,89,89
TF_inst233001.rcp,40118,0,time_limit,65,35
TF_inst234001.rcp,52752,0,time_limit,97,42
TF_inst235001.rcp,32,1,search_exhausted,137,137
TF_inst236001.rcp,32,1,search_exhausted,146,146
TF_inst237001.rcp,29982,0,time_limit,108,82
TF_inst238001.rcp,26718,1,search_exhausted,95,95
TF_inst239001.rcp,47005,0,time_limit,69,35
TF_inst240001.rcp,54629,0,time_limit,128,42
TF_inst24001.rcp,42128,0,time_limit,47,42
TF_inst241001.rcp,7713,1,search_exhausted,145,145
TF_inst242001.rcp,2712,1,search_exhausted,156,156
TF_inst243001.rcp,30876,0,time_limit,114,82
TF_inst244001.rcp,63540,0,time_limit,115,81
TF_inst245001.rcp,59560,0,time_limit,116,35
TF_inst246001.rcp,53680,0,time_limit,113,42
TF_inst247001.rcp,17586,1,search_exhausted,144,144
TF_inst248001.rcp,1705,1,search_exhausted,157,157
TF_inst249001.rcp,32634,0,time_limit,104,82
TF_inst250001.rcp,62411,0,time_limit,114,81
TF_inst25001.rcp,32,1,search_exhausted,137,137
TF_inst251001.rcp,56646,0,time_limit,90,35
TF_inst252001.rcp,54826,0,time_limit,111,42
TF_inst253001.rcp,2998,1,search_exhausted,139,139
TF_inst254001.rcp,220,1,search_exhausted,148,148
TF_inst255001.rcp,34295,0,time_limit,115,82
TF_inst256001.rcp,65541,0,time_limit,114,81
TF_inst257001.rcp,60283,0,time_limit,105,35
TF_inst258001.rcp,53479,0,time_limit,126,42
TF_inst259001.rcp,23984,1,search_exhausted,142,142
TF_inst260001.rcp,9403,1,search_exhausted,159,159
TF_inst26001.rcp,32,1,search_exhausted,146,146
TF_inst261001.rcp,35756,0,time_limit,115,82
TF_inst262001.rcp,64534,0,time_limit,124,81
TF_inst263001.rcp,63714,0,time_limit,98,35
TF_inst264001.rcp,51995,0,time_limit,117,42
TF_inst265001.rcp,10843,1,search_exhausted,144,144
TF_inst266001.rcp,32,1,search_exhausted,146,146
TF_inst267001.rcp,38028,0,time_limit,122,82
TF_inst268001.rcp,64162,0,time_limit,125,81
TF_inst269001.rcp,56650,0,time_limit,96,35
TF_inst270001.rcp,56343,0,time_limit,120,42
TF_inst27001.rcp,32,1,search_exhausted,82,82
TF_inst271001.rcp,1132,1,search_exhausted,138,138
TF_inst272001.rcp,4417,1,search_exhausted,159,159
TF_inst273001.rcp,31531,0,time_limit,113,82
TF_inst274001.rcp,62780,0,time_limit,125,81
TF_inst275001.rcp,54450,0,time_limit,92,35
TF_inst276001.rcp,57786,0,time_limit,117,42
TF_inst277001.rcp,32,1,search_exhausted,137,137
TF_inst278001.rcp,235,1,search_exhausted,156,156
TF_inst279001.rcp,34511,0,time_limit,113,82
TF_inst280001.rcp,64289,0,time_limit,112,81
TF_inst28001.rcp,32,1,search_exhausted,81,81
TF_inst281001.rcp,61740,0,time_limit,102,35
TF_inst282001.rcp,63303,0,time_limit,133,42
TF_inst283001.rcp,4972,1,search_exhausted,140,140
TF_inst284001.rcp,286,1,search_exhausted,155,155
TF_inst285001.rcp,41723,0,time_limit,117,82
TF_inst286001.rcp,73835,0,time_limit,115,81
TF_inst287001.rcp,56198,0,time_limit,89,35
TF_inst288001.rcp,52666,0,time_limit,119,42
TF_inst289001.rcp,785,1,search_exhausted,138,138
TF_inst290001.rcp,146,1,search_exhausted,157,157
TF_inst29001.rcp,3362,1,search_exhausted,35,35
TF_inst291001.rcp,39091,0,time_limit,129,82
TF_inst292001.rcp,61284,0,time_limit,109,81
TF_inst293001.rcp,65728,0,time_limit,88,35
TF_inst294001.rcp,62155,0,time_limit,131,42
TF_inst295001.rcp,2729,1,search_exhausted,144,144
TF_inst296001.rcp,877,1,search_exhausted,155,155
TF_inst297001.rcp,43795,0,time_limit,129,82
TF_inst298001.rcp,62366,0,time_limit,139,81
TF_inst299001.rcp,59796,0,time_limit,89,35
TF_inst300001.rcp,57567,0,time_limit,129,42
TF_inst30001.rcp,10781,1,search_exhausted,45,45
TF_inst3001.rcp,32,1,search_exhausted,82,82
TF_inst301001.rcp,757,1,search_exhausted,138,138
TF_inst302001.rcp,66,1,search_exhausted,148,148
TF_inst303001.rcp,33268,0,time_limit,117,82
TF_inst304001.rcp,67725,0,time_limit,137,81
TF_inst305001.rcp,58266,0,time_limit,91,35
TF_inst306001.rcp,50494,0,time_limit,117,42
TF_inst307001.rcp,772,1,search_exhausted,138,138
TF_inst308001.rcp,451,1,search_exhausted,149,149
TF_inst309001.rcp,33575,0,time_limit,110,82
TF_inst310001.rcp,68445,0,time_limit,135,81
TF_inst31001.rcp,32,1,search_exhausted,137,137
TF_inst311001.rcp,61623,0,time_limit,109,35
TF_inst312001.rcp,60516,0,time_limit,126,42
TF_inst313001.rcp,6737,1,search_exhausted,145,145
TF_inst314001.rcp,2696,1,search_exhausted,154,154
TF_inst315001.rcp,34380,0,time_limit,120,82
TF_inst316001.rcp,70674,0,time_limit,127,81
TF_inst317001.rcp,61845,0,time_limit,96,35
TF_inst318001.rcp,57129,0,time_limit,114,42
TF_inst319001.rcp,32,1,search_exhausted,137,137
TF_inst320001.rcp,409,1,search_exhausted,153,153
TF_inst32001.rcp,32,1,search_exhausted,146,146
TF_inst321001.rcp,38565,0,time_limit,132,82
TF_inst322001.rcp,61769,0,time_limit,108,81
TF_inst323001.rcp,62265,0,time_limit,98,35
TF_inst324001.rcp,49523,0,time_limit,107,42
TF_inst325001.rcp,1488,1,search_exhausted,138,138
TF_inst326001.rcp,32,1,search_exhausted,146,146
TF_inst327001.rcp,37663,0,time_limit,122,82
TF_inst328001.rcp,62819,0,time_limit,127,81
TF_inst329001.rcp,58340,0,time_limit,95,35
TF_inst330001.rcp,61797,0,time_limit,136,42
TF_inst33001.rcp,29667,0,time_limit,86,82
TF_inst331001.rcp,32,1,search_exhausted,137,137
TF_inst332001.rcp,916,1,search_exhausted,154,154
TF_inst333001.rcp,36850,0,time_limit,121,82
TF_inst334001.rcp,65710,0,time_limit,134,81
TF_inst335001.rcp,57133,0,time_limit,95,35
TF_inst336001.rcp,55003,0,time_limit,118,42
TF_inst337001.rcp,13603,1,search_exhausted,142,142
TF_inst338001.rcp,673,1,search_exhausted,149,149
TF_inst339001.rcp,37243,0,time_limit,115,82
TF_inst340001.rcp,66673,0,time_limit,122,81
TF_inst34001.rcp,336,1,search_exhausted,82,82
TF_inst341001.rcp,56853,0,time_limit,86,35
TF_inst342001.rcp,57002,0,time_limit,115,42
TF_inst343001.rcp,32,1,search_exhausted,137,137
TF_inst344001.rcp,199,1,search_exhausted,151,151
TF_inst345001.rcp,37654,0,time_limit,123,82
TF_inst346001.rcp,62990,0,time_limit,133,81
TF_inst347001.rcp,61038,0,time_limit,91,35
TF_inst348001.rcp,57000,0,time_limit,129,42
TF_inst349001.rcp,1866,1,search_exhausted,138,138
TF_inst350001.rcp,3042,1,search_exhausted,156,156
TF_inst35001.rcp,2962,1,search_exhausted,35,35
TF_inst351001.rcp,35917,0,time_limit,114,82
TF_inst352001.rcp,68432,0,time_limit,129,81
TF_inst353001.rcp,66420,0,time_limit,98,35
TF_inst354001.rcp,56913,0,time_limit,113,42
TF_inst355001.rcp,33543,1,search_exhausted,141,141
TF_inst356001.rcp,2654,1,search_exhausted,161,161
TF_inst357001.rcp,41150,0,time_limit,116,82
TF_inst358001.rcp,61584,0,time_limit,109,81
TF_inst359001.rcp,63502,0,time_limit,92,35
TF_inst360001.rcp,42062,0,time_limit,68,42
TF_inst36001.rcp,1170,1,search_exhausted,48,48
TF_inst361001.rcp,32,1,search_exhausted,137,137
TF_inst362001.rcp,80,1,search_exhausted,148,148
TF_inst363001.rcp,32723,0,time_limit,85,82
TF_inst364001.rcp,2916,1,search_exhausted,82,82
TF_inst365001.rcp,42865,0,time_limit,65,35
TF_inst366001.rcp,45252,0,time_limit,74,42
TF_inst367001.rcp,32,1,search_exhausted,137,137
TF_inst368001.rcp,44,1,search_exhausted,151,151
TF_inst369001.rcp,29177,0,time_limit,91,82
TF_inst370001.rcp,1256,1,search_exhausted,93,93
TF_inst37001.rcp,32,1,search_exhausted,137,137
TF_inst371001.rcp,35192,0,time_limit,70,35
TF_inst372001.rcp,42561,0,time_limit,65,42
TF_inst373001.rcp,32,1,search_exhausted,137,137
TF_inst374001.rcp,83,1,search_exhausted,155,155
TF_inst375001.rcp,4133,1,search_exhausted,82,82
TF_inst376001.rcp,60,1,search_exhausted,81,81
TF_inst377001.rcp,37611,0,time_limit,60,35
TF_inst378001.rcp,41463,0,time_limit,68,42
TF_inst379001.rcp,32,1,search_exhausted,137,137
TF_inst380001.rcp,32,1,search_exhausted,146,146
TF_inst38001.rcp,32,1,search_exhausted,146,146
TF_inst381001.rcp,32007,0,time_limit,83,82
TF_inst382001.rcp,3484,1,search_exhausted,89,89
TF_inst383001.rcp,44395,0,time_limit,71,35
TF_inst384001.rcp,47834,0,time_limit,91,42
TF_inst385001.rcp,758,1,search_exhausted,138,138
TF_inst386001.rcp,71,1,search_exhausted,151,151
TF_inst387001.rcp,60,1,search_exhausted,82,82
TF_inst388001.rcp,4855,1,search_exhausted,91,91
TF_inst389001.rcp,50217,0,time_limit,72,35
TF_inst390001.rcp,46628,0,time_limit,72,42
TF_inst39001.rcp,32,1,search_exhausted,82,82
TF_inst391001.rcp,32,1,search_exhausted,137,137
TF_inst392001.rcp,32,1,search_exhausted,146,146
TF_inst393001.rcp,784,1,search_exhausted,82,82
TF_inst394001.rcp,3453,1,search_exhausted,91,91
TF_inst395001.rcp,39442,0,time_limit,63,35
TF_inst396001.rcp,50311,0,time_limit,79,42
TF_inst397001.rcp,32,1,search_exhausted,137,137
TF_inst398001.rcp,32,1,search_exhausted,146,146
TF_inst399001.rcp,31817,0,time_limit,92,82
TF_inst400001.rcp,7823,1,search_exhausted,92,92
TF_inst40001.rcp,32,1,search_exhausted,81,81
TF_inst4001.rcp,32,1,search_exhausted,81,81
TF_inst401001.rcp,42367,0,time_limit,71,35
TF_inst402001.rcp,48050,0,time_limit,84,42
TF_inst403001.rcp,747,1,search_exhausted,138,138
TF_inst404001.rcp,82,1,search_exhausted,153,153
TF_inst405001.rcp,32249,0,time_limit,84,82
TF_inst406001.rcp,309,1,search_exhausted,84,84
TF_inst407001.rcp,44409,0,time_limit,56,35
TF_inst408001.rcp,50400,0,time_limit,72,42
TF_inst409001.rcp,32,1,search_exhausted,137,137
TF_inst410001.rcp,32,1,search_exhausted,146,146
TF_inst41001.rcp,20257,1,search_exhausted,35,35
TF_inst411001.rcp,31535,0,time_limit,88,82
TF_inst412001.rcp,75,1,search_exhausted,81,81
TF_inst413001.rcp,44464,0,time_limit,60,35
TF_inst414001.rcp,40331,0,time_limit,73,42
TF_inst415001.rcp,32,1,search_exhausted,137,137
TF_inst416001.rcp,32,1,search_exhausted,146,146
TF_inst417001.rcp,31396,0,time_limit,85,82
TF_inst418001.rcp,169,1,search_exhausted,82,82
TF_inst419001.rcp,46259,0,time_limit,62,35
TF_inst420001.rcp,41901,0,time_limit,78,42
TF_inst42001.rcp,32,1,search_exhausted,42,42
TF_inst421001.rcp,32,1,search_exhausted,137,137
TF_inst422001.rcp,118,1,search_exhausted,153,153
TF_inst423001.rcp,30552,0,time_limit,88,82
TF_inst424001.rcp,5106,1,search_exhausted,87,87
TF_inst425001.rcp,43741,0,time_limit,53,35
TF_inst426001.rcp,48811,0,time_limit,69,42
TF_inst427001.rcp,32,1,search_exhausted,137,137
TF_inst428001.rcp,32,1,search_exhausted,146,146
TF_inst429001.rcp,29535,0,time_limit,85,82
TF_inst430001.rcp,78,1,search_exhausted,81,81
TF_inst43001.rcp,32,1,search_exhausted,137,137
TF_inst431001.rcp,47828,0,time_limit,63,35
TF_inst432001.rcp,41504,0,time_limit,82,42
TF_inst433001.rcp,32,1,search_exhausted,137,137
TF_inst434001.rcp,64,1,search_exhausted,151,151
TF_inst435001.rcp,279,1,search_exhausted,82,82
TF_inst436001.rcp,8815,1,search_exhausted,83,83
TF_inst437001.rcp,35464,0,time_limit,65,35
TF_inst438001.rcp,45954,0,time_limit,74,42
TF_inst439001.rcp,32,1,search_exhausted,137,137
TF_inst440001.rcp,32,1,search_exhausted,146,146
TF_inst44001.rcp,32,1,search_exhausted,146,146
TF_inst441001.rcp,31733,0,time_limit,96,82
TF_inst442001.rcp,733,1,search_exhausted,85,85
TF_inst443001.rcp,39698,0,time_limit,62,35
TF_inst444001.rcp,38742,0,time_limit,70,42
TF_inst445001.rcp,32,1,search_exhausted,137,137
TF_inst446001.rcp,32,1,search_exhausted,146,146
TF_inst447001.rcp,28700,0,time_limit,92,82
TF_inst448001.rcp,6278,1,search_exhausted,85,85
TF_inst449001.rcp,36644,0,time_limit,53,35
TF_inst450001.rcp,46579,0,time_limit,80,42
TF_inst45001.rcp,32,1,search_exhausted,82,82
TF_inst451001.rcp,32,1,search_exhausted,137,137
TF_inst452001.rcp,32,1,search_exhausted,146,146
TF_inst453001.rcp,37,1,search_exhausted,82,82
TF_inst454001.rcp,5369,1,search_exhausted,90,90
TF_inst455001.rcp,42741,0,time_limit,59,35
TF_inst456001.rcp,48685,0,time_limit,83,42
TF_inst457001.rcp,898,1,search_exhausted,138,138
TF_inst458001.rcp,32,1,search_exhausted,146,146
TF_inst459001.rcp,5149,1,search_exhausted,82,82
TF_inst460001.rcp,1695,1,search_exhausted,82,82
TF_inst46001.rcp,32,1,search_exhausted,81,81
TF_inst461001.rcp,47857,0,time_limit,56,35
TF_inst462001.rcp,41580,0,time_limit,70,42
TF_inst463001.rcp,32,1,search_exhausted,137,137
TF_inst464001.rcp,32,1,search_exhausted,146,146
TF_inst465001.rcp,29666,0,time_limit,90,82
TF_inst466001.rcp,56645,0,time_limit,97,81
TF_inst467001.rcp,48436,0,time_limit,64,35
TF_inst468001.rcp,44357,0,time_limit,78,42
TF_inst469001.rcp,32,1,search_exhausted,137,137
TF_inst470001.rcp,80,1,search_exhausted,148,148
TF_inst47001.rcp,33237,0,time_limit,42,35
TF_inst471001.rcp,32633,0,time_limit,96,82
TF_inst472001.rcp,18101,1,search_exhausted,89,89
TF_inst473001.rcp,40246,0,time_limit,60,35
TF_inst474001.rcp,42628,0,time_limit,69,42
TF_inst475001.rcp,32,1,search_exhausted,137,137
TF_inst476001.rcp,32,1,search_exhausted,146,146
TF_inst477001.rcp,34134,0,time_limit,90,82
TF_inst478001.rcp,1009,1,search_exhausted,82,82
TF_inst479001.rcp,36974,0,time_limit,63,35
TF_inst480001.rcp,63191,0,time_limit,161,42
TF_inst48001.rcp,4648,1,search_exhausted,47,47
TF_inst481001.rcp,52605,0,time_limit,159,137
TF_inst482001.rcp,31384,1,search_exhausted,166,166
TF_inst483001.rcp,45500,0,time_limit,154,82
TF_inst484001.rcp,57891,0,time_limit,135,81
TF_inst485001.rcp,63853,0,time_limit,139,35
TF_inst486001.rcp,63793,0,time_limit,178,42
TF_inst487001.rcp,49271,0,time_limit,150,137
TF_inst488001.rcp,5455,1,search_exhausted,166,166
TF_inst489001.rcp,52912,0,time_limit,140,82
TF_inst490001.rcp,64324,0,time_limit,151,81
TF_inst49001.rcp,32,1,search_exhausted,137,137
TF_inst491001.rcp,56570,0,time_limit,133,35
TF_inst492001.rcp,70223,0,time_limit,157,42
TF_inst493001.rcp,57174,0,time_limit,160,137
TF_inst494001.rcp,28160,1,search_exhausted,168,168
TF_inst495001.rcp,45099,0,time_limit,131,82
TF_inst496001.rcp,68960,0,time_limit,153,81
TF_inst497001.rcp,61839,0,time_limit,133,35
TF_inst498001.rcp,58144,0,time_limit,168,42
TF_inst499001.rcp,50846,0,time_limit,159,137
TF_inst500001.rcp,76660,0,time_limit,179,146
TF_inst50001.rcp,32,1,search_exhausted,146,146
TF_inst5001.rcp,26765,1,search_exhausted,35,35
TF_inst501001.rcp,61446,0,time_limit,161,82
TF_inst502001.rcp,64413,0,time_limit,143,81
TF_inst503001.rcp,66342,0,time_limit,129,35
TF_inst504001.rcp,59168,0,time_limit,146,42
TF_inst505001.rcp,49566,0,time_limit,153,137
TF_inst506001.rcp,45553,1,search_exhausted,167,167
TF_inst507001.rcp,53221,0,time_limit,159,82
TF_inst508001.rcp,72385,0,time_limit,160,81
TF_inst509001.rcp,64873,0,time_limit,150,35
TF_inst510001.rcp,55841,0,time_limit,148,42
TF_inst51001.rcp,32,1,search_exhausted,82,82
TF_inst511001.rcp,48836,0,time_limit,158,137
TF_inst512001.rcp,76682,0,time_limit,170,146
TF_inst513001.rcp,58052,0,time_limit,170,82
TF_inst514001.rcp,63200,0,time_limit,148,81
TF_inst515001.rcp,70305,0,time_limit,128,35
TF_inst516001.rcp,67097,0,time_limit,167,42
TF_inst517001.rcp,53654,0,time_limit,150,137
TF_inst518001.rcp,69348,1,search_exhausted,178,178
TF_inst519001.rcp,46621,0,time_limit,156,82
TF_inst520001.rcp,67213,0,time_limit,154,81
TF_inst52001.rcp,32,1,search_exhausted,81,81
TF_inst521001.rcp,67620,0,time_limit,142,35
TF_inst522001.rcp,61998,0,time_limit,171,42
TF_inst523001.rcp,48873,0,time_limit,152,137
TF_inst524001.rcp,11679,1,search_exhausted,161,161
TF_inst525001.rcp,58824,0,time_limit,164,82
TF_inst526001.rcp,66546,0,time_limit,155,81
TF_inst527001.rcp,77757,0,time_limit,139,35
TF_inst528001.rcp,58740,0,time_limit,149,42
TF_inst529001.rcp,51475,0,time_limit,148,137
TF_inst530001.rcp,74076,0,time_limit,172,146
TF_inst53001.rcp,30279,0,time_limit,44,35
TF_inst531001.rcp,56444,0,time_limit,162,82
TF_inst532001.rcp,64871,0,time_limit,154,81
TF_inst533001.rcp,68358,0,time_limit,142,35
TF_inst534001.rcp,65193,0,time_limit,160,42
TF_inst535001.rcp,50726,0,time_limit,150,137
TF_inst536001.rcp,30305,1,search_exhausted,171,171
TF_inst537001.rcp,49722,0,time_limit,153,82
TF_inst538001.rcp,66838,0,time_limit,160,81
TF_inst539001.rcp,65550,0,time_limit,141,35
TF_inst540001.rcp,62346,0,time_limit,162,42
TF_inst54001.rcp,1793,1,search_exhausted,48,48
TF_inst541001.rcp,56695,0,time_limit,147,137
TF_inst542001.rcp,2079,1,search_exhausted,165,165
TF_inst543001.rcp,63756,0,time_limit,160,82
TF_inst544001.rcp,74957,0,time_limit,162,81
TF_inst545001.rcp,64269,0,time_limit,131,35
TF_inst546001.rcp,53910,0,time_limit,156,42
TF_inst547001.rcp,21932,1,search_exhausted,140,140
TF_inst548001.rcp,9027,1,search_exhausted,168,168
TF_inst549001.rcp,38334,0,time_limit,134,82
TF_inst550001.rcp,67689,0,time_limit,155,81
TF_inst55001.rcp,32,1,search_exhausted,137,137
TF_inst551001.rcp,65755,0,time_limit,134,35
TF_inst552001.rcp,60973,0,time_limit,160,42
TF_inst553001.rcp,50352,0,time_limit,158,137
TF_inst554001.rcp,82064,0,time_limit,174,146
TF_inst555001.rcp,47143,0,time_limit,164,82
TF_inst556001.rcp,69581,0,time_limit,146,81
TF_inst557001.rcp,64744,0,time_limit,145,35
TF_inst558001.rcp,58543,0,time_limit,164,42
TF_inst559001.rcp,51922,0,time_limit,150,137
TF_inst560001.rcp,79484,0,time_limit,174,146
TF_inst56001.rcp,32,1,search_exhausted,146,146
TF_inst561001.rcp,53748,0,time_limit,158,82
TF_inst562001.rcp,70682,0,time_limit,158,81
TF_inst563001.rcp,67247,0,time_limit,144,35
TF_inst564001.rcp,65264,0,time_limit,162,42
TF_inst565001.rcp,49107,0,time_limit,158,137
TF_inst566001.rcp,26814,1,search_exhausted,173,173
TF_inst567001.rcp,49328,0,time_limit,153,82
TF_inst568001.rcp,60725,0,time_limit,157,81
TF_inst569001.rcp,66821,0,time_limit,141,35
TF_inst570001.rcp,61512,0,time_limit,160,42
TF_inst57001.rcp,32,1,search_exhausted,82,82
TF_inst571001.rcp,54568,0,time_limit,151,137
TF_inst572001.rcp,19306,1,search_exhausted,165,165
TF_inst573001.rcp,55539,0,time_limit,150,82
TF_inst574001.rcp,69001,0,time_limit,148,81
TF_inst575001.rcp,63060,0,time_limit,131,35
TF_inst576001.rcp,62494,0,time_limit,157,42
TF_inst577001.rcp,54928,0,time_limit,158,137
TF_inst578001.rcp,75195,1,search_exhausted,168,168
TF_inst579001.rcp,45023,0,time_limit,145,82
TF_inst580001.rcp,69892,0,time_limit,160,81
TF_inst58001.rcp,32,1,search_exhausted,81,81
TF_inst581001.rcp,66955,0,time_limit,138,35
TF_inst582001.rcp,60802,0,time_limit,159,42
TF_inst583001.rcp,45648,0,time_limit,154,137
TF_inst584001.rcp,14300,1,search_exhausted,171,171
TF_inst585001.rcp,59530,0,time_limit,166,82
TF_inst586001.rcp,64981,0,time_limit,155,81
TF_inst587001.rcp,68399,0,time_limit,149,35
TF_inst588001.rcp,66529,0,time_limit,165,42
TF_inst589001.rcp,49594,0,time_limit,158,137
TF_inst590001.rcp,73176,0,time_limit,178,146
TF_inst59001.rcp,34275,0,time_limit,38,35
TF_inst591001.rcp,59147,0,time_limit,153,82
TF_inst592001.rcp,67801,0,time_limit,157,81
TF_inst593001.rcp,67687,0,time_limit,139,35
TF_inst594001.rcp,54591,0,time_limit,168,42
TF_inst595001.rcp,51786,0,time_limit,154,137
TF_inst596001.rcp,83052,0,time_limit,174,146
TF_inst597001.rcp,59694,0,time_limit,153,82
TF_inst598001.rcp,74564,0,time_limit,147,81
TF_inst599001.rcp,65882,0,time_limit,144,35
TF_inst600001.rcp,64888,0,time_limit,178,42
TF_inst60001.rcp,8463,1,search_exhausted,46,46
TF_inst6001.rcp,41531,0,time_limit,56,42
TF_inst601001.rcp,59370,0,time_limit,160,137
TF_inst602001.rcp,77629,0,time_limit,179,146
TF_inst603001.rcp,60391,0,time_limit,174,82
TF_inst604001.rcp,74347,0,time_limit,168,81
TF_inst605001.rcp,68472,0,time_limit,155,35
TF_inst606001.rcp,64630,0,time_limit,178,42
TF_inst607001.rcp,59773,0,time_limit,160,137
TF_inst608001.rcp,76654,0,time_limit,179,146
TF_inst609001.rcp,59178,0,time_limit,174,82
TF_inst610001.rcp,74286,0,time_limit,168,81
TF_inst61001.rcp,32,1,search_exhausted,137,137
TF_inst611001.rcp,68695,0,time_limit,155,35
TF_inst612001.rcp,65606,0,time_limit,178,42
TF_inst613001.rcp,60568,0,time_limit,160,137
TF_inst614001.rcp,76953,0,time_limit,179,146
TF_inst615001.rcp,60607,0,time_limit,174,82
TF_inst616001.rcp,73984,0,time_limit,168,81
TF_inst617001.rcp,68634,0,time_limit,155,35
TF_inst618001.rcp,65418,0,time_limit,178,42
TF_inst619001.rcp,60639,0,time_limit,160,137
TF_inst620001.rcp,76820,0,time_limit,179,146
TF_inst62001.rcp,32,1,search_exhausted,146,146
TF_inst621001.rcp,61034,0,time_limit,174,82
TF_inst622001.rcp,74318,0,time_limit,168,81
TF_inst623001.rcp,68332,0,time_limit,155,35
TF_inst624001.rcp,65837,0,time_limit,178,42
TF_inst625001.rcp,60161,0,time_limit,160,137
TF_inst626001.rcp,77847,0,time_limit,179,146
TF_inst627001.rcp,59911,0,time_limit,174,82
TF_inst628001.rcp,73986,0,time_limit,168,81
TF_inst629001.rcp,68705,0,time_limit,155,35
TF_inst630001.rcp,65306,0,time_limit,178,42
TF_inst63001.rcp,32,1,search_exhausted,82,82
TF_inst631001.rcp,59684,0,time_limit,160,137
TF_inst632001.rcp,77565,0,time_limit,179,146
TF_inst633001.rcp,60087,0,time_limit,174,82
TF_inst634001.rcp,73937,0,time_limit,168,81
TF_inst635001.rcp,68332,0,time_limit,155,35
TF_inst636001.rcp,65517,0,time_limit,178,42
TF_inst637001.rcp,60010,0,time_limit,160,137
TF_inst638001.rcp,77324,0,time_limit,179,146
TF_inst639001.rcp,60730,0,time_limit,174,82
TF_inst640001.rcp,74848,0,time_limit,168,81
TF_inst64001.rcp,32,1,search_exhausted,81,81
TF_inst641001.rcp,68892,0,time_limit,155,35
TF_inst642001.rcp,65107,0,time_limit,178,42
TF_inst643001.rcp,60295,0,time_limit,160,137
TF_inst644001.rcp,77359,0,time_limit,179,146
TF_inst645001.rcp,60097,0,time_limit,174,82
TF_inst646001.rcp,74987,0,time_limit,168,81
TF_inst647001.rcp,69166,0,time_limit,155,35
TF_inst648001.rcp,64565,0,time_limit,178,42
TF_inst649001.rcp,59503,0,time_limit,160,137
TF_inst650001.rcp,78326,0,time_limit,179,146
TF_inst65001.rcp,32,1,search_exhausted,35,35
TF_inst651001.rcp,60034,0,time_limit,174,82
TF_inst652001.rcp,74727,0,time_limit,168,81
TF_inst653001.rcp,68263,0,time_limit,155,35
TF_inst654001.rcp,65770,0,time_limit,178,42
TF_inst655001.rcp,59939,0,time_limit,160,137
TF_inst656001.rcp,78207,0,time_limit,179,146
TF_inst657001.rcp,59580,0,time_limit,174,82
TF_inst658001.rcp,74879,0,time_limit,168,81
TF_inst659001.rcp,68943,0,time_limit,155,35
TF_inst660001.rcp,64672,0,time_limit,178,42
TF_inst66001.rcp,23772,1,search_exhausted,47,47
TF_inst661001.rcp,59891,0,time_limit,160,137
TF_inst662001.rcp,77356,0,time_limit,179,146
TF_inst663001.rcp,60496,0,time_limit,174,82
TF_inst664001.rcp,74726,0,time_limit,168,81
TF_inst665001.rcp,68352,0,time_limit,155,35
TF_inst666001.rcp,64498,0,time_limit,178,42
TF_inst667001.rcp,59438,0,time_limit,160,137
TF_inst668001.rcp,77544,0,time_limit,179,146
TF_inst669001.rcp,60195,0,time_limit,174,82
TF_inst670001.rcp,73137,0,time_limit,168,81
TF_inst67001.rcp,32,1,search_exhausted,137,137
TF_inst671001.rcp,69128,0,time_limit,155,35
TF_inst672001.rcp,65058,0,time_limit,178,42
TF_inst673001.rcp,60370,0,time_limit,160,137
TF_inst674001.rcp,78371,0,time_limit,179,146
TF_inst675001.rcp,57138,0,time_limit,174,82
TF_inst676001.rcp,73901,0,time_limit,168,81
TF_inst677001.rcp,66569,0,time_limit,155,35
TF_inst678001.rcp,65551,0,time_limit,178,42
TF_inst679001.rcp,60552,0,time_limit,160,137
TF_inst680001.rcp,77320,0,time_limit,179,146
TF_inst68001.rcp,32,1,search_exhausted,146,146
TF_inst681001.rcp,59876,0,time_limit,174,82
TF_inst682001.rcp,74591,0,time_limit,168,81
TF_inst683001.rcp,68440,0,time_limit,154,35
TF_inst684001.rcp,62577,0,time_limit,178,42
TF_inst685001.rcp,56170,0,time_limit,160,137
TF_inst686001.rcp,78342,0,time_limit,179,146
TF_inst687001.rcp,60677,0,time_limit,174,82
TF_inst688001.rcp,74607,0,time_limit,168,81
TF_inst689001.rcp,68414,0,time_limit,155,35
TF_inst690001.rcp,65893,0,time_limit,178,42
TF_inst69001.rcp,32,1,search_exhausted,82,82
TF_inst691001.rcp,61143,0,time_limit,160,137
TF_inst692001.rcp,77766,0,time_limit,179,146
TF_inst693001.rcp,59859,0,time_limit,174,82
TF_inst694001.rcp,74109,0,time_limit,168,81
TF_inst695001.rcp,68548,0,time_limit,155,35
TF_inst696001.rcp,64914,0,time_limit,178,42
TF_inst697001.rcp,60511,0,time_limit,160,137
TF_inst698001.rcp,77211,0,time_limit,179,146
TF_inst699001.rcp,58586,0,time_limit,174,82
TF_inst700001.rcp,74403,0,time_limit,168,81
TF_inst70001.rcp,32,1,search_exhausted,81,81
TF_inst7001.rcp,32,1,search_exhausted,137,137
TF_inst701001.rcp,68751,0,time_limit,155,35
TF_inst702001.rcp,64975,0,time_limit,178,42
TF_inst703001.rcp,59889,0,time_limit,160,137
TF_inst704001.rcp,77732,0,time_limit,179,146
TF_inst705001.rcp,59433,0,time_limit,174,82
TF_inst706001.rcp,75054,0,time_limit,168,81
TF_inst707001.rcp,69228,0,time_limit,155,35
TF_inst708001.rcp,65296,0,time_limit,178,42
TF_inst709001.rcp,60681,0,time_limit,160,137
TF_inst710001.rcp,78456,0,time_limit,179,146
TF_inst71001.rcp,28047,0,time_limit,36,35
TF_inst711001.rcp,57982,0,time_limit,174,82
TF_inst712001.rcp,74401,0,time_limit,168,81
TF_inst713001.rcp,68353,0,time_limit,155,35
TF_inst714001.rcp,65213,0,time_limit,178,42
TF_inst715001.rcp,60277,0,time_limit,160,137
TF_inst716001.rcp,77984,0,time_limit,179,146
TF_inst717001.rcp,60267,0,time_limit,174,82
TF_inst718001.rcp,74558,0,time_limit,168,81
TF_inst719001.rcp,67958,0,time_limit,155,35
TF_inst72001.rcp,41237,0,time_limit,48,42
TF_inst73001.rcp,32,1,search_exhausted,137,137
TF_inst74001.rcp,32,1,search_exhausted,146,146
TF_inst75001.rcp,32,1,search_exhausted,82,82
TF_inst76001.rcp,32,1,search_exhausted,81,81
TF_inst77001.rcp,31152,0,time_limit,36,35
TF_inst78001.rcp,5715,1,search_exhausted,50,50
TF_inst79001.rcp,32,1,search_exhausted,137,137
TF_inst80001.rcp,32,1,search_exhausted,146,146
TF_inst8001.rcp,32,1,search_exhausted,146,146
TF_inst81001.rcp,32,1,search_exhausted,82,82
TF_inst82001.rcp,32,1,search_exhausted,81,81
TF_inst83001.rcp,32904,0,time_limit,40,35
TF_inst84001.rcp,40850,0,time_limit,58,42
TF_inst85001.rcp,32,1,search_exhausted,137,137
TF_inst86001.rcp,32,1,search_exhausted,146,146
TF_inst87001.rcp,32,1,search_exhausted,82,82
TF_inst88001.rcp,154,1,search_exhausted,83,83
TF_inst89001.rcp,29710,0,time_limit,43,35
TF_inst90001.rcp,8073,1,search_exhausted,51,51
TF_inst9001.rcp,32,1,search_exhausted,82,82
TF_inst91001.rcp,32,1,search_exhausted,137,137
TF_inst92001.rcp,32,1,search_exhausted,146,146
TF_inst93001.rcp,32,1,search_exhausted,82,82
TF_inst94001.rcp,32,1,search_exhausted,81,81
TF_inst95001.rcp,32,1,search_exhausted,35,35
TF_inst96001.rcp,12769,1,search_exhausted,44,44
TF_inst97001.rcp,32,1,search_exhausted,137,137
TF_inst98001.rcp,32,1,search_exhausted,146,146
TF_inst99001.rcp,32,1,search_exhausted,82,82
VAR_inst1.rcp,31955,0,time_limit,33,28
VAR_inst100001.rcp,231,1,search_exhausted,88,88
VAR_inst10001.rcp,32,1,search_exhausted,81,81
VAR_inst1001.rcp,32,1,search_exhausted,81,81
VAR_inst101001.rcp,32,1,search_exhausted,142,142
VAR_inst102001.rcp,37853,0,time_limit,46,28
VAR_inst103001.rcp,97,1,search_exhausted,89,89
VAR_inst104001.rcp,32,1,search_exhausted,142,142
VAR_inst105001.rcp,35650,0,time_limit,37,28
VAR_inst106001.rcp,651,1,search_exhausted,97,97
VAR_inst107001.rcp,32,1,search_exhausted,142,142
VAR_inst108001.rcp,37626,0,time_limit,37,28
VAR_inst109001.rcp,144,1,search_exhausted,91,91
VAR_inst110001.rcp,32,1,search_exhausted,142,142
VAR_inst11001.rcp,32,1,search_exhausted,142,142
VAR_inst111001.rcp,38821,0,time_limit,49,28
VAR_inst112001.rcp,291,1,search_exhausted,92,92
VAR_inst113001.rcp,32,1,search_exhausted,142,142
VAR_inst114001.rcp,40762,0,time_limit,43,28
VAR_inst115001.rcp,68,1,search_exhausted,85,85
VAR_inst116001.rcp,32,1,search_exhausted,142,142
VAR_inst117001.rcp,34668,0,time_limit,37,28
VAR_inst118001.rcp,109,1,search_exhausted,88,88
VAR_inst119001.rcp,32,1,search_exhausted,142,142
VAR_inst120001.rcp,40319,0,time_limit,53,28
VAR_inst12001.rcp,29207,0,time_limit,30,28
VAR_inst121001.rcp,510,1,search_exhausted,93,93
VAR_inst122001.rcp,32,1,search_exhausted,142,142
VAR_inst123001.rcp,37161,0,time_limit,47,28
VAR_inst124001.rcp,3855,1,search_exhausted,103,103
VAR_inst125001.rcp,32,1,search_exhausted,142,142
VAR_inst126001.rcp,41181,0,time_limit,47,28
VAR_inst127001.rcp,713,1,search_exhausted,92,92
VAR_inst128001.rcp,110,1,search_exhausted,148,148
VAR_inst129001.rcp,40474,0,time_limit,45,28
VAR_inst130001.rcp,879,1,search_exhausted,95,95
VAR_inst13001.rcp,32,1,search_exhausted,81,81
VAR_inst131001.rcp,71,1,search_exhausted,145,145
VAR_inst132001.rcp,40061,0,time_limit,48,28
VAR_inst133001.rcp,322,1,search_exhausted,98,98
VAR_inst134001.rcp,68,1,search_exhausted,148,148
VAR_inst135001.rcp,34945,0,time_limit,41,28
VAR_inst136001.rcp,1775,1,search_exhausted,98,98
VAR_inst137001.rcp,32,1,search_exhausted,142,142
VAR_inst138001.rcp,40582,0,time_limit,50,28
VAR_inst139001.rcp,185,1,search_exhausted,88,88
VAR_inst140001.rcp,32,1,search_exhausted,142,142
VAR_inst14001.rcp,32,1,search_exhausted,142,142
VAR_inst141001.rcp,42448,0,time_limit,50,28
VAR_inst142001.rcp,1220,1,search_exhausted,95,95
VAR_inst143001.rcp,32,1,search_exhausted,142,142
VAR_inst144001.rcp,44916,0,time_limit,55,28
VAR_inst145001.rcp,604,1,search_exhausted,93,93
VAR_inst146001.rcp,32,1,search_exhausted,142,142
VAR_inst147001.rcp,43982,0,time_limit,46,28
VAR_inst148001.rcp,3385,1,search_exhausted,102,102
VAR_inst149001.rcp,184,1,search_exhausted,145,145
VAR_inst150001.rcp,40552,0,time_limit,56,28
VAR_inst15001.rcp,28950,0,time_limit,29,28
VAR_inst151001.rcp,1341,1,search_exhausted,98,98
VAR_inst152001.rcp,32,1,search_exhausted,142,142
VAR_inst153001.rcp,43499,0,time_limit,45,28
VAR_inst154001.rcp,99,1,search_exhausted,89,89
VAR_inst155001.rcp,186,1,search_exhausted,151,151
VAR_inst156001.rcp,41930,0,time_limit,45,28
VAR_inst157001.rcp,829,1,search_exhausted,100,100
VAR_inst158001.rcp,338,1,search_exhausted,151,151
VAR_inst159001.rcp,34839,0,time_limit,43,28
VAR_inst160001.rcp,1495,1,search_exhausted,96,96
VAR_inst16001.rcp,86,1,search_exhausted,86,86
VAR_inst161001.rcp,32,1,search_exhausted,142,142
VAR_inst162001.rcp,36691,0,time_limit,42,28
VAR_inst163001.rcp,207,1,search_exhausted,87,87
VAR_inst164001.rcp,112,1,search_exhausted,148,148
VAR_inst165001.rcp,48027,0,time_limit,45,28
VAR_inst166001.rcp,2163,1,search_exhausted,99,99
VAR_inst167001.rcp,32,1,search_exhausted,142,142
VAR_inst168001.rcp,40267,0,time_limit,49,28
VAR_inst169001.rcp,578,1,search_exhausted,94,94
VAR_inst170001.rcp,32,1,search_exhausted,142,142
VAR_inst17001.rcp,32,1,search_exhausted,142,142
VAR_inst171001.rcp,38202,0,time_limit,52,28
VAR_inst172001.rcp,334,1,search_exhausted,88,88
VAR_inst173001.rcp,32,1,search_exhausted,142,142
VAR_inst174001.rcp,40006,0,time_limit,43,28
VAR_inst175001.rcp,163,1,search_exhausted,91,91
VAR_inst176001.rcp,73,1,search_exhausted,145,145
VAR_inst177001.rcp,42675,0,time_limit,49,28
VAR_inst178001.rcp,342,1,search_exhausted,88,88
VAR_inst179001.rcp,298,1,search_exhausted,145,145
VAR_inst180001.rcp,51644,0,time_limit,65,28
VAR_inst18001.rcp,29145,0,time_limit,36,28
VAR_inst181001.rcp,5523,1,search_exhausted,105,105
VAR_inst182001.rcp,35,1,search_exhausted,143,143
VAR_inst183001.rcp,42730,0,time_limit,61,28
VAR_inst184001.rcp,4830,1,search_exhausted,103,103
VAR_inst185001.rcp,230,1,search_exhausted,148,148
VAR_inst186001.rcp,45441,0,time_limit,73,28
VAR_inst187001.rcp,549,1,search_exhausted,94,94
VAR_inst188001.rcp,100,1,search_exhausted,148,148
VAR_inst189001.rcp,47357,0,time_limit,66,28
VAR_inst190001.rcp,41,1,search_exhausted,85,85
VAR_inst19001.rcp,48,1,search_exhausted,82,82
VAR_inst191001.rcp,32,1,search_exhausted,142,142
VAR_inst192001.rcp,48159,0,time_limit,61,28
VAR_inst193001.rcp,1993,1,search_exhausted,99,99
VAR_inst194001.rcp,156,1,search_exhausted,145,145
VAR_inst195001.rcp,47201,0,time_limit,56,28
VAR_inst196001.rcp,2649,1,search_exhausted,100,100
VAR_inst197001.rcp,64,1,search_exhausted,143,143
VAR_inst198001.rcp,52530,0,time_limit,79,28
VAR_inst199001.rcp,526,1,search_exhausted,95,95
VAR_inst200001.rcp,32,1,search_exhausted,142,142
VAR_inst20001.rcp,32,1,search_exhausted,142,142
VAR_inst2001.rcp,32,1,search_exhausted,142,142
VAR_inst201001.rcp,51353,0,time_limit,79,28
VAR_inst202001.rcp,22402,1,search_exhausted,119,119
VAR_inst203001.rcp,325,1,search_exhausted,155,155
VAR_inst204001.rcp,39182,0,time_limit,52,28
VAR_inst205001.rcp,21585,1,search_exhausted,111,111
VAR_inst206001.rcp,427,1,search_exhausted,146,146
VAR_inst207001.rcp,45498,0,time_limit,68,28
VAR_inst208001.rcp,1498,1,search_exhausted,106,106
VAR_inst209001.rcp,624,1,search_exhausted,151,151
VAR_inst210001.rcp,51802,0,time_limit,78,28
VAR_inst21001.rcp,30073,0,time_limit,34,28
VAR_inst211001.rcp,8142,1,search_exhausted,100,100
VAR_inst212001.rcp,90,1,search_exhausted,153,153
VAR_inst213001.rcp,50276,0,time_limit,82,28
VAR_inst214001.rcp,27385,1,search_exhausted,109,109
VAR_inst215001.rcp,255,1,search_exhausted,154,154
VAR_inst216001.rcp,45715,0,time_limit,85,28
VAR_inst217001.rcp,41311,1,search_exhausted,113,113
VAR_inst218001.rcp,126,1,search_exhausted,151,151
VAR_inst219001.rcp,51337,0,time_limit,83,28
VAR_inst220001.rcp,36131,1,search_exhausted,118,118
VAR_inst22001.rcp,65,1,search_exhausted,82,82
VAR_inst221001.rcp,483,1,search_exhausted,145,145
VAR_inst222001.rcp,49926,0,time_limit,75,28
VAR_inst223001.rcp,6333,1,search_exhausted,107,107
VAR_inst224001.rcp,134,1,search_exhausted,150,150
VAR_inst225001.rcp,51633,0,time_limit,70,28
VAR_inst226001.rcp,2575,1,search_exhausted,98,98
VAR_inst227001.rcp,751,1,search_exhausted,146,146
VAR_inst228001.rcp,51270,0,time_limit,87,28
VAR_inst229001.rcp,95047,0,time_limit,127,81
VAR_inst230001.rcp,506,1,search_exhausted,150,150
VAR_inst23001.rcp,60,1,search_exhausted,148,148
VAR_inst231001.rcp,54699,0,time_limit,94,28
VAR_inst232001.rcp,93426,0,time_limit,124,81
VAR_inst233001.rcp,1324,1,search_exhausted,154,154
VAR_inst234001.rcp,52377,0,time_limit,86,28
VAR_inst235001.rcp,88156,0,time_limit,119,91
VAR_inst236001.rcp,101,1,search_exhausted,148,148
VAR_inst237001.rcp,50871,0,time_limit,81,28
VAR_inst238001.rcp,958,1,search_exhausted,91,91
VAR_inst239001.rcp,112,1,search_exhausted,151,151
VAR_inst240001.rcp,58827,0,time_limit,106,28
VAR_inst24001.rcp,29564,0,time_limit,35,28
VAR_inst241001.rcp,76243,0,time_limit,150,81
VAR_inst242001.rcp,1473,1,search_exhausted,159,159
VAR_inst243001.rcp,62334,0,time_limit,100,28
VAR_inst244001.rcp,74213,0,time_limit,144,81
VAR_inst245001.rcp,6256,1,search_exhausted,158,158
VAR_inst246001.rcp,56881,0,time_limit,110,28
VAR_inst247001.rcp,68727,0,time_limit,154,81
VAR_inst248001.rcp,4742,1,search_exhausted,158,158
VAR_inst249001.rcp,60443,0,time_limit,117,28
VAR_inst250001.rcp,66539,0,time_limit,138,81
VAR_inst25001.rcp,32,1,search_exhausted,81,81
VAR_inst251001.rcp,1471,1,search_exhausted,160,160
VAR_inst252001.rcp,59182,0,time_limit,109,28
VAR_inst253001.rcp,70215,0,time_limit,146,81
VAR_inst254001.rcp,23107,1,search_exhausted,165,165
VAR_inst255001.rcp,55428,0,time_limit,100,28
VAR_inst256001.rcp,74221,0,time_limit,135,81
VAR_inst257001.rcp,5630,1,search_exhausted,157,157
VAR_inst258001.rcp,56342,0,time_limit,112,28
VAR_inst259001.rcp,71874,0,time_limit,140,81
VAR_inst260001.rcp,978,1,search_exhausted,149,149
VAR_inst26001.rcp,32,1,search_exhausted,142,142
VAR_inst261001.rcp,61467,0,time_limit,104,28
VAR_inst262001.rcp,75792,0,time_limit,146,81
VAR_inst263001.rcp,3861,1,search_exhausted,153,153
VAR_inst264001.rcp,56913,0,time_limit,121,28
VAR_inst265001.rcp,71718,0,time_limit,157,81
VAR_inst266001.rcp,5272,1,search_exhausted,158,158
VAR_inst267001.rcp,58340,0,time_limit,111,28
VAR_inst268001.rcp,75192,0,time_limit,153,81
VAR_inst269001.rcp,3828,1,search_exhausted,159,159
VAR_inst270001.rcp,58701,0,time_limit,123,28
VAR_inst27001.rcp,29836,0,time_limit,38,28
VAR_inst271001.rcp,75352,0,time_limit,153,81
VAR_inst272001.rcp,6156,1,search_exhausted,158,158
VAR_inst273001.rcp,57268,0,time_limit,115,28
VAR_inst274001.rcp,80906,0,time_limit,155,81
VAR_inst275001.rcp,4689,1,search_exhausted,158,158
VAR_inst276001.rcp,58749,0,time_limit,101,28
VAR_inst277001.rcp,79046,0,time_limit,139,81
VAR_inst278001.rcp,1857,1,search_exhausted,150,150
VAR_inst279001.rcp,57417,0,time_limit,121,28
VAR_inst280001.rcp,79404,0,time_limit,153,81
VAR_inst28001.rcp,233,1,search_exhausted,88,88
VAR_inst281001.rcp,6668,1,search_exhausted,165,165
VAR_inst282001.rcp,64125,0,time_limit,123,28
VAR_inst283001.rcp,80748,0,time_limit,155,81
VAR_inst284001.rcp,7482,1,search_exhausted,160,160
VAR_inst285001.rcp,58995,0,time_limit,121,28
VAR_inst286001.rcp,73419,0,time_limit,142,81
VAR_inst287001.rcp,635,1,search_exhausted,149,149
VAR_inst288001.rcp,58311,0,time_limit,111,28
VAR_inst289001.rcp,77947,0,time_limit,141,81
VAR_inst290001.rcp,234,1,search_exhausted,151,151
VAR_inst29001.rcp,32,1,search_exhausted,142,142
VAR_inst291001.rcp,58020,0,time_limit,114,28
VAR_inst292001.rcp,77284,0,time_limit,148,81
VAR_inst293001.rcp,9115,1,search_exhausted,161,161
VAR_inst294001.rcp,56557,0,time_limit,112,28
VAR_inst295001.rcp,77449,0,time_limit,151,81
VAR_inst296001.rcp,26627,1,search_exhausted,166,166
VAR_inst297001.rcp,65977,0,time_limit,115,28
VAR_inst298001.rcp,73849,0,time_limit,153,81
VAR_inst299001.rcp,2317,1,search_exhausted,159,159
VAR_inst300001.rcp,61392,0,time_limit,130,28
VAR_inst30001.rcp,35495,0,time_limit,29,28
VAR_inst3001.rcp,32,1,search_exhausted,28,28
VAR_inst301001.rcp,71585,0,time_limit,158,81
VAR_inst302001.rcp,26627,1,search_exhausted,166,166
VAR_inst303001.rcp,61354,0,time_limit,129,28
VAR_inst304001.rcp,71546,0,time_limit,158,81
VAR_inst305001.rcp,26627,1,search_exhausted,166,166
VAR_inst306001.rcp,65575,0,time_limit,125,28
VAR_inst307001.rcp,70998,0,time_limit,158,81
VAR_inst308001.rcp,26627,1,search_exhausted,166,166
VAR_inst309001.rcp,61552,0,time_limit,128,28
VAR_inst310001.rcp,71165,0,time_limit,158,81
VAR_inst31001.rcp,32,1,search_exhausted,81,81
VAR_inst311001.rcp,26627,1,search_exhausted,166,166
VAR_inst312001.rcp,61105,0,time_limit,130,28
VAR_inst313001.rcp,71130,0,time_limit,158,81
VAR_inst314001.rcp,26627,1,search_exhausted,166,166
VAR_inst315001.rcp,61245,0,time_limit,130,28
VAR_inst316001.rcp,70701,0,time_limit,158,81
VAR_inst317001.rcp,26627,1,search_exhausted,166,166
VAR_inst318001.rcp,61010,0,time_limit,130,28
VAR_inst319001.rcp,70552,0,time_limit,158,81
VAR_inst320001.rcp,26627,1,search_exhausted,166,166
VAR_inst32001.rcp,32,1,search_exhausted,142,142
VAR_inst321001.rcp,61694,0,time_limit,130,28
VAR_inst322001.rcp,71332,0,time_limit,158,81
VAR_inst323001.rcp,26627,1,search_exhausted,166,166
VAR_inst324001.rcp,61260,0,time_limit,130,28
VAR_inst325001.rcp,71237,0,time_limit,158,81
VAR_inst326001.rcp,26627,1,search_exhausted,166,166
VAR_inst327001.rcp,62211,0,time_limit,130,28
VAR_inst328001.rcp,70592,0,time_limit,158,81
VAR_inst329001.rcp,26627,1,search_exhausted,166,166
VAR_inst330001.rcp,60998,0,time_limit,130,28
VAR_inst33001.rcp,31146,0,time_limit,42,28
VAR_inst331001.rcp,70856,0,time_limit,158,81
VAR_inst332001.rcp,26627,1,search_exhausted,166,166
VAR_inst333001.rcp,61654,0,time_limit,130,28
VAR_inst334001.rcp,71788,0,time_limit,158,81
VAR_inst335001.rcp,26627,1,search_exhausted,166,166
VAR_inst336001.rcp,66329,0,time_limit,125,28
VAR_inst337001.rcp,71506,0,time_limit,158,81
VAR_inst338001.rcp,10000,1,search_exhausted,163,163
VAR_inst339001.rcp,62443,0,time_limit,130,28
VAR_inst340001.rcp,71030,0,time_limit,158,81
VAR_inst34001.rcp,32,1,search_exhausted,81,81
VAR_inst341001.rcp,26627,1,search_exhausted,166,166
VAR_inst342001.rcp,62186,0,time_limit,130,28
VAR_inst343001.rcp,71399,0,time_limit,158,81
VAR_inst344001.rcp,26627,1,search_exhausted,166,166
VAR_inst345001.rcp,62307,0,time_limit,130,28
VAR_inst346001.rcp,70844,0,time_limit,158,81
VAR_inst347001.rcp,26627,1,search_exhausted,166,166
VAR_inst348001.rcp,62092,0,time_limit,130,28
VAR_inst349001.rcp,70912,0,time_limit,158,81
VAR_inst350001.rcp,26627,1,search_exhausted,166,166
VAR_inst35001.rcp,32,1,search_exhausted,142,142
VAR_inst351001.rcp,61128,0,time_limit,130,28
VAR_inst352001.rcp,70904,0,time_limit,158,81
VAR_inst353001.rcp,26627,1,search_exhausted,166,166
VAR_inst354001.rcp,61717,0,time_limit,129,28
VAR_inst355001.rcp,71360,0,time_limit,158,81
VAR_inst356001.rcp,26627,1,search_exhausted,166,166
VAR_inst357001.rcp,62089,0,time_limit,130,28
VAR_inst358001.rcp,81430,0,time_limit,153,81
VAR_inst359001.rcp,26627,1,search_exhausted,166,166
VAR_inst360001.rcp,52949,0,time_limit,115,28
VAR_inst36001.rcp,31413,0,time_limit,43,28
VAR_inst361001.rcp,68356,0,time_limit,148,81
VAR_inst362001.rcp,1683,1,search_exhausted,160,160
VAR_inst363001.rcp,50711,0,time_limit,107,28
VAR_inst364001.rcp,61083,0,time_limit,143,81
VAR_inst365001.rcp,1395,1,search_exhausted,154,154
VAR_inst366001.rcp,47490,0,time_limit,102,28
VAR_inst367001.rcp,68973,0,time_limit,150,81
VAR_inst368001.rcp,253,1,search_exhausted,144,144
VAR_inst369001.rcp,51955,0,time_limit,119,28
VAR_inst370001.rcp,60154,0,time_limit,141,81
VAR_inst37001.rcp,80,1,search_exhausted,84,84
VAR_inst371001.rcp,6398,1,search_exhausted,159,159
VAR_inst372001.rcp,52479,0,time_limit,108,28
VAR_inst373001.rcp,64446,0,time_limit,140,81
VAR_inst374001.rcp,3305,1,search_exhausted,157,157
VAR_inst375001.rcp,54253,0,time_limit,108,28
VAR_inst376001.rcp,63179,0,time_limit,119,81
VAR_inst377001.rcp,13047,1,search_exhausted,165,165
VAR_inst378001.rcp,50725,0,time_limit,114,28
VAR_inst379001.rcp,69382,0,time_limit,147,81
VAR_inst380001.rcp,963,1,search_exhausted,152,152
VAR_inst38001.rcp,32,1,search_exhausted,142,142
VAR_inst381001.rcp,49180,0,time_limit,107,28
VAR_inst382001.rcp,64162,0,time_limit,132,81
VAR_inst383001.rcp,26627,1,search_exhausted,166,166
VAR_inst384001.rcp,48174,0,time_limit,104,28
VAR_inst385001.rcp,61595,0,time_limit,150,81
VAR_inst386001.rcp,26627,1,search_exhausted,166,166
VAR_inst387001.rcp,50837,0,time_limit,99,28
VAR_inst388001.rcp,65628,0,time_limit,141,81
VAR_inst389001.rcp,18324,1,search_exhausted,164,164
VAR_inst390001.rcp,55016,0,time_limit,127,28
VAR_inst39001.rcp,32766,0,time_limit,31,28
VAR_inst391001.rcp,79388,0,time_limit,158,81
VAR_inst392001.rcp,9115,1,search_exhausted,161,161
VAR_inst393001.rcp,49253,0,time_limit,96,28
VAR_inst394001.rcp,77746,0,time_limit,158,81
VAR_inst395001.rcp,26627,1,search_exhausted,166,166
VAR_inst396001.rcp,53924,0,time_limit,108,28
VAR_inst397001.rcp,63308,0,time_limit,153,81
VAR_inst398001.rcp,13047,1,search_exhausted,165,165
VAR_inst399001.rcp,58187,0,time_limit,118,28
VAR_inst400001.rcp,72499,0,time_limit,150,81
VAR_inst40001.rcp,51,1,search_exhausted,81,81
VAR_inst4001.rcp,78,1,search_exhausted,82,82
VAR_inst401001.rcp,26627,1,search_exhausted,166,166
VAR_inst402001.rcp,55696,0,time_limit,127,28
VAR_inst403001.rcp,72360,0,time_limit,131,81
VAR_inst404001.rcp,26627,1,search_exhausted,166,166
VAR_inst405001.rcp,50959,0,time_limit,102,28
VAR_inst406001.rcp,63389,0,time_limit,158,81
VAR_inst407001.rcp,8956,1,search_exhausted,161,161
VAR_inst408001.rcp,52769,0,time_limit,129,28
VAR_inst409001.rcp,71343,0,time_limit,137,81
VAR_inst410001.rcp,7458,1,search_exhausted,160,160
VAR_inst41001.rcp,32,1,search_exhausted,142,142
VAR_inst411001.rcp,50931,0,time_limit,128,28
VAR_inst412001.rcp,72222,0,time_limit,150,81
VAR_inst413001.rcp,3996,1,search_exhausted,162,162
VAR_inst414001.rcp,55064,0,time_limit,125,28
VAR_inst415001.rcp,70499,0,time_limit,143,81
VAR_inst416001.rcp,26627,1,search_exhausted,166,166
VAR_inst417001.rcp,57125,0,time_limit,115,28
VAR_inst418001.rcp,74708,0,time_limit,153,81
VAR_inst419001.rcp,3348,1,search_exhausted,153,153
VAR_inst420001.rcp,54582,0,time_limit,130,28
VAR_inst42001.rcp,27966,0,time_limit,34,28
VAR_inst421001.rcp,61073,0,time_limit,158,81
VAR_inst422001.rcp,26627,1,search_exhausted,166,166
VAR_inst423001.rcp,54316,0,time_limit,130,28
VAR_inst424001.rcp,60651,0,time_limit,158,81
VAR_inst425001.rcp,26627,1,search_exhausted,166,166
VAR_inst426001.rcp,54147,0,time_limit,130,28
VAR_inst427001.rcp,59854,0,time_limit,158,81
VAR_inst428001.rcp,26627,1,search_exhausted,166,166
VAR_inst429001.rcp,52533,0,time_limit,130,28
VAR_inst430001.rcp,60859,0,time_limit,158,81
VAR_inst43001.rcp,266,1,search_exhausted,89,89
VAR_inst431001.rcp,26627,1,search_exhausted,166,166
VAR_inst432001.rcp,54421,0,time_limit,129,28
VAR_inst433001.rcp,58618,0,time_limit,158,81
VAR_inst434001.rcp,26627,1,search_exhausted,166,166
VAR_inst435001.rcp,51979,0,time_limit,130,28
VAR_inst436001.rcp,59945,0,time_limit,158,81
VAR_inst437001.rcp,26627,1,search_exhausted,166,166
VAR_inst438001.rcp,54349,0,time_limit,130,28
VAR_inst439001.rcp,60524,0,time_limit,158,81
VAR_inst440001.rcp,26627,1,search_exhausted,166,166
VAR_inst44001.rcp,32,1,search_exhausted,142,142
VAR_inst441001.rcp,54243,0,time_limit,130,28
VAR_inst442001.rcp,61074,0,time_limit,158,81
VAR_inst443001.rcp,26627,1,search_exhausted,166,166
VAR_inst444001.rcp,53327,0,time_limit,130,28
VAR_inst445001.rcp,60896,0,time_limit,158,81
VAR_inst446001.rcp,26627,1,search_exhausted,166,166
VAR_inst447001.rcp,54660,0,time_limit,130,28
VAR_inst448001.rcp,59628,0,time_limit,158,81
VAR_inst449001.rcp,26627,1,search_exhausted,166,166
VAR_inst450001.rcp,52204,0,time_limit,130,28
VAR_inst45001.rcp,29474,0,time_limit,38,28
VAR_inst451001.rcp,61073,0,time_limit,158,81
VAR_inst452001.rcp,26627,1,search_exhausted,166,166
VAR_inst453001.rcp,54659,0,time_limit,130,28
VAR_inst454001.rcp,63004,0,time_limit,158,81
VAR_inst455001.rcp,26627,1,search_exhausted,166,166
VAR_inst456001.rcp,54640,0,time_limit,130,28
VAR_inst457001.rcp,60850,0,time_limit,158,81
VAR_inst458001.rcp,26627,1,search_exhausted,166,166
VAR_inst459001.rcp,54553,0,time_limit,130,28
VAR_inst460001.rcp,61016,0,time_limit,158,81
VAR_inst46001.rcp,65,1,search_exhausted,86,86
VAR_inst461001.rcp,26627,1,search_exhausted,166,166
VAR_inst462001.rcp,53466,0,time_limit,130,28
VAR_inst463001.rcp,60199,0,time_limit,158,81
VAR_inst464001.rcp,26627,1,search_exhausted,166,166
VAR_inst465001.rcp,52517,0,time_limit,130,28
VAR_inst466001.rcp,59844,0,time_limit,158,81
VAR_inst467001.rcp,26627,1,search_exhausted,166,166
VAR_inst468001.rcp,54382,0,time_limit,130,28
VAR_inst469001.rcp,61212,0,time_limit,158,81
VAR_inst470001.rcp,26627,1,search_exhausted,166,166
VAR_inst47001.rcp,32,1,search_exhausted,142,142
VAR_inst471001.rcp,53130,0,time_limit,130,28
VAR_inst472001.rcp,60904,0,time_limit,158,81
VAR_inst473001.rcp,26627,1,search_exhausted,166,166
VAR_inst474001.rcp,51451,0,time_limit,130,28
VAR_inst475001.rcp,63006,0,time_limit,158,81
VAR_inst476001.rcp,26627,1,search_exhausted,166,166
VAR_inst477001.rcp,54518,0,time_limit,130,28
VAR_inst478001.rcp,61103,0,time_limit,158,81
VAR_inst479001.rcp,26627,1,search_exhausted,166,166
VAR_inst480001.rcp,53709,0,time_limit,130,28
VAR_inst48001.rcp,32487,0,time_limit,34,28
VAR_inst481001.rcp,60948,0,time_limit,158,81
VAR_inst482001.rcp,26627,1,search_exhausted,166,166
VAR_inst483001.rcp,54431,0,time_limit,130,28
VAR_inst484001.rcp,60983,0,time_limit,158,81
VAR_inst485001.rcp,26627,1,search_exhausted,166,166
VAR_inst486001.rcp,54637,0,time_limit,130,28
VAR_inst487001.rcp,60435,0,time_limit,158,81
VAR_inst488001.rcp,26627,1,search_exhausted,166,166
VAR_inst489001.rcp,54510,0,time_limit,130,28
VAR_inst490001.rcp,61000,0,time_limit,158,81
VAR_inst49001.rcp,127,1,search_exhausted,84,84
VAR_inst491001.rcp,26627,1,search_exhausted,166,166
VAR_inst492001.rcp,53116,0,time_limit,130,28
VAR_inst493001.rcp,60010,0,time_limit,158,81
VAR_inst494001.rcp,26627,1,search_exhausted,166,166
VAR_inst495001.rcp,54590,0,time_limit,130,28
VAR_inst496001.rcp,60860,0,time_limit,158,81
VAR_inst497001.rcp,26627,1,search_exhausted,166,166
VAR_inst498001.rcp,54555,0,time_limit,130,28
VAR_inst499001.rcp,61260,0,time_limit,158,81
VAR_inst500001.rcp,26627,1,search_exhausted,166,166
VAR_inst50001.rcp,32,1,search_exhausted,142,142
VAR_inst5001.rcp,32,1,search_exhausted,142,142
VAR_inst501001.rcp,54649,0,time_limit,130,28
VAR_inst502001.rcp,61037,0,time_limit,158,81
VAR_inst503001.rcp,26627,1,search_exhausted,166,166
VAR_inst504001.rcp,54366,0,time_limit,130,28
VAR_inst505001.rcp,60864,0,time_limit,158,81
VAR_inst506001.rcp,26627,1,search_exhausted,166,166
VAR_inst507001.rcp,54712,0,time_limit,130,28
VAR_inst508001.rcp,60527,0,time_limit,158,81
VAR_inst509001.rcp,26627,1,search_exhausted,166,166
VAR_inst510001.rcp,54357,0,time_limit,130,28
VAR_inst51001.rcp,29792,0,time_limit,32,28
VAR_inst511001.rcp,60610,0,time_limit,158,81
VAR_inst512001.rcp,26627,1,search_exhausted,166,166
VAR_inst513001.rcp,54433,0,time_limit,130,28
VAR_inst514001.rcp,60815,0,time_limit,158,81
VAR_inst515001.rcp,26627,1,search_exhausted,166,166
VAR_inst516001.rcp,54530,0,time_limit,130,28
VAR_inst517001.rcp,60103,0,time_limit,158,81
VAR_inst518001.rcp,26627,1,search_exhausted,166,166
VAR_inst519001.rcp,54291,0,time_limit,130,28
VAR_inst520001.rcp,61239,0,time_limit,158,81
VAR_inst52001.rcp,131,1,search_exhausted,86,86
VAR_inst521001.rcp,26627,1,search_exhausted,166,166
VAR_inst522001.rcp,54155,0,time_limit,130,28
VAR_inst523001.rcp,60896,0,time_limit,158,81
VAR_inst524001.rcp,26627,1,search_exhausted,166,166
VAR_inst525001.rcp,54541,0,time_limit,130,28
VAR_inst526001.rcp,60734,0,time_limit,158,81
VAR_inst527001.rcp,26627,1,search_exhausted,166,166
VAR_inst528001.rcp,54595,0,time_limit,130,28
VAR_inst529001.rcp,61013,0,time_limit,158,81
VAR_inst530001.rcp,26627,1,search_exhausted,166,166
VAR_inst53001.rcp,32,1,search_exhausted,142,142
VAR_inst531001.rcp,54554,0,time_limit,130,28
VAR_inst532001.rcp,61147,0,time_limit,158,81
VAR_inst533001.rcp,26627,1,search_exhausted,166,166
VAR_inst534001.rcp,54508,0,time_limit,130,28
VAR_inst535001.rcp,61026,0,time_limit,158,81
VAR_inst536001.rcp,26627,1,search_exhausted,166,166
VAR_inst537001.rcp,54717,0,time_limit,130,28
VAR_inst538001.rcp,60704,0,time_limit,158,81
VAR_inst539001.rcp,26627,1,search_exhausted,166,166
VAR_inst54001.rcp,32749,0,time_limit,31,28
VAR_inst55001.rcp,41,1,search_exhausted,85,85
VAR_inst56001.rcp,32,1,search_exhausted,142,142
VAR_inst57001.rcp,32141,0,time_limit,35,28
VAR_inst58001.rcp,64,1,search_exhausted,86,86
VAR_inst59001.rcp,32,1,search_exhausted,142,142
VAR_inst60001.rcp,35811,0,time_limit,38,28
VAR_inst6001.rcp,35096,0,time_limit,31,28
VAR_inst61001.rcp,50,1,search_exhausted,84,84
VAR_inst62001.rcp,32,1,search_exhausted,142,142
VAR_inst63001.rcp,32381,0,time_limit,37,28
VAR_inst64001.rcp,230,1,search_exhausted,85,85
VAR_inst65001.rcp,32,1,search_exhausted,142,142
VAR_inst66001.rcp,37263,0,time_limit,45,28
VAR_inst67001.rcp,94,1,search_exhausted,89,89
VAR_inst68001.rcp,32,1,search_exhausted,142,142
VAR_inst69001.rcp,36928,0,time_limit,36,28
VAR_inst70001.rcp,64,1,search_exhausted,85,85
VAR_inst7001.rcp,32,1,search_exhausted,81,81
VAR_inst71001.rcp,114,1,search_exhausted,145,145
VAR_inst72001.rcp,32040,0,time_limit,43,28
VAR_inst73001.rcp,402,1,search_exhausted,91,91
VAR_inst74001.rcp,32,1,search_exhausted,142,142
VAR_inst75001.rcp,40865,0,time_limit,45,28
VAR_inst76001.rcp,50,1,search_exhausted,84,84
VAR_inst77001.rcp,32,1,search_exhausted,142,142
VAR_inst78001.rcp,34029,0,time_limit,34,28
VAR_inst79001.rcp,185,1,search_exhausted,89,89
VAR_inst80001.rcp,32,1,search_exhausted,142,142
VAR_inst8001.rcp,32,1,search_exhausted,142,142
VAR_inst81001.rcp,37708,0,time_limit,43,28
VAR_inst82001.rcp,259,1,search_exhausted,88,88
VAR_inst83001.rcp,32,1,search_exhausted,142,142
VAR_inst84001.rcp,31196,0,time_limit,37,28
VAR_inst85001.rcp,229,1,search_exhausted,89,89
VAR_inst86001.rcp,32,1,search_exhausted,142,142
VAR_inst87001.rcp,32895,0,time_limit,40,28
VAR_inst88001.rcp,144,1,search_exhausted,84,84
VAR_inst89001.rcp,32,1,search_exhausted,142,142
VAR_inst90001.rcp,39154,0,time_limit,45,28
VAR_inst9001.rcp,27246,0,time_limit,33,28
VAR_inst91001.rcp,127,1,search_exhausted,84,84
VAR_inst92001.rcp,32,1,search_exhausted,142,142
VAR_inst93001.rcp,32322,0,time_limit,39,28
VAR_inst94001.rcp,834,1,search_exhausted,93,93
VAR_inst95001.rcp,60,1,search_exhausted,148,148
VAR_inst96001.rcp,37282,0,time_limit,41,28
VAR_inst97001.rcp,909,1,search_exhausted,98,98
VAR_inst98001.rcp,32,1,search_exhausted,142,142
VAR_inst99001.rcp,40877,0,time_limit,37,28
