instance,nodes,solved,done_reason,makespan,lowerbound
AD_inst1.rcp,9603,1,search_exhausted,46,46
AD_inst100001.rcp,62690,0,time_limit,105,40
AD_inst10001.rcp,93,1,search_exhausted,95,95
AD_inst1001.rcp,40080,0,time_limit,38,33
AD_inst101001.rcp,49176,0,time_limit,61,33
AD_inst102001.rcp,10378,1,search_exhausted,120,120
AD_inst103001.rcp,42877,0,time_limit,87,71
AD_inst104001.rcp,75815,0,time_limit,99,40
AD_inst105001.rcp,54034,0,time_limit,66,33
AD_inst106001.rcp,7957,1,search_exhausted,121,121
AD_inst107001.rcp,40069,0,time_limit,85,71
AD_inst108001.rcp,70233,0,time_limit,90,40
AD_inst109001.rcp,57818,0,time_limit,71,33
AD_inst110001.rcp,1285,1,search_exhausted,106,106
AD_inst11001.rcp,32,1,search_exhausted,71,71
AD_inst111001.rcp,46816,0,time_limit,87,71
AD_inst112001.rcp,76852,0,time_limit,99,40
AD_inst113001.rcp,53100,0,time_limit,64,33
AD_inst114001.rcp,11523,1,search_exhausted,117,117
AD_inst115001.rcp,44088,0,time_limit,87,71
AD_inst116001.rcp,75060,0,time_limit,90,40
AD_inst117001.rcp,59381,0,time_limit,73,33
AD_inst118001.rcp,8696,1,search_exhausted,115,115
AD_inst119001.rcp,45371,0,time_limit,76,71
AD_inst120001.rcp,72253,0,time_limit,111,40
AD_inst12001.rcp,61791,0,time_limit,44,40
AD_inst121001.rcp,58228,0,time_limit,65,33
AD_inst122001.rcp,60038,1,search_exhausted,127,127
AD_inst123001.rcp,44960,0,time_limit,81,71
AD_inst124001.rcp,75197,0,time_limit,86,40
AD_inst125001.rcp,52562,0,time_limit,61,33
AD_inst126001.rcp,2462,1,search_exhausted,121,121
AD_inst127001.rcp,43977,0,time_limit,91,71
AD_inst128001.rcp,73376,0,time_limit,106,40
AD_inst129001.rcp,53631,0,time_limit,62,33
AD_inst130001.rcp,2228,1,search_exhausted,112,112
AD_inst13001.rcp,3522,1,search_exhausted,33,33
AD_inst131001.rcp,35960,0,time_limit,87,71
AD_inst132001.rcp,75372,0,time_limit,106,40
AD_inst133001.rcp,47642,0,time_limit,64,33
AD_inst134001.rcp,9989,1,search_exhausted,113,113
AD_inst135001.rcp,38336,0,time_limit,81,71
AD_inst136001.rcp,71164,0,time_limit,87,40
AD_inst137001.rcp,62769,0,time_limit,66,33
AD_inst138001.rcp,33137,1,search_exhausted,135,135
AD_inst139001.rcp,42471,0,time_limit,98,71
AD_inst140001.rcp,72175,0,time_limit,102,40
AD_inst14001.rcp,32,1,search_exhausted,92,92
AD_inst141001.rcp,60589,0,time_limit,69,33
AD_inst142001.rcp,662,1,search_exhausted,102,102
AD_inst143001.rcp,45823,0,time_limit,79,71
AD_inst144001.rcp,75176,0,time_limit,99,40
AD_inst145001.rcp,62601,0,time_limit,72,33
AD_inst146001.rcp,1230,1,search_exhausted,108,108
AD_inst147001.rcp,44021,0,time_limit,89,71
AD_inst148001.rcp,69456,0,time_limit,96,40
AD_inst149001.rcp,54117,0,time_limit,60,33
AD_inst150001.rcp,3972,1,search_exhausted,113,113
AD_inst15001.rcp,32,1,search_exhausted,71,71
AD_inst151001.rcp,40719,0,time_limit,91,71
AD_inst152001.rcp,76610,0,time_limit,90,40
AD_inst153001.rcp,63247,0,time_limit,69,33
AD_inst154001.rcp,912,1,search_exhausted,101,101
AD_inst155001.rcp,44536,0,time_limit,87,71
AD_inst156001.rcp,76281,0,time_limit,79,40
AD_inst157001.rcp,60347,0,time_limit,65,33
AD_inst158001.rcp,1606,1,search_exhausted,116,116
AD_inst159001.rcp,40613,0,time_limit,86,71
AD_inst160001.rcp,81373,0,time_limit,124,40
AD_inst16001.rcp,9700,1,search_exhausted,41,41
AD_inst161001.rcp,62533,0,time_limit,82,33
AD_inst162001.rcp,111893,1,search_exhausted,121,121
AD_inst163001.rcp,53650,0,time_limit,117,71
AD_inst164001.rcp,95987,0,time_limit,143,40
AD_inst165001.rcp,60292,0,time_limit,73,33
AD_inst166001.rcp,133758,0,time_limit,152,92
AD_inst167001.rcp,48104,0,time_limit,114,71
AD_inst168001.rcp,90067,0,time_limit,134,40
AD_inst169001.rcp,66523,0,time_limit,90,33
AD_inst170001.rcp,133862,0,time_limit,153,92
AD_inst17001.rcp,2778,1,search_exhausted,33,33
AD_inst171001.rcp,52726,0,time_limit,115,71
AD_inst172001.rcp,95583,0,time_limit,147,40
AD_inst173001.rcp,76062,0,time_limit,97,33
AD_inst174001.rcp,42334,1,search_exhausted,130,130
AD_inst175001.rcp,49875,0,time_limit,109,71
AD_inst176001.rcp,82200,0,time_limit,138,40
AD_inst177001.rcp,74914,0,time_limit,95,33
AD_inst178001.rcp,133899,0,time_limit,145,92
AD_inst179001.rcp,45962,0,time_limit,106,71
AD_inst180001.rcp,82852,0,time_limit,127,40
AD_inst18001.rcp,212,1,search_exhausted,97,97
AD_inst181001.rcp,65080,0,time_limit,91,33
AD_inst182001.rcp,117203,0,time_limit,137,92
AD_inst183001.rcp,45133,0,time_limit,109,71
AD_inst184001.rcp,83504,0,time_limit,121,40
AD_inst185001.rcp,63897,0,time_limit,85,33
AD_inst186001.rcp,118073,0,time_limit,140,92
AD_inst187001.rcp,56001,0,time_limit,122,71
AD_inst188001.rcp,85437,0,time_limit,136,40
AD_inst189001.rcp,68095,0,time_limit,94,33
AD_inst190001.rcp,4837,1,search_exhausted,121,121
AD_inst19001.rcp,32,1,search_exhausted,71,71
AD_inst191001.rcp,55096,0,time_limit,111,71
AD_inst192001.rcp,83728,0,time_limit,133,40
AD_inst193001.rcp,74866,0,time_limit,83,33
AD_inst194001.rcp,130713,0,time_limit,142,92
AD_inst195001.rcp,46180,0,time_limit,102,71
AD_inst196001.rcp,90527,0,time_limit,141,40
AD_inst197001.rcp,68670,0,time_limit,88,33
AD_inst198001.rcp,127060,0,time_limit,139,92
AD_inst199001.rcp,48314,0,time_limit,119,71
AD_inst200001.rcp,81598,0,time_limit,140,40
AD_inst20001.rcp,3843,1,search_exhausted,41,41
AD_inst2001.rcp,157,1,search_exhausted,102,102
AD_inst201001.rcp,79161,0,time_limit,93,33
AD_inst202001.rcp,129802,0,time_limit,140,92
AD_inst203001.rcp,47949,0,time_limit,110,71
AD_inst204001.rcp,85020,0,time_limit,123,40
AD_inst205001.rcp,64158,0,time_limit,103,33
AD_inst206001.rcp,116744,0,time_limit,141,92
AD_inst207001.rcp,48006,0,time_limit,104,71
AD_inst208001.rcp,89747,0,time_limit,125,40
AD_inst209001.rcp,65933,0,time_limit,79,33
AD_inst210001.rcp,123001,0,time_limit,140,92
AD_inst21001.rcp,32,1,search_exhausted,33,33
AD_inst211001.rcp,43459,0,time_limit,100,71
AD_inst212001.rcp,86357,0,time_limit,135,40
AD_inst213001.rcp,81069,0,time_limit,91,33
AD_inst214001.rcp,67740,1,search_exhausted,125,125
AD_inst215001.rcp,41711,0,time_limit,95,71
AD_inst216001.rcp,84903,0,time_limit,118,40
AD_inst217001.rcp,70406,0,time_limit,84,33
AD_inst218001.rcp,58298,1,search_exhausted,131,131
AD_inst219001.rcp,52836,0,time_limit,109,71
AD_inst220001.rcp,91673,0,time_limit,128,40
AD_inst22001.rcp,126,1,search_exhausted,99,99
AD_inst221001.rcp,72876,0,time_limit,84,33
AD_inst222001.rcp,47463,1,search_exhausted,126,126
AD_inst223001.rcp,53906,0,time_limit,117,71
AD_inst224001.rcp,97234,0,time_limit,125,40
AD_inst225001.rcp,67985,0,time_limit,84,33
AD_inst226001.rcp,118186,0,time_limit,128,92
AD_inst227001.rcp,45171,0,time_limit,104,71
AD_inst228001.rcp,92193,0,time_limit,133,40
AD_inst229001.rcp,60273,0,time_limit,93,33
AD_inst230001.rcp,71290,1,search_exhausted,132,132
AD_inst23001.rcp,32,1,search_exhausted,71,71
AD_inst231001.rcp,51325,0,time_limit,120,71
AD_inst232001.rcp,101221,0,time_limit,131,40
AD_inst233001.rcp,68712,0,time_limit,98,33
AD_inst234001.rcp,118414,0,time_limit,130,92
AD_inst235001.rcp,50363,0,time_limit,109,71
AD_inst236001.rcp,92434,0,time_limit,133,40
AD_inst237001.rcp,64344,0,time_limit,88,33
AD_inst238001.rcp,122913,0,time_limit,146,92
AD_inst239001.rcp,52792,0,time_limit,120,71
AD_inst240001.rcp,80524,0,time_limit,96,40
AD_inst24001.rcp,6209,1,search_exhausted,46,46
AD_inst241001.rcp,60688,0,time_limit,58,33
AD_inst242001.rcp,133,1,search_exhausted,99,99
AD_inst243001.rcp,11936,1,search_exhausted,71,71
AD_inst244001.rcp,68687,0,time_limit,68,40
AD_inst245001.rcp,58034,0,time_limit,60,33
AD_inst246001.rcp,367,1,search_exhausted,101,101
AD_inst247001.rcp,43396,0,time_limit,85,71
AD_inst248001.rcp,72378,0,time_limit,81,40
AD_inst249001.rcp,54149,0,time_limit,61,33
AD_inst250001.rcp,1649,1,search_exhausted,98,98
AD_inst25001.rcp,54276,0,time_limit,41,33
AD_inst251001.rcp,45196,0,time_limit,85,71
AD_inst252001.rcp,71846,0,time_limit,90,40
AD_inst253001.rcp,51852,0,time_limit,63,33
AD_inst254001.rcp,510,1,search_exhausted,96,96
AD_inst255001.rcp,5943,1,search_exhausted,71,71
AD_inst256001.rcp,70944,0,time_limit,94,40
AD_inst257001.rcp,49832,0,time_limit,56,33
AD_inst258001.rcp,120,1,search_exhausted,96,96
AD_inst259001.rcp,41802,0,time_limit,84,71
AD_inst260001.rcp,79980,0,time_limit,74,40
AD_inst26001.rcp,86,1,search_exhausted,101,101
AD_inst261001.rcp,66009,0,time_limit,61,33
AD_inst262001.rcp,3258,1,search_exhausted,112,112
AD_inst263001.rcp,51354,0,time_limit,78,71
AD_inst264001.rcp,73021,0,time_limit,85,40
AD_inst265001.rcp,53682,0,time_limit,57,33
AD_inst266001.rcp,2225,1,search_exhausted,109,109
AD_inst267001.rcp,38686,0,time_limit,99,71
AD_inst268001.rcp,71821,0,time_limit,104,40
AD_inst269001.rcp,60528,0,time_limit,61,33
AD_inst270001.rcp,507,1,search_exhausted,109,109
AD_inst27001.rcp,32,1,search_exhausted,71,71
AD_inst271001.rcp,8419,1,search_exhausted,71,71
AD_inst272001.rcp,76691,0,time_limit,80,40
AD_inst273001.rcp,51832,0,time_limit,68,33
AD_inst274001.rcp,1316,1,search_exhausted,110,110
AD_inst275001.rcp,53338,0,time_limit,75,71
AD_inst276001.rcp,67772,0,time_limit,71,40
AD_inst277001.rcp,44289,0,time_limit,57,33
AD_inst278001.rcp,648,1,search_exhausted,101,101
AD_inst279001.rcp,52858,0,time_limit,78,71
AD_inst280001.rcp,78675,0,time_limit,85,40
AD_inst28001.rcp,69093,0,time_limit,44,40
AD_inst281001.rcp,52608,0,time_limit,60,33
AD_inst282001.rcp,896,1,search_exhausted,102,102
AD_inst283001.rcp,43491,0,time_limit,74,71
AD_inst284001.rcp,74520,0,time_limit,80,40
AD_inst285001.rcp,59606,0,time_limit,59,33
AD_inst286001.rcp,507,1,search_exhausted,99,99
AD_inst287001.rcp,49297,0,time_limit,79,71
AD_inst288001.rcp,68937,0,time_limit,93,40
AD_inst289001.rcp,54751,0,time_limit,65,33
AD_inst290001.rcp,2004,1,search_exhausted,107,107
AD_inst29001.rcp,32,1,search_exhausted,33,33
AD_inst291001.rcp,51960,0,time_limit,77,71
AD_inst292001.rcp,76840,0,time_limit,79,40
AD_inst293001.rcp,55402,0,time_limit,60,33
AD_inst294001.rcp,289,1,search_exhausted,104,104
AD_inst295001.rcp,40172,0,time_limit,90,71
AD_inst296001.rcp,73831,0,time_limit,90,40
AD_inst297001.rcp,51661,0,time_limit,56,33
AD_inst298001.rcp,7040,1,search_exhausted,119,119
AD_inst299001.rcp,39431,0,time_limit,79,71
AD_inst300001.rcp,71385,0,time_limit,86,40
AD_inst30001.rcp,143,1,search_exhausted,106,106
AD_inst3001.rcp,32,1,search_exhausted,71,71
AD_inst301001.rcp,50296,0,time_limit,54,33
AD_inst302001.rcp,319,1,search_exhausted,99,99
AD_inst303001.rcp,47064,0,time_limit,78,71
AD_inst304001.rcp,71118,0,time_limit,88,40
AD_inst305001.rcp,52370,0,time_limit,58,33
AD_inst306001.rcp,676,1,search_exhausted,97,97
AD_inst307001.rcp,43,1,search_exhausted,71,71
AD_inst308001.rcp,70535,0,time_limit,73,40
AD_inst309001.rcp,49292,0,time_limit,53,33
AD_inst310001.rcp,527,1,search_exhausted,109,109
AD_inst31001.rcp,32,1,search_exhausted,71,71
AD_inst311001.rcp,45847,0,time_limit,88,71
AD_inst312001.rcp,87137,0,time_limit,94,40
AD_inst313001.rcp,59579,0,time_limit,56,33
AD_inst314001.rcp,516,1,search_exhausted,106,106
AD_inst315001.rcp,47021,0,time_limit,81,71
AD_inst316001.rcp,66702,0,time_limit,74,40
AD_inst317001.rcp,49663,0,time_limit,64,33
AD_inst318001.rcp,1248,1,search_exhausted,106,106
AD_inst319001.rcp,47996,0,time_limit,73,71
AD_inst320001.rcp,94304,0,time_limit,157,40
AD_inst32001.rcp,22569,1,search_exhausted,45,45
AD_inst321001.rcp,82969,0,time_limit,139,33
AD_inst322001.rcp,125069,0,time_limit,159,92
AD_inst323001.rcp,53092,0,time_limit,135,71
AD_inst324001.rcp,98515,0,time_limit,181,40
AD_inst325001.rcp,69993,0,time_limit,129,33
AD_inst326001.rcp,110458,0,time_limit,156,92
AD_inst327001.rcp,40624,0,time_limit,146,71
AD_inst328001.rcp,89118,0,time_limit,175,40
AD_inst329001.rcp,67325,0,time_limit,128,33
AD_inst330001.rcp,115402,0,time_limit,162,92
AD_inst33001.rcp,32,1,search_exhausted,33,33
AD_inst331001.rcp,61040,0,time_limit,147,71
AD_inst332001.rcp,79145,0,time_limit,183,40
AD_inst333001.rcp,84544,0,time_limit,136,33
AD_inst334001.rcp,111979,0,time_limit,153,92
AD_inst335001.rcp,53236,0,time_limit,154,71
AD_inst336001.rcp,90794,0,time_limit,160,40
AD_inst337001.rcp,79514,0,time_limit,140,33
AD_inst338001.rcp,117950,0,time_limit,152,92
AD_inst339001.rcp,47174,0,time_limit,152,71
AD_inst340001.rcp,96642,0,time_limit,152,40
AD_inst34001.rcp,32,1,search_exhausted,92,92
AD_inst341001.rcp,82413,0,time_limit,145,33
AD_inst342001.rcp,114487,0,time_limit,169,92
AD_inst343001.rcp,57073,0,time_limit,152,71
AD_inst344001.rcp,87368,0,time_limit,167,40
AD_inst345001.rcp,65670,0,time_limit,133,33
AD_inst346001.rcp,107601,0,time_limit,156,92
AD_inst347001.rcp,53192,0,time_limit,166,71
AD_inst348001.rcp,83034,0,time_limit,171,40
AD_inst349001.rcp,85808,0,time_limit,126,33
AD_inst350001.rcp,118933,0,time_limit,166,92
AD_inst35001.rcp,32,1,search_exhausted,71,71
AD_inst351001.rcp,49154,0,time_limit,150,71
AD_inst352001.rcp,84951,0,time_limit,165,40
AD_inst353001.rcp,78551,0,time_limit,142,33
AD_inst354001.rcp,105607,0,time_limit,161,92
AD_inst355001.rcp,55129,0,time_limit,142,71
AD_inst356001.rcp,90047,0,time_limit,170,40
AD_inst357001.rcp,74016,0,time_limit,130,33
AD_inst358001.rcp,126137,0,time_limit,165,92
AD_inst359001.rcp,49301,0,time_limit,152,71
AD_inst360001.rcp,102474,0,time_limit,170,40
AD_inst36001.rcp,11422,1,search_exhausted,41,41
AD_inst361001.rcp,66423,0,time_limit,125,33
AD_inst362001.rcp,110826,0,time_limit,163,92
AD_inst363001.rcp,58846,0,time_limit,153,71
AD_inst364001.rcp,73351,0,time_limit,166,40
AD_inst365001.rcp,75440,0,time_limit,122,33
AD_inst366001.rcp,110508,0,time_limit,155,92
AD_inst367001.rcp,61981,0,time_limit,141,71
AD_inst368001.rcp,85652,0,time_limit,171,40
AD_inst369001.rcp,66071,0,time_limit,139,33
AD_inst370001.rcp,112285,0,time_limit,157,92
AD_inst37001.rcp,32,1,search_exhausted,33,33
AD_inst371001.rcp,60824,0,time_limit,138,71
AD_inst372001.rcp,89138,0,time_limit,157,40
AD_inst373001.rcp,66658,0,time_limit,128,33
AD_inst374001.rcp,108500,0,time_limit,159,92
AD_inst375001.rcp,55695,0,time_limit,159,71
AD_inst376001.rcp,91179,0,time_limit,170,40
AD_inst377001.rcp,74258,0,time_limit,130,33
AD_inst378001.rcp,111913,0,time_limit,167,92
AD_inst379001.rcp,61050,0,time_limit,155,71
AD_inst380001.rcp,73506,0,time_limit,157,40
AD_inst38001.rcp,135,1,search_exhausted,94,94
AD_inst381001.rcp,74570,0,time_limit,136,33
AD_inst382001.rcp,103904,0,time_limit,151,92
AD_inst383001.rcp,75361,0,time_limit,140,71
AD_inst384001.rcp,87149,0,time_limit,164,40
AD_inst385001.rcp,86419,0,time_limit,130,33
AD_inst386001.rcp,109894,0,time_limit,165,92
AD_inst387001.rcp,49037,0,time_limit,157,71
AD_inst388001.rcp,83432,0,time_limit,157,40
AD_inst389001.rcp,79563,0,time_limit,133,33
AD_inst390001.rcp,111660,0,time_limit,158,92
AD_inst39001.rcp,32,1,search_exhausted,71,71
AD_inst391001.rcp,53040,0,time_limit,148,71
AD_inst392001.rcp,94604,0,time_limit,153,40
AD_inst393001.rcp,72182,0,time_limit,132,33
AD_inst394001.rcp,114897,0,time_limit,162,92
AD_inst395001.rcp,61775,0,time_limit,156,71
AD_inst396001.rcp,78429,0,time_limit,175,40
AD_inst397001.rcp,75368,0,time_limit,139,33
AD_inst398001.rcp,123920,0,time_limit,161,92
AD_inst399001.rcp,53938,0,time_limit,141,71
AD_inst400001.rcp,92306,0,time_limit,185,40
AD_inst40001.rcp,21490,1,search_exhausted,44,44
AD_inst4001.rcp,75569,0,time_limit,48,40
AD_inst401001.rcp,88706,0,time_limit,154,33
AD_inst402001.rcp,113821,0,time_limit,169,92
AD_inst403001.rcp,61553,0,time_limit,171,71
AD_inst404001.rcp,91533,0,time_limit,185,40
AD_inst405001.rcp,90363,0,time_limit,154,33
AD_inst406001.rcp,115276,0,time_limit,169,92
AD_inst407001.rcp,61643,0,time_limit,171,71
AD_inst408001.rcp,92829,0,time_limit,185,40
AD_inst409001.rcp,88793,0,time_limit,154,33
AD_inst410001.rcp,114589,0,time_limit,169,92
AD_inst41001.rcp,44439,0,time_limit,38,33
AD_inst411001.rcp,63044,0,time_limit,171,71
AD_inst412001.rcp,93617,0,time_limit,185,40
AD_inst413001.rcp,91470,0,time_limit,154,33
AD_inst414001.rcp,117113,0,time_limit,169,92
AD_inst415001.rcp,62854,0,time_limit,171,71
AD_inst416001.rcp,94135,0,time_limit,185,40
AD_inst417001.rcp,90428,0,time_limit,154,33
AD_inst418001.rcp,116537,0,time_limit,169,92
AD_inst419001.rcp,63459,0,time_limit,171,71
AD_inst420001.rcp,92924,0,time_limit,185,40
AD_inst42001.rcp,98,1,search_exhausted,94,94
AD_inst421001.rcp,89631,0,time_limit,154,33
AD_inst422001.rcp,113514,0,time_limit,169,92
AD_inst423001.rcp,63832,0,time_limit,171,71
AD_inst424001.rcp,92358,0,time_limit,185,40
AD_inst425001.rcp,87238,0,time_limit,154,33
AD_inst426001.rcp,115293,0,time_limit,169,92
AD_inst427001.rcp,63804,0,time_limit,171,71
AD_inst428001.rcp,91756,0,time_limit,185,40
AD_inst429001.rcp,89007,0,time_limit,154,33
AD_inst430001.rcp,115106,0,time_limit,169,92
AD_inst43001.rcp,32,1,search_exhausted,71,71
AD_inst431001.rcp,63679,0,time_limit,171,71
AD_inst432001.rcp,93266,0,time_limit,185,40
AD_inst433001.rcp,90437,0,time_limit,154,33
AD_inst434001.rcp,114146,0,time_limit,169,92
AD_inst435001.rcp,60977,0,time_limit,171,71
AD_inst436001.rcp,91251,0,time_limit,185,40
AD_inst437001.rcp,88307,0,time_limit,154,33
AD_inst438001.rcp,114263,0,time_limit,169,92
AD_inst439001.rcp,64241,0,time_limit,171,71
AD_inst440001.rcp,92945,0,time_limit,185,40
AD_inst44001.rcp,1784,1,search_exhausted,47,47
AD_inst441001.rcp,91245,0,time_limit,150,33
AD_inst442001.rcp,116451,0,time_limit,169,92
AD_inst443001.rcp,63824,0,time_limit,171,71
AD_inst444001.rcp,94473,0,time_limit,185,40
AD_inst445001.rcp,89625,0,time_limit,154,33
AD_inst446001.rcp,115322,0,time_limit,169,92
AD_inst447001.rcp,60935,0,time_limit,171,71
AD_inst448001.rcp,93833,0,time_limit,185,40
AD_inst449001.rcp,89728,0,time_limit,154,33
AD_inst450001.rcp,110403,0,time_limit,169,92
AD_inst45001.rcp,1313,1,search_exhausted,33,33
AD_inst451001.rcp,62240,0,time_limit,171,71
AD_inst452001.rcp,92989,0,time_limit,185,40
AD_inst453001.rcp,91076,0,time_limit,154,33
AD_inst454001.rcp,116221,0,time_limit,169,92
AD_inst455001.rcp,62511,0,time_limit,171,71
AD_inst456001.rcp,84323,0,time_limit,185,40
AD_inst457001.rcp,89648,0,time_limit,154,33
AD_inst458001.rcp,115603,0,time_limit,169,92
AD_inst459001.rcp,62139,0,time_limit,171,71
AD_inst460001.rcp,92878,0,time_limit,185,40
AD_inst46001.rcp,32,1,search_exhausted,92,92
AD_inst461001.rcp,91449,0,time_limit,154,33
AD_inst462001.rcp,117116,0,time_limit,169,92
AD_inst463001.rcp,61480,0,time_limit,171,71
AD_inst464001.rcp,92303,0,time_limit,185,40
AD_inst465001.rcp,90447,0,time_limit,154,33
AD_inst466001.rcp,114838,0,time_limit,169,92
AD_inst467001.rcp,62861,0,time_limit,171,71
AD_inst468001.rcp,92888,0,time_limit,185,40
AD_inst469001.rcp,88692,0,time_limit,154,33
AD_inst470001.rcp,114295,0,time_limit,169,92
AD_inst47001.rcp,32,1,search_exhausted,71,71
AD_inst471001.rcp,64833,0,time_limit,171,71
AD_inst472001.rcp,93111,0,time_limit,185,40
AD_inst473001.rcp,90745,0,time_limit,154,33
AD_inst474001.rcp,113893,0,time_limit,169,92
AD_inst475001.rcp,63722,0,time_limit,171,71
AD_inst476001.rcp,92609,0,time_limit,185,40
AD_inst477001.rcp,89165,0,time_limit,154,33
AD_inst478001.rcp,115652,0,time_limit,169,92
AD_inst479001.rcp,63947,0,time_limit,171,71
AD_inst48001.rcp,39835,1,search_exhausted,46,46
AD_inst49001.rcp,50824,0,time_limit,37,33
AD_inst50001.rcp,32,1,search_exhausted,92,92
AD_inst5001.rcp,32,1,search_exhausted,33,33
AD_inst51001.rcp,32,1,search_exhausted,71,71
AD_inst52001.rcp,77887,0,time_limit,51,40
AD_inst53001.rcp,52463,0,time_limit,35,33
AD_inst54001.rcp,32,1,search_exhausted,92,92
AD_inst55001.rcp,32,1,search_exhausted,71,71
AD_inst56001.rcp,71333,0,time_limit,44,40
AD_inst57001.rcp,11393,1,search_exhausted,33,33
AD_inst58001.rcp,159,1,search_exhausted,97,97
AD_inst59001.rcp,32,1,search_exhausted,71,71
AD_inst60001.rcp,74594,0,time_limit,53,40
AD_inst6001.rcp,52,1,search_exhausted,99,99
AD_inst61001.rcp,210,1,search_exhausted,33,33
AD_inst62001.rcp,32,1,search_exhausted,92,92
AD_inst63001.rcp,32,1,search_exhausted,71,71
AD_inst64001.rcp,50110,1,search_exhausted,43,43
AD_inst65001.rcp,32,1,search_exhausted,33,33
AD_inst66001.rcp,32,1,search_exhausted,92,92
AD_inst67001.rcp,32,1,search_exhausted,71,71
AD_inst68001.rcp,39023,1,search_exhausted,44,44
AD_inst69001.rcp,32,1,search_exhausted,33,33
AD_inst70001.rcp,42,1,search_exhausted,93,93
AD_inst7001.rcp,32,1,search_exhausted,71,71
AD_inst71001.rcp,32,1,search_exhausted,71,71
AD_inst72001.rcp,54248,1,search_exhausted,51,51
AD_inst73001.rcp,32,1,search_exhausted,33,33
AD_inst74001.rcp,85,1,search_exhausted,95,95
AD_inst75001.rcp,32,1,search_exhausted,71,71
AD_inst76001.rcp,8803,1,search_exhausted,43,43
AD_inst77001.rcp,32,1,search_exhausted,33,33
AD_inst78001.rcp,32,1,search_exhausted,92,92
AD_inst79001.rcp,32,1,search_exhausted,71,71
AD_inst80001.rcp,76315,0,time_limit,82,40
AD_inst8001.rcp,32,1,search_exhausted,40,40
AD_inst81001.rcp,56169,0,time_limit,66,33
AD_inst82001.rcp,2424,1,search_exhausted,113,113
AD_inst83001.rcp,42485,0,time_limit,79,71
AD_inst84001.rcp,81615,0,time_limit,98,40
AD_inst85001.rcp,62618,0,time_limit,76,33
AD_inst86001.rcp,3810,1,search_exhausted,123,123
AD_inst87001.rcp,38831,0,time_limit,79,71
AD_inst88001.rcp,85778,0,time_limit,91,40
AD_inst89001.rcp,52325,0,time_limit,61,33
AD_inst90001.rcp,15802,1,search_exhausted,117,117
AD_inst9001.rcp,53014,0,time_limit,35,33
AD_inst91001.rcp,43583,0,time_limit,85,71
AD_inst92001.rcp,83491,0,time_limit,111,40
AD_inst93001.rcp,55720,0,time_limit,62,33
AD_inst94001.rcp,2843,1,search_exhausted,110,110
AD_inst95001.rcp,45518,0,time_limit,79,71
AD_inst96001.rcp,75689,0,time_limit,90,40
AD_inst97001.rcp,53824,0,time_limit,66,33
AD_inst98001.rcp,3049,1,search_exhausted,112,112
AD_inst99001.rcp,56729,0,time_limit,101,71
LA_inst1.rcp,8473,1,search_exhausted,49,49
LA_inst100001.rcp,66,1,search_exhausted,104,104
LA_inst10001.rcp,32,1,search_exhausted,96,96
LA_inst1001.rcp,32,1,search_exhausted,128,128
LA_inst101001.rcp,57315,0,time_limit,54,47
LA_inst102001.rcp,2510,1,search_exhausted,44,44
LA_inst103001.rcp,32,1,search_exhausted,128,128
LA_inst104001.rcp,32,1,search_exhausted,144,144
LA_inst105001.rcp,32,1,search_exhausted,85,85
LA_inst106001.rcp,32,1,search_exhausted,96,96
LA_inst107001.rcp,67105,0,time_limit,55,47
LA_inst108001.rcp,28012,1,search_exhausted,49,49
LA_inst109001.rcp,38,1,search_exhausted,131,131
LA_inst110001.rcp,32,1,search_exhausted,144,144
LA_inst11001.rcp,62871,0,time_limit,59,47
LA_inst111001.rcp,32,1,search_exhausted,85,85
LA_inst112001.rcp,32,1,search_exhausted,96,96
LA_inst113001.rcp,59262,0,time_limit,51,47
LA_inst114001.rcp,3361,1,search_exhausted,46,46
LA_inst115001.rcp,32,1,search_exhausted,128,128
LA_inst116001.rcp,32,1,search_exhausted,144,144
LA_inst117001.rcp,32,1,search_exhausted,85,85
LA_inst118001.rcp,609,1,search_exhausted,99,99
LA_inst119001.rcp,82034,0,time_limit,60,47
LA_inst120001.rcp,73754,0,time_limit,83,44
LA_inst12001.rcp,74313,0,time_limit,46,44
LA_inst121001.rcp,69,1,search_exhausted,132,132
LA_inst122001.rcp,32,1,search_exhausted,144,144
LA_inst123001.rcp,599,1,search_exhausted,98,98
LA_inst124001.rcp,855,1,search_exhausted,101,101
LA_inst125001.rcp,91393,0,time_limit,99,47
LA_inst126001.rcp,70578,0,time_limit,73,44
LA_inst127001.rcp,38,1,search_exhausted,131,131
LA_inst128001.rcp,32,1,search_exhausted,144,144
LA_inst129001.rcp,935,1,search_exhausted,106,106
LA_inst130001.rcp,21765,1,search_exhausted,125,125
LA_inst13001.rcp,32,1,search_exhausted,128,128
LA_inst131001.rcp,94598,0,time_limit,107,47
LA_inst132001.rcp,73071,0,time_limit,88,44
LA_inst133001.rcp,49,1,search_exhausted,133,133
LA_inst134001.rcp,173,1,search_exhausted,147,147
LA_inst135001.rcp,2380,1,search_exhausted,111,111
LA_inst136001.rcp,101304,1,search_exhausted,124,124
LA_inst137001.rcp,86574,0,time_limit,104,47
LA_inst138001.rcp,74834,0,time_limit,79,44
LA_inst139001.rcp,43,1,search_exhausted,132,132
LA_inst140001.rcp,78,1,search_exhausted,148,148
LA_inst14001.rcp,32,1,search_exhausted,144,144
LA_inst141001.rcp,69,1,search_exhausted,101,101
LA_inst142001.rcp,124845,1,search_exhausted,135,135
LA_inst143001.rcp,75740,0,time_limit,84,47
LA_inst144001.rcp,68641,0,time_limit,89,44
LA_inst145001.rcp,49,1,search_exhausted,129,129
LA_inst146001.rcp,70,1,search_exhausted,145,145
LA_inst147001.rcp,2001,1,search_exhausted,103,103
LA_inst148001.rcp,10610,1,search_exhausted,108,108
LA_inst149001.rcp,91787,0,time_limit,84,47
LA_inst150001.rcp,75435,0,time_limit,91,44
LA_inst15001.rcp,74,1,search_exhausted,86,86
LA_inst151001.rcp,64,1,search_exhausted,131,131
LA_inst152001.rcp,106,1,search_exhausted,148,148
LA_inst153001.rcp,3633,1,search_exhausted,102,102
LA_inst154001.rcp,4167,1,search_exhausted,119,119
LA_inst155001.rcp,89698,0,time_limit,100,47
LA_inst156001.rcp,74725,0,time_limit,83,44
LA_inst157001.rcp,38,1,search_exhausted,131,131
LA_inst158001.rcp,113,1,search_exhausted,146,146
LA_inst159001.rcp,773,1,search_exhausted,96,96
LA_inst160001.rcp,12211,1,search_exhausted,121,121
LA_inst16001.rcp,32,1,search_exhausted,96,96
LA_inst161001.rcp,87812,0,time_limit,88,47
LA_inst162001.rcp,67948,0,time_limit,86,44
LA_inst163001.rcp,37,1,search_exhausted,132,132
LA_inst164001.rcp,84,1,search_exhausted,146,146
LA_inst165001.rcp,520,1,search_exhausted,93,93
LA_inst166001.rcp,129506,0,time_limit,135,96
LA_inst167001.rcp,81188,0,time_limit,84,47
LA_inst168001.rcp,74863,0,time_limit,69,44
LA_inst169001.rcp,93,1,search_exhausted,133,133
LA_inst170001.rcp,270,1,search_exhausted,155,155
LA_inst17001.rcp,61940,0,time_limit,53,47
LA_inst171001.rcp,2819,1,search_exhausted,98,98
LA_inst172001.rcp,129257,0,time_limit,130,104
LA_inst173001.rcp,80823,0,time_limit,78,47
LA_inst174001.rcp,79330,0,time_limit,83,44
LA_inst175001.rcp,33,1,search_exhausted,131,131
LA_inst176001.rcp,32,1,search_exhausted,144,144
LA_inst177001.rcp,958,1,search_exhausted,103,103
LA_inst178001.rcp,7353,1,search_exhausted,111,111
LA_inst179001.rcp,93801,0,time_limit,84,47
LA_inst180001.rcp,69841,0,time_limit,81,44
LA_inst18001.rcp,498,1,search_exhausted,44,44
LA_inst181001.rcp,147,1,search_exhausted,135,135
LA_inst182001.rcp,201,1,search_exhausted,147,147
LA_inst183001.rcp,1572,1,search_exhausted,107,107
LA_inst184001.rcp,12482,1,search_exhausted,112,112
LA_inst185001.rcp,79560,0,time_limit,93,47
LA_inst186001.rcp,73834,0,time_limit,79,44
LA_inst187001.rcp,34,1,search_exhausted,130,130
LA_inst188001.rcp,32,1,search_exhausted,144,144
LA_inst189001.rcp,2926,1,search_exhausted,105,105
LA_inst190001.rcp,6641,1,search_exhausted,115,115
LA_inst19001.rcp,32,1,search_exhausted,128,128
LA_inst191001.rcp,84373,0,time_limit,95,47
LA_inst192001.rcp,74709,0,time_limit,83,44
LA_inst193001.rcp,72,1,search_exhausted,134,134
LA_inst194001.rcp,81,1,search_exhausted,149,149
LA_inst195001.rcp,711,1,search_exhausted,99,99
LA_inst196001.rcp,133724,0,time_limit,126,96
LA_inst197001.rcp,81444,0,time_limit,92,47
LA_inst198001.rcp,80449,0,time_limit,85,44
LA_inst199001.rcp,39,1,search_exhausted,133,133
LA_inst200001.rcp,84,1,search_exhausted,146,146
LA_inst20001.rcp,32,1,search_exhausted,144,144
LA_inst2001.rcp,32,1,search_exhausted,144,144
LA_inst201001.rcp,1452,1,search_exhausted,97,97
LA_inst202001.rcp,4369,1,search_exhausted,120,120
LA_inst203001.rcp,102398,0,time_limit,84,47
LA_inst204001.rcp,80226,0,time_limit,76,44
LA_inst205001.rcp,89,1,search_exhausted,137,137
LA_inst206001.rcp,293,1,search_exhausted,150,150
LA_inst207001.rcp,32,1,search_exhausted,85,85
LA_inst208001.rcp,6768,1,search_exhausted,111,111
LA_inst209001.rcp,72241,0,time_limit,77,47
LA_inst210001.rcp,75875,0,time_limit,81,44
LA_inst21001.rcp,100,1,search_exhausted,88,88
LA_inst211001.rcp,87,1,search_exhausted,137,137
LA_inst212001.rcp,32,1,search_exhausted,144,144
LA_inst213001.rcp,501,1,search_exhausted,98,98
LA_inst214001.rcp,17369,1,search_exhausted,118,118
LA_inst215001.rcp,95204,0,time_limit,77,47
LA_inst216001.rcp,78744,0,time_limit,81,44
LA_inst217001.rcp,78,1,search_exhausted,135,135
LA_inst218001.rcp,213,1,search_exhausted,154,154
LA_inst219001.rcp,682,1,search_exhausted,100,100
LA_inst220001.rcp,25401,1,search_exhausted,126,126
LA_inst22001.rcp,282,1,search_exhausted,97,97
LA_inst221001.rcp,62259,0,time_limit,82,47
LA_inst222001.rcp,76703,0,time_limit,87,44
LA_inst223001.rcp,37,1,search_exhausted,132,132
LA_inst224001.rcp,100,1,search_exhausted,149,149
LA_inst225001.rcp,619,1,search_exhausted,102,102
LA_inst226001.rcp,6395,1,search_exhausted,114,114
LA_inst227001.rcp,85581,0,time_limit,89,47
LA_inst228001.rcp,72900,0,time_limit,91,44
LA_inst229001.rcp,88,1,search_exhausted,132,132
LA_inst230001.rcp,120,1,search_exhausted,149,149
LA_inst23001.rcp,57770,0,time_limit,50,47
LA_inst231001.rcp,904,1,search_exhausted,101,101
LA_inst232001.rcp,19734,1,search_exhausted,117,117
LA_inst233001.rcp,83088,0,time_limit,86,47
LA_inst234001.rcp,74197,0,time_limit,87,44
LA_inst235001.rcp,38,1,search_exhausted,131,131
LA_inst236001.rcp,84,1,search_exhausted,147,147
LA_inst237001.rcp,768,1,search_exhausted,106,106
LA_inst238001.rcp,595,1,search_exhausted,110,110
LA_inst239001.rcp,61717,0,time_limit,79,47
LA_inst240001.rcp,85522,0,time_limit,105,44
LA_inst24001.rcp,32,1,search_exhausted,44,44
LA_inst241001.rcp,149,1,search_exhausted,137,137
LA_inst242001.rcp,1619,1,search_exhausted,167,167
LA_inst243001.rcp,117934,1,search_exhausted,127,127
LA_inst244001.rcp,128444,0,time_limit,143,96
LA_inst245001.rcp,93732,0,time_limit,107,47
LA_inst246001.rcp,82763,0,time_limit,117,44
LA_inst247001.rcp,193,1,search_exhausted,139,139
LA_inst248001.rcp,2813,1,search_exhausted,167,167
LA_inst249001.rcp,5456,1,search_exhausted,114,114
LA_inst250001.rcp,128756,0,time_limit,145,96
LA_inst25001.rcp,32,1,search_exhausted,128,128
LA_inst251001.rcp,93468,0,time_limit,112,47
LA_inst252001.rcp,72947,0,time_limit,117,44
LA_inst253001.rcp,465,1,search_exhausted,141,141
LA_inst254001.rcp,414,1,search_exhausted,153,153
LA_inst255001.rcp,146370,0,time_limit,125,89
LA_inst256001.rcp,132691,0,time_limit,162,96
LA_inst257001.rcp,91437,0,time_limit,105,47
LA_inst258001.rcp,79240,0,time_limit,142,44
LA_inst259001.rcp,924,1,search_exhausted,144,144
LA_inst260001.rcp,348,1,search_exhausted,155,155
LA_inst26001.rcp,32,1,search_exhausted,144,144
LA_inst261001.rcp,49805,1,search_exhausted,123,123
LA_inst262001.rcp,128234,0,time_limit,141,96
LA_inst263001.rcp,115088,0,time_limit,123,47
LA_inst264001.rcp,82359,0,time_limit,128,44
LA_inst265001.rcp,263,1,search_exhausted,140,140
LA_inst266001.rcp,291,1,search_exhausted,152,152
LA_inst267001.rcp,147947,0,time_limit,129,85
LA_inst268001.rcp,40461,1,search_exhausted,126,126
LA_inst269001.rcp,99853,0,time_limit,137,47
LA_inst270001.rcp,82231,0,time_limit,127,44
LA_inst27001.rcp,35,1,search_exhausted,89,89
LA_inst271001.rcp,76,1,search_exhausted,135,135
LA_inst272001.rcp,1005,1,search_exhausted,164,164
LA_inst273001.rcp,18022,1,search_exhausted,117,117
LA_inst274001.rcp,140072,0,time_limit,152,96
LA_inst275001.rcp,102670,0,time_limit,110,47
LA_inst276001.rcp,73443,0,time_limit,128,44
LA_inst277001.rcp,135,1,search_exhausted,138,138
LA_inst278001.rcp,154,1,search_exhausted,156,156
LA_inst279001.rcp,86465,1,search_exhausted,123,123
LA_inst280001.rcp,69193,1,search_exhausted,134,134
LA_inst28001.rcp,199,1,search_exhausted,97,97
LA_inst281001.rcp,98122,0,time_limit,113,47
LA_inst282001.rcp,100927,0,time_limit,130,44
LA_inst283001.rcp,135,1,search_exhausted,138,138
LA_inst284001.rcp,699,1,search_exhausted,164,164
LA_inst285001.rcp,5389,1,search_exhausted,107,107
LA_inst286001.rcp,132419,0,time_limit,151,96
LA_inst287001.rcp,96598,0,time_limit,119,47
LA_inst288001.rcp,79244,0,time_limit,118,44
LA_inst289001.rcp,478,1,search_exhausted,141,141
LA_inst290001.rcp,1434,1,search_exhausted,163,163
LA_inst29001.rcp,60259,0,time_limit,63,47
LA_inst291001.rcp,148867,0,time_limit,133,85
LA_inst292001.rcp,128540,0,time_limit,155,96
LA_inst293001.rcp,112479,0,time_limit,132,47
LA_inst294001.rcp,74598,0,time_limit,114,44
LA_inst295001.rcp,193,1,search_exhausted,139,139
LA_inst296001.rcp,385,1,search_exhausted,155,155
LA_inst297001.rcp,18459,1,search_exhausted,115,115
LA_inst298001.rcp,137909,0,time_limit,156,96
LA_inst299001.rcp,85247,0,time_limit,115,47
LA_inst300001.rcp,84588,0,time_limit,124,44
LA_inst30001.rcp,960,1,search_exhausted,44,44
LA_inst3001.rcp,32,1,search_exhausted,85,85
LA_inst301001.rcp,135,1,search_exhausted,138,138
LA_inst302001.rcp,1604,1,search_exhausted,167,167
LA_inst303001.rcp,40157,1,search_exhausted,123,123
LA_inst304001.rcp,133183,0,time_limit,148,96
LA_inst305001.rcp,106652,0,time_limit,113,47
LA_inst306001.rcp,81591,0,time_limit,124,44
LA_inst307001.rcp,147,1,search_exhausted,135,135
LA_inst308001.rcp,84,1,search_exhausted,150,150
LA_inst309001.rcp,68597,1,search_exhausted,122,122
LA_inst310001.rcp,141339,0,time_limit,162,96
LA_inst31001.rcp,32,1,search_exhausted,128,128
LA_inst311001.rcp,83091,0,time_limit,120,47
LA_inst312001.rcp,78361,0,time_limit,125,44
LA_inst313001.rcp,255,1,search_exhausted,138,138
LA_inst314001.rcp,1167,1,search_exhausted,164,164
LA_inst315001.rcp,45548,1,search_exhausted,120,120
LA_inst316001.rcp,123261,0,time_limit,148,96
LA_inst317001.rcp,83917,0,time_limit,118,47
LA_inst318001.rcp,80478,0,time_limit,120,44
LA_inst319001.rcp,329,1,search_exhausted,143,143
LA_inst320001.rcp,431,1,search_exhausted,157,157
LA_inst32001.rcp,32,1,search_exhausted,144,144
LA_inst321001.rcp,27621,1,search_exhausted,114,114
LA_inst322001.rcp,129707,0,time_limit,150,96
LA_inst323001.rcp,93102,0,time_limit,105,47
LA_inst324001.rcp,81352,0,time_limit,111,44
LA_inst325001.rcp,265,1,search_exhausted,142,142
LA_inst326001.rcp,196,1,search_exhausted,153,153
LA_inst327001.rcp,14094,1,search_exhausted,113,113
LA_inst328001.rcp,139590,0,time_limit,147,96
LA_inst329001.rcp,96406,0,time_limit,125,47
LA_inst330001.rcp,74845,0,time_limit,112,44
LA_inst33001.rcp,63,1,search_exhausted,91,91
LA_inst331001.rcp,101,1,search_exhausted,140,140
LA_inst332001.rcp,1228,1,search_exhausted,163,163
LA_inst333001.rcp,10903,1,search_exhausted,113,113
LA_inst334001.rcp,128148,0,time_limit,143,96
LA_inst335001.rcp,106799,0,time_limit,125,47
LA_inst336001.rcp,84728,0,time_limit,129,44
LA_inst337001.rcp,476,1,search_exhausted,143,143
LA_inst338001.rcp,230,1,search_exhausted,158,158
LA_inst339001.rcp,12045,1,search_exhausted,115,115
LA_inst340001.rcp,127841,0,time_limit,150,96
LA_inst34001.rcp,100,1,search_exhausted,98,98
LA_inst341001.rcp,100808,0,time_limit,116,47
LA_inst342001.rcp,81117,0,time_limit,119,44
LA_inst343001.rcp,266,1,search_exhausted,140,140
LA_inst344001.rcp,3953,1,search_exhausted,168,168
LA_inst345001.rcp,34724,1,search_exhausted,117,117
LA_inst346001.rcp,125899,0,time_limit,149,96
LA_inst347001.rcp,111794,0,time_limit,131,47
LA_inst348001.rcp,75105,0,time_limit,115,44
LA_inst349001.rcp,151,1,search_exhausted,139,139
LA_inst350001.rcp,106,1,search_exhausted,154,154
LA_inst35001.rcp,60980,0,time_limit,53,47
LA_inst351001.rcp,22276,1,search_exhausted,120,120
LA_inst352001.rcp,132193,0,time_limit,141,96
LA_inst353001.rcp,90933,0,time_limit,106,47
LA_inst354001.rcp,83574,0,time_limit,119,44
LA_inst355001.rcp,924,1,search_exhausted,144,144
LA_inst356001.rcp,490,1,search_exhausted,157,157
LA_inst357001.rcp,156927,0,time_limit,130,85
LA_inst358001.rcp,129438,0,time_limit,141,96
LA_inst359001.rcp,107374,0,time_limit,122,47
LA_inst360001.rcp,75388,0,time_limit,65,44
LA_inst36001.rcp,37,1,search_exhausted,44,44
LA_inst361001.rcp,32,1,search_exhausted,128,128
LA_inst362001.rcp,32,1,search_exhausted,144,144
LA_inst363001.rcp,110,1,search_exhausted,89,89
LA_inst364001.rcp,1383,1,search_exhausted,102,102
LA_inst365001.rcp,67396,0,time_limit,76,47
LA_inst366001.rcp,64450,0,time_limit,75,44
LA_inst367001.rcp,37,1,search_exhausted,132,132
LA_inst368001.rcp,77,1,search_exhausted,149,149
LA_inst369001.rcp,406,1,search_exhausted,97,97
LA_inst370001.rcp,11724,1,search_exhausted,115,115
LA_inst37001.rcp,32,1,search_exhausted,128,128
LA_inst371001.rcp,89163,0,time_limit,91,47
LA_inst372001.rcp,69098,0,time_limit,68,44
LA_inst373001.rcp,32,1,search_exhausted,128,128
LA_inst374001.rcp,32,1,search_exhausted,144,144
LA_inst375001.rcp,129,1,search_exhausted,99,99
LA_inst376001.rcp,11793,1,search_exhausted,118,118
LA_inst377001.rcp,72285,0,time_limit,75,47
LA_inst378001.rcp,71671,0,time_limit,65,44
LA_inst379001.rcp,36,1,search_exhausted,131,131
LA_inst380001.rcp,32,1,search_exhausted,144,144
LA_inst38001.rcp,32,1,search_exhausted,144,144
LA_inst381001.rcp,111,1,search_exhausted,95,95
LA_inst382001.rcp,5732,1,search_exhausted,124,124
LA_inst383001.rcp,80189,0,time_limit,77,47
LA_inst384001.rcp,70165,0,time_limit,88,44
LA_inst385001.rcp,90,1,search_exhausted,132,132
LA_inst386001.rcp,32,1,search_exhausted,144,144
LA_inst387001.rcp,55,1,search_exhausted,85,85
LA_inst388001.rcp,1178,1,search_exhausted,111,111
LA_inst389001.rcp,71087,0,time_limit,82,47
LA_inst390001.rcp,72497,0,time_limit,80,44
LA_inst39001.rcp,72,1,search_exhausted,90,90
LA_inst391001.rcp,32,1,search_exhausted,128,128
LA_inst392001.rcp,32,1,search_exhausted,144,144
LA_inst393001.rcp,76,1,search_exhausted,93,93
LA_inst394001.rcp,4423,1,search_exhausted,110,110
LA_inst395001.rcp,75655,0,time_limit,78,47
LA_inst396001.rcp,68936,0,time_limit,74,44
LA_inst397001.rcp,39,1,search_exhausted,133,133
LA_inst398001.rcp,32,1,search_exhausted,144,144
LA_inst399001.rcp,477,1,search_exhausted,97,97
LA_inst400001.rcp,1285,1,search_exhausted,102,102
LA_inst40001.rcp,42,1,search_exhausted,102,102
LA_inst4001.rcp,181,1,search_exhausted,97,97
LA_inst401001.rcp,70047,0,time_limit,88,47
LA_inst402001.rcp,70055,0,time_limit,81,44
LA_inst403001.rcp,43,1,search_exhausted,132,132
LA_inst404001.rcp,32,1,search_exhausted,144,144
LA_inst405001.rcp,698,1,search_exhausted,92,92
LA_inst406001.rcp,3707,1,search_exhausted,111,111
LA_inst407001.rcp,96090,0,time_limit,79,47
LA_inst408001.rcp,75243,0,time_limit,68,44
LA_inst409001.rcp,70,1,search_exhausted,133,133
LA_inst410001.rcp,32,1,search_exhausted,144,144
LA_inst41001.rcp,54204,0,time_limit,53,47
LA_inst411001.rcp,271,1,search_exhausted,91,91
LA_inst412001.rcp,4786,1,search_exhausted,110,110
LA_inst413001.rcp,89615,0,time_limit,75,47
LA_inst414001.rcp,63173,0,time_limit,86,44
LA_inst415001.rcp,49,1,search_exhausted,129,129
LA_inst416001.rcp,71,1,search_exhausted,154,154
LA_inst417001.rcp,44,1,search_exhausted,90,90
LA_inst418001.rcp,5130,1,search_exhausted,113,113
LA_inst419001.rcp,73485,0,time_limit,72,47
LA_inst420001.rcp,71681,0,time_limit,76,44
LA_inst42001.rcp,2226,1,search_exhausted,46,46
LA_inst421001.rcp,32,1,search_exhausted,128,128
LA_inst422001.rcp,77,1,search_exhausted,149,149
LA_inst423001.rcp,379,1,search_exhausted,101,101
LA_inst424001.rcp,3067,1,search_exhausted,109,109
LA_inst425001.rcp,76691,0,time_limit,75,47
LA_inst426001.rcp,72981,0,time_limit,70,44
LA_inst427001.rcp,34,1,search_exhausted,130,130
LA_inst428001.rcp,93,1,search_exhausted,152,152
LA_inst429001.rcp,101,1,search_exhausted,96,96
LA_inst430001.rcp,544,1,search_exhausted,101,101
LA_inst43001.rcp,34,1,search_exhausted,130,130
LA_inst431001.rcp,93114,0,time_limit,77,47
LA_inst432001.rcp,67396,0,time_limit,88,44
LA_inst433001.rcp,50,1,search_exhausted,133,133
LA_inst434001.rcp,32,1,search_exhausted,144,144
LA_inst435001.rcp,462,1,search_exhausted,97,97
LA_inst436001.rcp,5577,1,search_exhausted,110,110
LA_inst437001.rcp,79967,0,time_limit,76,47
LA_inst438001.rcp,69797,0,time_limit,76,44
LA_inst439001.rcp,39,1,search_exhausted,133,133
LA_inst440001.rcp,32,1,search_exhausted,144,144
LA_inst44001.rcp,32,1,search_exhausted,144,144
LA_inst441001.rcp,379,1,search_exhausted,97,97
LA_inst442001.rcp,3632,1,search_exhausted,115,115
LA_inst443001.rcp,74069,0,time_limit,88,47
LA_inst444001.rcp,67744,0,time_limit,80,44
LA_inst445001.rcp,36,1,search_exhausted,131,131
LA_inst446001.rcp,32,1,search_exhausted,144,144
LA_inst447001.rcp,364,1,search_exhausted,91,91
LA_inst448001.rcp,1453,1,search_exhausted,103,103
LA_inst449001.rcp,64402,0,time_limit,82,47
LA_inst450001.rcp,65145,0,time_limit,72,44
LA_inst45001.rcp,41,1,search_exhausted,85,85
LA_inst451001.rcp,32,1,search_exhausted,128,128
LA_inst452001.rcp,32,1,search_exhausted,144,144
LA_inst453001.rcp,167,1,search_exhausted,93,93
LA_inst454001.rcp,756,1,search_exhausted,108,108
LA_inst455001.rcp,78967,0,time_limit,74,47
LA_inst456001.rcp,72586,0,time_limit,78,44
LA_inst457001.rcp,95,1,search_exhausted,133,133
LA_inst458001.rcp,32,1,search_exhausted,144,144
LA_inst459001.rcp,110,1,search_exhausted,94,94
LA_inst460001.rcp,1032,1,search_exhausted,118,118
LA_inst46001.rcp,32,1,search_exhausted,96,96
LA_inst461001.rcp,68912,0,time_limit,70,47
LA_inst462001.rcp,69314,0,time_limit,83,44
LA_inst463001.rcp,61,1,search_exhausted,130,130
LA_inst464001.rcp,32,1,search_exhausted,144,144
LA_inst465001.rcp,340,1,search_exhausted,92,92
LA_inst466001.rcp,6318,1,search_exhausted,116,116
LA_inst467001.rcp,84590,0,time_limit,75,47
LA_inst468001.rcp,76781,0,time_limit,76,44
LA_inst469001.rcp,72,1,search_exhausted,134,134
LA_inst470001.rcp,60,1,search_exhausted,151,151
LA_inst47001.rcp,63297,0,time_limit,57,47
LA_inst471001.rcp,515,1,search_exhausted,99,99
LA_inst472001.rcp,856,1,search_exhausted,104,104
LA_inst473001.rcp,69186,0,time_limit,78,47
LA_inst474001.rcp,71531,0,time_limit,65,44
LA_inst475001.rcp,55,1,search_exhausted,134,134
LA_inst476001.rcp,100,1,search_exhausted,149,149
LA_inst477001.rcp,178,1,search_exhausted,90,90
LA_inst478001.rcp,2598,1,search_exhausted,107,107
LA_inst479001.rcp,68206,0,time_limit,78,47
LA_inst480001.rcp,90813,0,time_limit,156,44
LA_inst48001.rcp,32,1,search_exhausted,44,44
LA_inst481001.rcp,476,1,search_exhausted,143,143
LA_inst482001.rcp,38102,1,search_exhausted,183,183
LA_inst483001.rcp,126043,0,time_limit,129,85
LA_inst484001.rcp,112858,0,time_limit,155,96
LA_inst485001.rcp,95260,0,time_limit,148,47
LA_inst486001.rcp,78323,0,time_limit,146,44
LA_inst487001.rcp,924,1,search_exhausted,144,144
LA_inst488001.rcp,5997,1,search_exhausted,173,173
LA_inst489001.rcp,128183,0,time_limit,139,85
LA_inst490001.rcp,118417,0,time_limit,177,96
LA_inst49001.rcp,32,1,search_exhausted,128,128
LA_inst491001.rcp,105268,0,time_limit,145,47
LA_inst492001.rcp,95786,0,time_limit,165,44
LA_inst493001.rcp,470,1,search_exhausted,142,142
LA_inst494001.rcp,1591,1,search_exhausted,160,160
LA_inst495001.rcp,129809,0,time_limit,135,85
LA_inst496001.rcp,111457,0,time_limit,183,96
LA_inst497001.rcp,99662,0,time_limit,141,47
LA_inst498001.rcp,96979,0,time_limit,175,44
LA_inst499001.rcp,924,1,search_exhausted,144,144
LA_inst500001.rcp,9101,1,search_exhausted,174,174
LA_inst50001.rcp,32,1,search_exhausted,144,144
LA_inst5001.rcp,41426,1,search_exhausted,49,49
LA_inst501001.rcp,126642,0,time_limit,138,85
LA_inst502001.rcp,106617,0,time_limit,187,96
LA_inst503001.rcp,91606,0,time_limit,143,47
LA_inst504001.rcp,86451,0,time_limit,168,44
LA_inst505001.rcp,924,1,search_exhausted,144,144
LA_inst506001.rcp,7552,1,search_exhausted,176,176
LA_inst507001.rcp,125770,0,time_limit,133,85
LA_inst508001.rcp,101885,0,time_limit,187,96
LA_inst509001.rcp,95810,0,time_limit,156,47
LA_inst510001.rcp,77122,0,time_limit,156,44
LA_inst51001.rcp,32,1,search_exhausted,85,85
LA_inst511001.rcp,924,1,search_exhausted,144,144
LA_inst512001.rcp,6882,1,search_exhausted,173,173
LA_inst513001.rcp,128468,0,time_limit,143,85
LA_inst514001.rcp,113304,0,time_limit,184,96
LA_inst515001.rcp,103126,0,time_limit,150,47
LA_inst516001.rcp,89857,0,time_limit,159,44
LA_inst517001.rcp,476,1,search_exhausted,143,143
LA_inst518001.rcp,3037,1,search_exhausted,170,170
LA_inst519001.rcp,127880,0,time_limit,134,85
LA_inst520001.rcp,112421,0,time_limit,176,96
LA_inst52001.rcp,32,1,search_exhausted,96,96
LA_inst521001.rcp,100740,0,time_limit,163,47
LA_inst522001.rcp,81644,0,time_limit,174,44
LA_inst523001.rcp,924,1,search_exhausted,144,144
LA_inst524001.rcp,4933,1,search_exhausted,178,178
LA_inst525001.rcp,128415,0,time_limit,143,85
LA_inst526001.rcp,116939,0,time_limit,168,96
LA_inst527001.rcp,103664,0,time_limit,158,47
LA_inst528001.rcp,72850,0,time_limit,151,44
LA_inst529001.rcp,465,1,search_exhausted,141,141
LA_inst530001.rcp,21557,1,search_exhausted,178,178
LA_inst53001.rcp,72340,0,time_limit,61,47
LA_inst531001.rcp,128017,0,time_limit,137,85
LA_inst532001.rcp,114073,0,time_limit,173,96
LA_inst533001.rcp,102271,0,time_limit,150,47
LA_inst534001.rcp,72003,0,time_limit,152,44
LA_inst535001.rcp,924,1,search_exhausted,144,144
LA_inst536001.rcp,17888,1,search_exhausted,177,177
LA_inst537001.rcp,126213,0,time_limit,137,85
LA_inst538001.rcp,114565,0,time_limit,181,96
LA_inst539001.rcp,103600,0,time_limit,155,47
LA_inst540001.rcp,101533,0,time_limit,156,44
LA_inst54001.rcp,4760,1,search_exhausted,46,46
LA_inst541001.rcp,460,1,search_exhausted,143,143
LA_inst542001.rcp,27072,1,search_exhausted,178,178
LA_inst543001.rcp,127456,0,time_limit,136,85
LA_inst544001.rcp,113999,0,time_limit,181,96
LA_inst545001.rcp,99917,0,time_limit,141,47
LA_inst546001.rcp,78807,0,time_limit,163,44
LA_inst547001.rcp,516,1,search_exhausted,139,139
LA_inst548001.rcp,1046,1,search_exhausted,164,164
LA_inst549001.rcp,129149,0,time_limit,129,85
LA_inst550001.rcp,109381,0,time_limit,162,96
LA_inst55001.rcp,32,1,search_exhausted,128,128
LA_inst551001.rcp,101936,0,time_limit,155,47
LA_inst552001.rcp,81494,0,time_limit,168,44
LA_inst553001.rcp,181,1,search_exhausted,142,142
LA_inst554001.rcp,5900,1,search_exhausted,168,168
LA_inst555001.rcp,127207,0,time_limit,141,85
LA_inst556001.rcp,114487,0,time_limit,162,96
LA_inst557001.rcp,102433,0,time_limit,153,47
LA_inst558001.rcp,91591,0,time_limit,166,44
LA_inst559001.rcp,329,1,search_exhausted,143,143
LA_inst560001.rcp,750,1,search_exhausted,162,162
LA_inst56001.rcp,32,1,search_exhausted,144,144
LA_inst561001.rcp,126029,0,time_limit,143,85
LA_inst562001.rcp,101343,0,time_limit,176,96
LA_inst563001.rcp,102890,0,time_limit,160,47
LA_inst564001.rcp,84922,0,time_limit,158,44
LA_inst565001.rcp,924,1,search_exhausted,144,144
LA_inst566001.rcp,38102,1,search_exhausted,183,183
LA_inst567001.rcp,127526,0,time_limit,127,85
LA_inst568001.rcp,112799,0,time_limit,171,96
LA_inst569001.rcp,102944,0,time_limit,152,47
LA_inst570001.rcp,83887,0,time_limit,148,44
LA_inst57001.rcp,35,1,search_exhausted,89,89
LA_inst571001.rcp,924,1,search_exhausted,144,144
LA_inst572001.rcp,9101,1,search_exhausted,174,174
LA_inst573001.rcp,125568,0,time_limit,143,85
LA_inst574001.rcp,115666,0,time_limit,182,96
LA_inst575001.rcp,102971,0,time_limit,146,47
LA_inst576001.rcp,79322,0,time_limit,156,44
LA_inst577001.rcp,329,1,search_exhausted,143,143
LA_inst578001.rcp,5695,1,search_exhausted,174,174
LA_inst579001.rcp,126060,0,time_limit,142,85
LA_inst580001.rcp,97701,0,time_limit,186,96
LA_inst58001.rcp,42,1,search_exhausted,102,102
LA_inst581001.rcp,101839,0,time_limit,152,47
LA_inst582001.rcp,79374,0,time_limit,154,44
LA_inst583001.rcp,924,1,search_exhausted,144,144
LA_inst584001.rcp,2699,1,search_exhausted,174,174
LA_inst585001.rcp,127216,0,time_limit,133,85
LA_inst586001.rcp,119313,0,time_limit,178,96
LA_inst587001.rcp,101825,0,time_limit,146,47
LA_inst588001.rcp,82724,0,time_limit,148,44
LA_inst589001.rcp,80,1,search_exhausted,138,138
LA_inst590001.rcp,16813,1,search_exhausted,178,178
LA_inst59001.rcp,56438,0,time_limit,51,47
LA_inst591001.rcp,124928,0,time_limit,133,85
LA_inst592001.rcp,110783,0,time_limit,185,96
LA_inst593001.rcp,104512,0,time_limit,159,47
LA_inst594001.rcp,85893,0,time_limit,161,44
LA_inst595001.rcp,924,1,search_exhausted,144,144
LA_inst596001.rcp,15169,1,search_exhausted,177,177
LA_inst597001.rcp,126491,0,time_limit,138,85
LA_inst598001.rcp,110515,0,time_limit,182,96
LA_inst599001.rcp,102948,0,time_limit,136,47
LA_inst600001.rcp,93931,0,time_limit,178,44
LA_inst60001.rcp,519,1,search_exhausted,44,44
LA_inst6001.rcp,58097,1,search_exhausted,52,52
LA_inst601001.rcp,924,1,search_exhausted,144,144
LA_inst602001.rcp,38102,1,search_exhausted,183,183
LA_inst603001.rcp,127375,0,time_limit,143,85
LA_inst604001.rcp,108408,0,time_limit,187,96
LA_inst605001.rcp,104997,0,time_limit,166,47
LA_inst606001.rcp,96236,0,time_limit,178,44
LA_inst607001.rcp,924,1,search_exhausted,144,144
LA_inst608001.rcp,38102,1,search_exhausted,183,183
LA_inst609001.rcp,127323,0,time_limit,143,85
LA_inst610001.rcp,108447,0,time_limit,187,96
LA_inst61001.rcp,32,1,search_exhausted,128,128
LA_inst611001.rcp,106355,0,time_limit,166,47
LA_inst612001.rcp,95929,0,time_limit,178,44
LA_inst613001.rcp,924,1,search_exhausted,144,144
LA_inst614001.rcp,38102,1,search_exhausted,183,183
LA_inst615001.rcp,127199,0,time_limit,143,85
LA_inst616001.rcp,108104,0,time_limit,187,96
LA_inst617001.rcp,95549,0,time_limit,165,47
LA_inst618001.rcp,97641,0,time_limit,178,44
LA_inst619001.rcp,924,1,search_exhausted,144,144
LA_inst620001.rcp,38102,1,search_exhausted,183,183
LA_inst62001.rcp,32,1,search_exhausted,144,144
LA_inst621001.rcp,128914,0,time_limit,143,85
LA_inst622001.rcp,108203,0,time_limit,187,96
LA_inst623001.rcp,102594,0,time_limit,166,47
LA_inst624001.rcp,96037,0,time_limit,178,44
LA_inst625001.rcp,924,1,search_exhausted,144,144
LA_inst626001.rcp,38102,1,search_exhausted,183,183
LA_inst627001.rcp,125384,0,time_limit,143,85
LA_inst628001.rcp,107666,0,time_limit,187,96
LA_inst629001.rcp,105323,0,time_limit,166,47
LA_inst630001.rcp,97138,0,time_limit,178,44
LA_inst63001.rcp,75,1,search_exhausted,90,90
LA_inst631001.rcp,924,1,search_exhausted,144,144
LA_inst632001.rcp,38102,1,search_exhausted,183,183
LA_inst633001.rcp,127952,0,time_limit,143,85
LA_inst634001.rcp,107296,0,time_limit,187,96
LA_inst635001.rcp,105581,0,time_limit,166,47
LA_inst636001.rcp,96517,0,time_limit,178,44
LA_inst637001.rcp,924,1,search_exhausted,144,144
LA_inst638001.rcp,38102,1,search_exhausted,183,183
LA_inst639001.rcp,127750,0,time_limit,143,85
LA_inst640001.rcp,108523,0,time_limit,187,96
LA_inst64001.rcp,196,1,search_exhausted,102,102
LA_inst641001.rcp,105277,0,time_limit,166,47
LA_inst642001.rcp,96067,0,time_limit,178,44
LA_inst643001.rcp,924,1,search_exhausted,144,144
LA_inst644001.rcp,38102,1,search_exhausted,183,183
LA_inst645001.rcp,126091,0,time_limit,143,85
LA_inst646001.rcp,108998,0,time_limit,187,96
LA_inst647001.rcp,105131,0,time_limit,166,47
LA_inst648001.rcp,95458,0,time_limit,178,44
LA_inst649001.rcp,924,1,search_exhausted,144,144
LA_inst650001.rcp,38102,1,search_exhausted,183,183
LA_inst65001.rcp,56914,0,time_limit,56,47
LA_inst651001.rcp,126649,0,time_limit,143,85
LA_inst652001.rcp,107773,0,time_limit,187,96
LA_inst653001.rcp,105480,0,time_limit,166,47
LA_inst654001.rcp,95951,0,time_limit,178,44
LA_inst655001.rcp,924,1,search_exhausted,144,144
LA_inst656001.rcp,38102,1,search_exhausted,183,183
LA_inst657001.rcp,127687,0,time_limit,143,85
LA_inst658001.rcp,109889,0,time_limit,187,96
LA_inst659001.rcp,105003,0,time_limit,166,47
LA_inst660001.rcp,97829,0,time_limit,178,44
LA_inst66001.rcp,18160,1,search_exhausted,47,47
LA_inst661001.rcp,924,1,search_exhausted,144,144
LA_inst662001.rcp,38102,1,search_exhausted,183,183
LA_inst663001.rcp,127489,0,time_limit,143,85
LA_inst664001.rcp,105388,0,time_limit,187,96
LA_inst665001.rcp,103121,0,time_limit,166,47
LA_inst666001.rcp,94486,0,time_limit,178,44
LA_inst667001.rcp,924,1,search_exhausted,144,144
LA_inst668001.rcp,38102,1,search_exhausted,183,183
LA_inst669001.rcp,128433,0,time_limit,143,85
LA_inst670001.rcp,107669,0,time_limit,187,96
LA_inst67001.rcp,32,1,search_exhausted,128,128
LA_inst671001.rcp,106733,0,time_limit,166,47
LA_inst672001.rcp,96326,0,time_limit,178,44
LA_inst673001.rcp,924,1,search_exhausted,144,144
LA_inst674001.rcp,38102,1,search_exhausted,183,183
LA_inst675001.rcp,126472,0,time_limit,143,85
LA_inst676001.rcp,107600,0,time_limit,187,96
LA_inst677001.rcp,104276,0,time_limit,166,47
LA_inst678001.rcp,97602,0,time_limit,178,44
LA_inst679001.rcp,924,1,search_exhausted,144,144
LA_inst680001.rcp,38102,1,search_exhausted,183,183
LA_inst68001.rcp,83,1,search_exhausted,145,145
LA_inst681001.rcp,127791,0,time_limit,143,85
LA_inst682001.rcp,107837,0,time_limit,187,96
LA_inst683001.rcp,104815,0,time_limit,166,47
LA_inst684001.rcp,91899,0,time_limit,178,44
LA_inst685001.rcp,924,1,search_exhausted,144,144
LA_inst686001.rcp,38102,1,search_exhausted,183,183
LA_inst687001.rcp,126453,0,time_limit,143,85
LA_inst688001.rcp,109541,0,time_limit,187,96
LA_inst689001.rcp,105241,0,time_limit,166,47
LA_inst690001.rcp,97194,0,time_limit,178,44
LA_inst69001.rcp,32,1,search_exhausted,85,85
LA_inst691001.rcp,924,1,search_exhausted,144,144
LA_inst692001.rcp,38102,1,search_exhausted,183,183
LA_inst693001.rcp,126595,0,time_limit,143,85
LA_inst694001.rcp,107009,0,time_limit,187,96
LA_inst695001.rcp,103943,0,time_limit,166,47
LA_inst696001.rcp,95418,0,time_limit,178,44
LA_inst697001.rcp,924,1,search_exhausted,144,144
LA_inst698001.rcp,38102,1,search_exhausted,183,183
LA_inst699001.rcp,127368,0,time_limit,143,85
LA_inst700001.rcp,109398,0,time_limit,187,96
LA_inst70001.rcp,358,1,search_exhausted,108,108
LA_inst7001.rcp,32,1,search_exhausted,128,128
LA_inst701001.rcp,105658,0,time_limit,166,47
LA_inst702001.rcp,95898,0,time_limit,178,44
LA_inst703001.rcp,924,1,search_exhausted,144,144
LA_inst704001.rcp,38102,1,search_exhausted,183,183
LA_inst705001.rcp,125792,0,time_limit,143,85
LA_inst706001.rcp,107063,0,time_limit,187,96
LA_inst707001.rcp,104193,0,time_limit,166,47
LA_inst708001.rcp,96662,0,time_limit,178,44
LA_inst709001.rcp,924,1,search_exhausted,144,144
LA_inst710001.rcp,38102,1,search_exhausted,183,183
LA_inst71001.rcp,57776,0,time_limit,57,47
LA_inst711001.rcp,125467,0,time_limit,143,85
LA_inst712001.rcp,109753,0,time_limit,187,96
LA_inst713001.rcp,102867,0,time_limit,166,47
LA_inst714001.rcp,96668,0,time_limit,178,44
LA_inst715001.rcp,924,1,search_exhausted,144,144
LA_inst716001.rcp,38102,1,search_exhausted,183,183
LA_inst717001.rcp,127733,0,time_limit,143,85
LA_inst718001.rcp,108449,0,time_limit,187,96
LA_inst719001.rcp,103811,0,time_limit,166,47
LA_inst72001.rcp,3316,1,search_exhausted,45,45
LA_inst73001.rcp,32,1,search_exhausted,128,128
LA_inst74001.rcp,32,1,search_exhausted,144,144
LA_inst75001.rcp,56,1,search_exhausted,88,88
LA_inst76001.rcp,32,1,search_exhausted,96,96
LA_inst77001.rcp,25620,1,search_exhausted,47,47
LA_inst78001.rcp,21965,1,search_exhausted,44,44
LA_inst79001.rcp,32,1,search_exhausted,128,128
LA_inst80001.rcp,85,1,search_exhausted,146,146
LA_inst8001.rcp,32,1,search_exhausted,144,144
LA_inst81001.rcp,32,1,search_exhausted,85,85
LA_inst82001.rcp,171,1,search_exhausted,97,97
LA_inst83001.rcp,59621,0,time_limit,54,47
LA_inst84001.rcp,28697,1,search_exhausted,51,51
LA_inst85001.rcp,49,1,search_exhausted,129,129
LA_inst86001.rcp,32,1,search_exhausted,144,144
LA_inst87001.rcp,58,1,search_exhausted,89,89
LA_inst88001.rcp,42,1,search_exhausted,102,102
LA_inst89001.rcp,62268,0,time_limit,56,47
LA_inst90001.rcp,384,1,search_exhausted,44,44
LA_inst9001.rcp,32,1,search_exhausted,85,85
LA_inst91001.rcp,49,1,search_exhausted,129,129
LA_inst92001.rcp,32,1,search_exhausted,144,144
LA_inst93001.rcp,32,1,search_exhausted,85,85
LA_inst94001.rcp,32,1,search_exhausted,96,96
LA_inst95001.rcp,47820,1,search_exhausted,49,49
LA_inst96001.rcp,37333,1,search_exhausted,47,47
LA_inst97001.rcp,36,1,search_exhausted,131,131
LA_inst98001.rcp,32,1,search_exhausted,144,144
LA_inst99001.rcp,32,1,search_exhausted,85,85
RC_inst1.rcp,32,1,search_exhausted,28,28
RC_inst100001.rcp,276,1,search_exhausted,92,92
RC_inst10001.rcp,32,1,search_exhausted,81,81
RC_inst1001.rcp,32,1,search_exhausted,81,81
RC_inst101001.rcp,71,1,search_exhausted,145,145
RC_inst102001.rcp,82521,0,time_limit,49,28
RC_inst103001.rcp,2663,1,search_exhausted,95,95
RC_inst104001.rcp,206,1,search_exhausted,151,151
RC_inst105001.rcp,67452,0,time_limit,47,28
RC_inst106001.rcp,205,1,search_exhausted,91,91
RC_inst107001.rcp,32,1,search_exhausted,142,142
RC_inst108001.rcp,76146,0,time_limit,46,28
RC_inst109001.rcp,1618,1,search_exhausted,98,98
RC_inst110001.rcp,75,1,search_exhausted,148,148
RC_inst11001.rcp,32,1,search_exhausted,142,142
RC_inst111001.rcp,71657,0,time_limit,56,28
RC_inst112001.rcp,142,1,search_exhausted,90,90
RC_inst113001.rcp,41,1,search_exhausted,142,142
RC_inst114001.rcp,75173,0,time_limit,53,28
RC_inst115001.rcp,167,1,search_exhausted,92,92
RC_inst116001.rcp,128,1,search_exhausted,144,144
RC_inst117001.rcp,64088,0,time_limit,53,28
RC_inst118001.rcp,522,1,search_exhausted,92,92
RC_inst119001.rcp,100,1,search_exhausted,151,151
RC_inst120001.rcp,76507,0,time_limit,57,28
RC_inst12001.rcp,32,1,search_exhausted,28,28
RC_inst121001.rcp,2661,1,search_exhausted,101,101
RC_inst122001.rcp,68,1,search_exhausted,148,148
RC_inst123001.rcp,78753,0,time_limit,54,28
RC_inst124001.rcp,12921,1,search_exhausted,107,107
RC_inst125001.rcp,330,1,search_exhausted,151,151
RC_inst126001.rcp,85145,0,time_limit,54,28
RC_inst127001.rcp,22955,1,search_exhausted,108,108
RC_inst128001.rcp,237,1,search_exhausted,144,144
RC_inst129001.rcp,76608,0,time_limit,67,28
RC_inst130001.rcp,4531,1,search_exhausted,104,104
RC_inst13001.rcp,32,1,search_exhausted,81,81
RC_inst131001.rcp,214,1,search_exhausted,145,145
RC_inst132001.rcp,85440,0,time_limit,62,28
RC_inst133001.rcp,251,1,search_exhausted,93,93
RC_inst134001.rcp,234,1,search_exhausted,147,147
RC_inst135001.rcp,77719,0,time_limit,50,28
RC_inst136001.rcp,3398,1,search_exhausted,99,99
RC_inst137001.rcp,457,1,search_exhausted,151,151
RC_inst138001.rcp,92173,0,time_limit,62,28
RC_inst139001.rcp,1726,1,search_exhausted,99,99
RC_inst140001.rcp,210,1,search_exhausted,146,146
RC_inst14001.rcp,32,1,search_exhausted,142,142
RC_inst141001.rcp,79219,0,time_limit,53,28
RC_inst142001.rcp,1840,1,search_exhausted,99,99
RC_inst143001.rcp,619,1,search_exhausted,149,149
RC_inst144001.rcp,74256,0,time_limit,53,28
RC_inst145001.rcp,4074,1,search_exhausted,101,101
RC_inst146001.rcp,87,1,search_exhausted,151,151
RC_inst147001.rcp,78491,0,time_limit,53,28
RC_inst148001.rcp,12552,1,search_exhausted,109,109
RC_inst149001.rcp,91,1,search_exhausted,148,148
RC_inst150001.rcp,93233,0,time_limit,71,28
RC_inst15001.rcp,32,1,search_exhausted,28,28
RC_inst151001.rcp,45869,1,search_exhausted,117,117
RC_inst152001.rcp,478,1,search_exhausted,152,152
RC_inst153001.rcp,90267,0,time_limit,69,28
RC_inst154001.rcp,87061,1,search_exhausted,119,119
RC_inst155001.rcp,364,1,search_exhausted,151,151
RC_inst156001.rcp,83192,0,time_limit,66,28
RC_inst157001.rcp,13520,1,search_exhausted,109,109
RC_inst158001.rcp,841,1,search_exhausted,146,146
RC_inst159001.rcp,84277,0,time_limit,70,28
RC_inst160001.rcp,12155,1,search_exhausted,112,112
RC_inst16001.rcp,32,1,search_exhausted,81,81
RC_inst161001.rcp,81,1,search_exhausted,145,145
RC_inst162001.rcp,78903,0,time_limit,63,28
RC_inst163001.rcp,91920,1,search_exhausted,122,122
RC_inst164001.rcp,282,1,search_exhausted,145,145
RC_inst165001.rcp,102499,0,time_limit,70,28
RC_inst166001.rcp,128447,0,time_limit,127,91
RC_inst167001.rcp,111,1,search_exhausted,145,145
RC_inst168001.rcp,89392,0,time_limit,71,28
RC_inst169001.rcp,22253,1,search_exhausted,109,109
RC_inst170001.rcp,49,1,search_exhausted,143,143
RC_inst17001.rcp,32,1,search_exhausted,142,142
RC_inst171001.rcp,104550,0,time_limit,90,28
RC_inst172001.rcp,52643,1,search_exhausted,114,114
RC_inst173001.rcp,814,1,search_exhausted,152,152
RC_inst174001.rcp,109514,0,time_limit,73,28
RC_inst175001.rcp,29959,1,search_exhausted,109,109
RC_inst176001.rcp,202,1,search_exhausted,150,150
RC_inst177001.rcp,101091,0,time_limit,67,28
RC_inst178001.rcp,18292,1,search_exhausted,109,109
RC_inst179001.rcp,587,1,search_exhausted,146,146
RC_inst180001.rcp,99808,0,time_limit,77,28
RC_inst18001.rcp,32,1,search_exhausted,28,28
RC_inst181001.rcp,81357,1,search_exhausted,116,116
RC_inst182001.rcp,1033,1,search_exhausted,149,149
RC_inst183001.rcp,92645,0,time_limit,78,28
RC_inst184001.rcp,31684,1,search_exhausted,112,112
RC_inst185001.rcp,1569,1,search_exhausted,154,154
RC_inst186001.rcp,101577,0,time_limit,81,28
RC_inst187001.rcp,86532,1,search_exhausted,117,117
RC_inst188001.rcp,431,1,search_exhausted,155,155
RC_inst189001.rcp,94789,0,time_limit,73,28
RC_inst190001.rcp,117315,1,search_exhausted,115,115
RC_inst19001.rcp,32,1,search_exhausted,81,81
RC_inst191001.rcp,81,1,search_exhausted,148,148
RC_inst192001.rcp,121476,0,time_limit,91,28
RC_inst193001.rcp,53381,1,search_exhausted,117,117
RC_inst194001.rcp,871,1,search_exhausted,156,156
RC_inst195001.rcp,112831,0,time_limit,90,28
RC_inst196001.rcp,79966,1,search_exhausted,117,117
RC_inst197001.rcp,424,1,search_exhausted,151,151
RC_inst198001.rcp,100912,0,time_limit,78,28
RC_inst199001.rcp,69711,1,search_exhausted,117,117
RC_inst200001.rcp,994,1,search_exhausted,156,156
RC_inst20001.rcp,32,1,search_exhausted,142,142
RC_inst2001.rcp,32,1,search_exhausted,142,142
RC_inst201001.rcp,106255,0,time_limit,78,28
RC_inst202001.rcp,140504,0,time_limit,125,81
RC_inst203001.rcp,2048,1,search_exhausted,158,158
RC_inst204001.rcp,90077,0,time_limit,76,28
RC_inst205001.rcp,121773,0,time_limit,129,81
RC_inst206001.rcp,576,1,search_exhausted,154,154
RC_inst207001.rcp,99957,0,time_limit,85,28
RC_inst208001.rcp,26755,1,search_exhausted,111,111
RC_inst209001.rcp,197,1,search_exhausted,145,145
RC_inst210001.rcp,90701,0,time_limit,76,28
RC_inst21001.rcp,32,1,search_exhausted,28,28
RC_inst211001.rcp,144868,0,time_limit,141,81
RC_inst212001.rcp,1251,1,search_exhausted,157,157
RC_inst213001.rcp,103201,0,time_limit,91,28
RC_inst214001.rcp,117603,0,time_limit,122,81
RC_inst215001.rcp,3204,1,search_exhausted,155,155
RC_inst216001.rcp,112085,0,time_limit,98,28
RC_inst217001.rcp,126770,0,time_limit,124,81
RC_inst218001.rcp,1013,1,search_exhausted,154,154
RC_inst219001.rcp,102740,0,time_limit,81,28
RC_inst220001.rcp,128664,0,time_limit,131,81
RC_inst22001.rcp,32,1,search_exhausted,81,81
RC_inst221001.rcp,1066,1,search_exhausted,152,152
RC_inst222001.rcp,115430,0,time_limit,80,28
RC_inst223001.rcp,148055,0,time_limit,128,81
RC_inst224001.rcp,1265,1,search_exhausted,152,152
RC_inst225001.rcp,122377,0,time_limit,89,28
RC_inst226001.rcp,129477,0,time_limit,125,81
RC_inst227001.rcp,1573,1,search_exhausted,152,152
RC_inst228001.rcp,94031,0,time_limit,85,28
RC_inst229001.rcp,117994,0,time_limit,130,81
RC_inst230001.rcp,760,1,search_exhausted,149,149
RC_inst23001.rcp,32,1,search_exhausted,142,142
RC_inst231001.rcp,122750,0,time_limit,90,28
RC_inst232001.rcp,126415,0,time_limit,126,81
RC_inst233001.rcp,440,1,search_exhausted,156,156
RC_inst234001.rcp,122065,0,time_limit,99,28
RC_inst235001.rcp,149049,0,time_limit,145,81
RC_inst236001.rcp,2895,1,search_exhausted,157,157
RC_inst237001.rcp,119894,0,time_limit,98,28
RC_inst238001.rcp,114791,0,time_limit,122,81
RC_inst239001.rcp,468,1,search_exhausted,154,154
RC_inst240001.rcp,100951,0,time_limit,89,28
RC_inst24001.rcp,32,1,search_exhausted,28,28
RC_inst241001.rcp,144215,0,time_limit,132,81
RC_inst242001.rcp,758,1,search_exhausted,152,152
RC_inst243001.rcp,106193,0,time_limit,94,28
RC_inst244001.rcp,145046,0,time_limit,141,81
RC_inst245001.rcp,2831,1,search_exhausted,152,152
RC_inst246001.rcp,108608,0,time_limit,85,28
RC_inst247001.rcp,34666,1,search_exhausted,109,109
RC_inst248001.rcp,992,1,search_exhausted,152,152
RC_inst249001.rcp,105910,0,time_limit,97,28
RC_inst250001.rcp,121112,0,time_limit,122,81
RC_inst25001.rcp,32,1,search_exhausted,81,81
RC_inst251001.rcp,779,1,search_exhausted,149,149
RC_inst252001.rcp,119076,0,time_limit,91,28
RC_inst253001.rcp,118826,0,time_limit,130,81
RC_inst254001.rcp,5171,1,search_exhausted,159,159
RC_inst255001.rcp,110945,0,time_limit,99,28
RC_inst256001.rcp,132374,0,time_limit,129,81
RC_inst257001.rcp,1777,1,search_exhausted,151,151
RC_inst258001.rcp,110301,0,time_limit,92,28
RC_inst259001.rcp,139511,0,time_limit,150,81
RC_inst260001.rcp,491,1,search_exhausted,152,152
RC_inst26001.rcp,32,1,search_exhausted,142,142
RC_inst261001.rcp,129920,0,time_limit,112,28
RC_inst262001.rcp,141371,0,time_limit,133,81
RC_inst263001.rcp,2019,1,search_exhausted,157,157
RC_inst264001.rcp,118377,0,time_limit,89,28
RC_inst265001.rcp,122023,0,time_limit,129,81
RC_inst266001.rcp,2118,1,search_exhausted,160,160
RC_inst267001.rcp,106447,0,time_limit,90,28
RC_inst268001.rcp,133758,0,time_limit,126,81
RC_inst269001.rcp,2827,1,search_exhausted,156,156
RC_inst270001.rcp,32,1,search_exhausted,28,28
RC_inst27001.rcp,32,1,search_exhausted,28,28
RC_inst271001.rcp,32,1,search_exhausted,81,81
RC_inst272001.rcp,32,1,search_exhausted,142,142
RC_inst273001.rcp,32,1,search_exhausted,28,28
RC_inst274001.rcp,32,1,search_exhausted,81,81
RC_inst275001.rcp,32,1,search_exhausted,142,142
RC_inst276001.rcp,32,1,search_exhausted,28,28
RC_inst277001.rcp,32,1,search_exhausted,81,81
RC_inst278001.rcp,32,1,search_exhausted,142,142
RC_inst279001.rcp,32,1,search_exhausted,28,28
RC_inst280001.rcp,32,1,search_exhausted,81,81
RC_inst28001.rcp,32,1,search_exhausted,81,81
RC_inst281001.rcp,32,1,search_exhausted,142,142
RC_inst282001.rcp,55829,0,time_limit,29,28
RC_inst283001.rcp,32,1,search_exhausted,81,81
RC_inst284001.rcp,32,1,search_exhausted,142,142
RC_inst285001.rcp,55390,0,time_limit,31,28
RC_inst286001.rcp,32,1,search_exhausted,81,81
RC_inst287001.rcp,32,1,search_exhausted,142,142
RC_inst288001.rcp,66950,0,time_limit,29,28
RC_inst289001.rcp,32,1,search_exhausted,81,81
RC_inst290001.rcp,32,1,search_exhausted,142,142
RC_inst29001.rcp,32,1,search_exhausted,142,142
RC_inst291001.rcp,32,1,search_exhausted,28,28
RC_inst292001.rcp,32,1,search_exhausted,81,81
RC_inst293001.rcp,32,1,search_exhausted,142,142
RC_inst294001.rcp,32,1,search_exhausted,28,28
RC_inst295001.rcp,32,1,search_exhausted,81,81
RC_inst296001.rcp,32,1,search_exhausted,142,142
RC_inst297001.rcp,32,1,search_exhausted,28,28
RC_inst298001.rcp,32,1,search_exhausted,81,81
RC_inst299001.rcp,32,1,search_exhausted,142,142
RC_inst300001.rcp,64535,0,time_limit,48,28
RC_inst30001.rcp,32,1,search_exhausted,28,28
RC_inst3001.rcp,32,1,search_exhausted,28,28
RC_inst301001.rcp,134,1,search_exhausted,86,86
RC_inst302001.rcp,32,1,search_exhausted,142,142
RC_inst303001.rcp,63942,0,time_limit,45,28
RC_inst304001.rcp,146,1,search_exhausted,85,85
RC_inst305001.rcp,71,1,search_exhausted,145,145
RC_inst306001.rcp,78525,0,time_limit,47,28
RC_inst307001.rcp,32,1,search_exhausted,81,81
RC_inst308001.rcp,32,1,search_exhausted,142,142
RC_inst309001.rcp,70032,0,time_limit,43,28
RC_inst310001.rcp,172,1,search_exhausted,87,87
RC_inst31001.rcp,32,1,search_exhausted,81,81
RC_inst311001.rcp,32,1,search_exhausted,142,142
RC_inst312001.rcp,63830,0,time_limit,43,28
RC_inst313001.rcp,102,1,search_exhausted,86,86
RC_inst314001.rcp,32,1,search_exhausted,142,142
RC_inst315001.rcp,83315,0,time_limit,53,28
RC_inst316001.rcp,134,1,search_exhausted,84,84
RC_inst317001.rcp,128,1,search_exhausted,145,145
RC_inst318001.rcp,77598,0,time_limit,43,28
RC_inst319001.rcp,41,1,search_exhausted,85,85
RC_inst320001.rcp,32,1,search_exhausted,142,142
RC_inst32001.rcp,32,1,search_exhausted,142,142
RC_inst321001.rcp,68045,0,time_limit,39,28
RC_inst322001.rcp,233,1,search_exhausted,88,88
RC_inst323001.rcp,71,1,search_exhausted,145,145
RC_inst324001.rcp,63495,0,time_limit,42,28
RC_inst325001.rcp,502,1,search_exhausted,87,87
RC_inst326001.rcp,32,1,search_exhausted,142,142
RC_inst327001.rcp,80779,0,time_limit,40,28
RC_inst328001.rcp,311,1,search_exhausted,91,91
RC_inst329001.rcp,32,1,search_exhausted,142,142
RC_inst330001.rcp,77986,0,time_limit,72,28
RC_inst33001.rcp,54785,0,time_limit,29,28
RC_inst331001.rcp,23573,1,search_exhausted,110,110
RC_inst332001.rcp,122,1,search_exhausted,144,144
RC_inst333001.rcp,85185,0,time_limit,69,28
RC_inst334001.rcp,4502,1,search_exhausted,105,105
RC_inst335001.rcp,825,1,search_exhausted,152,152
RC_inst336001.rcp,75005,0,time_limit,54,28
RC_inst337001.rcp,15170,1,search_exhausted,109,109
RC_inst338001.rcp,95,1,search_exhausted,151,151
RC_inst339001.rcp,83997,0,time_limit,70,28
RC_inst340001.rcp,46668,1,search_exhausted,116,116
RC_inst34001.rcp,346,1,search_exhausted,86,86
RC_inst341001.rcp,264,1,search_exhausted,150,150
RC_inst342001.rcp,89717,0,time_limit,71,28
RC_inst343001.rcp,45755,1,search_exhausted,107,107
RC_inst344001.rcp,181,1,search_exhausted,151,151
RC_inst345001.rcp,81772,0,time_limit,68,28
RC_inst346001.rcp,35941,1,search_exhausted,116,116
RC_inst347001.rcp,93,1,search_exhausted,147,147
RC_inst348001.rcp,100560,0,time_limit,63,28
RC_inst349001.rcp,4957,1,search_exhausted,100,100
RC_inst350001.rcp,71,1,search_exhausted,145,145
RC_inst35001.rcp,32,1,search_exhausted,142,142
RC_inst351001.rcp,85465,0,time_limit,69,28
RC_inst352001.rcp,12320,1,search_exhausted,103,103
RC_inst353001.rcp,304,1,search_exhausted,149,149
RC_inst354001.rcp,85601,0,time_limit,62,28
RC_inst355001.rcp,8744,1,search_exhausted,102,102
RC_inst356001.rcp,109,1,search_exhausted,147,147
RC_inst357001.rcp,80670,0,time_limit,71,28
RC_inst358001.rcp,9926,1,search_exhausted,106,106
RC_inst359001.rcp,171,1,search_exhausted,148,148
RC_inst360001.rcp,89827,0,time_limit,89,28
RC_inst36001.rcp,87,1,search_exhausted,28,28
RC_inst361001.rcp,121714,0,time_limit,142,81
RC_inst362001.rcp,1981,1,search_exhausted,161,161
RC_inst363001.rcp,105923,0,time_limit,82,28
RC_inst364001.rcp,108425,0,time_limit,130,81
RC_inst365001.rcp,1233,1,search_exhausted,152,152
RC_inst366001.rcp,94173,0,time_limit,94,28
RC_inst367001.rcp,122678,0,time_limit,140,81
RC_inst368001.rcp,382,1,search_exhausted,148,148
RC_inst369001.rcp,82692,0,time_limit,85,28
RC_inst370001.rcp,113428,0,time_limit,116,81
RC_inst37001.rcp,32,1,search_exhausted,81,81
RC_inst371001.rcp,483,1,search_exhausted,149,149
RC_inst372001.rcp,92883,0,time_limit,103,28
RC_inst373001.rcp,121592,0,time_limit,135,81
RC_inst374001.rcp,4203,1,search_exhausted,158,158
RC_inst375001.rcp,112797,0,time_limit,94,28
RC_inst376001.rcp,59900,1,search_exhausted,113,113
RC_inst377001.rcp,1451,1,search_exhausted,160,160
RC_inst378001.rcp,94967,0,time_limit,95,28
RC_inst379001.rcp,114719,0,time_limit,134,81
RC_inst380001.rcp,162,1,search_exhausted,151,151
RC_inst38001.rcp,32,1,search_exhausted,142,142
RC_inst381001.rcp,94765,0,time_limit,108,28
RC_inst382001.rcp,94033,0,time_limit,127,81
RC_inst383001.rcp,2951,1,search_exhausted,157,157
RC_inst384001.rcp,99100,0,time_limit,91,28
RC_inst385001.rcp,123562,0,time_limit,122,81
RC_inst386001.rcp,494,1,search_exhausted,152,152
RC_inst387001.rcp,91077,0,time_limit,104,28
RC_inst388001.rcp,126132,0,time_limit,129,81
RC_inst389001.rcp,1018,1,search_exhausted,149,149
RC_inst390001.rcp,112265,0,time_limit,116,28
RC_inst39001.rcp,32,1,search_exhausted,28,28
RC_inst391001.rcp,128112,0,time_limit,153,81
RC_inst392001.rcp,24280,1,search_exhausted,165,165
RC_inst393001.rcp,108009,0,time_limit,127,28
RC_inst394001.rcp,133249,0,time_limit,155,81
RC_inst395001.rcp,364,1,search_exhausted,154,154
RC_inst396001.rcp,103881,0,time_limit,113,28
RC_inst397001.rcp,120411,0,time_limit,149,81
RC_inst398001.rcp,26627,1,search_exhausted,166,166
RC_inst399001.rcp,105590,0,time_limit,121,28
RC_inst400001.rcp,116466,0,time_limit,142,81
RC_inst40001.rcp,32,1,search_exhausted,81,81
RC_inst4001.rcp,32,1,search_exhausted,81,81
RC_inst401001.rcp,4291,1,search_exhausted,165,165
RC_inst402001.rcp,105766,0,time_limit,114,28
RC_inst403001.rcp,123629,0,time_limit,145,81
RC_inst404001.rcp,26627,1,search_exhausted,166,166
RC_inst405001.rcp,98363,0,time_limit,114,28
RC_inst406001.rcp,129602,0,time_limit,153,81
RC_inst407001.rcp,5272,1,search_exhausted,158,158
RC_inst408001.rcp,106292,0,time_limit,125,28
RC_inst409001.rcp,120918,0,time_limit,153,81
RC_inst410001.rcp,9934,1,search_exhausted,161,161
RC_inst41001.rcp,32,1,search_exhausted,142,142
RC_inst411001.rcp,109395,0,time_limit,118,28
RC_inst412001.rcp,126946,0,time_limit,134,81
RC_inst413001.rcp,955,1,search_exhausted,150,150
RC_inst414001.rcp,106850,0,time_limit,118,28
RC_inst415001.rcp,125168,0,time_limit,155,81
RC_inst416001.rcp,19975,1,search_exhausted,165,165
RC_inst417001.rcp,106147,0,time_limit,119,28
RC_inst418001.rcp,124774,0,time_limit,149,81
RC_inst419001.rcp,26627,1,search_exhausted,166,166
RC_inst420001.rcp,107592,0,time_limit,128,28
RC_inst42001.rcp,35,1,search_exhausted,28,28
RC_inst421001.rcp,121069,0,time_limit,158,81
RC_inst422001.rcp,9115,1,search_exhausted,161,161
RC_inst423001.rcp,107081,0,time_limit,128,28
RC_inst424001.rcp,114894,0,time_limit,158,81
RC_inst425001.rcp,26627,1,search_exhausted,166,166
RC_inst426001.rcp,106434,0,time_limit,129,28
RC_inst427001.rcp,119467,0,time_limit,158,81
RC_inst428001.rcp,26627,1,search_exhausted,166,166
RC_inst429001.rcp,100213,0,time_limit,124,28
RC_inst430001.rcp,119740,0,time_limit,153,81
RC_inst43001.rcp,32,1,search_exhausted,81,81
RC_inst431001.rcp,26627,1,search_exhausted,166,166
RC_inst432001.rcp,103225,0,time_limit,123,28
RC_inst433001.rcp,113428,0,time_limit,158,81
RC_inst434001.rcp,26627,1,search_exhausted,166,166
RC_inst435001.rcp,102493,0,time_limit,130,28
RC_inst436001.rcp,112392,0,time_limit,158,81
RC_inst437001.rcp,26627,1,search_exhausted,166,166
RC_inst438001.rcp,97720,0,time_limit,129,28
RC_inst439001.rcp,113199,0,time_limit,158,81
RC_inst440001.rcp,8959,1,search_exhausted,159,159
RC_inst44001.rcp,32,1,search_exhausted,142,142
RC_inst441001.rcp,103121,0,time_limit,123,28
RC_inst442001.rcp,111953,0,time_limit,158,81
RC_inst443001.rcp,5272,1,search_exhausted,158,158
RC_inst444001.rcp,99036,0,time_limit,129,28
RC_inst445001.rcp,112033,0,time_limit,158,81
RC_inst446001.rcp,4291,1,search_exhausted,165,165
RC_inst447001.rcp,103781,0,time_limit,125,28
RC_inst448001.rcp,113566,0,time_limit,156,81
RC_inst449001.rcp,26627,1,search_exhausted,166,166
RC_inst450001.rcp,101884,0,time_limit,130,28
RC_inst45001.rcp,49360,0,time_limit,34,28
RC_inst451001.rcp,114164,0,time_limit,158,81
RC_inst452001.rcp,26627,1,search_exhausted,166,166
RC_inst453001.rcp,101209,0,time_limit,130,28
RC_inst454001.rcp,112325,0,time_limit,158,81
RC_inst455001.rcp,26627,1,search_exhausted,166,166
RC_inst456001.rcp,101014,0,time_limit,130,28
RC_inst457001.rcp,111639,0,time_limit,158,81
RC_inst458001.rcp,26627,1,search_exhausted,166,166
RC_inst459001.rcp,100619,0,time_limit,130,28
RC_inst460001.rcp,114295,0,time_limit,158,81
RC_inst46001.rcp,32,1,search_exhausted,81,81
RC_inst461001.rcp,26627,1,search_exhausted,166,166
RC_inst462001.rcp,103975,0,time_limit,122,28
RC_inst463001.rcp,112404,0,time_limit,158,81
RC_inst464001.rcp,26627,1,search_exhausted,166,166
RC_inst465001.rcp,102325,0,time_limit,130,28
RC_inst466001.rcp,114275,0,time_limit,158,81
RC_inst467001.rcp,26627,1,search_exhausted,166,166
RC_inst468001.rcp,101878,0,time_limit,130,28
RC_inst469001.rcp,110758,0,time_limit,158,81
RC_inst470001.rcp,26627,1,search_exhausted,166,166
RC_inst47001.rcp,32,1,search_exhausted,142,142
RC_inst471001.rcp,102761,0,time_limit,130,28
RC_inst472001.rcp,113548,0,time_limit,158,81
RC_inst473001.rcp,26627,1,search_exhausted,166,166
RC_inst474001.rcp,102821,0,time_limit,130,28
RC_inst475001.rcp,114652,0,time_limit,158,81
RC_inst476001.rcp,26627,1,search_exhausted,166,166
RC_inst477001.rcp,102129,0,time_limit,129,28
RC_inst478001.rcp,112595,0,time_limit,158,81
RC_inst479001.rcp,26627,1,search_exhausted,166,166
RC_inst480001.rcp,102634,0,time_limit,130,28
RC_inst48001.rcp,52480,0,time_limit,36,28
RC_inst481001.rcp,114373,0,time_limit,158,81
RC_inst482001.rcp,26627,1,search_exhausted,166,166
RC_inst483001.rcp,103143,0,time_limit,130,28
RC_inst484001.rcp,113813,0,time_limit,158,81
RC_inst485001.rcp,26627,1,search_exhausted,166,166
RC_inst486001.rcp,102430,0,time_limit,130,28
RC_inst487001.rcp,113593,0,time_limit,158,81
RC_inst488001.rcp,26627,1,search_exhausted,166,166
RC_inst489001.rcp,101521,0,time_limit,130,28
RC_inst490001.rcp,112084,0,time_limit,158,81
RC_inst49001.rcp,32,1,search_exhausted,81,81
RC_inst491001.rcp,26627,1,search_exhausted,166,166
RC_inst492001.rcp,101893,0,time_limit,130,28
RC_inst493001.rcp,114980,0,time_limit,158,81
RC_inst494001.rcp,26627,1,search_exhausted,166,166
RC_inst495001.rcp,103133,0,time_limit,130,28
RC_inst496001.rcp,114620,0,time_limit,158,81
RC_inst497001.rcp,26627,1,search_exhausted,166,166
RC_inst498001.rcp,103342,0,time_limit,130,28
RC_inst499001.rcp,113213,0,time_limit,158,81
RC_inst500001.rcp,26627,1,search_exhausted,166,166
RC_inst50001.rcp,32,1,search_exhausted,142,142
RC_inst5001.rcp,32,1,search_exhausted,142,142
RC_inst501001.rcp,103066,0,time_limit,130,28
RC_inst502001.rcp,113774,0,time_limit,158,81
RC_inst503001.rcp,26627,1,search_exhausted,166,166
RC_inst504001.rcp,101405,0,time_limit,130,28
RC_inst505001.rcp,111884,0,time_limit,158,81
RC_inst506001.rcp,26627,1,search_exhausted,166,166
RC_inst507001.rcp,100720,0,time_limit,130,28
RC_inst508001.rcp,113920,0,time_limit,158,81
RC_inst509001.rcp,26627,1,search_exhausted,166,166
RC_inst510001.rcp,102828,0,time_limit,130,28
RC_inst51001.rcp,32,1,search_exhausted,28,28
RC_inst511001.rcp,115103,0,time_limit,158,81
RC_inst512001.rcp,26627,1,search_exhausted,166,166
RC_inst513001.rcp,103016,0,time_limit,130,28
RC_inst514001.rcp,112763,0,time_limit,158,81
RC_inst515001.rcp,26627,1,search_exhausted,166,166
RC_inst516001.rcp,102010,0,time_limit,130,28
RC_inst517001.rcp,113247,0,time_limit,158,81
RC_inst518001.rcp,26627,1,search_exhausted,166,166
RC_inst519001.rcp,102118,0,time_limit,130,28
RC_inst520001.rcp,114496,0,time_limit,158,81
RC_inst52001.rcp,32,1,search_exhausted,81,81
RC_inst521001.rcp,26627,1,search_exhausted,166,166
RC_inst522001.rcp,103329,0,time_limit,130,28
RC_inst523001.rcp,113795,0,time_limit,158,81
RC_inst524001.rcp,26627,1,search_exhausted,166,166
RC_inst525001.rcp,101340,0,time_limit,130,28
RC_inst526001.rcp,113248,0,time_limit,158,81
RC_inst527001.rcp,26627,1,search_exhausted,166,166
RC_inst528001.rcp,102483,0,time_limit,130,28
RC_inst529001.rcp,114669,0,time_limit,158,81
RC_inst530001.rcp,26627,1,search_exhausted,166,166
RC_inst53001.rcp,32,1,search_exhausted,142,142
RC_inst531001.rcp,103477,0,time_limit,130,28
RC_inst532001.rcp,113392,0,time_limit,158,81
RC_inst533001.rcp,26627,1,search_exhausted,166,166
RC_inst534001.rcp,103855,0,time_limit,130,28
RC_inst535001.rcp,113541,0,time_limit,158,81
RC_inst536001.rcp,26627,1,search_exhausted,166,166
RC_inst537001.rcp,103143,0,time_limit,130,28
RC_inst538001.rcp,114404,0,time_limit,158,81
RC_inst539001.rcp,26627,1,search_exhausted,166,166
RC_inst54001.rcp,49968,0,time_limit,34,28
RC_inst55001.rcp,68,1,search_exhausted,86,86
RC_inst56001.rcp,32,1,search_exhausted,142,142
RC_inst57001.rcp,54849,0,time_limit,33,28
RC_inst58001.rcp,32,1,search_exhausted,81,81
RC_inst59001.rcp,32,1,search_exhausted,142,142
RC_inst60001.rcp,68914,0,time_limit,42,28
RC_inst6001.rcp,32,1,search_exhausted,28,28
RC_inst61001.rcp,167,1,search_exhausted,88,88
RC_inst62001.rcp,32,1,search_exhausted,142,142
RC_inst63001.rcp,61059,0,time_limit,34,28
RC_inst64001.rcp,84,1,search_exhausted,86,86
RC_inst65001.rcp,32,1,search_exhausted,142,142
RC_inst66001.rcp,78843,0,time_limit,41,28
RC_inst67001.rcp,32,1,search_exhausted,81,81
RC_inst68001.rcp,32,1,search_exhausted,142,142
RC_inst69001.rcp,51724,0,time_limit,35,28
RC_inst70001.rcp,232,1,search_exhausted,91,91
RC_inst7001.rcp,32,1,search_exhausted,81,81
RC_inst71001.rcp,32,1,search_exhausted,142,142
RC_inst72001.rcp,65723,0,time_limit,38,28
RC_inst73001.rcp,186,1,search_exhausted,94,94
RC_inst74001.rcp,32,1,search_exhausted,142,142
RC_inst75001.rcp,61488,0,time_limit,40,28
RC_inst76001.rcp,194,1,search_exhausted,87,87
RC_inst77001.rcp,32,1,search_exhausted,142,142
RC_inst78001.rcp,82647,0,time_limit,41,28
RC_inst79001.rcp,283,1,search_exhausted,92,92
RC_inst80001.rcp,75,1,search_exhausted,148,148
RC_inst8001.rcp,32,1,search_exhausted,142,142
RC_inst81001.rcp,56388,0,time_limit,43,28
RC_inst82001.rcp,202,1,search_exhausted,83,83
RC_inst83001.rcp,32,1,search_exhausted,142,142
RC_inst84001.rcp,71483,0,time_limit,42,28
RC_inst85001.rcp,1043,1,search_exhausted,91,91
RC_inst86001.rcp,32,1,search_exhausted,142,142
RC_inst87001.rcp,71590,0,time_limit,45,28
RC_inst88001.rcp,73,1,search_exhausted,84,84
RC_inst89001.rcp,32,1,search_exhausted,142,142
RC_inst90001.rcp,82565,0,time_limit,48,28
RC_inst9001.rcp,32,1,search_exhausted,28,28
RC_inst91001.rcp,805,1,search_exhausted,92,92
RC_inst92001.rcp,32,1,search_exhausted,142,142
RC_inst93001.rcp,77953,0,time_limit,51,28
RC_inst94001.rcp,2088,1,search_exhausted,99,99
RC_inst95001.rcp,87,1,search_exhausted,143,143
RC_inst96001.rcp,60656,0,time_limit,46,28
RC_inst97001.rcp,869,1,search_exhausted,97,97
RC_inst98001.rcp,68,1,search_exhausted,148,148
RC_inst99001.rcp,68282,0,time_limit,51,28
RU_inst1.rcp,32,1,search_exhausted,28,28
RU_inst100001.rcp,614,1,search_exhausted,90,90
RU_inst10001.rcp,32,1,search_exhausted,81,81
RU_inst1001.rcp,32,1,search_exhausted,81,81
RU_inst101001.rcp,105,1,search_exhausted,150,150
RU_inst102001.rcp,52121,0,time_limit,38,28
RU_inst103001.rcp,917,1,search_exhausted,91,91
RU_inst104001.rcp,32,1,search_exhausted,142,142
RU_inst105001.rcp,57854,0,time_limit,44,28
RU_inst106001.rcp,250,1,search_exhausted,90,90
RU_inst107001.rcp,114,1,search_exhausted,145,145
RU_inst108001.rcp,62569,0,time_limit,44,28
RU_inst109001.rcp,1556,1,search_exhausted,95,95
RU_inst110001.rcp,71,1,search_exhausted,145,145
RU_inst11001.rcp,60,1,search_exhausted,148,148
RU_inst111001.rcp,66749,0,time_limit,50,28
RU_inst112001.rcp,170,1,search_exhausted,85,85
RU_inst113001.rcp,32,1,search_exhausted,142,142
RU_inst114001.rcp,53230,0,time_limit,47,28
RU_inst115001.rcp,553,1,search_exhausted,94,94
RU_inst116001.rcp,32,1,search_exhausted,142,142
RU_inst117001.rcp,52900,0,time_limit,48,28
RU_inst118001.rcp,225,1,search_exhausted,83,83
RU_inst119001.rcp,32,1,search_exhausted,142,142
RU_inst120001.rcp,80644,0,time_limit,116,28
RU_inst12001.rcp,32,1,search_exhausted,28,28
RU_inst121001.rcp,91486,0,time_limit,148,81
RU_inst122001.rcp,5094,1,search_exhausted,156,156
RU_inst123001.rcp,83743,0,time_limit,94,28
RU_inst124001.rcp,94362,0,time_limit,151,81
RU_inst125001.rcp,1754,1,search_exhausted,161,161
RU_inst126001.rcp,77062,0,time_limit,115,28
RU_inst127001.rcp,85574,0,time_limit,137,81
RU_inst128001.rcp,3363,1,search_exhausted,157,157
RU_inst129001.rcp,85093,0,time_limit,123,28
RU_inst130001.rcp,95372,0,time_limit,145,81
RU_inst13001.rcp,32,1,search_exhausted,81,81
RU_inst131001.rcp,2252,1,search_exhausted,157,157
RU_inst132001.rcp,81658,0,time_limit,93,28
RU_inst133001.rcp,90947,0,time_limit,149,81
RU_inst134001.rcp,5564,1,search_exhausted,159,159
RU_inst135001.rcp,81796,0,time_limit,99,28
RU_inst136001.rcp,94553,0,time_limit,148,81
RU_inst137001.rcp,6260,1,search_exhausted,158,158
RU_inst138001.rcp,74836,0,time_limit,103,28
RU_inst139001.rcp,88992,0,time_limit,144,81
RU_inst140001.rcp,1513,1,search_exhausted,158,158
RU_inst14001.rcp,32,1,search_exhausted,142,142
RU_inst141001.rcp,79738,0,time_limit,100,28
RU_inst142001.rcp,94028,0,time_limit,143,81
RU_inst143001.rcp,2109,1,search_exhausted,159,159
RU_inst144001.rcp,78644,0,time_limit,108,28
RU_inst145001.rcp,87429,0,time_limit,158,81
RU_inst146001.rcp,2271,1,search_exhausted,153,153
RU_inst147001.rcp,77734,0,time_limit,123,28
RU_inst148001.rcp,88058,0,time_limit,139,81
RU_inst149001.rcp,6532,1,search_exhausted,164,164
RU_inst150001.rcp,82369,0,time_limit,130,28
RU_inst15001.rcp,32,1,search_exhausted,28,28
RU_inst151001.rcp,91846,0,time_limit,158,81
RU_inst152001.rcp,26627,1,search_exhausted,166,166
RU_inst153001.rcp,82653,0,time_limit,124,28
RU_inst154001.rcp,90060,0,time_limit,158,81
RU_inst155001.rcp,26627,1,search_exhausted,166,166
RU_inst156001.rcp,81703,0,time_limit,130,28
RU_inst157001.rcp,89461,0,time_limit,158,81
RU_inst158001.rcp,26627,1,search_exhausted,166,166
RU_inst159001.rcp,80036,0,time_limit,130,28
RU_inst160001.rcp,89134,0,time_limit,158,81
RU_inst16001.rcp,67,1,search_exhausted,86,86
RU_inst161001.rcp,26627,1,search_exhausted,166,166
RU_inst162001.rcp,83332,0,time_limit,130,28
RU_inst163001.rcp,98625,0,time_limit,153,81
RU_inst164001.rcp,26627,1,search_exhausted,166,166
RU_inst165001.rcp,84191,0,time_limit,130,28
RU_inst166001.rcp,89556,0,time_limit,158,81
RU_inst167001.rcp,26627,1,search_exhausted,166,166
RU_inst168001.rcp,82401,0,time_limit,130,28
RU_inst169001.rcp,89922,0,time_limit,158,81
RU_inst170001.rcp,26627,1,search_exhausted,166,166
RU_inst17001.rcp,32,1,search_exhausted,142,142
RU_inst171001.rcp,83633,0,time_limit,130,28
RU_inst172001.rcp,90689,0,time_limit,158,81
RU_inst173001.rcp,26627,1,search_exhausted,166,166
RU_inst174001.rcp,81477,0,time_limit,130,28
RU_inst175001.rcp,88087,0,time_limit,158,81
RU_inst176001.rcp,26627,1,search_exhausted,166,166
RU_inst177001.rcp,82321,0,time_limit,129,28
RU_inst178001.rcp,90210,0,time_limit,158,81
RU_inst179001.rcp,26627,1,search_exhausted,166,166
RU_inst180001.rcp,53121,0,time_limit,60,28
RU_inst18001.rcp,49215,0,time_limit,29,28
RU_inst181001.rcp,23897,1,search_exhausted,109,109
RU_inst182001.rcp,622,1,search_exhausted,146,146
RU_inst183001.rcp,51056,0,time_limit,69,28
RU_inst184001.rcp,8018,1,search_exhausted,105,105
RU_inst185001.rcp,1721,1,search_exhausted,157,157
RU_inst186001.rcp,59893,0,time_limit,67,28
RU_inst187001.rcp,21850,1,search_exhausted,104,104
RU_inst188001.rcp,189,1,search_exhausted,151,151
RU_inst189001.rcp,50668,0,time_limit,76,28
RU_inst190001.rcp,40533,1,search_exhausted,113,113
RU_inst19001.rcp,32,1,search_exhausted,81,81
RU_inst191001.rcp,292,1,search_exhausted,151,151
RU_inst192001.rcp,56962,0,time_limit,65,28
RU_inst193001.rcp,44669,1,search_exhausted,111,111
RU_inst194001.rcp,65,1,search_exhausted,143,143
RU_inst195001.rcp,55060,0,time_limit,70,28
RU_inst196001.rcp,69485,0,time_limit,112,91
RU_inst197001.rcp,153,1,search_exhausted,148,148
RU_inst198001.rcp,48806,0,time_limit,71,28
RU_inst199001.rcp,31615,1,search_exhausted,108,108
RU_inst200001.rcp,379,1,search_exhausted,146,146
RU_inst20001.rcp,32,1,search_exhausted,142,142
RU_inst2001.rcp,32,1,search_exhausted,142,142
RU_inst201001.rcp,54012,0,time_limit,67,28
RU_inst202001.rcp,26854,1,search_exhausted,113,113
RU_inst203001.rcp,62,1,search_exhausted,148,148
RU_inst204001.rcp,46314,0,time_limit,64,28
RU_inst205001.rcp,15779,1,search_exhausted,98,98
RU_inst206001.rcp,231,1,search_exhausted,156,156
RU_inst207001.rcp,52710,0,time_limit,71,28
RU_inst208001.rcp,29870,1,search_exhausted,104,104
RU_inst209001.rcp,273,1,search_exhausted,156,156
RU_inst210001.rcp,67111,0,time_limit,130,28
RU_inst21001.rcp,32,1,search_exhausted,28,28
RU_inst211001.rcp,71848,0,time_limit,158,81
RU_inst212001.rcp,26627,1,search_exhausted,166,166
RU_inst213001.rcp,62301,0,time_limit,129,28
RU_inst214001.rcp,71724,0,time_limit,158,81
RU_inst215001.rcp,26627,1,search_exhausted,166,166
RU_inst216001.rcp,68492,0,time_limit,130,28
RU_inst217001.rcp,71811,0,time_limit,158,81
RU_inst218001.rcp,26627,1,search_exhausted,166,166
RU_inst219001.rcp,69078,0,time_limit,130,28
RU_inst220001.rcp,72547,0,time_limit,158,81
RU_inst22001.rcp,50,1,search_exhausted,84,84
RU_inst221001.rcp,26627,1,search_exhausted,166,166
RU_inst222001.rcp,69105,0,time_limit,130,28
RU_inst223001.rcp,72915,0,time_limit,158,81
RU_inst224001.rcp,26627,1,search_exhausted,166,166
RU_inst225001.rcp,68290,0,time_limit,130,28
RU_inst226001.rcp,72100,0,time_limit,158,81
RU_inst227001.rcp,26627,1,search_exhausted,166,166
RU_inst228001.rcp,68078,0,time_limit,130,28
RU_inst229001.rcp,71116,0,time_limit,158,81
RU_inst230001.rcp,26627,1,search_exhausted,166,166
RU_inst23001.rcp,32,1,search_exhausted,142,142
RU_inst231001.rcp,68681,0,time_limit,130,28
RU_inst232001.rcp,72269,0,time_limit,158,81
RU_inst233001.rcp,26627,1,search_exhausted,166,166
RU_inst234001.rcp,66448,0,time_limit,130,28
RU_inst235001.rcp,72022,0,time_limit,158,81
RU_inst236001.rcp,26627,1,search_exhausted,166,166
RU_inst237001.rcp,68080,0,time_limit,130,28
RU_inst238001.rcp,73310,0,time_limit,158,81
RU_inst239001.rcp,26627,1,search_exhausted,166,166
RU_inst240001.rcp,69989,0,time_limit,130,28
RU_inst24001.rcp,32,1,search_exhausted,28,28
RU_inst241001.rcp,74501,0,time_limit,158,81
RU_inst242001.rcp,26627,1,search_exhausted,166,166
RU_inst243001.rcp,70075,0,time_limit,130,28
RU_inst244001.rcp,73759,0,time_limit,158,81
RU_inst245001.rcp,26627,1,search_exhausted,166,166
RU_inst246001.rcp,69865,0,time_limit,130,28
RU_inst247001.rcp,73668,0,time_limit,158,81
RU_inst248001.rcp,26627,1,search_exhausted,166,166
RU_inst249001.rcp,69794,0,time_limit,130,28
RU_inst250001.rcp,73770,0,time_limit,158,81
RU_inst25001.rcp,32,1,search_exhausted,81,81
RU_inst251001.rcp,26627,1,search_exhausted,166,166
RU_inst252001.rcp,68833,0,time_limit,130,28
RU_inst253001.rcp,73599,0,time_limit,158,81
RU_inst254001.rcp,26627,1,search_exhausted,166,166
RU_inst255001.rcp,69521,0,time_limit,130,28
RU_inst256001.rcp,74467,0,time_limit,158,81
RU_inst257001.rcp,26627,1,search_exhausted,166,166
RU_inst258001.rcp,69619,0,time_limit,130,28
RU_inst259001.rcp,73601,0,time_limit,158,81
RU_inst260001.rcp,26627,1,search_exhausted,166,166
RU_inst26001.rcp,32,1,search_exhausted,142,142
RU_inst261001.rcp,70178,0,time_limit,130,28
RU_inst262001.rcp,73348,0,time_limit,158,81
RU_inst263001.rcp,26627,1,search_exhausted,166,166
RU_inst264001.rcp,68991,0,time_limit,130,28
RU_inst265001.rcp,73743,0,time_limit,158,81
RU_inst266001.rcp,26627,1,search_exhausted,166,166
RU_inst267001.rcp,69722,0,time_limit,130,28
RU_inst268001.rcp,73527,0,time_limit,158,81
RU_inst269001.rcp,26627,1,search_exhausted,166,166
RU_inst27001.rcp,32,1,search_exhausted,28,28
RU_inst28001.rcp,32,1,search_exhausted,81,81
RU_inst29001.rcp,32,1,search_exhausted,142,142
RU_inst30001.rcp,65607,0,time_limit,40,28
RU_inst3001.rcp,32,1,search_exhausted,28,28
RU_inst31001.rcp,41,1,search_exhausted,91,91
RU_inst32001.rcp,32,1,search_exhausted,142,142
RU_inst33001.rcp,62805,0,time_limit,41,28
RU_inst34001.rcp,124,1,search_exhausted,86,86
RU_inst35001.rcp,32,1,search_exhausted,142,142
RU_inst36001.rcp,62674,0,time_limit,43,28
RU_inst37001.rcp,271,1,search_exhausted,93,93
RU_inst38001.rcp,32,1,search_exhausted,142,142
RU_inst39001.rcp,51252,0,time_limit,34,28
RU_inst40001.rcp,274,1,search_exhausted,92,92
RU_inst4001.rcp,32,1,search_exhausted,81,81
RU_inst41001.rcp,71,1,search_exhausted,145,145
RU_inst42001.rcp,55870,0,time_limit,32,28
RU_inst43001.rcp,437,1,search_exhausted,92,92
RU_inst44001.rcp,35,1,search_exhausted,143,143
RU_inst45001.rcp,61140,0,time_limit,36,28
RU_inst46001.rcp,293,1,search_exhausted,91,91
RU_inst47001.rcp,32,1,search_exhausted,142,142
RU_inst48001.rcp,63237,0,time_limit,42,28
RU_inst49001.rcp,207,1,search_exhausted,83,83
RU_inst50001.rcp,32,1,search_exhausted,142,142
RU_inst5001.rcp,32,1,search_exhausted,142,142
RU_inst51001.rcp,51651,0,time_limit,40,28
RU_inst52001.rcp,245,1,search_exhausted,92,92
RU_inst53001.rcp,32,1,search_exhausted,142,142
RU_inst54001.rcp,57830,0,time_limit,37,28
RU_inst55001.rcp,81,1,search_exhausted,89,89
RU_inst56001.rcp,32,1,search_exhausted,142,142
RU_inst57001.rcp,60822,0,time_limit,38,28
RU_inst58001.rcp,221,1,search_exhausted,89,89
RU_inst59001.rcp,32,1,search_exhausted,142,142
RU_inst60001.rcp,64533,0,time_limit,55,28
RU_inst6001.rcp,52163,0,time_limit,29,28
RU_inst61001.rcp,2695,1,search_exhausted,103,103
RU_inst62001.rcp,83,1,search_exhausted,145,145
RU_inst63001.rcp,70643,0,time_limit,50,28
RU_inst64001.rcp,1286,1,search_exhausted,94,94
RU_inst65001.rcp,158,1,search_exhausted,145,145
RU_inst66001.rcp,69246,0,time_limit,44,28
RU_inst67001.rcp,429,1,search_exhausted,90,90
RU_inst68001.rcp,32,1,search_exhausted,142,142
RU_inst69001.rcp,72310,0,time_limit,50,28
RU_inst70001.rcp,1064,1,search_exhausted,94,94
RU_inst7001.rcp,32,1,search_exhausted,81,81
RU_inst71001.rcp,32,1,search_exhausted,142,142
RU_inst72001.rcp,71041,0,time_limit,48,28
RU_inst73001.rcp,513,1,search_exhausted,95,95
RU_inst74001.rcp,32,1,search_exhausted,142,142
RU_inst75001.rcp,70134,0,time_limit,49,28
RU_inst76001.rcp,420,1,search_exhausted,89,89
RU_inst77001.rcp,32,1,search_exhausted,142,142
RU_inst78001.rcp,73317,0,time_limit,57,28
RU_inst79001.rcp,1665,1,search_exhausted,97,97
RU_inst80001.rcp,184,1,search_exhausted,145,145
RU_inst8001.rcp,32,1,search_exhausted,142,142
RU_inst81001.rcp,67140,0,time_limit,47,28
RU_inst82001.rcp,346,1,search_exhausted,94,94
RU_inst83001.rcp,66,1,search_exhausted,148,148
RU_inst84001.rcp,69115,0,time_limit,48,28
RU_inst85001.rcp,834,1,search_exhausted,94,94
RU_inst86001.rcp,60,1,search_exhausted,148,148
RU_inst87001.rcp,69131,0,time_limit,45,28
RU_inst88001.rcp,891,1,search_exhausted,91,91
RU_inst89001.rcp,128,1,search_exhausted,144,144
RU_inst90001.rcp,61534,0,time_limit,48,28
RU_inst9001.rcp,32,1,search_exhausted,28,28
RU_inst91001.rcp,540,1,search_exhausted,100,100
RU_inst92001.rcp,32,1,search_exhausted,142,142
RU_inst93001.rcp,58254,0,time_limit,46,28
RU_inst94001.rcp,466,1,search_exhausted,98,98
RU_inst95001.rcp,161,1,search_exhausted,150,150
RU_inst96001.rcp,57244,0,time_limit,41,28
RU_inst97001.rcp,403,1,search_exhausted,92,92
RU_inst98001.rcp,32,1,search_exhausted,142,142
RU_inst99001.rcp,56404,0,time_limit,49,28
SP_inst1.rcp,49418,0,time_limit,34,26
SP_inst100001.rcp,73832,0,time_limit,55,28
SP_inst10001.rcp,63611,0,time_limit,31,28
SP_inst1001.rcp,62845,0,time_limit,38,28
SP_inst101001.rcp,56037,0,time_limit,79,44
SP_inst102001.rcp,80484,0,time_limit,100,69
SP_inst103001.rcp,3422,1,search_exhausted,105,105
SP_inst104001.rcp,32,1,search_exhausted,100,100
SP_inst105001.rcp,3432,1,search_exhausted,110,110
SP_inst106001.rcp,35,1,search_exhausted,143,143
SP_inst107001.rcp,132,1,search_exhausted,130,130
SP_inst108001.rcp,55550,0,time_limit,61,26
SP_inst109001.rcp,83365,0,time_limit,55,28
SP_inst110001.rcp,53846,0,time_limit,75,44
SP_inst11001.rcp,32,1,search_exhausted,44,44
SP_inst111001.rcp,85426,0,time_limit,86,69
SP_inst112001.rcp,9554,1,search_exhausted,105,105
SP_inst113001.rcp,1038,1,search_exhausted,105,105
SP_inst114001.rcp,80,1,search_exhausted,106,106
SP_inst115001.rcp,32,1,search_exhausted,142,142
SP_inst116001.rcp,95,1,search_exhausted,128,128
SP_inst117001.rcp,62143,0,time_limit,62,26
SP_inst118001.rcp,80291,0,time_limit,55,28
SP_inst119001.rcp,48034,0,time_limit,76,44
SP_inst120001.rcp,85541,0,time_limit,82,69
SP_inst12001.rcp,32,1,search_exhausted,69,69
SP_inst121001.rcp,1355,1,search_exhausted,96,96
SP_inst122001.rcp,47226,1,search_exhausted,108,108
SP_inst123001.rcp,32,1,search_exhausted,106,106
SP_inst124001.rcp,92,1,search_exhausted,143,143
SP_inst125001.rcp,135,1,search_exhausted,130,130
SP_inst126001.rcp,63349,0,time_limit,68,26
SP_inst127001.rcp,89976,0,time_limit,60,28
SP_inst128001.rcp,55330,0,time_limit,72,44
SP_inst129001.rcp,82778,0,time_limit,91,69
SP_inst130001.rcp,81,1,search_exhausted,88,88
SP_inst13001.rcp,32,1,search_exhausted,81,81
SP_inst131001.rcp,3371,1,search_exhausted,101,101
SP_inst132001.rcp,32,1,search_exhausted,106,106
SP_inst133001.rcp,106,1,search_exhausted,151,151
SP_inst134001.rcp,32,1,search_exhausted,126,126
SP_inst135001.rcp,62956,0,time_limit,62,26
SP_inst136001.rcp,94689,0,time_limit,53,28
SP_inst137001.rcp,56755,0,time_limit,72,44
SP_inst138001.rcp,81270,0,time_limit,92,69
SP_inst139001.rcp,2792,1,search_exhausted,100,100
SP_inst140001.rcp,11709,1,search_exhausted,107,107
SP_inst14001.rcp,32,1,search_exhausted,100,100
SP_inst141001.rcp,32,1,search_exhausted,106,106
SP_inst142001.rcp,268,1,search_exhausted,148,148
SP_inst143001.rcp,264,1,search_exhausted,134,134
SP_inst144001.rcp,66704,0,time_limit,60,26
SP_inst145001.rcp,93329,0,time_limit,53,28
SP_inst146001.rcp,51860,0,time_limit,75,44
SP_inst147001.rcp,86484,0,time_limit,84,69
SP_inst148001.rcp,5931,1,search_exhausted,104,104
SP_inst149001.rcp,5603,1,search_exhausted,103,103
SP_inst150001.rcp,32,1,search_exhausted,106,106
SP_inst15001.rcp,32,1,search_exhausted,106,106
SP_inst151001.rcp,32,1,search_exhausted,142,142
SP_inst152001.rcp,111,1,search_exhausted,128,128
SP_inst153001.rcp,57768,0,time_limit,56,26
SP_inst154001.rcp,89098,0,time_limit,63,28
SP_inst155001.rcp,48892,0,time_limit,70,44
SP_inst156001.rcp,89378,0,time_limit,83,69
SP_inst157001.rcp,4387,1,search_exhausted,104,104
SP_inst158001.rcp,22625,1,search_exhausted,107,107
SP_inst159001.rcp,32,1,search_exhausted,106,106
SP_inst160001.rcp,128,1,search_exhausted,145,145
SP_inst16001.rcp,32,1,search_exhausted,142,142
SP_inst161001.rcp,132,1,search_exhausted,131,131
SP_inst162001.rcp,66902,0,time_limit,75,26
SP_inst163001.rcp,86962,0,time_limit,58,28
SP_inst164001.rcp,56894,0,time_limit,71,44
SP_inst165001.rcp,82159,0,time_limit,101,69
SP_inst166001.rcp,7142,1,search_exhausted,106,106
SP_inst167001.rcp,32,1,search_exhausted,100,100
SP_inst168001.rcp,4772,1,search_exhausted,112,112
SP_inst169001.rcp,91,1,search_exhausted,148,148
SP_inst170001.rcp,32,1,search_exhausted,126,126
SP_inst17001.rcp,32,1,search_exhausted,126,126
SP_inst171001.rcp,64138,0,time_limit,57,26
SP_inst172001.rcp,75736,0,time_limit,65,28
SP_inst173001.rcp,58717,0,time_limit,80,44
SP_inst174001.rcp,78430,0,time_limit,90,69
SP_inst175001.rcp,2597,1,search_exhausted,100,100
SP_inst176001.rcp,2708,1,search_exhausted,105,105
SP_inst177001.rcp,4466,1,search_exhausted,108,108
SP_inst178001.rcp,139,1,search_exhausted,148,148
SP_inst179001.rcp,32,1,search_exhausted,126,126
SP_inst180001.rcp,77922,0,time_limit,96,26
SP_inst18001.rcp,59727,0,time_limit,33,26
SP_inst181001.rcp,116906,0,time_limit,96,28
SP_inst182001.rcp,65953,0,time_limit,101,44
SP_inst183001.rcp,114782,0,time_limit,117,69
SP_inst184001.rcp,141261,0,time_limit,128,81
SP_inst185001.rcp,81915,0,time_limit,118,100
SP_inst186001.rcp,20008,1,search_exhausted,111,111
SP_inst187001.rcp,433,1,search_exhausted,151,151
SP_inst188001.rcp,186,1,search_exhausted,133,133
SP_inst189001.rcp,71910,0,time_limit,90,26
SP_inst190001.rcp,92040,0,time_limit,77,28
SP_inst19001.rcp,67422,0,time_limit,31,28
SP_inst191001.rcp,71079,0,time_limit,97,44
SP_inst192001.rcp,101573,0,time_limit,117,69
SP_inst193001.rcp,127457,0,time_limit,122,81
SP_inst194001.rcp,83697,0,time_limit,129,100
SP_inst195001.rcp,72678,0,time_limit,119,106
SP_inst196001.rcp,237,1,search_exhausted,144,144
SP_inst197001.rcp,713,1,search_exhausted,141,141
SP_inst198001.rcp,72392,0,time_limit,94,26
SP_inst199001.rcp,105059,0,time_limit,79,28
SP_inst200001.rcp,79718,0,time_limit,115,44
SP_inst20001.rcp,32,1,search_exhausted,44,44
SP_inst2001.rcp,32,1,search_exhausted,44,44
SP_inst201001.rcp,93152,0,time_limit,118,69
SP_inst202001.rcp,111242,0,time_limit,122,81
SP_inst203001.rcp,80562,0,time_limit,122,100
SP_inst204001.rcp,76734,0,time_limit,131,106
SP_inst205001.rcp,436,1,search_exhausted,149,149
SP_inst206001.rcp,225,1,search_exhausted,134,134
SP_inst207001.rcp,69657,0,time_limit,84,26
SP_inst208001.rcp,105959,0,time_limit,84,28
SP_inst209001.rcp,72607,0,time_limit,105,44
SP_inst210001.rcp,96933,0,time_limit,101,69
SP_inst21001.rcp,89,1,search_exhausted,69,69
SP_inst211001.rcp,150523,0,time_limit,139,81
SP_inst212001.rcp,79952,0,time_limit,131,100
SP_inst213001.rcp,73714,0,time_limit,126,106
SP_inst214001.rcp,955,1,search_exhausted,151,151
SP_inst215001.rcp,186,1,search_exhausted,131,131
SP_inst216001.rcp,77139,0,time_limit,98,26
SP_inst217001.rcp,90868,0,time_limit,71,28
SP_inst218001.rcp,68915,0,time_limit,100,44
SP_inst219001.rcp,104847,0,time_limit,123,69
SP_inst220001.rcp,124586,0,time_limit,121,81
SP_inst22001.rcp,88,1,search_exhausted,87,87
SP_inst221001.rcp,82570,0,time_limit,120,100
SP_inst222001.rcp,10820,1,search_exhausted,111,111
SP_inst223001.rcp,2026,1,search_exhausted,153,153
SP_inst224001.rcp,342,1,search_exhausted,137,137
SP_inst225001.rcp,75042,0,time_limit,92,26
SP_inst226001.rcp,93730,0,time_limit,76,28
SP_inst227001.rcp,74657,0,time_limit,96,44
SP_inst228001.rcp,102466,0,time_limit,113,69
SP_inst229001.rcp,120564,0,time_limit,119,81
SP_inst230001.rcp,77988,0,time_limit,115,100
SP_inst23001.rcp,32,1,search_exhausted,100,100
SP_inst231001.rcp,77004,0,time_limit,128,106
SP_inst232001.rcp,1378,1,search_exhausted,152,152
SP_inst233001.rcp,369,1,search_exhausted,139,139
SP_inst234001.rcp,76221,0,time_limit,88,26
SP_inst235001.rcp,122040,0,time_limit,83,28
SP_inst236001.rcp,62218,0,time_limit,104,44
SP_inst237001.rcp,108168,0,time_limit,128,69
SP_inst238001.rcp,129157,0,time_limit,134,81
SP_inst239001.rcp,11618,1,search_exhausted,103,103
SP_inst240001.rcp,71883,0,time_limit,130,106
SP_inst24001.rcp,32,1,search_exhausted,106,106
SP_inst241001.rcp,1455,1,search_exhausted,157,157
SP_inst242001.rcp,131,1,search_exhausted,129,129
SP_inst243001.rcp,71491,0,time_limit,89,26
SP_inst244001.rcp,108481,0,time_limit,97,28
SP_inst245001.rcp,60363,0,time_limit,98,44
SP_inst246001.rcp,107516,0,time_limit,111,69
SP_inst247001.rcp,114137,0,time_limit,121,91
SP_inst248001.rcp,82211,0,time_limit,113,100
SP_inst249001.rcp,1263,1,search_exhausted,110,110
SP_inst250001.rcp,603,1,search_exhausted,152,152
SP_inst25001.rcp,60,1,search_exhausted,148,148
SP_inst251001.rcp,321,1,search_exhausted,136,136
SP_inst252001.rcp,69696,0,time_limit,86,26
SP_inst253001.rcp,102098,0,time_limit,84,28
SP_inst254001.rcp,64210,0,time_limit,95,44
SP_inst255001.rcp,102640,0,time_limit,122,69
SP_inst256001.rcp,99096,1,search_exhausted,124,124
SP_inst257001.rcp,86828,0,time_limit,123,100
SP_inst258001.rcp,23715,1,search_exhausted,109,109
SP_inst259001.rcp,726,1,search_exhausted,152,152
SP_inst260001.rcp,839,1,search_exhausted,142,142
SP_inst26001.rcp,32,1,search_exhausted,126,126
SP_inst261001.rcp,85380,0,time_limit,113,26
SP_inst262001.rcp,111703,0,time_limit,82,28
SP_inst263001.rcp,65098,0,time_limit,96,44
SP_inst264001.rcp,88142,0,time_limit,103,69
SP_inst265001.rcp,120569,0,time_limit,133,81
SP_inst266001.rcp,92112,0,time_limit,142,100
SP_inst267001.rcp,82456,0,time_limit,118,106
SP_inst268001.rcp,472,1,search_exhausted,152,152
SP_inst269001.rcp,163,1,search_exhausted,132,132
SP_inst270001.rcp,67491,0,time_limit,49,26
SP_inst27001.rcp,62324,0,time_limit,36,26
SP_inst271001.rcp,73106,0,time_limit,50,28
SP_inst272001.rcp,50773,0,time_limit,73,44
SP_inst273001.rcp,80131,0,time_limit,78,69
SP_inst274001.rcp,987,1,search_exhausted,91,91
SP_inst275001.rcp,32,1,search_exhausted,100,100
SP_inst276001.rcp,2392,1,search_exhausted,110,110
SP_inst277001.rcp,299,1,search_exhausted,148,148
SP_inst278001.rcp,32,1,search_exhausted,126,126
SP_inst279001.rcp,59013,0,time_limit,55,26
SP_inst280001.rcp,74665,0,time_limit,56,28
SP_inst28001.rcp,65666,0,time_limit,29,28
SP_inst281001.rcp,48725,0,time_limit,75,44
SP_inst282001.rcp,83054,0,time_limit,95,69
SP_inst283001.rcp,774,1,search_exhausted,96,96
SP_inst284001.rcp,32,1,search_exhausted,100,100
SP_inst285001.rcp,32,1,search_exhausted,106,106
SP_inst286001.rcp,32,1,search_exhausted,142,142
SP_inst287001.rcp,99,1,search_exhausted,133,133
SP_inst288001.rcp,60863,0,time_limit,60,26
SP_inst289001.rcp,74058,0,time_limit,55,28
SP_inst290001.rcp,49392,0,time_limit,63,44
SP_inst29001.rcp,32,1,search_exhausted,44,44
SP_inst291001.rcp,84729,0,time_limit,79,69
SP_inst292001.rcp,168,1,search_exhausted,87,87
SP_inst293001.rcp,1716,1,search_exhausted,102,102
SP_inst294001.rcp,32,1,search_exhausted,106,106
SP_inst295001.rcp,148,1,search_exhausted,145,145
SP_inst296001.rcp,32,1,search_exhausted,126,126
SP_inst297001.rcp,63575,0,time_limit,50,26
SP_inst298001.rcp,73161,0,time_limit,58,28
SP_inst299001.rcp,53916,0,time_limit,90,44
SP_inst300001.rcp,85523,0,time_limit,78,69
SP_inst30001.rcp,32,1,search_exhausted,69,69
SP_inst3001.rcp,1611,1,search_exhausted,71,71
SP_inst301001.rcp,94,1,search_exhausted,91,91
SP_inst302001.rcp,21204,1,search_exhausted,103,103
SP_inst303001.rcp,2883,1,search_exhausted,116,116
SP_inst304001.rcp,142,1,search_exhausted,151,151
SP_inst305001.rcp,32,1,search_exhausted,126,126
SP_inst306001.rcp,76158,0,time_limit,61,26
SP_inst307001.rcp,68002,0,time_limit,64,28
SP_inst308001.rcp,47869,0,time_limit,64,44
SP_inst309001.rcp,81584,0,time_limit,73,69
SP_inst310001.rcp,2675,1,search_exhausted,104,104
SP_inst31001.rcp,32,1,search_exhausted,81,81
SP_inst311001.rcp,3197,1,search_exhausted,103,103
SP_inst312001.rcp,46,1,search_exhausted,106,106
SP_inst313001.rcp,35,1,search_exhausted,143,143
SP_inst314001.rcp,32,1,search_exhausted,126,126
SP_inst315001.rcp,58036,0,time_limit,52,26
SP_inst316001.rcp,76957,0,time_limit,58,28
SP_inst317001.rcp,59899,0,time_limit,70,44
SP_inst318001.rcp,91719,0,time_limit,77,69
SP_inst319001.rcp,964,1,search_exhausted,91,91
SP_inst320001.rcp,267,1,search_exhausted,100,100
SP_inst32001.rcp,32,1,search_exhausted,100,100
SP_inst321001.rcp,41,1,search_exhausted,106,106
SP_inst322001.rcp,71,1,search_exhausted,145,145
SP_inst323001.rcp,32,1,search_exhausted,126,126
SP_inst324001.rcp,62267,0,time_limit,65,26
SP_inst325001.rcp,90671,0,time_limit,64,28
SP_inst326001.rcp,47405,0,time_limit,67,44
SP_inst327001.rcp,81025,0,time_limit,76,69
SP_inst328001.rcp,144,1,search_exhausted,88,88
SP_inst329001.rcp,32,1,search_exhausted,100,100
SP_inst330001.rcp,32,1,search_exhausted,106,106
SP_inst33001.rcp,32,1,search_exhausted,106,106
SP_inst331001.rcp,90,1,search_exhausted,153,153
SP_inst332001.rcp,32,1,search_exhausted,126,126
SP_inst333001.rcp,61438,0,time_limit,62,26
SP_inst334001.rcp,70492,0,time_limit,58,28
SP_inst335001.rcp,41336,0,time_limit,65,44
SP_inst336001.rcp,79086,0,time_limit,81,69
SP_inst337001.rcp,3839,1,search_exhausted,103,103
SP_inst338001.rcp,33812,1,search_exhausted,109,109
SP_inst339001.rcp,32,1,search_exhausted,106,106
SP_inst340001.rcp,32,1,search_exhausted,142,142
SP_inst34001.rcp,32,1,search_exhausted,142,142
SP_inst341001.rcp,165,1,search_exhausted,130,130
SP_inst342001.rcp,51703,0,time_limit,75,26
SP_inst343001.rcp,75421,0,time_limit,45,28
SP_inst344001.rcp,54025,0,time_limit,72,44
SP_inst345001.rcp,27550,1,search_exhausted,81,81
SP_inst346001.rcp,147,1,search_exhausted,91,91
SP_inst347001.rcp,32,1,search_exhausted,100,100
SP_inst348001.rcp,32,1,search_exhausted,106,106
SP_inst349001.rcp,32,1,search_exhausted,142,142
SP_inst350001.rcp,32,1,search_exhausted,126,126
SP_inst35001.rcp,32,1,search_exhausted,126,126
SP_inst351001.rcp,66695,0,time_limit,63,26
SP_inst352001.rcp,69513,0,time_limit,53,28
SP_inst353001.rcp,50527,0,time_limit,62,44
SP_inst354001.rcp,82283,0,time_limit,77,69
SP_inst355001.rcp,664,1,search_exhausted,91,91
SP_inst356001.rcp,32,1,search_exhausted,100,100
SP_inst357001.rcp,1878,1,search_exhausted,110,110
SP_inst358001.rcp,95,1,search_exhausted,151,151
SP_inst359001.rcp,32,1,search_exhausted,126,126
SP_inst360001.rcp,84279,0,time_limit,138,26
SP_inst36001.rcp,58533,0,time_limit,31,26
SP_inst361001.rcp,104418,0,time_limit,119,28
SP_inst362001.rcp,75098,0,time_limit,136,44
SP_inst363001.rcp,105031,0,time_limit,152,69
SP_inst364001.rcp,134166,0,time_limit,155,81
SP_inst365001.rcp,101952,0,time_limit,162,100
SP_inst366001.rcp,72121,0,time_limit,142,106
SP_inst367001.rcp,3298,1,search_exhausted,162,162
SP_inst368001.rcp,1048,1,search_exhausted,148,148
SP_inst369001.rcp,83013,0,time_limit,150,26
SP_inst370001.rcp,99221,0,time_limit,106,28
SP_inst37001.rcp,66578,0,time_limit,36,28
SP_inst371001.rcp,83577,0,time_limit,151,44
SP_inst372001.rcp,104593,0,time_limit,144,69
SP_inst373001.rcp,130066,0,time_limit,150,81
SP_inst374001.rcp,98027,0,time_limit,161,100
SP_inst375001.rcp,85336,0,time_limit,155,106
SP_inst376001.rcp,26627,1,search_exhausted,166,166
SP_inst377001.rcp,972,1,search_exhausted,145,145
SP_inst378001.rcp,64818,0,time_limit,129,26
SP_inst379001.rcp,103491,0,time_limit,116,28
SP_inst380001.rcp,70201,0,time_limit,146,44
SP_inst38001.rcp,53652,0,time_limit,53,44
SP_inst381001.rcp,92715,0,time_limit,150,69
SP_inst382001.rcp,131229,0,time_limit,150,81
SP_inst383001.rcp,97637,0,time_limit,150,100
SP_inst384001.rcp,82118,0,time_limit,148,106
SP_inst385001.rcp,26627,1,search_exhausted,166,166
SP_inst386001.rcp,591,1,search_exhausted,140,140
SP_inst387001.rcp,75138,0,time_limit,131,26
SP_inst388001.rcp,104622,0,time_limit,122,28
SP_inst389001.rcp,80992,0,time_limit,152,44
SP_inst390001.rcp,94549,0,time_limit,145,69
SP_inst39001.rcp,32,1,search_exhausted,69,69
SP_inst391001.rcp,125073,0,time_limit,153,81
SP_inst392001.rcp,93612,0,time_limit,156,100
SP_inst393001.rcp,69966,0,time_limit,128,106
SP_inst394001.rcp,3572,1,search_exhausted,164,164
SP_inst395001.rcp,522,1,search_exhausted,141,141
SP_inst396001.rcp,88140,0,time_limit,124,26
SP_inst397001.rcp,107493,0,time_limit,113,28
SP_inst398001.rcp,64778,0,time_limit,158,44
SP_inst399001.rcp,99631,0,time_limit,148,69
SP_inst400001.rcp,125238,0,time_limit,146,81
SP_inst40001.rcp,32,1,search_exhausted,81,81
SP_inst4001.rcp,32,1,search_exhausted,81,81
SP_inst401001.rcp,102481,0,time_limit,155,100
SP_inst402001.rcp,78883,0,time_limit,149,106
SP_inst403001.rcp,6350,1,search_exhausted,158,158
SP_inst404001.rcp,1048,1,search_exhausted,148,148
SP_inst405001.rcp,77060,0,time_limit,136,26
SP_inst406001.rcp,107031,0,time_limit,100,28
SP_inst407001.rcp,82266,0,time_limit,165,44
SP_inst408001.rcp,97916,0,time_limit,149,69
SP_inst409001.rcp,130981,0,time_limit,142,81
SP_inst410001.rcp,83020,0,time_limit,152,100
SP_inst41001.rcp,32,1,search_exhausted,100,100
SP_inst411001.rcp,79499,0,time_limit,143,106
SP_inst412001.rcp,387,1,search_exhausted,149,149
SP_inst413001.rcp,220,1,search_exhausted,134,134
SP_inst414001.rcp,83362,0,time_limit,145,26
SP_inst415001.rcp,107768,0,time_limit,128,28
SP_inst416001.rcp,65159,0,time_limit,157,44
SP_inst417001.rcp,102584,0,time_limit,143,69
SP_inst418001.rcp,131234,0,time_limit,155,81
SP_inst419001.rcp,98722,0,time_limit,144,100
SP_inst420001.rcp,92111,0,time_limit,160,106
SP_inst42001.rcp,265,1,search_exhausted,109,109
SP_inst421001.rcp,8380,1,search_exhausted,161,161
SP_inst422001.rcp,1018,1,search_exhausted,147,147
SP_inst423001.rcp,76473,0,time_limit,140,26
SP_inst424001.rcp,107940,0,time_limit,110,28
SP_inst425001.rcp,69872,0,time_limit,149,44
SP_inst426001.rcp,94401,0,time_limit,137,69
SP_inst427001.rcp,122809,0,time_limit,139,81
SP_inst428001.rcp,103288,0,time_limit,154,100
SP_inst429001.rcp,90139,0,time_limit,156,106
SP_inst430001.rcp,26627,1,search_exhausted,166,166
SP_inst43001.rcp,32,1,search_exhausted,142,142
SP_inst431001.rcp,364,1,search_exhausted,137,137
SP_inst432001.rcp,88365,0,time_limit,135,26
SP_inst433001.rcp,96942,0,time_limit,110,28
SP_inst434001.rcp,82191,0,time_limit,162,44
SP_inst435001.rcp,94734,0,time_limit,145,69
SP_inst436001.rcp,124001,0,time_limit,149,81
SP_inst437001.rcp,77948,0,time_limit,142,100
SP_inst438001.rcp,61597,0,time_limit,140,106
SP_inst439001.rcp,6668,1,search_exhausted,165,165
SP_inst440001.rcp,970,1,search_exhausted,146,146
SP_inst44001.rcp,32,1,search_exhausted,126,126
SP_inst441001.rcp,83698,0,time_limit,139,26
SP_inst442001.rcp,106752,0,time_limit,115,28
SP_inst443001.rcp,74538,0,time_limit,151,44
SP_inst444001.rcp,98369,0,time_limit,152,69
SP_inst445001.rcp,127671,0,time_limit,153,81
SP_inst446001.rcp,96808,0,time_limit,158,100
SP_inst447001.rcp,97711,0,time_limit,161,106
SP_inst448001.rcp,8956,1,search_exhausted,161,161
SP_inst449001.rcp,987,1,search_exhausted,144,144
SP_inst450001.rcp,93228,0,time_limit,158,26
SP_inst45001.rcp,58411,0,time_limit,29,26
SP_inst451001.rcp,109193,0,time_limit,130,28
SP_inst452001.rcp,89975,0,time_limit,174,44
SP_inst453001.rcp,103403,0,time_limit,158,69
SP_inst454001.rcp,120291,0,time_limit,158,81
SP_inst455001.rcp,102236,0,time_limit,164,100
SP_inst456001.rcp,98554,0,time_limit,161,106
SP_inst457001.rcp,26627,1,search_exhausted,166,166
SP_inst458001.rcp,1048,1,search_exhausted,148,148
SP_inst459001.rcp,93456,0,time_limit,158,26
SP_inst460001.rcp,108247,0,time_limit,130,28
SP_inst46001.rcp,63506,0,time_limit,46,28
SP_inst461001.rcp,87180,0,time_limit,174,44
SP_inst462001.rcp,104427,0,time_limit,158,69
SP_inst463001.rcp,116973,0,time_limit,158,81
SP_inst464001.rcp,103450,0,time_limit,164,100
SP_inst465001.rcp,98638,0,time_limit,161,106
SP_inst466001.rcp,26627,1,search_exhausted,166,166
SP_inst467001.rcp,1048,1,search_exhausted,148,148
SP_inst468001.rcp,92775,0,time_limit,158,26
SP_inst469001.rcp,109303,0,time_limit,130,28
SP_inst470001.rcp,88721,0,time_limit,174,44
SP_inst47001.rcp,32,1,search_exhausted,44,44
SP_inst471001.rcp,105797,0,time_limit,158,69
SP_inst472001.rcp,121179,0,time_limit,158,81
SP_inst473001.rcp,102190,0,time_limit,164,100
SP_inst474001.rcp,98334,0,time_limit,161,106
SP_inst475001.rcp,26627,1,search_exhausted,166,166
SP_inst476001.rcp,1048,1,search_exhausted,148,148
SP_inst477001.rcp,93086,0,time_limit,158,26
SP_inst478001.rcp,109787,0,time_limit,130,28
SP_inst479001.rcp,86774,0,time_limit,174,44
SP_inst480001.rcp,104482,0,time_limit,158,69
SP_inst48001.rcp,32,1,search_exhausted,69,69
SP_inst481001.rcp,122180,0,time_limit,158,81
SP_inst482001.rcp,103151,0,time_limit,164,100
SP_inst483001.rcp,97655,0,time_limit,161,106
SP_inst484001.rcp,26627,1,search_exhausted,166,166
SP_inst485001.rcp,1048,1,search_exhausted,148,148
SP_inst486001.rcp,92872,0,time_limit,158,26
SP_inst487001.rcp,109527,0,time_limit,130,28
SP_inst488001.rcp,87483,0,time_limit,174,44
SP_inst489001.rcp,105250,0,time_limit,158,69
SP_inst490001.rcp,120987,0,time_limit,158,81
SP_inst49001.rcp,32,1,search_exhausted,81,81
SP_inst491001.rcp,103587,0,time_limit,164,100
SP_inst492001.rcp,99622,0,time_limit,161,106
SP_inst493001.rcp,26627,1,search_exhausted,166,166
SP_inst494001.rcp,1048,1,search_exhausted,148,148
SP_inst495001.rcp,92905,0,time_limit,158,26
SP_inst496001.rcp,110795,0,time_limit,124,28
SP_inst497001.rcp,88107,0,time_limit,174,44
SP_inst498001.rcp,104628,0,time_limit,158,69
SP_inst499001.rcp,120529,0,time_limit,158,81
SP_inst500001.rcp,103717,0,time_limit,164,100
SP_inst50001.rcp,32,1,search_exhausted,100,100
SP_inst5001.rcp,32,1,search_exhausted,100,100
SP_inst501001.rcp,100071,0,time_limit,161,106
SP_inst502001.rcp,26627,1,search_exhausted,166,166
SP_inst503001.rcp,1048,1,search_exhausted,148,148
SP_inst504001.rcp,90860,0,time_limit,158,26
SP_inst505001.rcp,108558,0,time_limit,130,28
SP_inst506001.rcp,89276,0,time_limit,174,44
SP_inst507001.rcp,102426,0,time_limit,158,69
SP_inst508001.rcp,120044,0,time_limit,158,81
SP_inst509001.rcp,102598,0,time_limit,164,100
SP_inst510001.rcp,97613,0,time_limit,161,106
SP_inst51001.rcp,32,1,search_exhausted,106,106
SP_inst511001.rcp,26627,1,search_exhausted,166,166
SP_inst512001.rcp,1048,1,search_exhausted,148,148
SP_inst513001.rcp,93840,0,time_limit,158,26
SP_inst514001.rcp,108199,0,time_limit,130,28
SP_inst515001.rcp,87924,0,time_limit,174,44
SP_inst516001.rcp,104908,0,time_limit,158,69
SP_inst517001.rcp,120306,0,time_limit,158,81
SP_inst518001.rcp,103189,0,time_limit,164,100
SP_inst519001.rcp,97386,0,time_limit,161,106
SP_inst520001.rcp,26627,1,search_exhausted,166,166
SP_inst52001.rcp,32,1,search_exhausted,142,142
SP_inst521001.rcp,1048,1,search_exhausted,148,148
SP_inst522001.rcp,92965,0,time_limit,158,26
SP_inst523001.rcp,107394,0,time_limit,130,28
SP_inst524001.rcp,89594,0,time_limit,174,44
SP_inst525001.rcp,104867,0,time_limit,158,69
SP_inst526001.rcp,121164,0,time_limit,158,81
SP_inst527001.rcp,102734,0,time_limit,164,100
SP_inst528001.rcp,96100,0,time_limit,161,106
SP_inst529001.rcp,26627,1,search_exhausted,166,166
SP_inst530001.rcp,1048,1,search_exhausted,148,148
SP_inst53001.rcp,32,1,search_exhausted,126,126
SP_inst531001.rcp,92252,0,time_limit,158,26
SP_inst532001.rcp,108627,0,time_limit,130,28
SP_inst533001.rcp,87851,0,time_limit,174,44
SP_inst534001.rcp,105293,0,time_limit,158,69
SP_inst535001.rcp,119028,0,time_limit,158,81
SP_inst536001.rcp,102511,0,time_limit,164,100
SP_inst537001.rcp,98188,0,time_limit,161,106
SP_inst538001.rcp,26627,1,search_exhausted,166,166
SP_inst539001.rcp,1048,1,search_exhausted,148,148
SP_inst54001.rcp,54134,0,time_limit,28,26
SP_inst55001.rcp,65090,0,time_limit,37,28
SP_inst56001.rcp,32,1,search_exhausted,44,44
SP_inst57001.rcp,2824,1,search_exhausted,72,72
SP_inst58001.rcp,101,1,search_exhausted,84,84
SP_inst59001.rcp,32,1,search_exhausted,100,100
SP_inst60001.rcp,32,1,search_exhausted,106,106
SP_inst6001.rcp,32,1,search_exhausted,106,106
SP_inst61001.rcp,32,1,search_exhausted,142,142
SP_inst62001.rcp,32,1,search_exhausted,126,126
SP_inst63001.rcp,54705,0,time_limit,28,26
SP_inst64001.rcp,64586,0,time_limit,30,28
SP_inst65001.rcp,32,1,search_exhausted,44,44
SP_inst66001.rcp,32,1,search_exhausted,69,69
SP_inst67001.rcp,67,1,search_exhausted,84,84
SP_inst68001.rcp,32,1,search_exhausted,100,100
SP_inst69001.rcp,32,1,search_exhausted,106,106
SP_inst70001.rcp,32,1,search_exhausted,142,142
SP_inst7001.rcp,32,1,search_exhausted,142,142
SP_inst71001.rcp,32,1,search_exhausted,126,126
SP_inst72001.rcp,60213,0,time_limit,33,26
SP_inst73001.rcp,68981,0,time_limit,35,28
SP_inst74001.rcp,32,1,search_exhausted,44,44
SP_inst75001.rcp,1305,1,search_exhausted,70,70
SP_inst76001.rcp,50,1,search_exhausted,84,84
SP_inst77001.rcp,32,1,search_exhausted,100,100
SP_inst78001.rcp,32,1,search_exhausted,106,106
SP_inst79001.rcp,32,1,search_exhausted,142,142
SP_inst80001.rcp,32,1,search_exhausted,126,126
SP_inst8001.rcp,32,1,search_exhausted,126,126
SP_inst81001.rcp,52537,0,time_limit,36,26
SP_inst82001.rcp,65572,0,time_limit,34,28
SP_inst83001.rcp,32,1,search_exhausted,44,44
SP_inst84001.rcp,32,1,search_exhausted,69,69
SP_inst85001.rcp,53,1,search_exhausted,84,84
SP_inst86001.rcp,32,1,search_exhausted,100,100
SP_inst87001.rcp,32,1,search_exhausted,106,106
SP_inst88001.rcp,32,1,search_exhausted,142,142
SP_inst89001.rcp,32,1,search_exhausted,126,126
SP_inst90001.rcp,67718,0,time_limit,62,26
SP_inst9001.rcp,56693,0,time_limit,30,26
SP_inst91001.rcp,86934,0,time_limit,56,28
SP_inst92001.rcp,56350,0,time_limit,77,44
SP_inst93001.rcp,97838,0,time_limit,90,69
SP_inst94001.rcp,1291,1,search_exhausted,101,101
SP_inst95001.rcp,8231,1,search_exhausted,101,101
SP_inst96001.rcp,32,1,search_exhausted,106,106
SP_inst97001.rcp,180,1,search_exhausted,148,148
SP_inst98001.rcp,32,1,search_exhausted,126,126
SP_inst99001.rcp,62412,0,time_limit,58,26
TF_inst1.rcp,13618,1,search_exhausted,48,48
TF_inst100001.rcp,126,1,search_exhausted,85,85
TF_inst10001.rcp,142,1,search_exhausted,85,85
TF_inst1001.rcp,32,1,search_exhausted,137,137
TF_inst101001.rcp,13882,1,search_exhausted,35,35
TF_inst102001.rcp,11341,1,search_exhausted,50,50
TF_inst103001.rcp,32,1,search_exhausted,137,137
TF_inst104001.rcp,32,1,search_exhausted,146,146
TF_inst105001.rcp,32,1,search_exhausted,82,82
TF_inst106001.rcp,102,1,search_exhausted,85,85
TF_inst107001.rcp,10805,1,search_exhausted,35,35
TF_inst108001.rcp,5722,1,search_exhausted,51,51
TF_inst109001.rcp,32,1,search_exhausted,137,137
TF_inst110001.rcp,32,1,search_exhausted,146,146
TF_inst11001.rcp,57908,0,time_limit,38,35
TF_inst111001.rcp,32,1,search_exhausted,82,82
TF_inst112001.rcp,32,1,search_exhausted,81,81
TF_inst113001.rcp,32,1,search_exhausted,35,35
TF_inst114001.rcp,32,1,search_exhausted,42,42
TF_inst115001.rcp,32,1,search_exhausted,137,137
TF_inst116001.rcp,32,1,search_exhausted,146,146
TF_inst117001.rcp,32,1,search_exhausted,82,82
TF_inst118001.rcp,32,1,search_exhausted,81,81
TF_inst119001.rcp,63935,0,time_limit,50,35
TF_inst120001.rcp,77549,0,time_limit,75,42
TF_inst12001.rcp,5326,1,search_exhausted,45,45
TF_inst121001.rcp,32,1,search_exhausted,137,137
TF_inst122001.rcp,44,1,search_exhausted,151,151
TF_inst123001.rcp,51858,0,time_limit,87,82
TF_inst124001.rcp,17163,1,search_exhausted,90,90
TF_inst125001.rcp,70977,0,time_limit,75,35
TF_inst126001.rcp,76012,0,time_limit,79,42
TF_inst127001.rcp,32,1,search_exhausted,137,137
TF_inst128001.rcp,80,1,search_exhausted,148,148
TF_inst129001.rcp,51855,0,time_limit,88,82
TF_inst130001.rcp,7529,1,search_exhausted,91,91
TF_inst13001.rcp,32,1,search_exhausted,137,137
TF_inst131001.rcp,72994,0,time_limit,72,35
TF_inst132001.rcp,86245,0,time_limit,81,42
TF_inst133001.rcp,32,1,search_exhausted,137,137
TF_inst134001.rcp,32,1,search_exhausted,146,146
TF_inst135001.rcp,47563,0,time_limit,92,82
TF_inst136001.rcp,71553,1,search_exhausted,106,106
TF_inst137001.rcp,76037,0,time_limit,68,35
TF_inst138001.rcp,81038,0,time_limit,83,42
TF_inst139001.rcp,32,1,search_exhausted,137,137
TF_inst140001.rcp,99,1,search_exhausted,152,152
TF_inst14001.rcp,32,1,search_exhausted,146,146
TF_inst141001.rcp,44864,0,time_limit,83,82
TF_inst142001.rcp,18098,1,search_exhausted,93,93
TF_inst143001.rcp,62973,0,time_limit,58,35
TF_inst144001.rcp,74589,0,time_limit,76,42
TF_inst145001.rcp,32,1,search_exhausted,137,137
TF_inst146001.rcp,32,1,search_exhausted,146,146
TF_inst147001.rcp,49397,0,time_limit,92,82
TF_inst148001.rcp,859,1,search_exhausted,82,82
TF_inst149001.rcp,76778,0,time_limit,64,35
TF_inst150001.rcp,77407,0,time_limit,77,42
TF_inst15001.rcp,32,1,search_exhausted,82,82
TF_inst151001.rcp,32,1,search_exhausted,137,137
TF_inst152001.rcp,39,1,search_exhausted,147,147
TF_inst153001.rcp,53726,0,time_limit,97,82
TF_inst154001.rcp,12083,1,search_exhausted,93,93
TF_inst155001.rcp,77565,0,time_limit,74,35
TF_inst156001.rcp,91030,0,time_limit,81,42
TF_inst157001.rcp,32,1,search_exhausted,137,137
TF_inst158001.rcp,32,1,search_exhausted,146,146
TF_inst159001.rcp,51313,0,time_limit,92,82
TF_inst160001.rcp,100404,0,time_limit,100,81
TF_inst16001.rcp,32,1,search_exhausted,81,81
TF_inst161001.rcp,89441,0,time_limit,80,35
TF_inst162001.rcp,84068,0,time_limit,78,42
TF_inst163001.rcp,32,1,search_exhausted,137,137
TF_inst164001.rcp,32,1,search_exhausted,146,146
TF_inst165001.rcp,49384,0,time_limit,99,82
TF_inst166001.rcp,3599,1,search_exhausted,97,97
TF_inst167001.rcp,76912,0,time_limit,66,35
TF_inst168001.rcp,84723,0,time_limit,93,42
TF_inst169001.rcp,32,1,search_exhausted,137,137
TF_inst170001.rcp,84,1,search_exhausted,147,147
TF_inst17001.rcp,63909,0,time_limit,41,35
TF_inst171001.rcp,50933,0,time_limit,92,82
TF_inst172001.rcp,4636,1,search_exhausted,98,98
TF_inst173001.rcp,76437,0,time_limit,62,35
TF_inst174001.rcp,86881,0,time_limit,94,42
TF_inst175001.rcp,32,1,search_exhausted,137,137
TF_inst176001.rcp,32,1,search_exhausted,146,146
TF_inst177001.rcp,52672,0,time_limit,92,82
TF_inst178001.rcp,11623,1,search_exhausted,95,95
TF_inst179001.rcp,85444,0,time_limit,70,35
TF_inst180001.rcp,76140,0,time_limit,89,42
TF_inst18001.rcp,23892,1,search_exhausted,48,48
TF_inst181001.rcp,32,1,search_exhausted,137,137
TF_inst182001.rcp,175,1,search_exhausted,151,151
TF_inst183001.rcp,51610,0,time_limit,96,82
TF_inst184001.rcp,4030,1,search_exhausted,92,92
TF_inst185001.rcp,68065,0,time_limit,63,35
TF_inst186001.rcp,80029,0,time_limit,76,42
TF_inst187001.rcp,756,1,search_exhausted,138,138
TF_inst188001.rcp,64,1,search_exhausted,151,151
TF_inst189001.rcp,55259,0,time_limit,98,82
TF_inst190001.rcp,98286,0,time_limit,104,81
TF_inst19001.rcp,32,1,search_exhausted,137,137
TF_inst191001.rcp,80945,0,time_limit,73,35
TF_inst192001.rcp,85872,0,time_limit,85,42
TF_inst193001.rcp,32,1,search_exhausted,137,137
TF_inst194001.rcp,32,1,search_exhausted,146,146
TF_inst195001.rcp,52019,0,time_limit,95,82
TF_inst196001.rcp,101002,0,time_limit,109,81
TF_inst197001.rcp,79797,0,time_limit,71,35
TF_inst198001.rcp,78402,0,time_limit,90,42
TF_inst199001.rcp,32,1,search_exhausted,137,137
TF_inst200001.rcp,32,1,search_exhausted,146,146
TF_inst20001.rcp,32,1,search_exhausted,146,146
TF_inst2001.rcp,32,1,search_exhausted,146,146
TF_inst201001.rcp,56896,0,time_limit,96,82
TF_inst202001.rcp,20542,1,search_exhausted,95,95
TF_inst203001.rcp,78357,0,time_limit,69,35
TF_inst204001.rcp,80421,0,time_limit,82,42
TF_inst205001.rcp,710,1,search_exhausted,138,138
TF_inst206001.rcp,32,1,search_exhausted,146,146
TF_inst207001.rcp,48076,0,time_limit,86,82
TF_inst208001.rcp,31999,1,search_exhausted,98,98
TF_inst209001.rcp,69161,0,time_limit,54,35
TF_inst210001.rcp,82874,0,time_limit,89,42
TF_inst21001.rcp,32,1,search_exhausted,82,82
TF_inst211001.rcp,32,1,search_exhausted,137,137
TF_inst212001.rcp,32,1,search_exhausted,146,146
TF_inst213001.rcp,50497,0,time_limit,89,82
TF_inst214001.rcp,22177,1,search_exhausted,97,97
TF_inst215001.rcp,66901,0,time_limit,68,35
TF_inst216001.rcp,75917,0,time_limit,85,42
TF_inst217001.rcp,32,1,search_exhausted,137,137
TF_inst218001.rcp,32,1,search_exhausted,146,146
TF_inst219001.rcp,6386,1,search_exhausted,82,82
TF_inst220001.rcp,7497,1,search_exhausted,92,92
TF_inst22001.rcp,32,1,search_exhausted,81,81
TF_inst221001.rcp,84554,0,time_limit,65,35
TF_inst222001.rcp,75735,0,time_limit,77,42
TF_inst223001.rcp,32,1,search_exhausted,137,137
TF_inst224001.rcp,32,1,search_exhausted,146,146
TF_inst225001.rcp,49852,0,time_limit,100,82
TF_inst226001.rcp,10238,1,search_exhausted,93,93
TF_inst227001.rcp,87067,0,time_limit,78,35
TF_inst228001.rcp,78120,0,time_limit,82,42
TF_inst229001.rcp,32,1,search_exhausted,137,137
TF_inst230001.rcp,32,1,search_exhausted,146,146
TF_inst23001.rcp,51282,0,time_limit,36,35
TF_inst231001.rcp,45189,0,time_limit,92,82
TF_inst232001.rcp,3248,1,search_exhausted,89,89
TF_inst233001.rcp,65881,0,time_limit,65,35
TF_inst234001.rcp,91657,0,time_limit,97,42
TF_inst235001.rcp,32,1,search_exhausted,137,137
TF_inst236001.rcp,32,1,search_exhausted,146,146
TF_inst237001.rcp,44693,0,time_limit,108,82
TF_inst238001.rcp,26718,1,search_exhausted,95,95
TF_inst239001.rcp,73709,0,time_limit,69,35
TF_inst240001.rcp,84201,0,time_limit,128,42
TF_inst24001.rcp,79198,0,time_limit,47,42
TF_inst241001.rcp,7713,1,search_exhausted,145,145
TF_inst242001.rcp,2712,1,search_exhausted,156,156
TF_inst243001.rcp,45625,0,time_limit,114,82
TF_inst244001.rcp,99157,0,time_limit,115,81
TF_inst245001.rcp,99878,0,time_limit,116,35
TF_inst246001.rcp,87559,0,time_limit,113,42
TF_inst247001.rcp,17586,1,search_exhausted,144,144
TF_inst248001.rcp,1705,1,search_exhausted,157,157
TF_inst249001.rcp,46647,0,time_limit,104,82
TF_inst250001.rcp,99091,0,time_limit,114,81
TF_inst25001.rcp,32,1,search_exhausted,137,137
TF_inst251001.rcp,89224,0,time_limit,89,35
TF_inst252001.rcp,89368,0,time_limit,111,42
TF_inst253001.rcp,2998,1,search_exhausted,139,139
TF_inst254001.rcp,220,1,search_exhausted,148,148
TF_inst255001.rcp,50087,0,time_limit,112,82
TF_inst256001.rcp,104555,0,time_limit,114,81
TF_inst257001.rcp,90895,0,time_limit,105,35
TF_inst258001.rcp,86592,0,time_limit,126,42
TF_inst259001.rcp,23984,1,search_exhausted,142,142
TF_inst260001.rcp,9403,1,search_exhausted,159,159
TF_inst26001.rcp,32,1,search_exhausted,146,146
TF_inst261001.rcp,50472,0,time_limit,115,82
TF_inst262001.rcp,99146,0,time_limit,124,81
TF_inst263001.rcp,97582,0,time_limit,94,35
TF_inst264001.rcp,86018,0,time_limit,116,42
TF_inst265001.rcp,10843,1,search_exhausted,144,144
TF_inst266001.rcp,32,1,search_exhausted,146,146
TF_inst267001.rcp,52631,0,time_limit,122,82
TF_inst268001.rcp,98682,0,time_limit,120,81
TF_inst269001.rcp,89135,0,time_limit,96,35
TF_inst270001.rcp,88755,0,time_limit,120,42
TF_inst27001.rcp,32,1,search_exhausted,82,82
TF_inst271001.rcp,1132,1,search_exhausted,138,138
TF_inst272001.rcp,4417,1,search_exhausted,159,159
TF_inst273001.rcp,49033,0,time_limit,113,82
TF_inst274001.rcp,95648,0,time_limit,123,81
TF_inst275001.rcp,88424,0,time_limit,91,35
TF_inst276001.rcp,93099,0,time_limit,117,42
TF_inst277001.rcp,32,1,search_exhausted,137,137
TF_inst278001.rcp,235,1,search_exhausted,156,156
TF_inst279001.rcp,48560,0,time_limit,113,82
TF_inst280001.rcp,98188,0,time_limit,112,81
TF_inst28001.rcp,32,1,search_exhausted,81,81
TF_inst281001.rcp,98110,0,time_limit,101,35
TF_inst282001.rcp,97300,0,time_limit,133,42
TF_inst283001.rcp,4972,1,search_exhausted,140,140
TF_inst284001.rcp,286,1,search_exhausted,155,155
TF_inst285001.rcp,59031,0,time_limit,117,82
TF_inst286001.rcp,111457,0,time_limit,115,81
TF_inst287001.rcp,88947,0,time_limit,89,35
TF_inst288001.rcp,82400,0,time_limit,119,42
TF_inst289001.rcp,785,1,search_exhausted,138,138
TF_inst290001.rcp,146,1,search_exhausted,157,157
TF_inst29001.rcp,3362,1,search_exhausted,35,35
TF_inst291001.rcp,54051,0,time_limit,129,82
TF_inst292001.rcp,96020,0,time_limit,109,81
TF_inst293001.rcp,106536,0,time_limit,88,35
TF_inst294001.rcp,98539,0,time_limit,130,42
TF_inst295001.rcp,2729,1,search_exhausted,144,144
TF_inst296001.rcp,877,1,search_exhausted,155,155
TF_inst297001.rcp,63068,0,time_limit,129,82
TF_inst298001.rcp,97553,0,time_limit,139,81
TF_inst299001.rcp,93243,0,time_limit,89,35
TF_inst300001.rcp,93826,0,time_limit,127,42
TF_inst30001.rcp,10781,1,search_exhausted,45,45
TF_inst3001.rcp,32,1,search_exhausted,82,82
TF_inst301001.rcp,757,1,search_exhausted,138,138
TF_inst302001.rcp,66,1,search_exhausted,148,148
TF_inst303001.rcp,51576,0,time_limit,117,82
TF_inst304001.rcp,104971,0,time_limit,137,81
TF_inst305001.rcp,91404,0,time_limit,91,35
TF_inst306001.rcp,84861,0,time_limit,117,42
TF_inst307001.rcp,772,1,search_exhausted,138,138
TF_inst308001.rcp,451,1,search_exhausted,149,149
TF_inst309001.rcp,47460,0,time_limit,110,82
TF_inst310001.rcp,105307,0,time_limit,135,81
TF_inst31001.rcp,32,1,search_exhausted,137,137
TF_inst311001.rcp,93398,0,time_limit,104,35
TF_inst312001.rcp,97995,0,time_limit,126,42
TF_inst313001.rcp,6737,1,search_exhausted,145,145
TF_inst314001.rcp,2696,1,search_exhausted,154,154
TF_inst315001.rcp,48311,0,time_limit,120,82
TF_inst316001.rcp,109325,0,time_limit,127,81
TF_inst317001.rcp,97043,0,time_limit,96,35
TF_inst318001.rcp,90494,0,time_limit,114,42
TF_inst319001.rcp,32,1,search_exhausted,137,137
TF_inst320001.rcp,409,1,search_exhausted,153,153
TF_inst32001.rcp,32,1,search_exhausted,146,146
TF_inst321001.rcp,58664,0,time_limit,132,82
TF_inst322001.rcp,95747,0,time_limit,108,81
TF_inst323001.rcp,96423,0,time_limit,97,35
TF_inst324001.rcp,85610,0,time_limit,107,42
TF_inst325001.rcp,1488,1,search_exhausted,138,138
TF_inst326001.rcp,32,1,search_exhausted,146,146
TF_inst327001.rcp,53121,0,time_limit,122,82
TF_inst328001.rcp,101294,0,time_limit,124,81
TF_inst329001.rcp,92620,0,time_limit,93,35
TF_inst330001.rcp,96849,0,time_limit,136,42
TF_inst33001.rcp,51916,0,time_limit,86,82
TF_inst331001.rcp,32,1,search_exhausted,137,137
TF_inst332001.rcp,916,1,search_exhausted,154,154
TF_inst333001.rcp,51484,0,time_limit,121,82
TF_inst334001.rcp,101518,0,time_limit,129,81
TF_inst335001.rcp,89150,0,time_limit,94,35
TF_inst336001.rcp,91999,0,time_limit,118,42
TF_inst337001.rcp,13603,1,search_exhausted,142,142
TF_inst338001.rcp,673,1,search_exhausted,149,149
TF_inst339001.rcp,52695,0,time_limit,115,82
TF_inst340001.rcp,103907,0,time_limit,118,81
TF_inst34001.rcp,336,1,search_exhausted,82,82
TF_inst341001.rcp,86513,0,time_limit,86,35
TF_inst342001.rcp,88653,0,time_limit,115,42
TF_inst343001.rcp,32,1,search_exhausted,137,137
TF_inst344001.rcp,199,1,search_exhausted,151,151
TF_inst345001.rcp,53938,0,time_limit,123,82
TF_inst346001.rcp,95016,0,time_limit,133,81
TF_inst347001.rcp,95729,0,time_limit,91,35
TF_inst348001.rcp,93083,0,time_limit,124,42
TF_inst349001.rcp,1866,1,search_exhausted,138,138
TF_inst350001.rcp,3042,1,search_exhausted,156,156
TF_inst35001.rcp,2962,1,search_exhausted,35,35
TF_inst351001.rcp,51439,0,time_limit,114,82
TF_inst352001.rcp,106523,0,time_limit,128,81
TF_inst353001.rcp,97288,0,time_limit,91,35
TF_inst354001.rcp,92192,0,time_limit,113,42
TF_inst355001.rcp,33543,1,search_exhausted,141,141
TF_inst356001.rcp,2654,1,search_exhausted,161,161
TF_inst357001.rcp,59133,0,time_limit,116,82
TF_inst358001.rcp,95930,0,time_limit,109,81
TF_inst359001.rcp,98664,0,time_limit,92,35
TF_inst360001.rcp,69969,0,time_limit,66,42
TF_inst36001.rcp,1170,1,search_exhausted,48,48
TF_inst361001.rcp,32,1,search_exhausted,137,137
TF_inst362001.rcp,80,1,search_exhausted,148,148
TF_inst363001.rcp,48298,0,time_limit,85,82
TF_inst364001.rcp,2916,1,search_exhausted,82,82
TF_inst365001.rcp,65598,0,time_limit,64,35
TF_inst366001.rcp,75236,0,time_limit,73,42
TF_inst367001.rcp,32,1,search_exhausted,137,137
TF_inst368001.rcp,44,1,search_exhausted,151,151
TF_inst369001.rcp,47056,0,time_limit,91,82
TF_inst370001.rcp,1256,1,search_exhausted,93,93
TF_inst37001.rcp,32,1,search_exhausted,137,137
TF_inst371001.rcp,59726,0,time_limit,70,35
TF_inst372001.rcp,70450,0,time_limit,65,42
TF_inst373001.rcp,32,1,search_exhausted,137,137
TF_inst374001.rcp,83,1,search_exhausted,155,155
TF_inst375001.rcp,4133,1,search_exhausted,82,82
TF_inst376001.rcp,60,1,search_exhausted,81,81
TF_inst377001.rcp,60494,0,time_limit,60,35
TF_inst378001.rcp,67764,0,time_limit,68,42
TF_inst379001.rcp,32,1,search_exhausted,137,137
TF_inst380001.rcp,32,1,search_exhausted,146,146
TF_inst38001.rcp,32,1,search_exhausted,146,146
TF_inst381001.rcp,48216,0,time_limit,83,82
TF_inst382001.rcp,3484,1,search_exhausted,89,89
TF_inst383001.rcp,67436,0,time_limit,71,35
TF_inst384001.rcp,78547,0,time_limit,91,42
TF_inst385001.rcp,758,1,search_exhausted,138,138
TF_inst386001.rcp,71,1,search_exhausted,151,151
TF_inst387001.rcp,60,1,search_exhausted,82,82
TF_inst388001.rcp,4855,1,search_exhausted,91,91
TF_inst389001.rcp,73934,0,time_limit,72,35
TF_inst390001.rcp,75461,0,time_limit,68,42
TF_inst39001.rcp,32,1,search_exhausted,82,82
TF_inst391001.rcp,32,1,search_exhausted,137,137
TF_inst392001.rcp,32,1,search_exhausted,146,146
TF_inst393001.rcp,784,1,search_exhausted,82,82
TF_inst394001.rcp,3453,1,search_exhausted,91,91
TF_inst395001.rcp,63850,0,time_limit,63,35
TF_inst396001.rcp,82327,0,time_limit,78,42
TF_inst397001.rcp,32,1,search_exhausted,137,137
TF_inst398001.rcp,32,1,search_exhausted,146,146
TF_inst399001.rcp,45207,0,time_limit,92,82
TF_inst400001.rcp,7823,1,search_exhausted,92,92
TF_inst40001.rcp,32,1,search_exhausted,81,81
TF_inst4001.rcp,32,1,search_exhausted,81,81
TF_inst401001.rcp,65564,0,time_limit,71,35
TF_inst402001.rcp,76658,0,time_limit,84,42
TF_inst403001.rcp,747,1,search_exhausted,138,138
TF_inst404001.rcp,82,1,search_exhausted,153,153
TF_inst405001.rcp,50192,0,time_limit,84,82
TF_inst406001.rcp,309,1,search_exhausted,84,84
TF_inst407001.rcp,69185,0,time_limit,56,35
TF_inst408001.rcp,82567,0,time_limit,72,42
TF_inst409001.rcp,32,1,search_exhausted,137,137
TF_inst410001.rcp,32,1,search_exhausted,146,146
TF_inst41001.rcp,20257,1,search_exhausted,35,35
TF_inst411001.rcp,47525,0,time_limit,88,82
TF_inst412001.rcp,75,1,search_exhausted,81,81
TF_inst413001.rcp,64736,0,time_limit,60,35
TF_inst414001.rcp,66721,0,time_limit,73,42
TF_inst415001.rcp,32,1,search_exhausted,137,137
TF_inst416001.rcp,32,1,search_exhausted,146,146
TF_inst417001.rcp,49219,0,time_limit,85,82
TF_inst418001.rcp,169,1,search_exhausted,82,82
TF_inst419001.rcp,69165,0,time_limit,62,35
TF_inst420001.rcp,70747,0,time_limit,78,42
TF_inst42001.rcp,32,1,search_exhausted,42,42
TF_inst421001.rcp,32,1,search_exhausted,137,137
TF_inst422001.rcp,118,1,search_exhausted,153,153
TF_inst423001.rcp,46367,0,time_limit,88,82
TF_inst424001.rcp,5106,1,search_exhausted,87,87
TF_inst425001.rcp,68233,0,time_limit,53,35
TF_inst426001.rcp,77491,0,time_limit,69,42
TF_inst427001.rcp,32,1,search_exhausted,137,137
TF_inst428001.rcp,32,1,search_exhausted,146,146
TF_inst429001.rcp,48084,0,time_limit,85,82
TF_inst430001.rcp,78,1,search_exhausted,81,81
TF_inst43001.rcp,32,1,search_exhausted,137,137
TF_inst431001.rcp,69487,0,time_limit,62,35
TF_inst432001.rcp,69100,0,time_limit,82,42
TF_inst433001.rcp,32,1,search_exhausted,137,137
TF_inst434001.rcp,64,1,search_exhausted,151,151
TF_inst435001.rcp,279,1,search_exhausted,82,82
TF_inst436001.rcp,8815,1,search_exhausted,83,83
TF_inst437001.rcp,54263,0,time_limit,65,35
TF_inst438001.rcp,74012,0,time_limit,71,42
TF_inst439001.rcp,32,1,search_exhausted,137,137
TF_inst440001.rcp,32,1,search_exhausted,146,146
TF_inst44001.rcp,32,1,search_exhausted,146,146
TF_inst441001.rcp,47190,0,time_limit,96,82
TF_inst442001.rcp,733,1,search_exhausted,85,85
TF_inst443001.rcp,62175,0,time_limit,60,35
TF_inst444001.rcp,66927,0,time_limit,69,42
TF_inst445001.rcp,32,1,search_exhausted,137,137
TF_inst446001.rcp,32,1,search_exhausted,146,146
TF_inst447001.rcp,46074,0,time_limit,92,82
TF_inst448001.rcp,6278,1,search_exhausted,85,85
TF_inst449001.rcp,57550,0,time_limit,53,35
TF_inst450001.rcp,76165,0,time_limit,76,42
TF_inst45001.rcp,32,1,search_exhausted,82,82
TF_inst451001.rcp,32,1,search_exhausted,137,137
TF_inst452001.rcp,32,1,search_exhausted,146,146
TF_inst453001.rcp,37,1,search_exhausted,82,82
TF_inst454001.rcp,5369,1,search_exhausted,90,90
TF_inst455001.rcp,68336,0,time_limit,59,35
TF_inst456001.rcp,74050,0,time_limit,83,42
TF_inst457001.rcp,898,1,search_exhausted,138,138
TF_inst458001.rcp,32,1,search_exhausted,146,146
TF_inst459001.rcp,5149,1,search_exhausted,82,82
TF_inst460001.rcp,1695,1,search_exhausted,82,82
TF_inst46001.rcp,32,1,search_exhausted,81,81
TF_inst461001.rcp,74893,0,time_limit,56,35
TF_inst462001.rcp,68982,0,time_limit,70,42
TF_inst463001.rcp,32,1,search_exhausted,137,137
TF_inst464001.rcp,32,1,search_exhausted,146,146
TF_inst465001.rcp,46060,0,time_limit,90,82
TF_inst466001.rcp,76419,1,search_exhausted,97,97
TF_inst467001.rcp,76229,0,time_limit,64,35
TF_inst468001.rcp,73885,0,time_limit,78,42
TF_inst469001.rcp,32,1,search_exhausted,137,137
TF_inst470001.rcp,80,1,search_exhausted,148,148
TF_inst47001.rcp,60898,0,time_limit,42,35
TF_inst471001.rcp,52170,0,time_limit,96,82
TF_inst472001.rcp,18101,1,search_exhausted,89,89
TF_inst473001.rcp,62405,0,time_limit,60,35
TF_inst474001.rcp,70102,0,time_limit,68,42
TF_inst475001.rcp,32,1,search_exhausted,137,137
TF_inst476001.rcp,32,1,search_exhausted,146,146
TF_inst477001.rcp,52492,0,time_limit,90,82
TF_inst478001.rcp,1009,1,search_exhausted,82,82
TF_inst479001.rcp,59696,0,time_limit,63,35
TF_inst480001.rcp,93703,0,time_limit,161,42
TF_inst48001.rcp,4648,1,search_exhausted,47,47
TF_inst481001.rcp,71141,0,time_limit,159,137
TF_inst482001.rcp,31384,1,search_exhausted,166,166
TF_inst483001.rcp,57878,0,time_limit,154,82
TF_inst484001.rcp,83635,0,time_limit,135,81
TF_inst485001.rcp,93637,0,time_limit,139,35
TF_inst486001.rcp,94952,0,time_limit,178,42
TF_inst487001.rcp,69166,0,time_limit,150,137
TF_inst488001.rcp,5455,1,search_exhausted,166,166
TF_inst489001.rcp,69374,0,time_limit,140,82
TF_inst490001.rcp,89878,0,time_limit,151,81
TF_inst49001.rcp,32,1,search_exhausted,137,137
TF_inst491001.rcp,86973,0,time_limit,133,35
TF_inst492001.rcp,101670,0,time_limit,157,42
TF_inst493001.rcp,73900,0,time_limit,160,137
TF_inst494001.rcp,28160,1,search_exhausted,168,168
TF_inst495001.rcp,59097,0,time_limit,131,82
TF_inst496001.rcp,95074,0,time_limit,153,81
TF_inst497001.rcp,90939,0,time_limit,133,35
TF_inst498001.rcp,83614,0,time_limit,168,42
TF_inst499001.rcp,64612,0,time_limit,159,137
TF_inst500001.rcp,106151,0,time_limit,179,146
TF_inst50001.rcp,32,1,search_exhausted,146,146
TF_inst5001.rcp,26765,1,search_exhausted,35,35
TF_inst501001.rcp,77110,0,time_limit,161,82
TF_inst502001.rcp,94742,0,time_limit,143,81
TF_inst503001.rcp,99456,0,time_limit,129,35
TF_inst504001.rcp,84372,0,time_limit,146,42
TF_inst505001.rcp,70082,0,time_limit,153,137
TF_inst506001.rcp,45553,1,search_exhausted,167,167
TF_inst507001.rcp,67631,0,time_limit,159,82
TF_inst508001.rcp,100016,0,time_limit,160,81
TF_inst509001.rcp,94274,0,time_limit,150,35
TF_inst510001.rcp,86750,0,time_limit,148,42
TF_inst51001.rcp,32,1,search_exhausted,82,82
TF_inst511001.rcp,68295,0,time_limit,158,137
TF_inst512001.rcp,90062,1,search_exhausted,170,170
TF_inst513001.rcp,75125,0,time_limit,170,82
TF_inst514001.rcp,88803,0,time_limit,148,81
TF_inst515001.rcp,100281,0,time_limit,128,35
TF_inst516001.rcp,93024,0,time_limit,167,42
TF_inst517001.rcp,70647,0,time_limit,150,137
TF_inst518001.rcp,69348,1,search_exhausted,178,178
TF_inst519001.rcp,61883,0,time_limit,156,82
TF_inst520001.rcp,96156,0,time_limit,154,81
TF_inst52001.rcp,32,1,search_exhausted,81,81
TF_inst521001.rcp,98754,0,time_limit,142,35
TF_inst522001.rcp,90385,0,time_limit,171,42
TF_inst523001.rcp,67221,0,time_limit,152,137
TF_inst524001.rcp,11679,1,search_exhausted,161,161
TF_inst525001.rcp,72418,0,time_limit,164,82
TF_inst526001.rcp,94640,0,time_limit,155,81
TF_inst527001.rcp,106521,0,time_limit,139,35
TF_inst528001.rcp,86570,0,time_limit,149,42
TF_inst529001.rcp,68895,0,time_limit,148,137
TF_inst530001.rcp,101985,0,time_limit,172,147
TF_inst53001.rcp,56491,0,time_limit,44,35
TF_inst531001.rcp,72116,0,time_limit,162,82
TF_inst532001.rcp,92393,0,time_limit,154,81
TF_inst533001.rcp,99510,0,time_limit,136,35
TF_inst534001.rcp,94219,0,time_limit,160,42
TF_inst535001.rcp,72195,0,time_limit,150,137
TF_inst536001.rcp,30305,1,search_exhausted,171,171
TF_inst537001.rcp,63568,0,time_limit,153,82
TF_inst538001.rcp,97641,0,time_limit,160,81
TF_inst539001.rcp,94348,0,time_limit,141,35
TF_inst540001.rcp,94713,0,time_limit,160,42
TF_inst54001.rcp,1793,1,search_exhausted,48,48
TF_inst541001.rcp,74536,0,time_limit,147,137
TF_inst542001.rcp,2079,1,search_exhausted,165,165
TF_inst543001.rcp,80275,0,time_limit,160,82
TF_inst544001.rcp,101336,0,time_limit,162,81
TF_inst545001.rcp,94878,0,time_limit,124,35
TF_inst546001.rcp,80064,0,time_limit,156,42
TF_inst547001.rcp,21932,1,search_exhausted,140,140
TF_inst548001.rcp,9027,1,search_exhausted,168,168
TF_inst549001.rcp,49137,0,time_limit,134,82
TF_inst550001.rcp,94612,0,time_limit,148,81
TF_inst55001.rcp,32,1,search_exhausted,137,137
TF_inst551001.rcp,94938,0,time_limit,134,35
TF_inst552001.rcp,90710,0,time_limit,160,42
TF_inst553001.rcp,69254,0,time_limit,158,137
TF_inst554001.rcp,110815,0,time_limit,174,146
TF_inst555001.rcp,57580,0,time_limit,164,82
TF_inst556001.rcp,99085,0,time_limit,144,81
TF_inst557001.rcp,90685,0,time_limit,145,35
TF_inst558001.rcp,85841,0,time_limit,164,42
TF_inst559001.rcp,75434,0,time_limit,150,137
TF_inst560001.rcp,107283,0,time_limit,174,146
TF_inst56001.rcp,32,1,search_exhausted,146,146
TF_inst561001.rcp,65882,0,time_limit,158,82
TF_inst562001.rcp,101456,0,time_limit,158,81
TF_inst563001.rcp,96436,0,time_limit,144,35
TF_inst564001.rcp,92720,0,time_limit,162,42
TF_inst565001.rcp,69222,0,time_limit,158,137
TF_inst566001.rcp,26814,1,search_exhausted,173,173
TF_inst567001.rcp,62341,0,time_limit,153,82
TF_inst568001.rcp,87046,0,time_limit,157,81
TF_inst569001.rcp,96623,0,time_limit,141,35
TF_inst570001.rcp,89270,0,time_limit,160,42
TF_inst57001.rcp,32,1,search_exhausted,82,82
TF_inst571001.rcp,76770,0,time_limit,151,137
TF_inst572001.rcp,19306,1,search_exhausted,165,165
TF_inst573001.rcp,70506,0,time_limit,150,82
TF_inst574001.rcp,98881,0,time_limit,148,81
TF_inst575001.rcp,89398,0,time_limit,131,35
TF_inst576001.rcp,93168,0,time_limit,157,42
TF_inst577001.rcp,77568,0,time_limit,158,137
TF_inst578001.rcp,75195,1,search_exhausted,168,168
TF_inst579001.rcp,57297,0,time_limit,145,82
TF_inst580001.rcp,97945,0,time_limit,160,81
TF_inst58001.rcp,32,1,search_exhausted,81,81
TF_inst581001.rcp,100309,0,time_limit,138,35
TF_inst582001.rcp,88501,0,time_limit,159,42
TF_inst583001.rcp,60970,0,time_limit,154,137
TF_inst584001.rcp,14300,1,search_exhausted,171,171
TF_inst585001.rcp,72449,0,time_limit,166,82
TF_inst586001.rcp,92579,0,time_limit,155,81
TF_inst587001.rcp,100344,0,time_limit,143,35
TF_inst588001.rcp,94625,0,time_limit,165,42
TF_inst589001.rcp,69323,0,time_limit,158,137
TF_inst590001.rcp,99559,0,time_limit,178,146
TF_inst59001.rcp,64222,0,time_limit,37,35
TF_inst591001.rcp,72056,0,time_limit,153,82
TF_inst592001.rcp,96677,0,time_limit,157,81
TF_inst593001.rcp,98597,0,time_limit,139,35
TF_inst594001.rcp,80678,0,time_limit,168,42
TF_inst595001.rcp,65317,0,time_limit,154,137
TF_inst596001.rcp,114888,0,time_limit,174,146
TF_inst597001.rcp,75325,0,time_limit,153,82
TF_inst598001.rcp,106481,0,time_limit,147,81
TF_inst599001.rcp,96057,0,time_limit,144,35
TF_inst600001.rcp,98035,0,time_limit,178,42
TF_inst60001.rcp,8463,1,search_exhausted,46,46
TF_inst6001.rcp,80301,0,time_limit,55,42
TF_inst601001.rcp,78157,0,time_limit,160,137
TF_inst602001.rcp,106889,0,time_limit,179,146
TF_inst603001.rcp,79601,0,time_limit,174,82
TF_inst604001.rcp,105199,0,time_limit,168,81
TF_inst605001.rcp,99542,0,time_limit,155,35
TF_inst606001.rcp,96773,0,time_limit,178,42
TF_inst607001.rcp,77222,0,time_limit,160,137
TF_inst608001.rcp,106785,0,time_limit,179,146
TF_inst609001.rcp,76916,0,time_limit,174,82
TF_inst610001.rcp,106680,0,time_limit,168,81
TF_inst61001.rcp,32,1,search_exhausted,137,137
TF_inst611001.rcp,100454,0,time_limit,155,35
TF_inst612001.rcp,97108,0,time_limit,178,42
TF_inst613001.rcp,79668,0,time_limit,160,137
TF_inst614001.rcp,107404,0,time_limit,179,146
TF_inst615001.rcp,79486,0,time_limit,174,82
TF_inst616001.rcp,105099,0,time_limit,168,81
TF_inst617001.rcp,101704,0,time_limit,155,35
TF_inst618001.rcp,96834,0,time_limit,178,42
TF_inst619001.rcp,79370,0,time_limit,160,137
TF_inst620001.rcp,107163,0,time_limit,179,146
TF_inst62001.rcp,32,1,search_exhausted,146,146
TF_inst621001.rcp,79743,0,time_limit,174,82
TF_inst622001.rcp,106259,0,time_limit,168,81
TF_inst623001.rcp,100199,0,time_limit,155,35
TF_inst624001.rcp,97694,0,time_limit,178,42
TF_inst625001.rcp,79352,0,time_limit,160,137
TF_inst626001.rcp,107907,0,time_limit,179,146
TF_inst627001.rcp,78577,0,time_limit,174,82
TF_inst628001.rcp,107162,0,time_limit,168,81
TF_inst629001.rcp,99995,0,time_limit,155,35
TF_inst630001.rcp,97567,0,time_limit,178,42
TF_inst63001.rcp,32,1,search_exhausted,82,82
TF_inst631001.rcp,78610,0,time_limit,160,137
TF_inst632001.rcp,108179,0,time_limit,179,146
TF_inst633001.rcp,78491,0,time_limit,174,82
TF_inst634001.rcp,105516,0,time_limit,168,81
TF_inst635001.rcp,98657,0,time_limit,155,35
TF_inst636001.rcp,97669,0,time_limit,178,42
TF_inst637001.rcp,78790,0,time_limit,160,137
TF_inst638001.rcp,108085,0,time_limit,179,146
TF_inst639001.rcp,79523,0,time_limit,174,82
TF_inst640001.rcp,107577,0,time_limit,168,81
TF_inst64001.rcp,32,1,search_exhausted,81,81
TF_inst641001.rcp,101097,0,time_limit,155,35
TF_inst642001.rcp,96587,0,time_limit,178,42
TF_inst643001.rcp,79410,0,time_limit,160,137
TF_inst644001.rcp,108444,0,time_limit,179,146
TF_inst645001.rcp,78405,0,time_limit,174,82
TF_inst646001.rcp,106829,0,time_limit,168,81
TF_inst647001.rcp,100714,0,time_limit,155,35
TF_inst648001.rcp,96592,0,time_limit,178,42
TF_inst649001.rcp,78097,0,time_limit,160,137
TF_inst650001.rcp,107897,0,time_limit,179,146
TF_inst65001.rcp,32,1,search_exhausted,35,35
TF_inst651001.rcp,78836,0,time_limit,174,82
TF_inst652001.rcp,107058,0,time_limit,168,81
TF_inst653001.rcp,100481,0,time_limit,155,35
TF_inst654001.rcp,97439,0,time_limit,178,42
TF_inst655001.rcp,79583,0,time_limit,160,137
TF_inst656001.rcp,107594,0,time_limit,179,146
TF_inst657001.rcp,78049,0,time_limit,174,82
TF_inst658001.rcp,107295,0,time_limit,168,81
TF_inst659001.rcp,100238,0,time_limit,155,35
TF_inst660001.rcp,98140,0,time_limit,178,42
TF_inst66001.rcp,23772,1,search_exhausted,47,47
TF_inst661001.rcp,78666,0,time_limit,160,137
TF_inst662001.rcp,106859,0,time_limit,179,146
TF_inst663001.rcp,79142,0,time_limit,174,82
TF_inst664001.rcp,106582,0,time_limit,168,81
TF_inst665001.rcp,100649,0,time_limit,155,35
TF_inst666001.rcp,97133,0,time_limit,178,42
TF_inst667001.rcp,77488,0,time_limit,160,137
TF_inst668001.rcp,108927,0,time_limit,179,146
TF_inst669001.rcp,78952,0,time_limit,174,82
TF_inst670001.rcp,104626,0,time_limit,168,81
TF_inst67001.rcp,32,1,search_exhausted,137,137
TF_inst671001.rcp,101779,0,time_limit,155,35
TF_inst672001.rcp,98006,0,time_limit,178,42
TF_inst673001.rcp,78966,0,time_limit,160,137
TF_inst674001.rcp,109537,0,time_limit,179,146
TF_inst675001.rcp,73051,0,time_limit,174,82
TF_inst676001.rcp,105153,0,time_limit,168,81
TF_inst677001.rcp,96067,0,time_limit,155,35
TF_inst678001.rcp,98838,0,time_limit,178,42
TF_inst679001.rcp,78634,0,time_limit,160,137
TF_inst680001.rcp,107069,0,time_limit,179,146
TF_inst68001.rcp,32,1,search_exhausted,146,146
TF_inst681001.rcp,78710,0,time_limit,174,82
TF_inst682001.rcp,105433,0,time_limit,168,81
TF_inst683001.rcp,100780,0,time_limit,154,35
TF_inst684001.rcp,91877,0,time_limit,178,42
TF_inst685001.rcp,72571,0,time_limit,160,137
TF_inst686001.rcp,108248,0,time_limit,179,146
TF_inst687001.rcp,79397,0,time_limit,174,82
TF_inst688001.rcp,106304,0,time_limit,168,81
TF_inst689001.rcp,99969,0,time_limit,155,35
TF_inst690001.rcp,99130,0,time_limit,178,42
TF_inst69001.rcp,32,1,search_exhausted,82,82
TF_inst691001.rcp,80641,0,time_limit,160,137
TF_inst692001.rcp,107221,0,time_limit,179,146
TF_inst693001.rcp,78474,0,time_limit,174,82
TF_inst694001.rcp,105520,0,time_limit,168,81
TF_inst695001.rcp,100962,0,time_limit,155,35
TF_inst696001.rcp,96282,0,time_limit,178,42
TF_inst697001.rcp,79374,0,time_limit,160,137
TF_inst698001.rcp,106033,0,time_limit,179,146
TF_inst699001.rcp,76179,0,time_limit,174,82
TF_inst700001.rcp,107334,0,time_limit,168,81
TF_inst70001.rcp,32,1,search_exhausted,81,81
TF_inst7001.rcp,32,1,search_exhausted,137,137
TF_inst701001.rcp,101517,0,time_limit,155,35
TF_inst702001.rcp,96259,0,time_limit,178,42
TF_inst703001.rcp,79228,0,time_limit,160,137
TF_inst704001.rcp,108695,0,time_limit,179,146
TF_inst705001.rcp,76897,0,time_limit,174,82
TF_inst706001.rcp,107659,0,time_limit,168,81
TF_inst707001.rcp,99736,0,time_limit,155,35
TF_inst708001.rcp,99008,0,time_limit,178,42
TF_inst709001.rcp,79559,0,time_limit,160,137
TF_inst710001.rcp,108207,0,time_limit,179,146
TF_inst71001.rcp,53229,0,time_limit,36,35
TF_inst711001.rcp,74395,0,time_limit,174,82
TF_inst712001.rcp,106011,0,time_limit,168,81
TF_inst713001.rcp,100571,0,time_limit,155,35
TF_inst714001.rcp,97356,0,time_limit,178,42
TF_inst715001.rcp,78315,0,time_limit,160,137
TF_inst716001.rcp,109057,0,time_limit,179,146
TF_inst717001.rcp,78923,0,time_limit,174,82
TF_inst718001.rcp,106282,0,time_limit,168,81
TF_inst719001.rcp,99424,0,time_limit,155,35
TF_inst72001.rcp,48598,1,search_exhausted,48,48
TF_inst73001.rcp,32,1,search_exhausted,137,137
TF_inst74001.rcp,32,1,search_exhausted,146,146
TF_inst75001.rcp,32,1,search_exhausted,82,82
TF_inst76001.rcp,32,1,search_exhausted,81,81
TF_inst77001.rcp,58951,0,time_limit,36,35
TF_inst78001.rcp,5715,1,search_exhausted,50,50
TF_inst79001.rcp,32,1,search_exhausted,137,137
TF_inst80001.rcp,32,1,search_exhausted,146,146
TF_inst8001.rcp,32,1,search_exhausted,146,146
TF_inst81001.rcp,32,1,search_exhausted,82,82
TF_inst82001.rcp,32,1,search_exhausted,81,81
TF_inst83001.rcp,60720,0,time_limit,40,35
TF_inst84001.rcp,78113,0,time_limit,57,42
TF_inst85001.rcp,32,1,search_exhausted,137,137
TF_inst86001.rcp,32,1,search_exhausted,146,146
TF_inst87001.rcp,32,1,search_exhausted,82,82
TF_inst88001.rcp,154,1,search_exhausted,83,83
TF_inst89001.rcp,55649,0,time_limit,43,35
TF_inst90001.rcp,8073,1,search_exhausted,51,51
TF_inst9001.rcp,32,1,search_exhausted,82,82
TF_inst91001.rcp,32,1,search_exhausted,137,137
TF_inst92001.rcp,32,1,search_exhausted,146,146
TF_inst93001.rcp,32,1,search_exhausted,82,82
TF_inst94001.rcp,32,1,search_exhausted,81,81
TF_inst95001.rcp,32,1,search_exhausted,35,35
TF_inst96001.rcp,12769,1,search_exhausted,44,44
TF_inst97001.rcp,32,1,search_exhausted,137,137
TF_inst98001.rcp,32,1,search_exhausted,146,146
TF_inst99001.rcp,32,1,search_exhausted,82,82
VAR_inst1.rcp,62418,0,time_limit,33,28
VAR_inst100001.rcp,231,1,search_exhausted,88,88
VAR_inst10001.rcp,32,1,search_exhausted,81,81
VAR_inst1001.rcp,32,1,search_exhausted,81,81
VAR_inst101001.rcp,32,1,search_exhausted,142,142
VAR_inst102001.rcp,68897,0,time_limit,46,28
VAR_inst103001.rcp,97,1,search_exhausted,89,89
VAR_inst104001.rcp,32,1,search_exhausted,142,142
VAR_inst105001.rcp,61082,0,time_limit,37,28
VAR_inst106001.rcp,651,1,search_exhausted,97,97
VAR_inst107001.rcp,32,1,search_exhausted,142,142
VAR_inst108001.rcp,67915,0,time_limit,37,28
VAR_inst109001.rcp,144,1,search_exhausted,91,91
VAR_inst110001.rcp,32,1,search_exhausted,142,142
VAR_inst11001.rcp,32,1,search_exhausted,142,142
VAR_inst111001.rcp,68656,0,time_limit,49,28
VAR_inst112001.rcp,291,1,search_exhausted,92,92
VAR_inst113001.rcp,32,1,search_exhausted,142,142
VAR_inst114001.rcp,74247,0,time_limit,43,28
VAR_inst115001.rcp,68,1,search_exhausted,85,85
VAR_inst116001.rcp,32,1,search_exhausted,142,142
VAR_inst117001.rcp,64432,0,time_limit,37,28
VAR_inst118001.rcp,109,1,search_exhausted,88,88
VAR_inst119001.rcp,32,1,search_exhausted,142,142
VAR_inst120001.rcp,70496,0,time_limit,53,28
VAR_inst12001.rcp,55527,0,time_limit,30,28
VAR_inst121001.rcp,510,1,search_exhausted,93,93
VAR_inst122001.rcp,32,1,search_exhausted,142,142
VAR_inst123001.rcp,65872,0,time_limit,46,28
VAR_inst124001.rcp,3855,1,search_exhausted,103,103
VAR_inst125001.rcp,32,1,search_exhausted,142,142
VAR_inst126001.rcp,72509,0,time_limit,47,28
VAR_inst127001.rcp,713,1,search_exhausted,92,92
VAR_inst128001.rcp,110,1,search_exhausted,148,148
VAR_inst129001.rcp,69787,0,time_limit,44,28
VAR_inst130001.rcp,879,1,search_exhausted,95,95
VAR_inst13001.rcp,32,1,search_exhausted,81,81
VAR_inst131001.rcp,71,1,search_exhausted,145,145
VAR_inst132001.rcp,70327,0,time_limit,48,28
VAR_inst133001.rcp,322,1,search_exhausted,98,98
VAR_inst134001.rcp,68,1,search_exhausted,148,148
VAR_inst135001.rcp,59361,0,time_limit,41,28
VAR_inst136001.rcp,1775,1,search_exhausted,98,98
VAR_inst137001.rcp,32,1,search_exhausted,142,142
VAR_inst138001.rcp,68682,0,time_limit,50,28
VAR_inst139001.rcp,185,1,search_exhausted,88,88
VAR_inst140001.rcp,32,1,search_exhausted,142,142
VAR_inst14001.rcp,32,1,search_exhausted,142,142
VAR_inst141001.rcp,73102,0,time_limit,50,28
VAR_inst142001.rcp,1220,1,search_exhausted,95,95
VAR_inst143001.rcp,32,1,search_exhausted,142,142
VAR_inst144001.rcp,72861,0,time_limit,55,28
VAR_inst145001.rcp,604,1,search_exhausted,93,93
VAR_inst146001.rcp,32,1,search_exhausted,142,142
VAR_inst147001.rcp,75664,0,time_limit,46,28
VAR_inst148001.rcp,3385,1,search_exhausted,102,102
VAR_inst149001.rcp,184,1,search_exhausted,145,145
VAR_inst150001.rcp,68432,0,time_limit,56,28
VAR_inst15001.rcp,54879,0,time_limit,29,28
VAR_inst151001.rcp,1341,1,search_exhausted,98,98
VAR_inst152001.rcp,32,1,search_exhausted,142,142
VAR_inst153001.rcp,70394,0,time_limit,45,28
VAR_inst154001.rcp,99,1,search_exhausted,89,89
VAR_inst155001.rcp,186,1,search_exhausted,151,151
VAR_inst156001.rcp,69586,0,time_limit,45,28
VAR_inst157001.rcp,829,1,search_exhausted,100,100
VAR_inst158001.rcp,338,1,search_exhausted,151,151
VAR_inst159001.rcp,64047,0,time_limit,43,28
VAR_inst160001.rcp,1495,1,search_exhausted,96,96
VAR_inst16001.rcp,86,1,search_exhausted,86,86
VAR_inst161001.rcp,32,1,search_exhausted,142,142
VAR_inst162001.rcp,63411,0,time_limit,42,28
VAR_inst163001.rcp,207,1,search_exhausted,87,87
VAR_inst164001.rcp,112,1,search_exhausted,148,148
VAR_inst165001.rcp,76311,0,time_limit,45,28
VAR_inst166001.rcp,2163,1,search_exhausted,99,99
VAR_inst167001.rcp,32,1,search_exhausted,142,142
VAR_inst168001.rcp,69003,0,time_limit,49,28
VAR_inst169001.rcp,578,1,search_exhausted,94,94
VAR_inst170001.rcp,32,1,search_exhausted,142,142
VAR_inst17001.rcp,32,1,search_exhausted,142,142
VAR_inst171001.rcp,68235,0,time_limit,50,28
VAR_inst172001.rcp,334,1,search_exhausted,88,88
VAR_inst173001.rcp,32,1,search_exhausted,142,142
VAR_inst174001.rcp,71095,0,time_limit,42,28
VAR_inst175001.rcp,163,1,search_exhausted,91,91
VAR_inst176001.rcp,73,1,search_exhausted,145,145
VAR_inst177001.rcp,72541,0,time_limit,49,28
VAR_inst178001.rcp,342,1,search_exhausted,88,88
VAR_inst179001.rcp,298,1,search_exhausted,145,145
VAR_inst180001.rcp,79480,0,time_limit,65,28
VAR_inst18001.rcp,59204,0,time_limit,36,28
VAR_inst181001.rcp,5523,1,search_exhausted,105,105
VAR_inst182001.rcp,35,1,search_exhausted,143,143
VAR_inst183001.rcp,62911,0,time_limit,61,28
VAR_inst184001.rcp,4830,1,search_exhausted,103,103
VAR_inst185001.rcp,230,1,search_exhausted,148,148
VAR_inst186001.rcp,73438,0,time_limit,73,28
VAR_inst187001.rcp,549,1,search_exhausted,94,94
VAR_inst188001.rcp,100,1,search_exhausted,148,148
VAR_inst189001.rcp,71079,0,time_limit,66,28
VAR_inst190001.rcp,41,1,search_exhausted,85,85
VAR_inst19001.rcp,48,1,search_exhausted,82,82
VAR_inst191001.rcp,32,1,search_exhausted,142,142
VAR_inst192001.rcp,72835,0,time_limit,61,28
VAR_inst193001.rcp,1993,1,search_exhausted,99,99
VAR_inst194001.rcp,156,1,search_exhausted,145,145
VAR_inst195001.rcp,69897,0,time_limit,56,28
VAR_inst196001.rcp,2649,1,search_exhausted,100,100
VAR_inst197001.rcp,64,1,search_exhausted,143,143
VAR_inst198001.rcp,77825,0,time_limit,79,28
VAR_inst199001.rcp,526,1,search_exhausted,95,95
VAR_inst200001.rcp,32,1,search_exhausted,142,142
VAR_inst20001.rcp,32,1,search_exhausted,142,142
VAR_inst2001.rcp,32,1,search_exhausted,142,142
VAR_inst201001.rcp,76950,0,time_limit,78,28
VAR_inst202001.rcp,22402,1,search_exhausted,119,119
VAR_inst203001.rcp,325,1,search_exhausted,155,155
VAR_inst204001.rcp,58013,0,time_limit,52,28
VAR_inst205001.rcp,21585,1,search_exhausted,111,111
VAR_inst206001.rcp,427,1,search_exhausted,146,146
VAR_inst207001.rcp,69128,0,time_limit,68,28
VAR_inst208001.rcp,1498,1,search_exhausted,106,106
VAR_inst209001.rcp,624,1,search_exhausted,151,151
VAR_inst210001.rcp,79444,0,time_limit,78,28
VAR_inst21001.rcp,59823,0,time_limit,34,28
VAR_inst211001.rcp,8142,1,search_exhausted,100,100
VAR_inst212001.rcp,90,1,search_exhausted,153,153
VAR_inst213001.rcp,76576,0,time_limit,77,28
VAR_inst214001.rcp,27385,1,search_exhausted,109,109
VAR_inst215001.rcp,255,1,search_exhausted,154,154
VAR_inst216001.rcp,70586,0,time_limit,85,28
VAR_inst217001.rcp,41311,1,search_exhausted,113,113
VAR_inst218001.rcp,126,1,search_exhausted,151,151
VAR_inst219001.rcp,80737,0,time_limit,81,28
VAR_inst220001.rcp,36131,1,search_exhausted,118,118
VAR_inst22001.rcp,65,1,search_exhausted,82,82
VAR_inst221001.rcp,483,1,search_exhausted,145,145
VAR_inst222001.rcp,76322,0,time_limit,73,28
VAR_inst223001.rcp,6333,1,search_exhausted,107,107
VAR_inst224001.rcp,134,1,search_exhausted,150,150
VAR_inst225001.rcp,80444,0,time_limit,70,28
VAR_inst226001.rcp,2575,1,search_exhausted,98,98
VAR_inst227001.rcp,751,1,search_exhausted,146,146
VAR_inst228001.rcp,80211,0,time_limit,87,28
VAR_inst229001.rcp,149303,0,time_limit,127,81
VAR_inst230001.rcp,506,1,search_exhausted,150,150
VAR_inst23001.rcp,60,1,search_exhausted,148,148
VAR_inst231001.rcp,84337,0,time_limit,94,28
VAR_inst232001.rcp,102410,1,search_exhausted,124,124
VAR_inst233001.rcp,1324,1,search_exhausted,154,154
VAR_inst234001.rcp,81449,0,time_limit,86,28
VAR_inst235001.rcp,90780,1,search_exhausted,119,119
VAR_inst236001.rcp,101,1,search_exhausted,148,148
VAR_inst237001.rcp,77770,0,time_limit,81,28
VAR_inst238001.rcp,958,1,search_exhausted,91,91
VAR_inst239001.rcp,112,1,search_exhausted,151,151
VAR_inst240001.rcp,84985,0,time_limit,106,28
VAR_inst24001.rcp,29679,1,search_exhausted,35,35
VAR_inst241001.rcp,102003,0,time_limit,150,81
VAR_inst242001.rcp,1473,1,search_exhausted,159,159
VAR_inst243001.rcp,88371,0,time_limit,100,28
VAR_inst244001.rcp,98598,0,time_limit,144,81
VAR_inst245001.rcp,6256,1,search_exhausted,158,158
VAR_inst246001.rcp,82559,0,time_limit,110,28
VAR_inst247001.rcp,93486,0,time_limit,149,81
VAR_inst248001.rcp,4742,1,search_exhausted,158,158
VAR_inst249001.rcp,83007,0,time_limit,117,28
VAR_inst250001.rcp,92526,0,time_limit,138,81
VAR_inst25001.rcp,32,1,search_exhausted,81,81
VAR_inst251001.rcp,1471,1,search_exhausted,160,160
VAR_inst252001.rcp,86461,0,time_limit,109,28
VAR_inst253001.rcp,94356,0,time_limit,146,81
VAR_inst254001.rcp,23107,1,search_exhausted,165,165
VAR_inst255001.rcp,81147,0,time_limit,100,28
VAR_inst256001.rcp,100645,0,time_limit,135,81
VAR_inst257001.rcp,5630,1,search_exhausted,157,157
VAR_inst258001.rcp,81517,0,time_limit,112,28
VAR_inst259001.rcp,96479,0,time_limit,140,81
VAR_inst260001.rcp,978,1,search_exhausted,149,149
VAR_inst26001.rcp,32,1,search_exhausted,142,142
VAR_inst261001.rcp,88171,0,time_limit,104,28
VAR_inst262001.rcp,100856,0,time_limit,146,81
VAR_inst263001.rcp,3861,1,search_exhausted,153,153
VAR_inst264001.rcp,83593,0,time_limit,121,28
VAR_inst265001.rcp,96407,0,time_limit,157,81
VAR_inst266001.rcp,5272,1,search_exhausted,158,158
VAR_inst267001.rcp,84009,0,time_limit,111,28
VAR_inst268001.rcp,96061,0,time_limit,153,81
VAR_inst269001.rcp,3828,1,search_exhausted,159,159
VAR_inst270001.rcp,83703,0,time_limit,123,28
VAR_inst27001.rcp,57323,0,time_limit,38,28
VAR_inst271001.rcp,100459,0,time_limit,153,81
VAR_inst272001.rcp,6156,1,search_exhausted,158,158
VAR_inst273001.rcp,83827,0,time_limit,115,28
VAR_inst274001.rcp,106736,0,time_limit,155,81
VAR_inst275001.rcp,4689,1,search_exhausted,158,158
VAR_inst276001.rcp,83622,0,time_limit,101,28
VAR_inst277001.rcp,105461,0,time_limit,134,81
VAR_inst278001.rcp,1857,1,search_exhausted,150,150
VAR_inst279001.rcp,83538,0,time_limit,121,28
VAR_inst280001.rcp,106512,0,time_limit,153,81
VAR_inst28001.rcp,233,1,search_exhausted,88,88
VAR_inst281001.rcp,6668,1,search_exhausted,165,165
VAR_inst282001.rcp,90116,0,time_limit,123,28
VAR_inst283001.rcp,115403,0,time_limit,155,81
VAR_inst284001.rcp,7482,1,search_exhausted,160,160
VAR_inst285001.rcp,84069,0,time_limit,121,28
VAR_inst286001.rcp,98250,0,time_limit,142,81
VAR_inst287001.rcp,635,1,search_exhausted,149,149
VAR_inst288001.rcp,84547,0,time_limit,111,28
VAR_inst289001.rcp,105141,0,time_limit,141,81
VAR_inst290001.rcp,234,1,search_exhausted,151,151
VAR_inst29001.rcp,32,1,search_exhausted,142,142
VAR_inst291001.rcp,81958,0,time_limit,114,28
VAR_inst292001.rcp,105485,0,time_limit,148,81
VAR_inst293001.rcp,9115,1,search_exhausted,161,161
VAR_inst294001.rcp,81995,0,time_limit,112,28
VAR_inst295001.rcp,107385,0,time_limit,151,81
VAR_inst296001.rcp,26627,1,search_exhausted,166,166
VAR_inst297001.rcp,93221,0,time_limit,115,28
VAR_inst298001.rcp,100243,0,time_limit,153,81
VAR_inst299001.rcp,2317,1,search_exhausted,159,159
VAR_inst300001.rcp,87599,0,time_limit,130,28
VAR_inst30001.rcp,70199,0,time_limit,29,28
VAR_inst3001.rcp,32,1,search_exhausted,28,28
VAR_inst301001.rcp,96945,0,time_limit,158,81
VAR_inst302001.rcp,26627,1,search_exhausted,166,166
VAR_inst303001.rcp,87873,0,time_limit,129,28
VAR_inst304001.rcp,95941,0,time_limit,158,81
VAR_inst305001.rcp,26627,1,search_exhausted,166,166
VAR_inst306001.rcp,90919,0,time_limit,125,28
VAR_inst307001.rcp,95655,0,time_limit,158,81
VAR_inst308001.rcp,26627,1,search_exhausted,166,166
VAR_inst309001.rcp,88254,0,time_limit,128,28
VAR_inst310001.rcp,96078,0,time_limit,158,81
VAR_inst31001.rcp,32,1,search_exhausted,81,81
VAR_inst311001.rcp,26627,1,search_exhausted,166,166
VAR_inst312001.rcp,87125,0,time_limit,130,28
VAR_inst313001.rcp,95457,0,time_limit,158,81
VAR_inst314001.rcp,26627,1,search_exhausted,166,166
VAR_inst315001.rcp,86599,0,time_limit,130,28
VAR_inst316001.rcp,95373,0,time_limit,158,81
VAR_inst317001.rcp,26627,1,search_exhausted,166,166
VAR_inst318001.rcp,87528,0,time_limit,130,28
VAR_inst319001.rcp,94259,0,time_limit,158,81
VAR_inst320001.rcp,26627,1,search_exhausted,166,166
VAR_inst32001.rcp,32,1,search_exhausted,142,142
VAR_inst321001.rcp,87847,0,time_limit,130,28
VAR_inst322001.rcp,96416,0,time_limit,158,81
VAR_inst323001.rcp,26627,1,search_exhausted,166,166
VAR_inst324001.rcp,87091,0,time_limit,130,28
VAR_inst325001.rcp,95428,0,time_limit,158,81
VAR_inst326001.rcp,26627,1,search_exhausted,166,166
VAR_inst327001.rcp,89212,0,time_limit,130,28
VAR_inst328001.rcp,95405,0,time_limit,158,81
VAR_inst329001.rcp,26627,1,search_exhausted,166,166
VAR_inst330001.rcp,86248,0,time_limit,130,28
VAR_inst33001.rcp,60183,0,time_limit,42,28
VAR_inst331001.rcp,94741,0,time_limit,158,81
VAR_inst332001.rcp,26627,1,search_exhausted,166,166
VAR_inst333001.rcp,87002,0,time_limit,130,28
VAR_inst334001.rcp,96627,0,time_limit,158,81
VAR_inst335001.rcp,26627,1,search_exhausted,166,166
VAR_inst336001.rcp,93610,0,time_limit,125,28
VAR_inst337001.rcp,96159,0,time_limit,158,81
VAR_inst338001.rcp,10000,1,search_exhausted,163,163
VAR_inst339001.rcp,90208,0,time_limit,130,28
VAR_inst340001.rcp,95781,0,time_limit,158,81
VAR_inst34001.rcp,32,1,search_exhausted,81,81
VAR_inst341001.rcp,26627,1,search_exhausted,166,166
VAR_inst342001.rcp,88888,0,time_limit,130,28
VAR_inst343001.rcp,96119,0,time_limit,158,81
VAR_inst344001.rcp,26627,1,search_exhausted,166,166
VAR_inst345001.rcp,89817,0,time_limit,130,28
VAR_inst346001.rcp,95814,0,time_limit,158,81
VAR_inst347001.rcp,26627,1,search_exhausted,166,166
VAR_inst348001.rcp,89367,0,time_limit,130,28
VAR_inst349001.rcp,94571,0,time_limit,158,81
VAR_inst350001.rcp,26627,1,search_exhausted,166,166
VAR_inst35001.rcp,32,1,search_exhausted,142,142
VAR_inst351001.rcp,86417,0,time_limit,130,28
VAR_inst352001.rcp,94949,0,time_limit,158,81
VAR_inst353001.rcp,26627,1,search_exhausted,166,166
VAR_inst354001.rcp,87289,0,time_limit,129,28
VAR_inst355001.rcp,96193,0,time_limit,158,81
VAR_inst356001.rcp,26627,1,search_exhausted,166,166
VAR_inst357001.rcp,88703,0,time_limit,130,28
VAR_inst358001.rcp,107586,0,time_limit,153,81
VAR_inst359001.rcp,26627,1,search_exhausted,166,166
VAR_inst360001.rcp,71072,0,time_limit,115,28
VAR_inst36001.rcp,61155,0,time_limit,43,28
VAR_inst361001.rcp,87684,0,time_limit,148,81
VAR_inst362001.rcp,1683,1,search_exhausted,160,160
VAR_inst363001.rcp,68676,0,time_limit,107,28
VAR_inst364001.rcp,78615,0,time_limit,143,81
VAR_inst365001.rcp,1395,1,search_exhausted,154,154
VAR_inst366001.rcp,66597,0,time_limit,102,28
VAR_inst367001.rcp,87918,0,time_limit,150,81
VAR_inst368001.rcp,253,1,search_exhausted,144,144
VAR_inst369001.rcp,70615,0,time_limit,119,28
VAR_inst370001.rcp,74233,0,time_limit,141,81
VAR_inst37001.rcp,80,1,search_exhausted,84,84
VAR_inst371001.rcp,6398,1,search_exhausted,159,159
VAR_inst372001.rcp,71547,0,time_limit,108,28
VAR_inst373001.rcp,82320,0,time_limit,140,81
VAR_inst374001.rcp,3305,1,search_exhausted,157,157
VAR_inst375001.rcp,74085,0,time_limit,108,28
VAR_inst376001.rcp,79331,0,time_limit,119,81
VAR_inst377001.rcp,13047,1,search_exhausted,165,165
VAR_inst378001.rcp,67519,0,time_limit,114,28
VAR_inst379001.rcp,89622,0,time_limit,147,81
VAR_inst380001.rcp,963,1,search_exhausted,152,152
VAR_inst38001.rcp,32,1,search_exhausted,142,142
VAR_inst381001.rcp,69272,0,time_limit,107,28
VAR_inst382001.rcp,82668,0,time_limit,131,81
VAR_inst383001.rcp,26627,1,search_exhausted,166,166
VAR_inst384001.rcp,67353,0,time_limit,104,28
VAR_inst385001.rcp,79166,0,time_limit,150,81
VAR_inst386001.rcp,26627,1,search_exhausted,166,166
VAR_inst387001.rcp,68775,0,time_limit,99,28
VAR_inst388001.rcp,83081,0,time_limit,141,81
VAR_inst389001.rcp,18324,1,search_exhausted,164,164
VAR_inst390001.rcp,73615,0,time_limit,127,28
VAR_inst39001.rcp,63360,0,time_limit,31,28
VAR_inst391001.rcp,110164,0,time_limit,158,81
VAR_inst392001.rcp,9115,1,search_exhausted,161,161
VAR_inst393001.rcp,69177,0,time_limit,96,28
VAR_inst394001.rcp,107603,0,time_limit,158,81
VAR_inst395001.rcp,26627,1,search_exhausted,166,166
VAR_inst396001.rcp,72897,0,time_limit,108,28
VAR_inst397001.rcp,79487,0,time_limit,153,81
VAR_inst398001.rcp,13047,1,search_exhausted,165,165
VAR_inst399001.rcp,77634,0,time_limit,118,28
VAR_inst400001.rcp,93851,0,time_limit,150,81
VAR_inst40001.rcp,51,1,search_exhausted,81,81
VAR_inst4001.rcp,78,1,search_exhausted,82,82
VAR_inst401001.rcp,26627,1,search_exhausted,166,166
VAR_inst402001.rcp,74963,0,time_limit,127,28
VAR_inst403001.rcp,95632,0,time_limit,129,81
VAR_inst404001.rcp,26627,1,search_exhausted,166,166
VAR_inst405001.rcp,70295,0,time_limit,102,28
VAR_inst406001.rcp,82077,0,time_limit,158,81
VAR_inst407001.rcp,8956,1,search_exhausted,161,161
VAR_inst408001.rcp,70103,0,time_limit,129,28
VAR_inst409001.rcp,91175,0,time_limit,137,81
VAR_inst410001.rcp,7458,1,search_exhausted,160,160
VAR_inst41001.rcp,32,1,search_exhausted,142,142
VAR_inst411001.rcp,68916,0,time_limit,128,28
VAR_inst412001.rcp,92998,0,time_limit,150,81
VAR_inst413001.rcp,3996,1,search_exhausted,162,162
VAR_inst414001.rcp,75115,0,time_limit,125,28
VAR_inst415001.rcp,95181,0,time_limit,143,81
VAR_inst416001.rcp,26627,1,search_exhausted,166,166
VAR_inst417001.rcp,76897,0,time_limit,115,28
VAR_inst418001.rcp,97109,0,time_limit,153,81
VAR_inst419001.rcp,3348,1,search_exhausted,153,153
VAR_inst420001.rcp,74140,0,time_limit,130,28
VAR_inst42001.rcp,54545,0,time_limit,34,28
VAR_inst421001.rcp,77945,0,time_limit,158,81
VAR_inst422001.rcp,26627,1,search_exhausted,166,166
VAR_inst423001.rcp,72955,0,time_limit,130,28
VAR_inst424001.rcp,77847,0,time_limit,158,81
VAR_inst425001.rcp,26627,1,search_exhausted,166,166
VAR_inst426001.rcp,73115,0,time_limit,130,28
VAR_inst427001.rcp,75609,0,time_limit,158,81
VAR_inst428001.rcp,26627,1,search_exhausted,166,166
VAR_inst429001.rcp,69596,0,time_limit,130,28
VAR_inst430001.rcp,78155,0,time_limit,158,81
VAR_inst43001.rcp,266,1,search_exhausted,89,89
VAR_inst431001.rcp,26627,1,search_exhausted,166,166
VAR_inst432001.rcp,73526,0,time_limit,129,28
VAR_inst433001.rcp,74501,0,time_limit,158,81
VAR_inst434001.rcp,26627,1,search_exhausted,166,166
VAR_inst435001.rcp,69124,0,time_limit,130,28
VAR_inst436001.rcp,76918,0,time_limit,158,81
VAR_inst437001.rcp,26627,1,search_exhausted,166,166
VAR_inst438001.rcp,73517,0,time_limit,130,28
VAR_inst439001.rcp,77423,0,time_limit,158,81
VAR_inst440001.rcp,26627,1,search_exhausted,166,166
VAR_inst44001.rcp,32,1,search_exhausted,142,142
VAR_inst441001.rcp,73304,0,time_limit,130,28
VAR_inst442001.rcp,78446,0,time_limit,158,81
VAR_inst443001.rcp,26627,1,search_exhausted,166,166
VAR_inst444001.rcp,71770,0,time_limit,130,28
VAR_inst445001.rcp,78296,0,time_limit,158,81
VAR_inst446001.rcp,26627,1,search_exhausted,166,166
VAR_inst447001.rcp,73990,0,time_limit,130,28
VAR_inst448001.rcp,76646,0,time_limit,158,81
VAR_inst449001.rcp,26627,1,search_exhausted,166,166
VAR_inst450001.rcp,69866,0,time_limit,130,28
VAR_inst45001.rcp,56636,0,time_limit,38,28
VAR_inst451001.rcp,78133,0,time_limit,158,81
VAR_inst452001.rcp,26627,1,search_exhausted,166,166
VAR_inst453001.rcp,73818,0,time_limit,130,28
VAR_inst454001.rcp,81597,0,time_limit,158,81
VAR_inst455001.rcp,26627,1,search_exhausted,166,166
VAR_inst456001.rcp,73921,0,time_limit,130,28
VAR_inst457001.rcp,77821,0,time_limit,158,81
VAR_inst458001.rcp,26627,1,search_exhausted,166,166
VAR_inst459001.rcp,73468,0,time_limit,130,28
VAR_inst460001.rcp,78934,0,time_limit,158,81
VAR_inst46001.rcp,65,1,search_exhausted,86,86
VAR_inst461001.rcp,26627,1,search_exhausted,166,166
VAR_inst462001.rcp,71681,0,time_limit,130,28
VAR_inst463001.rcp,76785,0,time_limit,158,81
VAR_inst464001.rcp,26627,1,search_exhausted,166,166
VAR_inst465001.rcp,70377,0,time_limit,130,28
VAR_inst466001.rcp,77104,0,time_limit,158,81
VAR_inst467001.rcp,26627,1,search_exhausted,166,166
VAR_inst468001.rcp,74143,0,time_limit,130,28
VAR_inst469001.rcp,77705,0,time_limit,158,81
VAR_inst470001.rcp,26627,1,search_exhausted,166,166
VAR_inst47001.rcp,32,1,search_exhausted,142,142
VAR_inst471001.rcp,71766,0,time_limit,130,28
VAR_inst472001.rcp,77442,0,time_limit,158,81
VAR_inst473001.rcp,26627,1,search_exhausted,166,166
VAR_inst474001.rcp,68695,0,time_limit,130,28
VAR_inst475001.rcp,81029,0,time_limit,158,81
VAR_inst476001.rcp,26627,1,search_exhausted,166,166
VAR_inst477001.rcp,74271,0,time_limit,130,28
VAR_inst478001.rcp,77574,0,time_limit,158,81
VAR_inst479001.rcp,26627,1,search_exhausted,166,166
VAR_inst480001.rcp,72726,0,time_limit,130,28
VAR_inst48001.rcp,67637,0,time_limit,34,28
VAR_inst481001.rcp,77872,0,time_limit,158,81
VAR_inst482001.rcp,26627,1,search_exhausted,166,166
VAR_inst483001.rcp,74231,0,time_limit,130,28
VAR_inst484001.rcp,78452,0,time_limit,158,81
VAR_inst485001.rcp,26627,1,search_exhausted,166,166
VAR_inst486001.rcp,73729,0,time_limit,130,28
VAR_inst487001.rcp,77774,0,time_limit,158,81
VAR_inst488001.rcp,26627,1,search_exhausted,166,166
VAR_inst489001.rcp,73971,0,time_limit,130,28
VAR_inst490001.rcp,78189,0,time_limit,158,81
VAR_inst49001.rcp,127,1,search_exhausted,84,84
VAR_inst491001.rcp,26627,1,search_exhausted,166,166
VAR_inst492001.rcp,71882,0,time_limit,130,28
VAR_inst493001.rcp,76242,0,time_limit,158,81
VAR_inst494001.rcp,26627,1,search_exhausted,166,166
VAR_inst495001.rcp,73779,0,time_limit,130,28
VAR_inst496001.rcp,78168,0,time_limit,158,81
VAR_inst497001.rcp,26627,1,search_exhausted,166,166
VAR_inst498001.rcp,74246,0,time_limit,130,28
VAR_inst499001.rcp,78306,0,time_limit,158,81
VAR_inst500001.rcp,26627,1,search_exhausted,166,166
VAR_inst50001.rcp,32,1,search_exhausted,142,142
VAR_inst5001.rcp,32,1,search_exhausted,142,142
VAR_inst501001.rcp,74479,0,time_limit,130,28
VAR_inst502001.rcp,78328,0,time_limit,158,81
VAR_inst503001.rcp,26627,1,search_exhausted,166,166
VAR_inst504001.rcp,73933,0,time_limit,130,28
VAR_inst505001.rcp,78050,0,time_limit,158,81
VAR_inst506001.rcp,26627,1,search_exhausted,166,166
VAR_inst507001.rcp,73825,0,time_limit,130,28
VAR_inst508001.rcp,77450,0,time_limit,158,81
VAR_inst509001.rcp,26627,1,search_exhausted,166,166
VAR_inst510001.rcp,74114,0,time_limit,130,28
VAR_inst51001.rcp,55129,0,time_limit,32,28
VAR_inst511001.rcp,78447,0,time_limit,158,81
VAR_inst512001.rcp,26627,1,search_exhausted,166,166
VAR_inst513001.rcp,73847,0,time_limit,130,28
VAR_inst514001.rcp,78101,0,time_limit,158,81
VAR_inst515001.rcp,26627,1,search_exhausted,166,166
VAR_inst516001.rcp,73605,0,time_limit,130,28
VAR_inst517001.rcp,77793,0,time_limit,158,81
VAR_inst518001.rcp,26627,1,search_exhausted,166,166
VAR_inst519001.rcp,74249,0,time_limit,130,28
VAR_inst520001.rcp,77701,0,time_limit,158,81
VAR_inst52001.rcp,131,1,search_exhausted,86,86
VAR_inst521001.rcp,26627,1,search_exhausted,166,166
VAR_inst522001.rcp,73176,0,time_limit,130,28
VAR_inst523001.rcp,78068,0,time_limit,158,81
VAR_inst524001.rcp,26627,1,search_exhausted,166,166
VAR_inst525001.rcp,73838,0,time_limit,130,28
VAR_inst526001.rcp,78087,0,time_limit,158,81
VAR_inst527001.rcp,26627,1,search_exhausted,166,166
VAR_inst528001.rcp,74118,0,time_limit,130,28
VAR_inst529001.rcp,78362,0,time_limit,158,81
VAR_inst530001.rcp,26627,1,search_exhausted,166,166
VAR_inst53001.rcp,32,1,search_exhausted,142,142
VAR_inst531001.rcp,73890,0,time_limit,130,28
VAR_inst532001.rcp,78172,0,time_limit,158,81
VAR_inst533001.rcp,26627,1,search_exhausted,166,166
VAR_inst534001.rcp,73969,0,time_limit,130,28
VAR_inst535001.rcp,78314,0,time_limit,158,81
VAR_inst536001.rcp,26627,1,search_exhausted,166,166
VAR_inst537001.rcp,74000,0,time_limit,130,28
VAR_inst538001.rcp,78377,0,time_limit,158,81
VAR_inst539001.rcp,26627,1,search_exhausted,166,166
VAR_inst54001.rcp,62871,0,time_limit,31,28
VAR_inst55001.rcp,41,1,search_exhausted,85,85
VAR_inst56001.rcp,32,1,search_exhausted,142,142
VAR_inst57001.rcp,62181,0,time_limit,35,28
VAR_inst58001.rcp,64,1,search_exhausted,86,86
VAR_inst59001.rcp,32,1,search_exhausted,142,142
VAR_inst60001.rcp,62822,0,time_limit,38,28
VAR_inst6001.rcp,66683,0,time_limit,31,28
VAR_inst61001.rcp,50,1,search_exhausted,84,84
VAR_inst62001.rcp,32,1,search_exhausted,142,142
VAR_inst63001.rcp,57731,0,time_limit,37,28
VAR_inst64001.rcp,230,1,search_exhausted,85,85
VAR_inst65001.rcp,32,1,search_exhausted,142,142
VAR_inst66001.rcp,64836,0,time_limit,45,28
VAR_inst67001.rcp,94,1,search_exhausted,89,89
VAR_inst68001.rcp,32,1,search_exhausted,142,142
VAR_inst69001.rcp,64132,0,time_limit,36,28
VAR_inst70001.rcp,64,1,search_exhausted,85,85
VAR_inst7001.rcp,32,1,search_exhausted,81,81
VAR_inst71001.rcp,114,1,search_exhausted,145,145
VAR_inst72001.rcp,61031,0,time_limit,42,28
VAR_inst73001.rcp,402,1,search_exhausted,91,91
VAR_inst74001.rcp,32,1,search_exhausted,142,142
VAR_inst75001.rcp,71706,0,time_limit,45,28
VAR_inst76001.rcp,50,1,search_exhausted,84,84
VAR_inst77001.rcp,32,1,search_exhausted,142,142
VAR_inst78001.rcp,59977,0,time_limit,34,28
VAR_inst79001.rcp,185,1,search_exhausted,89,89
VAR_inst80001.rcp,32,1,search_exhausted,142,142
VAR_inst8001.rcp,32,1,search_exhausted,142,142
VAR_inst81001.rcp,68583,0,time_limit,43,28
VAR_inst82001.rcp,259,1,search_exhausted,88,88
VAR_inst83001.rcp,32,1,search_exhausted,142,142
VAR_inst84001.rcp,58064,0,time_limit,37,28
VAR_inst85001.rcp,229,1,search_exhausted,89,89
VAR_inst86001.rcp,32,1,search_exhausted,142,142
VAR_inst87001.rcp,58776,0,time_limit,40,28
VAR_inst88001.rcp,144,1,search_exhausted,84,84
VAR_inst89001.rcp,32,1,search_exhausted,142,142
VAR_inst90001.rcp,67328,0,time_limit,44,28
VAR_inst9001.rcp,58356,0,time_limit,33,28
VAR_inst91001.rcp,127,1,search_exhausted,84,84
VAR_inst92001.rcp,32,1,search_exhausted,142,142
VAR_inst93001.rcp,56843,0,time_limit,39,28
VAR_inst94001.rcp,834,1,search_exhausted,93,93
VAR_inst95001.rcp,60,1,search_exhausted,148,148
VAR_inst96001.rcp,64519,0,time_limit,41,28
VAR_inst97001.rcp,909,1,search_exhausted,98,98
VAR_inst98001.rcp,32,1,search_exhausted,142,142
VAR_inst99001.rcp,70993,0,time_limit,37,28
J6010_1.RCP,42730,0,time_limit,90,85
J6010_10.RCP,138,1,search_exhausted,73,73
J6010_2.RCP,37569,0,time_limit,77,62
J6010_3.RCP,31962,0,time_limit,77,72
J6010_4.RCP,33764,0,time_limit,84,80
J6010_5.RCP,36804,0,time_limit,95,79
J6010_6.RCP,36551,0,time_limit,83,67
J6010_7.RCP,32721,0,time_limit,85,69
J6010_8.RCP,35614,0,time_limit,85,64
J6010_9.RCP,34199,0,time_limit,84,73
J6011_1.RCP,62,1,search_exhausted,71,71
J6011_10.RCP,35817,0,time_limit,60,58
J6011_2.RCP,32974,0,time_limit,68,61
J6011_3.RCP,62,1,search_exhausted,76,76
J6011_4.RCP,39156,0,time_limit,82,69
J6011_5.RCP,28293,0,time_limit,73,65
J6011_6.RCP,33383,0,time_limit,73,70
J6011_7.RCP,62,1,search_exhausted,70,70
J6011_8.RCP,62,1,search_exhausted,69,69
J6011_9.RCP,32863,0,time_limit,64,62
J6012_1.RCP,62,1,search_exhausted,59,59
J6012_10.RCP,62,1,search_exhausted,79,79
J6012_2.RCP,62,1,search_exhausted,58,58
J6012_3.RCP,62,1,search_exhausted,75,75
J6012_4.RCP,62,1,search_exhausted,69,69
J6012_5.RCP,62,1,search_exhausted,63,63
J6012_6.RCP,62,1,search_exhausted,54,54
J6012_7.RCP,62,1,search_exhausted,71,71
J6012_8.RCP,62,1,search_exhausted,60,60
J6012_9.RCP,62,1,search_exhausted,59,59
J6013_1.RCP,49782,0,time_limit,141,69
J6013_10.RCP,43471,0,time_limit,147,63
J6013_2.RCP,43626,0,time_limit,130,66
J6013_3.RCP,45647,0,time_limit,107,57
J6013_4.RCP,39064,0,time_limit,130,62
J6013_5.RCP,41278,0,time_limit,120,53
J6013_6.RCP,40764,0,time_limit,122,61
J6013_7.RCP,37296,0,time_limit,107,54
J6013_8.RCP,43006,0,time_limit,149,69
J6013_9.RCP,40036,0,time_limit,126,67
J6014_1.RCP,40059,0,time_limit,77,59
J6014_10.RCP,38440,0,time_limit,82,67
J6014_2.RCP,37094,0,time_limit,67,65
J6014_3.RCP,41723,0,time_limit,79,61
J6014_4.RCP,47127,0,time_limit,78,65
J6014_5.RCP,41152,0,time_limit,66,59
J6014_6.RCP,45082,0,time_limit,76,65
J6014_7.RCP,32927,0,time_limit,89,69
J6014_8.RCP,62,1,search_exhausted,88,88
J6014_9.RCP,34856,0,time_limit,69,61
J6015_1.RCP,62,1,search_exhausted,84,84
J6015_10.RCP,32718,0,time_limit,65,61
J6015_2.RCP,39313,0,time_limit,91,89
J6015_3.RCP,62,1,search_exhausted,72,72
J6015_4.RCP,62,1,search_exhausted,75,75
J6015_5.RCP,41949,0,time_limit,72,70
J6015_6.RCP,28826,0,time_limit,79,76
J6015_7.RCP,18335,1,search_exhausted,64,64
J6015_8.RCP,62,1,search_exhausted,79,79
J6015_9.RCP,62,1,search_exhausted,72,72
J6016_1.RCP,62,1,search_exhausted,64,64
J6016_10.RCP,62,1,search_exhausted,68,68
J6016_2.RCP,62,1,search_exhausted,64,64
J6016_3.RCP,62,1,search_exhausted,53,53
J6016_4.RCP,62,1,search_exhausted,60,60
J6016_5.RCP,62,1,search_exhausted,66,66
J6016_6.RCP,62,1,search_exhausted,66,66
J6016_7.RCP,62,1,search_exhausted,82,82
J6016_8.RCP,62,1,search_exhausted,68,68
J6016_9.RCP,62,1,search_exhausted,54,54
J6017_1.RCP,43394,0,time_limit,103,76
J6017_10.RCP,37773,0,time_limit,92,65
J6017_2.RCP,37514,0,time_limit,77,67
J6017_3.RCP,41014,0,time_limit,101,79
J6017_4.RCP,37924,0,time_limit,73,69
J6017_5.RCP,40100,0,time_limit,63,52
J6017_6.RCP,39723,0,time_limit,78,67
J6017_7.RCP,40505,0,time_limit,111,81
J6017_8.RCP,42302,0,time_limit,95,66
J6017_9.RCP,39082,0,time_limit,92,70
J6018_1.RCP,37357,0,time_limit,81,80
J6018_10.RCP,62,1,search_exhausted,97,97
J6018_2.RCP,36012,0,time_limit,71,69
J6018_3.RCP,35737,0,time_limit,78,77
J6018_4.RCP,31602,0,time_limit,77,71
J6018_5.RCP,2295,1,search_exhausted,80,80
J6018_6.RCP,62,1,search_exhausted,61,61
J6018_7.RCP,40637,0,time_limit,96,87
J6018_8.RCP,62,1,search_exhausted,78,78
J6018_9.RCP,34646,0,time_limit,75,69
J6019_1.RCP,90,1,search_exhausted,62,62
J6019_10.RCP,62,1,search_exhausted,78,78
J6019_2.RCP,62,1,search_exhausted,83,83
J6019_3.RCP,32766,0,time_limit,83,81
J6019_4.RCP,32789,0,time_limit,71,67
J6019_5.RCP,76,1,search_exhausted,73,73
J6019_6.RCP,40917,0,time_limit,70,68
J6019_7.RCP,235,1,search_exhausted,60,60
J6019_8.RCP,33366,0,time_limit,87,82
J6019_9.RCP,34818,0,time_limit,71,67
J601_1.RCP,32699,0,time_limit,80,77
J601_10.RCP,35057,0,time_limit,80,76
J601_2.RCP,38983,0,time_limit,107,65
J601_3.RCP,39222,0,time_limit,83,67
J601_4.RCP,37598,0,time_limit,98,79
J601_5.RCP,41665,0,time_limit,82,68
J601_6.RCP,39237,0,time_limit,67,52
J601_7.RCP,36199,0,time_limit,86,60
J601_8.RCP,37461,0,time_limit,92,71
J601_9.RCP,38295,0,time_limit,85,75
J6020_1.RCP,62,1,search_exhausted,60,60
J6020_10.RCP,62,1,search_exhausted,70,70
J6020_2.RCP,62,1,search_exhausted,78,78
J6020_3.RCP,62,1,search_exhausted,69,69
J6020_4.RCP,62,1,search_exhausted,86,86
J6020_5.RCP,62,1,search_exhausted,71,71
J6020_6.RCP,62,1,search_exhausted,97,97
J6020_7.RCP,62,1,search_exhausted,74,74
J6020_8.RCP,62,1,search_exhausted,65,65
J6020_9.RCP,62,1,search_exhausted,74,74
J6021_1.RCP,49473,0,time_limit,119,76
J6021_10.RCP,40326,0,time_limit,93,51
J6021_2.RCP,44690,0,time_limit,151,92
J6021_3.RCP,45040,0,time_limit,127,65
J6021_4.RCP,43420,0,time_limit,131,64
J6021_5.RCP,35899,0,time_limit,109,75
J6021_6.RCP,38266,0,time_limit,123,63
J6021_7.RCP,36584,0,time_limit,133,80
J6021_8.RCP,40067,0,time_limit,135,85
J6021_9.RCP,44503,0,time_limit,127,69
J6022_1.RCP,37716,0,time_limit,67,62
J6022_10.RCP,40903,0,time_limit,79,69
J6022_2.RCP,37431,0,time_limit,92,83
J6022_3.RCP,37407,0,time_limit,75,70
J6022_4.RCP,33703,0,time_limit,85,64
J6022_5.RCP,36788,0,time_limit,78,76
J6022_6.RCP,36218,0,time_limit,85,79
J6022_7.RCP,31076,0,time_limit,81,69
J6022_8.RCP,38361,0,time_limit,61,59
J6022_9.RCP,37658,0,time_limit,77,65
J6023_1.RCP,79,1,search_exhausted,75,75
J6023_10.RCP,6602,1,search_exhausted,68,68
J6023_2.RCP,62,1,search_exhausted,69,69
J6023_3.RCP,35901,0,time_limit,78,75
J6023_4.RCP,323,1,search_exhausted,83,83
J6023_5.RCP,32873,0,time_limit,86,72
J6023_6.RCP,62,1,search_exhausted,81,81
J6023_7.RCP,30645,1,search_exhausted,60,60
J6023_8.RCP,62,1,search_exhausted,72,72
J6023_9.RCP,62,1,search_exhausted,64,64
J6024_1.RCP,62,1,search_exhausted,65,65
J6024_10.RCP,62,1,search_exhausted,66,66
J6024_2.RCP,62,1,search_exhausted,55,55
J6024_3.RCP,62,1,search_exhausted,67,67
J6024_4.RCP,62,1,search_exhausted,78,78
J6024_5.RCP,62,1,search_exhausted,76,76
J6024_6.RCP,62,1,search_exhausted,75,75
J6024_7.RCP,62,1,search_exhausted,68,68
J6024_8.RCP,62,1,search_exhausted,81,81
J6024_9.RCP,62,1,search_exhausted,80,80
J6025_1.RCP,48216,0,time_limit,146,71
J6025_10.RCP,39998,0,time_limit,132,77
J6025_2.RCP,43652,0,time_limit,144,69
J6025_3.RCP,37132,0,time_limit,130,90
J6025_4.RCP,44621,0,time_limit,134,78
J6025_5.RCP,45458,0,time_limit,116,61
J6025_6.RCP,47740,0,time_limit,142,75
J6025_7.RCP,50066,0,time_limit,105,66
J6025_8.RCP,50797,0,time_limit,137,57
J6025_9.RCP,39536,0,time_limit,125,69
J6026_1.RCP,43598,0,time_limit,92,80
J6026_10.RCP,41209,0,time_limit,95,85
J6026_2.RCP,39177,0,time_limit,83,63
J6026_3.RCP,38723,0,time_limit,89,71
J6026_4.RCP,40988,0,time_limit,75,65
J6026_5.RCP,37793,0,time_limit,65,61
J6026_6.RCP,39685,0,time_limit,98,73
J6026_7.RCP,984,1,search_exhausted,72,72
J6026_8.RCP,51626,0,time_limit,93,89
J6026_9.RCP,37378,0,time_limit,74,62
J6027_1.RCP,62,1,search_exhausted,96,96
J6027_10.RCP,10239,1,search_exhausted,57,57
J6027_2.RCP,33210,0,time_limit,77,74
J6027_3.RCP,26989,1,search_exhausted,76,76
J6027_4.RCP,37494,0,time_limit,65,60
J6027_5.RCP,62,1,search_exhausted,78,78
J6027_6.RCP,715,1,search_exhausted,64,64
J6027_7.RCP,10917,1,search_exhausted,83,83
J6027_8.RCP,62,1,search_exhausted,88,88
J6027_9.RCP,31687,0,time_limit,77,76
J6028_1.RCP,62,1,search_exhausted,92,92
J6028_10.RCP,62,1,search_exhausted,74,74
J6028_2.RCP,62,1,search_exhausted,64,64
J6028_3.RCP,62,1,search_exhausted,72,72
J6028_4.RCP,62,1,search_exhausted,84,84
J6028_5.RCP,62,1,search_exhausted,71,71
J6028_6.RCP,62,1,search_exhausted,89,89
J6028_7.RCP,62,1,search_exhausted,75,75
J6028_8.RCP,62,1,search_exhausted,62,62
J6028_9.RCP,62,1,search_exhausted,74,74
J6029_1.RCP,45252,0,time_limit,146,59
J6029_10.RCP,43348,0,time_limit,157,70
J6029_2.RCP,43628,0,time_limit,165,88
J6029_3.RCP,49186,0,time_limit,155,72
J6029_4.RCP,45165,0,time_limit,168,75
J6029_5.RCP,41473,0,time_limit,137,77
J6029_6.RCP,48262,0,time_limit,187,77
J6029_7.RCP,48196,0,time_limit,141,73
J6029_8.RCP,44155,0,time_limit,122,72
J6029_9.RCP,44989,0,time_limit,143,70
J602_1.RCP,101,1,search_exhausted,65,65
J602_10.RCP,36552,0,time_limit,72,64
J602_2.RCP,62,1,search_exhausted,82,82
J602_3.RCP,31197,0,time_limit,78,77
J602_4.RCP,5930,1,search_exhausted,78,78
J602_5.RCP,32496,0,time_limit,56,53
J602_6.RCP,34032,0,time_limit,74,61
J602_7.RCP,33183,0,time_limit,53,49
J602_8.RCP,62,1,search_exhausted,66,66
J602_9.RCP,25422,1,search_exhausted,65,65
J6030_1.RCP,42810,0,time_limit,81,70
J6030_10.RCP,42963,0,time_limit,116,81
J6030_2.RCP,39569,0,time_limit,80,65
J6030_3.RCP,39335,0,time_limit,103,80
J6030_4.RCP,62,1,search_exhausted,76,76
J6030_5.RCP,34799,0,time_limit,83,72
J6030_6.RCP,47143,0,time_limit,74,68
J6030_7.RCP,40551,0,time_limit,92,77
J6030_8.RCP,43304,0,time_limit,75,63
J6030_9.RCP,42161,0,time_limit,118,98
J6031_1.RCP,62,1,search_exhausted,65,65
J6031_10.RCP,38781,0,time_limit,66,56
J6031_2.RCP,33867,0,time_limit,75,74
J6031_3.RCP,36608,0,time_limit,67,66
J6031_4.RCP,2230,1,search_exhausted,68,68
J6031_5.RCP,62,1,search_exhausted,72,72
J6031_6.RCP,37257,0,time_limit,80,72
J6031_7.RCP,7440,1,search_exhausted,76,76
J6031_8.RCP,7563,1,search_exhausted,75,75
J6031_9.RCP,62,1,search_exhausted,86,86
J6032_1.RCP,62,1,search_exhausted,69,69
J6032_10.RCP,62,1,search_exhausted,77,77
J6032_2.RCP,62,1,search_exhausted,114,114
J6032_3.RCP,62,1,search_exhausted,85,85
J6032_4.RCP,62,1,search_exhausted,56,56
J6032_5.RCP,62,1,search_exhausted,77,77
J6032_6.RCP,62,1,search_exhausted,93,93
J6032_7.RCP,62,1,search_exhausted,76,76
J6032_8.RCP,62,1,search_exhausted,76,76
J6032_9.RCP,62,1,search_exhausted,74,74
J6033_1.RCP,41114,0,time_limit,126,90
J6033_10.RCP,44607,0,time_limit,92,69
J6033_2.RCP,46083,0,time_limit,103,100
J6033_3.RCP,38252,0,time_limit,83,77
J6033_4.RCP,44211,0,time_limit,83,75
J6033_5.RCP,39864,0,time_limit,120,97
J6033_6.RCP,41546,0,time_limit,93,65
J6033_7.RCP,38715,0,time_limit,81,66
J6033_8.RCP,38828,0,time_limit,90,74
J6033_9.RCP,44484,0,time_limit,108,102
J6034_1.RCP,42282,0,time_limit,81,67
J6034_10.RCP,39855,0,time_limit,93,92
J6034_2.RCP,38220,0,time_limit,76,65
J6034_3.RCP,40393,0,time_limit,64,61
J6034_4.RCP,62,1,search_exhausted,83,83
J6034_5.RCP,13876,1,search_exhausted,80,80
J6034_6.RCP,38828,0,time_limit,81,77
J6034_7.RCP,39213,0,time_limit,85,83
J6034_8.RCP,40559,0,time_limit,66,61
J6034_9.RCP,6748,1,search_exhausted,77,77
J6035_1.RCP,38382,0,time_limit,90,78
J6035_10.RCP,36504,1,search_exhausted,71,71
J6035_2.RCP,131,1,search_exhausted,77,77
J6035_3.RCP,40170,0,time_limit,96,87
J6035_4.RCP,92,1,search_exhausted,72,72
J6035_5.RCP,39553,0,time_limit,76,75
J6035_6.RCP,2840,1,search_exhausted,79,79
J6035_7.RCP,62,1,search_exhausted,73,73
J6035_8.RCP,39218,0,time_limit,78,75
J6035_9.RCP,38890,0,time_limit,78,73
J6036_1.RCP,62,1,search_exhausted,61,61
J6036_10.RCP,62,1,search_exhausted,77,77
J6036_2.RCP,62,1,search_exhausted,75,75
J6036_3.RCP,62,1,search_exhausted,81,81
J6036_4.RCP,62,1,search_exhausted,85,85
J6036_5.RCP,62,1,search_exhausted,57,57
J6036_6.RCP,62,1,search_exhausted,76,76
J6036_7.RCP,62,1,search_exhausted,71,71
J6036_8.RCP,62,1,search_exhausted,69,69
J6036_9.RCP,62,1,search_exhausted,86,86
J6037_1.RCP,49891,0,time_limit,121,70
J6037_10.RCP,39403,0,time_limit,122,86
J6037_2.RCP,49411,0,time_limit,113,68
J6037_3.RCP,41684,0,time_limit,184,97
J6037_4.RCP,42464,0,time_limit,127,75
J6037_5.RCP,48392,0,time_limit,122,80
J6037_6.RCP,45959,0,time_limit,122,62
J6037_7.RCP,46226,0,time_limit,137,75
J6037_8.RCP,40953,0,time_limit,123,79
J6037_9.RCP,38937,0,time_limit,128,77
J6038_1.RCP,35596,0,time_limit,74,73
J6038_10.RCP,36729,0,time_limit,69,63
J6038_2.RCP,39087,0,time_limit,89,71
J6038_3.RCP,40050,0,time_limit,83,76
J6038_4.RCP,37311,0,time_limit,63,58
J6038_5.RCP,73,1,search_exhausted,103,103
J6038_6.RCP,198,1,search_exhausted,86,86
J6038_7.RCP,34429,0,time_limit,78,74
J6038_8.RCP,39098,0,time_limit,90,68
J6038_9.RCP,37855,0,time_limit,70,66
J6039_1.RCP,18753,1,search_exhausted,80,80
J6039_10.RCP,62,1,search_exhausted,74,74
J6039_2.RCP,1078,1,search_exhausted,84,84
J6039_3.RCP,62,1,search_exhausted,83,83
J6039_4.RCP,8348,1,search_exhausted,92,92
J6039_5.RCP,38063,0,time_limit,75,73
J6039_6.RCP,39792,0,time_limit,84,83
J6039_7.RCP,8299,1,search_exhausted,68,68
J6039_8.RCP,969,1,search_exhausted,77,77
J6039_9.RCP,62,1,search_exhausted,72,72
J603_1.RCP,24428,1,search_exhausted,60,60
J603_10.RCP,29606,0,time_limit,70,67
J603_2.RCP,62,1,search_exhausted,69,69
J603_3.RCP,30801,0,time_limit,105,102
J603_4.RCP,62,1,search_exhausted,81,81
J603_5.RCP,62,1,search_exhausted,83,83
J603_6.RCP,34135,0,time_limit,68,57
J603_7.RCP,36077,0,time_limit,59,58
J603_8.RCP,33365,0,time_limit,59,52
J603_9.RCP,39595,0,time_limit,67,63
J6040_1.RCP,62,1,search_exhausted,86,86
J6040_10.RCP,62,1,search_exhausted,73,73
J6040_2.RCP,62,1,search_exhausted,81,81
J6040_3.RCP,62,1,search_exhausted,70,70
J6040_4.RCP,62,1,search_exhausted,87,87
J6040_5.RCP,62,1,search_exhausted,83,83
J6040_6.RCP,62,1,search_exhausted,69,69
J6040_7.RCP,62,1,search_exhausted,68,68
J6040_8.RCP,62,1,search_exhausted,80,80
J6040_9.RCP,62,1,search_exhausted,90,90
J6041_1.RCP,39384,0,time_limit,153,91
J6041_10.RCP,43008,0,time_limit,152,71
J6041_2.RCP,47175,0,time_limit,140,81
J6041_3.RCP,47815,0,time_limit,133,58
J6041_4.RCP,41994,0,time_limit,155,100
J6041_5.RCP,42661,0,time_limit,169,67
J6041_6.RCP,57780,0,time_limit,159,82
J6041_7.RCP,42660,0,time_limit,181,79
J6041_8.RCP,45179,0,time_limit,175,95
J6041_9.RCP,44118,0,time_limit,184,80
J6042_1.RCP,37491,0,time_limit,84,83
J6042_10.RCP,42871,0,time_limit,93,87
J6042_2.RCP,38705,0,time_limit,73,68
J6042_3.RCP,41152,0,time_limit,90,73
J6042_4.RCP,47384,0,time_limit,121,94
J6042_5.RCP,38844,0,time_limit,76,73
J6042_6.RCP,46915,0,time_limit,90,82
J6042_7.RCP,37246,0,time_limit,68,55
J6042_8.RCP,40195,0,time_limit,97,78
J6042_9.RCP,39373,0,time_limit,76,70
J6043_1.RCP,47422,0,time_limit,111,108
J6043_10.RCP,41712,0,time_limit,81,78
J6043_2.RCP,8960,1,search_exhausted,85,85
J6043_3.RCP,62,1,search_exhausted,74,74
J6043_4.RCP,41049,0,time_limit,83,74
J6043_5.RCP,101,1,search_exhausted,64,64
J6043_6.RCP,842,1,search_exhausted,84,84
J6043_7.RCP,62,1,search_exhausted,89,89
J6043_8.RCP,16570,1,search_exhausted,69,69
J6043_9.RCP,37386,0,time_limit,73,70
J6044_1.RCP,62,1,search_exhausted,84,84
J6044_10.RCP,62,1,search_exhausted,65,65
J6044_2.RCP,62,1,search_exhausted,68,68
J6044_3.RCP,62,1,search_exhausted,87,87
J6044_4.RCP,62,1,search_exhausted,77,77
J6044_5.RCP,62,1,search_exhausted,74,74
J6044_6.RCP,62,1,search_exhausted,81,81
J6044_7.RCP,62,1,search_exhausted,76,76
J6044_8.RCP,62,1,search_exhausted,83,83
J6044_9.RCP,62,1,search_exhausted,65,65
J6045_1.RCP,45358,0,time_limit,119,71
J6045_10.RCP,48168,0,time_limit,137,61
J6045_2.RCP,40789,0,time_limit,184,78
J6045_3.RCP,37832,0,time_limit,173,86
J6045_4.RCP,50225,0,time_limit,130,60
J6045_5.RCP,44320,0,time_limit,135,60
J6045_6.RCP,46804,0,time_limit,184,80
J6045_7.RCP,47670,0,time_limit,148,74
J6045_8.RCP,37467,0,time_limit,159,79
J6045_9.RCP,47029,0,time_limit,153,78
J6046_1.RCP,40044,0,time_limit,93,78
J6046_10.RCP,39843,0,time_limit,103,79
J6046_2.RCP,44184,0,time_limit,85,78
J6046_3.RCP,41852,0,time_limit,91,79
J6046_4.RCP,41819,0,time_limit,84,71
J6046_5.RCP,40572,0,time_limit,98,82
J6046_6.RCP,39542,0,time_limit,98,87
J6046_7.RCP,40987,0,time_limit,91,75
J6046_8.RCP,42184,0,time_limit,84,72
J6046_9.RCP,34001,0,time_limit,74,60
J6047_1.RCP,62,1,search_exhausted,75,75
J6047_10.RCP,40682,0,time_limit,72,66
J6047_2.RCP,13325,1,search_exhausted,66,66
J6047_3.RCP,41913,0,time_limit,70,69
J6047_4.RCP,62,1,search_exhausted,76,76
J6047_5.RCP,39163,0,time_limit,88,87
J6047_6.RCP,62,1,search_exhausted,76,76
J6047_7.RCP,2183,1,search_exhausted,68,68
J6047_8.RCP,41130,0,time_limit,73,71
J6047_9.RCP,1381,1,search_exhausted,76,76
J6048_1.RCP,62,1,search_exhausted,71,71
J6048_10.RCP,62,1,search_exhausted,70,70
J6048_2.RCP,62,1,search_exhausted,87,87
J6048_3.RCP,62,1,search_exhausted,84,84
J6048_4.RCP,62,1,search_exhausted,62,62
J6048_5.RCP,62,1,search_exhausted,101,101
J6048_6.RCP,62,1,search_exhausted,66,66
J6048_7.RCP,62,1,search_exhausted,77,77
J6048_8.RCP,62,1,search_exhausted,88,88
J6048_9.RCP,62,1,search_exhausted,82,82
J604_1.RCP,62,1,search_exhausted,84,84
J604_10.RCP,62,1,search_exhausted,77,77
J604_2.RCP,62,1,search_exhausted,60,60
J604_3.RCP,62,1,search_exhausted,58,58
J604_4.RCP,62,1,search_exhausted,65,65
J604_5.RCP,62,1,search_exhausted,75,75
J604_6.RCP,62,1,search_exhausted,71,71
J604_7.RCP,62,1,search_exhausted,67,67
J604_8.RCP,62,1,search_exhausted,65,65
J604_9.RCP,62,1,search_exhausted,75,75
J605_1.RCP,38850,0,time_limit,98,59
J605_10.RCP,45347,0,time_limit,95,68
J605_2.RCP,53159,0,time_limit,126,76
J605_3.RCP,45175,0,time_limit,101,59
J605_4.RCP,51595,0,time_limit,96,53
J605_5.RCP,45932,0,time_limit,132,79
J605_6.RCP,35279,0,time_limit,89,64
J605_7.RCP,43323,0,time_limit,96,51
J605_8.RCP,42854,0,time_limit,97,65
J605_9.RCP,44648,0,time_limit,98,82
J606_1.RCP,35498,0,time_limit,67,60
J606_10.RCP,30906,0,time_limit,82,74
J606_2.RCP,40601,0,time_limit,69,66
J606_3.RCP,32537,0,time_limit,78,72
J606_4.RCP,44773,0,time_limit,74,67
J606_5.RCP,62,1,search_exhausted,78,78
J606_6.RCP,33680,0,time_limit,68,53
J606_7.RCP,35387,0,time_limit,71,60
J606_8.RCP,35837,0,time_limit,86,72
J606_9.RCP,37122,0,time_limit,76,64
J607_1.RCP,1829,1,search_exhausted,77,77
J607_10.RCP,62,1,search_exhausted,82,82
J607_2.RCP,34630,0,time_limit,88,85
J607_3.RCP,85,1,search_exhausted,62,62
J607_4.RCP,62,1,search_exhausted,63,63
J607_5.RCP,62,1,search_exhausted,71,71
J607_6.RCP,691,1,search_exhausted,65,65
J607_7.RCP,39088,0,time_limit,97,89
J607_8.RCP,62,1,search_exhausted,66,66
J607_9.RCP,35345,0,time_limit,51,44
J608_1.RCP,62,1,search_exhausted,64,64
J608_10.RCP,62,1,search_exhausted,97,97
J608_2.RCP,62,1,search_exhausted,61,61
J608_3.RCP,62,1,search_exhausted,79,79
J608_4.RCP,62,1,search_exhausted,64,64
J608_5.RCP,62,1,search_exhausted,83,83
J608_6.RCP,62,1,search_exhausted,56,56
J608_7.RCP,62,1,search_exhausted,62,62
J608_8.RCP,62,1,search_exhausted,66,66
J608_9.RCP,62,1,search_exhausted,58,58
J609_1.RCP,45106,0,time_limit,102,59
J609_10.RCP,39965,0,time_limit,122,65
J609_2.RCP,41395,0,time_limit,106,71
J609_3.RCP,45308,0,time_limit,125,65
J609_4.RCP,47478,0,time_limit,120,65
J609_5.RCP,47407,0,time_limit,110,52
J609_6.RCP,46405,0,time_limit,140,90
J609_7.RCP,48788,0,time_limit,139,74
J609_8.RCP,45965,0,time_limit,122,65
J609_9.RCP,44039,0,time_limit,128,80
j90_1.rcp,26371,0,time_limit,102,67
j90_10.rcp,31022,0,time_limit,118,87
j90_100.rcp,25542,0,time_limit,93,75
j90_101.rcp,92,1,search_exhausted,86,86
j90_102.rcp,19668,0,time_limit,111,99
j90_103.rcp,20630,0,time_limit,84,69
j90_104.rcp,92,1,search_exhausted,64,64
j90_105.rcp,92,1,search_exhausted,81,81
j90_106.rcp,1077,1,search_exhausted,78,78
j90_107.rcp,92,1,search_exhausted,95,95
j90_108.rcp,92,1,search_exhausted,82,82
j90_109.rcp,92,1,search_exhausted,81,81
j90_11.rcp,24269,0,time_limit,105,96
j90_110.rcp,807,1,search_exhausted,81,81
j90_111.rcp,92,1,search_exhausted,71,71
j90_112.rcp,92,1,search_exhausted,71,71
j90_113.rcp,92,1,search_exhausted,93,93
j90_114.rcp,92,1,search_exhausted,73,73
j90_115.rcp,92,1,search_exhausted,83,83
j90_116.rcp,92,1,search_exhausted,81,81
j90_117.rcp,92,1,search_exhausted,77,77
j90_118.rcp,92,1,search_exhausted,83,83
j90_119.rcp,92,1,search_exhausted,77,77
j90_12.rcp,92,1,search_exhausted,114,114
j90_120.rcp,92,1,search_exhausted,86,86
j90_121.rcp,28966,0,time_limit,172,82
j90_122.rcp,30709,0,time_limit,166,77
j90_123.rcp,29211,0,time_limit,148,80
j90_124.rcp,30579,0,time_limit,140,81
j90_125.rcp,29165,0,time_limit,156,79
j90_126.rcp,29804,0,time_limit,152,76
j90_127.rcp,28845,0,time_limit,154,89
j90_128.rcp,27906,0,time_limit,140,59
j90_129.rcp,29476,0,time_limit,160,82
j90_13.rcp,92,1,search_exhausted,75,75
j90_130.rcp,30475,0,time_limit,144,70
j90_131.rcp,26441,0,time_limit,119,89
j90_132.rcp,23574,0,time_limit,95,79
j90_133.rcp,27850,0,time_limit,110,94
j90_134.rcp,23473,0,time_limit,95,88
j90_135.rcp,4775,1,search_exhausted,84,84
j90_136.rcp,24180,0,time_limit,98,76
j90_137.rcp,25377,0,time_limit,94,86
j90_138.rcp,26516,0,time_limit,99,80
j90_139.rcp,22876,0,time_limit,126,112
j90_14.rcp,16117,1,search_exhausted,70,70
j90_140.rcp,23345,0,time_limit,102,85
j90_141.rcp,22110,0,time_limit,93,76
j90_142.rcp,92,1,search_exhausted,71,71
j90_143.rcp,92,1,search_exhausted,82,82
j90_144.rcp,19156,0,time_limit,104,92
j90_145.rcp,25964,0,time_limit,95,93
j90_146.rcp,19872,0,time_limit,65,61
j90_147.rcp,92,1,search_exhausted,82,82
j90_148.rcp,24678,0,time_limit,94,82
j90_149.rcp,92,1,search_exhausted,83,83
j90_15.rcp,25246,0,time_limit,106,100
j90_150.rcp,23155,0,time_limit,90,78
j90_151.rcp,92,1,search_exhausted,85,85
j90_152.rcp,92,1,search_exhausted,71,71
j90_153.rcp,92,1,search_exhausted,73,73
j90_154.rcp,92,1,search_exhausted,69,69
j90_155.rcp,92,1,search_exhausted,71,71
j90_156.rcp,92,1,search_exhausted,74,74
j90_157.rcp,92,1,search_exhausted,65,65
j90_158.rcp,92,1,search_exhausted,71,71
j90_159.rcp,92,1,search_exhausted,66,66
j90_16.rcp,22974,0,time_limit,70,67
j90_160.rcp,92,1,search_exhausted,71,71
j90_161.rcp,29710,0,time_limit,112,78
j90_162.rcp,23838,0,time_limit,117,87
j90_163.rcp,30163,0,time_limit,103,86
j90_164.rcp,26593,0,time_limit,116,92
j90_165.rcp,27450,0,time_limit,127,109
j90_166.rcp,27396,0,time_limit,110,91
j90_167.rcp,28711,0,time_limit,100,73
j90_168.rcp,25417,0,time_limit,151,101
j90_169.rcp,26780,0,time_limit,142,80
j90_17.rcp,92,1,search_exhausted,92,92
j90_170.rcp,29852,0,time_limit,111,81
j90_171.rcp,92,1,search_exhausted,101,101
j90_172.rcp,26254,0,time_limit,101,94
j90_173.rcp,26596,0,time_limit,94,83
j90_174.rcp,92,1,search_exhausted,98,98
j90_175.rcp,26615,0,time_limit,97,90
j90_176.rcp,26024,0,time_limit,92,83
j90_177.rcp,1831,1,search_exhausted,73,73
j90_178.rcp,92,1,search_exhausted,92,92
j90_179.rcp,28996,0,time_limit,86,79
j90_18.rcp,92,1,search_exhausted,82,82
j90_180.rcp,92,1,search_exhausted,94,94
j90_181.rcp,92,1,search_exhausted,98,98
j90_182.rcp,8604,1,search_exhausted,83,83
j90_183.rcp,1649,1,search_exhausted,89,89
j90_184.rcp,125,1,search_exhausted,77,77
j90_185.rcp,92,1,search_exhausted,66,66
j90_186.rcp,92,1,search_exhausted,136,136
j90_187.rcp,25101,0,time_limit,75,66
j90_188.rcp,92,1,search_exhausted,91,91
j90_189.rcp,92,1,search_exhausted,121,121
j90_19.rcp,22216,0,time_limit,83,79
j90_190.rcp,92,1,search_exhausted,85,85
j90_191.rcp,92,1,search_exhausted,85,85
j90_192.rcp,92,1,search_exhausted,76,76
j90_193.rcp,92,1,search_exhausted,86,86
j90_194.rcp,92,1,search_exhausted,86,86
j90_195.rcp,92,1,search_exhausted,88,88
j90_196.rcp,92,1,search_exhausted,83,83
j90_197.rcp,92,1,search_exhausted,82,82
j90_198.rcp,92,1,search_exhausted,85,85
j90_199.rcp,92,1,search_exhausted,76,76
j90_2.rcp,29361,0,time_limit,111,88
j90_20.rcp,23736,0,time_limit,82,80
j90_200.rcp,92,1,search_exhausted,89,89
j90_201.rcp,36289,0,time_limit,154,76
j90_202.rcp,28566,0,time_limit,151,93
j90_203.rcp,31809,0,time_limit,164,101
j90_204.rcp,26972,0,time_limit,141,90
j90_205.rcp,26685,0,time_limit,174,80
j90_206.rcp,29598,0,time_limit,138,87
j90_207.rcp,28385,0,time_limit,154,91
j90_208.rcp,29994,0,time_limit,153,85
j90_209.rcp,27335,0,time_limit,171,91
j90_21.rcp,92,1,search_exhausted,81,81
j90_210.rcp,30299,0,time_limit,145,81
j90_211.rcp,28713,0,time_limit,112,108
j90_212.rcp,23335,0,time_limit,94,85
j90_213.rcp,24813,0,time_limit,97,83
j90_214.rcp,25390,0,time_limit,104,96
j90_215.rcp,25644,0,time_limit,99,96
j90_216.rcp,21426,0,time_limit,85,71
j90_217.rcp,26984,0,time_limit,91,90
j90_218.rcp,22527,0,time_limit,105,97
j90_219.rcp,26248,0,time_limit,117,97
j90_22.rcp,92,1,search_exhausted,84,84
j90_220.rcp,28385,0,time_limit,96,75
j90_221.rcp,113,1,search_exhausted,90,90
j90_222.rcp,92,1,search_exhausted,84,84
j90_223.rcp,92,1,search_exhausted,116,116
j90_224.rcp,24820,0,time_limit,88,85
j90_225.rcp,22410,0,time_limit,100,95
j90_226.rcp,92,1,search_exhausted,87,87
j90_227.rcp,25240,0,time_limit,84,77
j90_228.rcp,92,1,search_exhausted,92,92
j90_229.rcp,92,1,search_exhausted,126,126
j90_23.rcp,92,1,search_exhausted,71,71
j90_230.rcp,92,1,search_exhausted,87,87
j90_231.rcp,92,1,search_exhausted,84,84
j90_232.rcp,92,1,search_exhausted,92,92
j90_233.rcp,92,1,search_exhausted,69,69
j90_234.rcp,92,1,search_exhausted,81,81
j90_235.rcp,92,1,search_exhausted,85,85
j90_236.rcp,92,1,search_exhausted,79,79
j90_237.rcp,92,1,search_exhausted,87,87
j90_238.rcp,92,1,search_exhausted,88,88
j90_239.rcp,92,1,search_exhausted,80,80
j90_24.rcp,92,1,search_exhausted,104,104
j90_240.rcp,92,1,search_exhausted,89,89
j90_241.rcp,31897,0,time_limit,161,94
j90_242.rcp,31331,0,time_limit,172,83
j90_243.rcp,34744,0,time_limit,161,77
j90_244.rcp,30232,0,time_limit,170,95
j90_245.rcp,27968,0,time_limit,147,71
j90_246.rcp,29911,0,time_limit,163,79
j90_247.rcp,26692,0,time_limit,170,77
j90_248.rcp,29778,0,time_limit,182,101
j90_249.rcp,30426,0,time_limit,139,80
j90_25.rcp,92,1,search_exhausted,75,75
j90_250.rcp,32581,0,time_limit,183,96
j90_251.rcp,26645,0,time_limit,111,90
j90_252.rcp,30399,0,time_limit,129,85
j90_253.rcp,29712,0,time_limit,104,80
j90_254.rcp,29397,0,time_limit,125,96
j90_255.rcp,30742,0,time_limit,104,82
j90_256.rcp,28182,0,time_limit,130,108
j90_257.rcp,29438,0,time_limit,103,82
j90_258.rcp,27703,0,time_limit,102,82
j90_259.rcp,24670,0,time_limit,112,87
j90_26.rcp,22537,0,time_limit,72,68
j90_260.rcp,92,1,search_exhausted,92,92
j90_261.rcp,1184,1,search_exhausted,96,96
j90_262.rcp,26215,0,time_limit,92,81
j90_263.rcp,23857,0,time_limit,98,91
j90_264.rcp,23554,0,time_limit,80,79
j90_265.rcp,28776,0,time_limit,101,99
j90_266.rcp,22766,0,time_limit,90,87
j90_267.rcp,23774,0,time_limit,81,73
j90_268.rcp,92,1,search_exhausted,72,72
j90_269.rcp,23918,0,time_limit,95,84
j90_27.rcp,27530,0,time_limit,97,87
j90_270.rcp,92,1,search_exhausted,97,97
j90_271.rcp,92,1,search_exhausted,80,80
j90_272.rcp,92,1,search_exhausted,76,76
j90_273.rcp,92,1,search_exhausted,86,86
j90_274.rcp,92,1,search_exhausted,78,78
j90_275.rcp,92,1,search_exhausted,88,88
j90_276.rcp,92,1,search_exhausted,102,102
j90_277.rcp,92,1,search_exhausted,97,97
j90_278.rcp,92,1,search_exhausted,110,110
j90_279.rcp,92,1,search_exhausted,120,120
j90_28.rcp,92,1,search_exhausted,86,86
j90_280.rcp,92,1,search_exhausted,68,68
j90_281.rcp,31980,0,time_limit,173,96
j90_282.rcp,29535,0,time_limit,157,76
j90_283.rcp,26524,0,time_limit,192,87
j90_284.rcp,34258,0,time_limit,185,87
j90_285.rcp,31607,0,time_limit,163,96
j90_286.rcp,28600,0,time_limit,150,77
j90_287.rcp,34041,0,time_limit,211,103
j90_288.rcp,31285,0,time_limit,204,93
j90_289.rcp,30408,0,time_limit,156,81
j90_29.rcp,92,1,search_exhausted,61,61
j90_290.rcp,31004,0,time_limit,152,81
j90_291.rcp,92,1,search_exhausted,102,102
j90_292.rcp,27531,0,time_limit,91,76
j90_293.rcp,26327,0,time_limit,116,102
j90_294.rcp,26486,0,time_limit,112,104
j90_295.rcp,25408,0,time_limit,112,83
j90_296.rcp,24715,0,time_limit,97,90
j90_297.rcp,28900,0,time_limit,105,84
j90_298.rcp,23972,0,time_limit,101,82
j90_299.rcp,29278,0,time_limit,120,82
j90_3.rcp,28105,0,time_limit,83,59
j90_30.rcp,23283,0,time_limit,68,65
j90_300.rcp,32491,0,time_limit,111,90
j90_301.rcp,21750,0,time_limit,83,79
j90_302.rcp,26873,0,time_limit,78,69
j90_303.rcp,92,1,search_exhausted,106,106
j90_304.rcp,26064,0,time_limit,86,79
j90_305.rcp,27044,0,time_limit,89,79
j90_306.rcp,20262,0,time_limit,86,80
j90_307.rcp,92,1,search_exhausted,97,97
j90_308.rcp,25674,0,time_limit,99,83
j90_309.rcp,28208,0,time_limit,82,72
j90_31.rcp,92,1,search_exhausted,93,93
j90_310.rcp,28430,0,time_limit,111,99
j90_311.rcp,92,1,search_exhausted,78,78
j90_312.rcp,92,1,search_exhausted,78,78
j90_313.rcp,92,1,search_exhausted,89,89
j90_314.rcp,92,1,search_exhausted,104,104
j90_315.rcp,92,1,search_exhausted,93,93
j90_316.rcp,92,1,search_exhausted,86,86
j90_317.rcp,92,1,search_exhausted,87,87
j90_318.rcp,92,1,search_exhausted,79,79
j90_319.rcp,92,1,search_exhausted,95,95
j90_32.rcp,92,1,search_exhausted,89,89
j90_320.rcp,92,1,search_exhausted,91,91
j90_321.rcp,29479,0,time_limit,121,82
j90_322.rcp,29003,0,time_limit,125,107
j90_323.rcp,26770,0,time_limit,134,105
j90_324.rcp,30108,0,time_limit,104,85
j90_325.rcp,27677,0,time_limit,148,106
j90_326.rcp,29955,0,time_limit,117,83
j90_327.rcp,27156,0,time_limit,134,94
j90_328.rcp,26894,0,time_limit,139,99
j90_329.rcp,27775,0,time_limit,118,86
j90_33.rcp,92,1,search_exhausted,67,67
j90_330.rcp,26496,0,time_limit,122,113
j90_331.rcp,27794,0,time_limit,86,83
j90_332.rcp,24687,0,time_limit,90,89
j90_333.rcp,27044,0,time_limit,85,82
j90_334.rcp,26220,0,time_limit,94,76
j90_335.rcp,25101,0,time_limit,90,80
j90_336.rcp,27242,0,time_limit,90,89
j90_337.rcp,92,1,search_exhausted,92,92
j90_338.rcp,26707,0,time_limit,91,78
j90_339.rcp,23643,0,time_limit,118,109
j90_34.rcp,92,1,search_exhausted,92,92
j90_340.rcp,209,1,search_exhausted,101,101
j90_341.rcp,26523,0,time_limit,98,97
j90_342.rcp,92,1,search_exhausted,92,92
j90_343.rcp,26639,0,time_limit,98,96
j90_344.rcp,709,1,search_exhausted,86,86
j90_345.rcp,92,1,search_exhausted,103,103
j90_346.rcp,24127,0,time_limit,75,72
j90_347.rcp,92,1,search_exhausted,78,78
j90_348.rcp,92,1,search_exhausted,85,85
j90_349.rcp,26907,0,time_limit,77,76
j90_35.rcp,92,1,search_exhausted,88,88
j90_350.rcp,26116,0,time_limit,87,82
j90_351.rcp,92,1,search_exhausted,97,97
j90_352.rcp,92,1,search_exhausted,114,114
j90_353.rcp,92,1,search_exhausted,84,84
j90_354.rcp,92,1,search_exhausted,79,79
j90_355.rcp,92,1,search_exhausted,98,98
j90_356.rcp,92,1,search_exhausted,99,99
j90_357.rcp,92,1,search_exhausted,89,89
j90_358.rcp,92,1,search_exhausted,84,84
j90_359.rcp,92,1,search_exhausted,102,102
j90_36.rcp,92,1,search_exhausted,78,78
j90_360.rcp,92,1,search_exhausted,109,109
j90_361.rcp,28042,0,time_limit,149,84
j90_362.rcp,31971,0,time_limit,146,90
j90_363.rcp,33423,0,time_limit,180,115
j90_364.rcp,30151,0,time_limit,175,86
j90_365.rcp,26945,0,time_limit,187,92
j90_366.rcp,31457,0,time_limit,163,96
j90_367.rcp,32545,0,time_limit,172,97
j90_368.rcp,32052,0,time_limit,153,89
j90_369.rcp,32070,0,time_limit,185,93
j90_37.rcp,92,1,search_exhausted,80,80
j90_370.rcp,26800,0,time_limit,166,89
j90_371.rcp,26021,0,time_limit,103,83
j90_372.rcp,26897,0,time_limit,92,77
j90_373.rcp,28810,0,time_limit,104,88
j90_374.rcp,28256,0,time_limit,104,89
j90_375.rcp,25473,0,time_limit,97,84
j90_376.rcp,25348,0,time_limit,104,88
j90_377.rcp,27015,0,time_limit,89,85
j90_378.rcp,27769,0,time_limit,116,91
j90_379.rcp,27570,0,time_limit,114,95
j90_38.rcp,92,1,search_exhausted,69,69
j90_380.rcp,666,1,search_exhausted,108,108
j90_381.rcp,1961,1,search_exhausted,106,106
j90_382.rcp,24823,0,time_limit,122,119
j90_383.rcp,30483,0,time_limit,88,83
j90_384.rcp,27537,0,time_limit,88,81
j90_385.rcp,24580,0,time_limit,94,85
j90_386.rcp,22765,0,time_limit,110,102
j90_387.rcp,22193,0,time_limit,92,85
j90_388.rcp,26972,0,time_limit,85,81
j90_389.rcp,27550,0,time_limit,83,79
j90_39.rcp,92,1,search_exhausted,79,79
j90_390.rcp,2779,1,search_exhausted,100,100
j90_391.rcp,92,1,search_exhausted,95,95
j90_392.rcp,92,1,search_exhausted,91,91
j90_393.rcp,92,1,search_exhausted,77,77
j90_394.rcp,92,1,search_exhausted,106,106
j90_395.rcp,92,1,search_exhausted,92,92
j90_396.rcp,92,1,search_exhausted,86,86
j90_397.rcp,92,1,search_exhausted,87,87
j90_398.rcp,92,1,search_exhausted,79,79
j90_399.rcp,92,1,search_exhausted,98,98
j90_4.rcp,27249,0,time_limit,124,76
j90_40.rcp,92,1,search_exhausted,68,68
j90_400.rcp,92,1,search_exhausted,86,86
j90_401.rcp,29172,0,time_limit,175,102
j90_402.rcp,32197,0,time_limit,221,108
j90_403.rcp,30941,0,time_limit,213,106
j90_404.rcp,29656,0,time_limit,208,85
j90_405.rcp,40645,0,time_limit,159,89
j90_406.rcp,29005,0,time_limit,167,86
j90_407.rcp,27792,0,time_limit,207,105
j90_408.rcp,28942,0,time_limit,210,108
j90_409.rcp,27314,0,time_limit,160,77
j90_41.rcp,27681,0,time_limit,116,66
j90_410.rcp,29062,0,time_limit,197,105
j90_411.rcp,28281,0,time_limit,121,106
j90_412.rcp,26821,0,time_limit,124,92
j90_413.rcp,24050,0,time_limit,110,94
j90_414.rcp,29422,0,time_limit,125,102
j90_415.rcp,30360,0,time_limit,122,105
j90_416.rcp,31658,0,time_limit,97,89
j90_417.rcp,27243,0,time_limit,102,83
j90_418.rcp,92,1,search_exhausted,105,105
j90_419.rcp,27640,0,time_limit,97,82
j90_42.rcp,30591,0,time_limit,137,90
j90_420.rcp,27312,0,time_limit,108,85
j90_421.rcp,26297,0,time_limit,108,99
j90_422.rcp,25600,0,time_limit,94,91
j90_423.rcp,192,1,search_exhausted,102,102
j90_424.rcp,233,1,search_exhausted,94,94
j90_425.rcp,92,1,search_exhausted,98,98
j90_426.rcp,92,1,search_exhausted,114,114
j90_427.rcp,25250,0,time_limit,92,88
j90_428.rcp,21947,0,time_limit,105,100
j90_429.rcp,26376,0,time_limit,103,88
j90_43.rcp,29809,0,time_limit,112,62
j90_430.rcp,26148,0,time_limit,99,92
j90_431.rcp,92,1,search_exhausted,100,100
j90_432.rcp,92,1,search_exhausted,92,92
j90_433.rcp,92,1,search_exhausted,110,110
j90_434.rcp,92,1,search_exhausted,89,89
j90_435.rcp,92,1,search_exhausted,84,84
j90_436.rcp,92,1,search_exhausted,96,96
j90_437.rcp,92,1,search_exhausted,93,93
j90_438.rcp,92,1,search_exhausted,99,99
j90_439.rcp,92,1,search_exhausted,96,96
j90_44.rcp,30202,0,time_limit,145,90
j90_440.rcp,92,1,search_exhausted,86,86
j90_441.rcp,29234,0,time_limit,185,93
j90_442.rcp,32235,0,time_limit,185,89
j90_443.rcp,29811,0,time_limit,201,101
j90_444.rcp,30795,0,time_limit,166,76
j90_445.rcp,28336,0,time_limit,227,98
j90_446.rcp,30876,0,time_limit,231,106
j90_447.rcp,30971,0,time_limit,170,81
j90_448.rcp,29964,0,time_limit,207,97
j90_449.rcp,33543,0,time_limit,207,96
j90_45.rcp,32252,0,time_limit,149,79
j90_450.rcp,31920,0,time_limit,212,88
j90_451.rcp,29611,0,time_limit,117,103
j90_452.rcp,28642,0,time_limit,110,98
j90_453.rcp,26576,0,time_limit,126,112
j90_454.rcp,24059,0,time_limit,110,88
j90_455.rcp,25692,0,time_limit,115,91
j90_456.rcp,28008,0,time_limit,103,83
j90_457.rcp,23970,0,time_limit,111,89
j90_458.rcp,26936,0,time_limit,116,87
j90_459.rcp,29950,0,time_limit,107,74
j90_46.rcp,28295,0,time_limit,120,75
j90_460.rcp,26789,0,time_limit,115,114
j90_461.rcp,231,1,search_exhausted,82,82
j90_462.rcp,25217,0,time_limit,98,90
j90_463.rcp,27117,0,time_limit,108,102
j90_464.rcp,25527,0,time_limit,96,93
j90_465.rcp,92,1,search_exhausted,93,93
j90_466.rcp,31370,0,time_limit,105,98
j90_467.rcp,25571,0,time_limit,107,94
j90_468.rcp,92,1,search_exhausted,98,98
j90_469.rcp,29008,0,time_limit,89,86
j90_47.rcp,31056,0,time_limit,147,79
j90_470.rcp,26576,0,time_limit,70,65
j90_471.rcp,92,1,search_exhausted,83,83
j90_472.rcp,92,1,search_exhausted,89,89
j90_473.rcp,92,1,search_exhausted,86,86
j90_474.rcp,92,1,search_exhausted,91,91
j90_475.rcp,92,1,search_exhausted,75,75
j90_476.rcp,92,1,search_exhausted,114,114
j90_477.rcp,92,1,search_exhausted,103,103
j90_478.rcp,92,1,search_exhausted,74,74
j90_479.rcp,92,1,search_exhausted,89,89
j90_48.rcp,32084,0,time_limit,130,75
j90_480.rcp,92,1,search_exhausted,93,93
j90_49.rcp,26959,0,time_limit,169,94
j90_5.rcp,27215,0,time_limit,129,84
j90_50.rcp,25098,0,time_limit,124,78
j90_51.rcp,21246,0,time_limit,92,82
j90_52.rcp,26333,0,time_limit,91,86
j90_53.rcp,27142,0,time_limit,98,75
j90_54.rcp,92,1,search_exhausted,80,80
j90_55.rcp,23337,0,time_limit,77,71
j90_56.rcp,26952,0,time_limit,119,98
j90_57.rcp,25443,0,time_limit,90,71
j90_58.rcp,27392,0,time_limit,88,67
j90_59.rcp,24386,0,time_limit,80,68
j90_6.rcp,26956,0,time_limit,100,61
j90_60.rcp,25421,0,time_limit,112,94
j90_61.rcp,92,1,search_exhausted,88,88
j90_62.rcp,92,1,search_exhausted,77,77
j90_63.rcp,24644,0,time_limit,83,80
j90_64.rcp,92,1,search_exhausted,86,86
j90_65.rcp,25275,0,time_limit,80,79
j90_66.rcp,11133,1,search_exhausted,90,90
j90_67.rcp,92,1,search_exhausted,90,90
j90_68.rcp,21372,0,time_limit,63,60
j90_69.rcp,20860,0,time_limit,85,83
j90_7.rcp,26817,0,time_limit,105,83
j90_70.rcp,92,1,search_exhausted,98,98
j90_71.rcp,92,1,search_exhausted,96,96
j90_72.rcp,92,1,search_exhausted,78,78
j90_73.rcp,92,1,search_exhausted,70,70
j90_74.rcp,92,1,search_exhausted,77,77
j90_75.rcp,92,1,search_exhausted,63,63
j90_76.rcp,92,1,search_exhausted,70,70
j90_77.rcp,92,1,search_exhausted,77,77
j90_78.rcp,92,1,search_exhausted,68,68
j90_79.rcp,92,1,search_exhausted,97,97
j90_8.rcp,30516,0,time_limit,129,85
j90_80.rcp,92,1,search_exhausted,88,88
j90_81.rcp,26593,0,time_limit,153,80
j90_82.rcp,30147,0,time_limit,157,92
j90_83.rcp,31889,0,time_limit,135,67
j90_84.rcp,33398,0,time_limit,168,81
j90_85.rcp,31463,0,time_limit,184,89
j90_86.rcp,23526,0,time_limit,161,88
j90_87.rcp,27738,0,time_limit,141,74
j90_88.rcp,31710,0,time_limit,143,75
j90_89.rcp,29990,0,time_limit,145,77
j90_9.rcp,34040,0,time_limit,91,66
j90_90.rcp,26809,0,time_limit,151,77
j90_91.rcp,25204,0,time_limit,96,77
j90_92.rcp,23924,0,time_limit,101,95
j90_93.rcp,92,1,search_exhausted,112,112
j90_94.rcp,22220,0,time_limit,111,94
j90_95.rcp,24149,0,time_limit,84,78
j90_96.rcp,92,1,search_exhausted,92,92
j90_97.rcp,24457,0,time_limit,86,83
j90_98.rcp,22290,0,time_limit,111,81
j90_99.rcp,21958,0,time_limit,92,88
X10_1.RCP,22630,0,time_limit,128,111
X10_10.RCP,17994,0,time_limit,84,66
X10_2.RCP,20223,0,time_limit,109,91
X10_3.RCP,20193,0,time_limit,124,99
X10_4.RCP,18151,0,time_limit,115,95
X10_5.RCP,18664,0,time_limit,110,97
X10_6.RCP,19580,0,time_limit,104,92
X10_7.RCP,15857,0,time_limit,115,79
X10_8.RCP,20156,0,time_limit,135,114
X10_9.RCP,17765,0,time_limit,88,77
X11_1.RCP,24293,0,time_limit,232,90
X11_10.RCP,23953,0,time_limit,256,90
X11_2.RCP,26869,0,time_limit,221,78
X11_3.RCP,26619,0,time_limit,277,93
X11_4.RCP,28773,0,time_limit,296,96
X11_5.RCP,25860,0,time_limit,296,97
X11_6.RCP,24227,0,time_limit,299,91
X11_7.RCP,26708,0,time_limit,233,82
X11_8.RCP,23588,0,time_limit,219,95
X11_9.RCP,25556,0,time_limit,233,76
X12_1.RCP,24322,0,time_limit,172,94
X12_10.RCP,22253,0,time_limit,174,84
X12_2.RCP,22301,0,time_limit,156,72
X12_3.RCP,22318,0,time_limit,176,84
X12_4.RCP,20449,0,time_limit,171,94
X12_5.RCP,22642,0,time_limit,227,98
X12_6.RCP,21445,0,time_limit,166,82
X12_7.RCP,20437,0,time_limit,173,83
X12_8.RCP,22838,0,time_limit,164,72
X12_9.RCP,22647,0,time_limit,141,77
X13_1.RCP,18117,0,time_limit,173,121
X13_10.RCP,21254,0,time_limit,122,78
X13_2.RCP,18788,0,time_limit,111,72
X13_3.RCP,20078,0,time_limit,157,106
X13_4.RCP,20795,0,time_limit,142,88
X13_5.RCP,19298,0,time_limit,126,79
X13_6.RCP,24048,0,time_limit,132,86
X13_7.RCP,21304,0,time_limit,138,105
X13_8.RCP,22305,0,time_limit,132,87
X13_9.RCP,24676,0,time_limit,120,77
X14_1.RCP,20589,0,time_limit,114,81
X14_10.RCP,19027,0,time_limit,103,80
X14_2.RCP,20527,0,time_limit,124,86
X14_3.RCP,17126,0,time_limit,115,88
X14_4.RCP,24059,0,time_limit,127,85
X14_5.RCP,22083,0,time_limit,122,90
X14_6.RCP,17631,0,time_limit,115,91
X14_7.RCP,21024,0,time_limit,122,89
X14_8.RCP,19798,0,time_limit,141,101
X14_9.RCP,18563,0,time_limit,116,101
X15_1.RCP,19567,0,time_limit,99,81
X15_10.RCP,19564,0,time_limit,119,91
X15_2.RCP,16154,0,time_limit,92,75
X15_3.RCP,20302,0,time_limit,106,87
X15_4.RCP,18906,0,time_limit,118,82
X15_5.RCP,15457,0,time_limit,115,87
X15_6.RCP,16698,0,time_limit,109,97
X15_7.RCP,16545,0,time_limit,104,75
X15_8.RCP,122,1,search_exhausted,126,126
X15_9.RCP,122,1,search_exhausted,109,109
X16_1.RCP,23317,0,time_limit,276,71
X16_10.RCP,22621,0,time_limit,285,98
X16_2.RCP,26256,0,time_limit,308,85
X16_3.RCP,24337,0,time_limit,299,97
X16_4.RCP,22171,0,time_limit,253,80
X16_5.RCP,22056,0,time_limit,256,92
X16_6.RCP,22104,0,time_limit,271,79
X16_7.RCP,24870,0,time_limit,237,90
X16_8.RCP,24167,0,time_limit,252,77
X16_9.RCP,23344,0,time_limit,268,88
X17_1.RCP,21405,0,time_limit,180,87
X17_10.RCP,21980,0,time_limit,165,88
X17_2.RCP,20370,0,time_limit,164,74
X17_3.RCP,21029,0,time_limit,129,72
X17_4.RCP,18970,0,time_limit,167,91
X17_5.RCP,20775,0,time_limit,165,90
X17_6.RCP,21863,0,time_limit,169,68
X17_7.RCP,21550,0,time_limit,173,98
X17_8.RCP,23866,0,time_limit,159,73
X17_9.RCP,22161,0,time_limit,171,81
X18_1.RCP,19837,0,time_limit,168,101
X18_10.RCP,18367,0,time_limit,142,84
X18_2.RCP,20586,0,time_limit,153,111
X18_3.RCP,17312,0,time_limit,132,72
X18_4.RCP,22130,0,time_limit,132,77
X18_5.RCP,19889,0,time_limit,143,88
X18_6.RCP,17855,0,time_limit,167,108
X18_7.RCP,23251,0,time_limit,153,89
X18_8.RCP,19463,0,time_limit,135,88
X18_9.RCP,16818,0,time_limit,119,76
X19_1.RCP,19838,0,time_limit,124,88
X19_10.RCP,18647,0,time_limit,114,88
X19_2.RCP,17768,0,time_limit,108,81
X19_3.RCP,18836,0,time_limit,101,72
X19_4.RCP,19775,0,time_limit,135,92
X19_5.RCP,18445,0,time_limit,127,85
X19_6.RCP,24206,0,time_limit,117,80
X19_7.RCP,16542,0,time_limit,130,93
X19_8.RCP,16338,0,time_limit,117,93
X19_9.RCP,23076,0,time_limit,118,75
X1_1.RCP,23112,0,time_limit,123,99
X1_10.RCP,22706,0,time_limit,138,89
X1_2.RCP,19132,0,time_limit,155,86
X1_3.RCP,30442,0,time_limit,155,82
X1_4.RCP,23835,0,time_limit,127,79
X1_5.RCP,21832,0,time_limit,150,94
X1_6.RCP,20752,0,time_limit,120,65
X1_7.RCP,21449,0,time_limit,152,98
X1_8.RCP,23707,0,time_limit,137,85
X1_9.RCP,22939,0,time_limit,142,89
X20_1.RCP,16988,0,time_limit,121,89
X20_10.RCP,17612,0,time_limit,109,81
X20_2.RCP,23203,0,time_limit,116,99
X20_3.RCP,19779,0,time_limit,106,74
X20_4.RCP,17590,0,time_limit,103,89
X20_5.RCP,16661,0,time_limit,95,69
X20_6.RCP,18958,0,time_limit,109,80
X20_7.RCP,17095,0,time_limit,103,81
X20_8.RCP,18267,0,time_limit,133,107
X20_9.RCP,17721,0,time_limit,108,80
X21_1.RCP,21587,0,time_limit,195,98
X21_10.RCP,20348,0,time_limit,138,87
X21_2.RCP,23270,0,time_limit,144,87
X21_3.RCP,23092,0,time_limit,199,111
X21_4.RCP,23273,0,time_limit,167,111
X21_5.RCP,23847,0,time_limit,139,95
X21_6.RCP,19197,0,time_limit,158,97
X21_7.RCP,18753,0,time_limit,153,79
X21_8.RCP,22605,0,time_limit,170,121
X21_9.RCP,21744,0,time_limit,140,86
X22_1.RCP,19671,0,time_limit,153,83
X22_10.RCP,18082,0,time_limit,112,71
X22_2.RCP,19300,0,time_limit,129,104
X22_3.RCP,22292,0,time_limit,127,83
X22_4.RCP,20410,0,time_limit,106,79
X22_5.RCP,18688,0,time_limit,119,93
X22_6.RCP,20901,0,time_limit,134,93
X22_7.RCP,21194,0,time_limit,147,124
X22_8.RCP,20504,0,time_limit,140,93
X22_9.RCP,23603,0,time_limit,159,91
X23_1.RCP,22356,0,time_limit,118,107
X23_10.RCP,15782,0,time_limit,105,100
X23_2.RCP,17413,0,time_limit,134,116
X23_3.RCP,18178,0,time_limit,105,99
X23_4.RCP,21644,0,time_limit,131,103
X23_5.RCP,17869,0,time_limit,118,96
X23_6.RCP,20329,0,time_limit,142,103
X23_7.RCP,18645,0,time_limit,117,104
X23_8.RCP,19103,0,time_limit,122,100
X23_9.RCP,18959,0,time_limit,124,105
X24_1.RCP,18128,0,time_limit,102,92
X24_10.RCP,17228,0,time_limit,98,91
X24_2.RCP,21095,0,time_limit,109,91
X24_3.RCP,18910,0,time_limit,109,89
X24_4.RCP,20693,0,time_limit,108,101
X24_5.RCP,21799,0,time_limit,94,86
X24_6.RCP,19442,0,time_limit,106,95
X24_7.RCP,21592,0,time_limit,113,109
X24_8.RCP,17658,0,time_limit,110,104
X24_9.RCP,21613,0,time_limit,101,76
X25_1.RCP,17170,0,time_limit,93,82
X25_10.RCP,16423,0,time_limit,102,92
X25_2.RCP,122,1,search_exhausted,108,108
X25_3.RCP,122,1,search_exhausted,100,100
X25_4.RCP,17725,0,time_limit,123,117
X25_5.RCP,122,1,search_exhausted,100,100
X25_6.RCP,19425,0,time_limit,95,91
X25_7.RCP,17542,0,time_limit,107,91
X25_8.RCP,18437,0,time_limit,95,76
X25_9.RCP,122,1,search_exhausted,94,94
X26_1.RCP,24075,0,time_limit,257,96
X26_10.RCP,26649,0,time_limit,278,122
X26_2.RCP,24420,0,time_limit,261,97
X26_3.RCP,26804,0,time_limit,251,93
X26_4.RCP,25589,0,time_limit,234,108
X26_5.RCP,25888,0,time_limit,238,81
X26_6.RCP,24903,0,time_limit,290,122
X26_7.RCP,24031,0,time_limit,242,83
X26_8.RCP,27915,0,time_limit,244,105
X26_9.RCP,22554,0,time_limit,246,124
X27_1.RCP,18190,0,time_limit,147,77
X27_10.RCP,19910,0,time_limit,163,105
X27_2.RCP,18107,0,time_limit,163,87
X27_3.RCP,23230,0,time_limit,182,98
X27_4.RCP,25815,0,time_limit,147,85
X27_5.RCP,20608,0,time_limit,147,89
X27_6.RCP,23599,0,time_limit,199,97
X27_7.RCP,21497,0,time_limit,175,100
X27_8.RCP,22281,0,time_limit,179,108
X27_9.RCP,19991,0,time_limit,186,95
X28_1.RCP,19610,0,time_limit,157,98
X28_10.RCP,21496,0,time_limit,155,109
X28_2.RCP,23076,0,time_limit,137,110
X28_3.RCP,20962,0,time_limit,141,101
X28_4.RCP,18921,0,time_limit,153,103
X28_5.RCP,18725,0,time_limit,115,102
X28_6.RCP,22737,0,time_limit,141,103
X28_7.RCP,22571,0,time_limit,156,97
X28_8.RCP,18307,0,time_limit,143,87
X28_9.RCP,22075,0,time_limit,132,93
X29_1.RCP,23308,0,time_limit,122,104
X29_10.RCP,19369,0,time_limit,117,96
X29_2.RCP,19764,0,time_limit,114,91
X29_3.RCP,19780,0,time_limit,132,80
X29_4.RCP,18959,0,time_limit,103,77
X29_5.RCP,18149,0,time_limit,125,102
X29_6.RCP,20560,0,time_limit,111,88
X29_7.RCP,21177,0,time_limit,116,97
X29_8.RCP,19250,0,time_limit,102,80
X29_9.RCP,19327,0,time_limit,109,97
X2_1.RCP,23495,0,time_limit,110,70
X2_10.RCP,20345,0,time_limit,143,79
X2_2.RCP,19283,0,time_limit,103,73
X2_3.RCP,19185,0,time_limit,131,78
X2_4.RCP,22432,0,time_limit,120,88
X2_5.RCP,23883,0,time_limit,141,91
X2_6.RCP,21216,0,time_limit,131,75
X2_7.RCP,20784,0,time_limit,121,84
X2_8.RCP,19492,0,time_limit,122,77
X2_9.RCP,19826,0,time_limit,124,92
X30_1.RCP,17739,0,time_limit,121,102
X30_10.RCP,21425,0,time_limit,103,86
X30_2.RCP,17854,0,time_limit,124,112
X30_3.RCP,19634,0,time_limit,119,108
X30_4.RCP,21200,0,time_limit,107,83
X30_5.RCP,19749,0,time_limit,109,81
X30_6.RCP,18395,0,time_limit,97,79
X30_7.RCP,20457,0,time_limit,113,93
X30_8.RCP,20997,0,time_limit,95,79
X30_9.RCP,20576,0,time_limit,110,93
X31_1.RCP,23109,0,time_limit,265,92
X31_10.RCP,24531,0,time_limit,321,90
X31_2.RCP,23080,0,time_limit,272,82
X31_3.RCP,22777,0,time_limit,227,80
X31_4.RCP,26731,0,time_limit,307,112
X31_5.RCP,22979,0,time_limit,275,97
X31_6.RCP,22490,0,time_limit,255,101
X31_7.RCP,25295,0,time_limit,296,110
X31_8.RCP,19713,0,time_limit,291,92
X31_9.RCP,23679,0,time_limit,248,99
X32_1.RCP,20268,0,time_limit,181,99
X32_10.RCP,21037,0,time_limit,179,91
X32_2.RCP,21892,0,time_limit,177,100
X32_3.RCP,19765,0,time_limit,190,101
X32_4.RCP,20163,0,time_limit,190,108
X32_5.RCP,23234,0,time_limit,181,99
X32_6.RCP,22264,0,time_limit,167,94
X32_7.RCP,22635,0,time_limit,173,104
X32_8.RCP,17597,0,time_limit,191,81
X32_9.RCP,23389,0,time_limit,163,86
X33_1.RCP,16287,0,time_limit,146,99
X33_10.RCP,18832,0,time_limit,137,88
X33_2.RCP,18951,0,time_limit,150,92
X33_3.RCP,18797,0,time_limit,143,88
X33_4.RCP,24087,0,time_limit,142,97
X33_5.RCP,20906,0,time_limit,188,108
X33_6.RCP,24928,0,time_limit,143,115
X33_7.RCP,23140,0,time_limit,161,93
X33_8.RCP,20447,0,time_limit,147,90
X33_9.RCP,21341,0,time_limit,149,102
X34_1.RCP,18577,0,time_limit,105,72
X34_10.RCP,17408,0,time_limit,126,101
X34_2.RCP,21306,0,time_limit,141,95
X34_3.RCP,17497,0,time_limit,133,94
X34_4.RCP,21921,0,time_limit,137,94
X34_5.RCP,20666,0,time_limit,131,99
X34_6.RCP,20445,0,time_limit,138,100
X34_7.RCP,20411,0,time_limit,133,105
X34_8.RCP,17305,0,time_limit,129,81
X34_9.RCP,22381,0,time_limit,115,83
X35_1.RCP,16750,0,time_limit,95,87
X35_10.RCP,17832,0,time_limit,98,86
X35_2.RCP,19075,0,time_limit,150,111
X35_3.RCP,18711,0,time_limit,98,77
X35_4.RCP,19318,0,time_limit,126,101
X35_5.RCP,19031,0,time_limit,122,92
X35_6.RCP,19157,0,time_limit,109,86
X35_7.RCP,21441,0,time_limit,114,99
X35_8.RCP,20108,0,time_limit,129,101
X35_9.RCP,20581,0,time_limit,114,91
X36_1.RCP,22786,0,time_limit,279,98
X36_10.RCP,25344,0,time_limit,292,91
X36_2.RCP,23485,0,time_limit,296,89
X36_3.RCP,22943,0,time_limit,303,91
X36_4.RCP,25529,0,time_limit,313,96
X36_5.RCP,25394,0,time_limit,313,95
X36_6.RCP,23458,0,time_limit,299,101
X36_7.RCP,24999,0,time_limit,258,103
X36_8.RCP,25025,0,time_limit,234,83
X36_9.RCP,25215,0,time_limit,309,104
X37_1.RCP,21213,0,time_limit,182,96
X37_10.RCP,19614,0,time_limit,166,80
X37_2.RCP,22138,0,time_limit,177,86
X37_3.RCP,20981,0,time_limit,183,101
X37_4.RCP,23527,0,time_limit,215,95
X37_5.RCP,24123,0,time_limit,274,114
X37_6.RCP,20584,0,time_limit,207,105
X37_7.RCP,22052,0,time_limit,201,82
X37_8.RCP,21832,0,time_limit,247,116
X37_9.RCP,21959,0,time_limit,186,82
X38_1.RCP,19062,0,time_limit,148,103
X38_10.RCP,19691,0,time_limit,166,96
X38_2.RCP,20750,0,time_limit,159,92
X38_3.RCP,22666,0,time_limit,179,105
X38_4.RCP,21714,0,time_limit,171,116
X38_5.RCP,27692,0,time_limit,141,95
X38_6.RCP,24935,0,time_limit,154,95
X38_7.RCP,19859,0,time_limit,129,91
X38_8.RCP,20950,0,time_limit,174,98
X38_9.RCP,20197,0,time_limit,172,134
X39_1.RCP,19096,0,time_limit,134,95
X39_10.RCP,20599,0,time_limit,130,99
X39_2.RCP,18783,0,time_limit,146,104
X39_3.RCP,17824,0,time_limit,142,100
X39_4.RCP,18396,0,time_limit,123,76
X39_5.RCP,21659,0,time_limit,134,106
X39_6.RCP,22105,0,time_limit,130,95
X39_7.RCP,17758,0,time_limit,125,94
X39_8.RCP,21961,0,time_limit,124,93
X39_9.RCP,19238,0,time_limit,112,77
X3_1.RCP,19558,0,time_limit,93,79
X3_10.RCP,122,1,search_exhausted,103,103
X3_2.RCP,122,1,search_exhausted,88,88
X3_3.RCP,19788,0,time_limit,106,100
X3_4.RCP,22614,0,time_limit,109,71
X3_5.RCP,21491,0,time_limit,105,81
X3_6.RCP,122,1,search_exhausted,102,102
X3_7.RCP,22521,0,time_limit,97,93
X3_8.RCP,19077,0,time_limit,108,77
X3_9.RCP,20568,0,time_limit,99,86
X40_1.RCP,16781,0,time_limit,98,78
X40_10.RCP,17106,0,time_limit,117,96
X40_2.RCP,17955,0,time_limit,111,90
X40_3.RCP,16927,0,time_limit,114,87
X40_4.RCP,20241,0,time_limit,132,112
X40_5.RCP,18392,0,time_limit,123,101
X40_6.RCP,18515,0,time_limit,113,90
X40_7.RCP,18992,0,time_limit,117,91
X40_8.RCP,18403,0,time_limit,118,97
X40_9.RCP,19615,0,time_limit,140,117
X41_1.RCP,20587,0,time_limit,165,103
X41_10.RCP,22814,0,time_limit,180,121
X41_2.RCP,19945,0,time_limit,190,99
X41_3.RCP,24614,0,time_limit,200,119
X41_4.RCP,22996,0,time_limit,158,87
X41_5.RCP,25278,0,time_limit,163,115
X41_6.RCP,21748,0,time_limit,144,91
X41_7.RCP,24258,0,time_limit,173,91
X41_8.RCP,20551,0,time_limit,166,110
X41_9.RCP,19339,0,time_limit,170,95
X42_1.RCP,18258,0,time_limit,161,91
X42_10.RCP,21777,0,time_limit,154,102
X42_2.RCP,20716,0,time_limit,155,126
X42_3.RCP,22178,0,time_limit,149,100
X42_4.RCP,21017,0,time_limit,146,102
X42_5.RCP,20960,0,time_limit,172,108
X42_6.RCP,22495,0,time_limit,168,88
X42_7.RCP,19657,0,time_limit,153,118
X42_8.RCP,23433,0,time_limit,144,101
X42_9.RCP,19211,0,time_limit,136,96
X43_1.RCP,19102,0,time_limit,120,100
X43_10.RCP,20668,0,time_limit,129,111
X43_2.RCP,18382,0,time_limit,144,115
X43_3.RCP,22451,0,time_limit,119,95
X43_4.RCP,19231,0,time_limit,117,100
X43_5.RCP,22120,0,time_limit,142,98
X43_6.RCP,25046,0,time_limit,128,85
X43_7.RCP,20527,0,time_limit,175,117
X43_8.RCP,21442,0,time_limit,131,115
X43_9.RCP,19978,0,time_limit,127,101
X44_1.RCP,19155,0,time_limit,112,100
X44_10.RCP,19053,0,time_limit,112,98
X44_2.RCP,20988,0,time_limit,128,102
X44_3.RCP,18205,0,time_limit,114,107
X44_4.RCP,19748,0,time_limit,120,93
X44_5.RCP,19325,0,time_limit,109,94
X44_6.RCP,19137,0,time_limit,120,106
X44_7.RCP,18063,0,time_limit,107,98
X44_8.RCP,21963,0,time_limit,120,105
X44_9.RCP,17019,0,time_limit,96,91
X45_1.RCP,128,1,search_exhausted,108,108
X45_10.RCP,18241,0,time_limit,103,99
X45_2.RCP,19476,0,time_limit,100,91
X45_3.RCP,18820,0,time_limit,111,98
X45_4.RCP,21807,0,time_limit,115,103
X45_5.RCP,19724,0,time_limit,120,114
X45_6.RCP,18425,0,time_limit,135,125
X45_7.RCP,23442,0,time_limit,104,103
X45_8.RCP,19248,0,time_limit,117,103
X45_9.RCP,122,1,search_exhausted,114,114
X46_1.RCP,22552,0,time_limit,256,119
X46_10.RCP,22469,0,time_limit,275,105
X46_2.RCP,24513,0,time_limit,309,117
X46_3.RCP,24881,0,time_limit,238,104
X46_4.RCP,24166,0,time_limit,258,90
X46_5.RCP,23231,0,time_limit,238,97
X46_6.RCP,27593,0,time_limit,267,97
X46_7.RCP,21637,0,time_limit,265,106
X46_8.RCP,26188,0,time_limit,236,96
X46_9.RCP,25988,0,time_limit,240,95
X47_1.RCP,23341,0,time_limit,209,107
X47_10.RCP,23182,0,time_limit,174,102
X47_2.RCP,26411,0,time_limit,180,107
X47_3.RCP,19749,0,time_limit,178,99
X47_4.RCP,21676,0,time_limit,187,106
X47_5.RCP,19688,0,time_limit,186,106
X47_6.RCP,21751,0,time_limit,214,100
X47_7.RCP,22323,0,time_limit,163,86
X47_8.RCP,23883,0,time_limit,204,81
X47_9.RCP,27622,0,time_limit,187,104
X48_1.RCP,18318,0,time_limit,134,95
X48_10.RCP,22052,0,time_limit,160,102
X48_2.RCP,22961,0,time_limit,147,88
X48_3.RCP,20169,0,time_limit,157,104
X48_4.RCP,23598,0,time_limit,178,105
X48_5.RCP,22455,0,time_limit,140,93
X48_6.RCP,20348,0,time_limit,137,94
X48_7.RCP,21133,0,time_limit,141,102
X48_8.RCP,22157,0,time_limit,151,103
X48_9.RCP,22012,0,time_limit,149,101
X49_1.RCP,19209,0,time_limit,113,96
X49_10.RCP,18711,0,time_limit,138,87
X49_2.RCP,21564,0,time_limit,131,100
X49_3.RCP,20711,0,time_limit,125,93
X49_4.RCP,19072,0,time_limit,118,90
X49_5.RCP,20043,0,time_limit,119,82
X49_6.RCP,19049,0,time_limit,146,128
X49_7.RCP,20310,0,time_limit,127,97
X49_8.RCP,21053,0,time_limit,144,112
X49_9.RCP,19957,0,time_limit,120,97
X4_1.RCP,18735,0,time_limit,98,70
X4_10.RCP,18765,0,time_limit,91,77
X4_2.RCP,122,1,search_exhausted,107,107
X4_3.RCP,17282,0,time_limit,107,91
X4_4.RCP,16618,0,time_limit,97,75
X4_5.RCP,17289,0,time_limit,91,74
X4_6.RCP,18721,0,time_limit,116,85
X4_7.RCP,18406,0,time_limit,93,81
X4_8.RCP,122,1,search_exhausted,90,90
X4_9.RCP,17995,0,time_limit,81,79
X50_1.RCP,17284,0,time_limit,128,116
X50_10.RCP,23182,0,time_limit,125,103
X50_2.RCP,20033,0,time_limit,126,112
X50_3.RCP,24104,0,time_limit,123,111
X50_4.RCP,24480,0,time_limit,128,94
X50_5.RCP,18779,0,time_limit,126,100
X50_6.RCP,17192,0,time_limit,119,102
X50_7.RCP,22067,0,time_limit,144,137
X50_8.RCP,16830,0,time_limit,125,112
X50_9.RCP,20297,0,time_limit,117,101
X51_1.RCP,23807,0,time_limit,300,100
X51_10.RCP,30334,0,time_limit,330,108
X51_2.RCP,26257,0,time_limit,349,92
X51_3.RCP,22655,0,time_limit,334,93
X51_4.RCP,26822,0,time_limit,307,91
X51_5.RCP,25698,0,time_limit,368,102
X51_6.RCP,25415,0,time_limit,316,104
X51_7.RCP,28597,0,time_limit,294,91
X51_8.RCP,25476,0,time_limit,308,85
X51_9.RCP,23283,0,time_limit,309,104
X52_1.RCP,23712,0,time_limit,248,113
X52_10.RCP,23824,0,time_limit,204,91
X52_2.RCP,21961,0,time_limit,252,111
X52_3.RCP,24056,0,time_limit,174,102
X52_4.RCP,23993,0,time_limit,231,113
X52_5.RCP,24241,0,time_limit,224,113
X52_6.RCP,22695,0,time_limit,266,118
X52_7.RCP,23134,0,time_limit,206,95
X52_8.RCP,21980,0,time_limit,231,114
X52_9.RCP,25591,0,time_limit,201,88
X53_1.RCP,23623,0,time_limit,189,123
X53_10.RCP,23470,0,time_limit,176,111
X53_2.RCP,23131,0,time_limit,148,108
X53_3.RCP,22596,0,time_limit,162,103
X53_4.RCP,23173,0,time_limit,192,117
X53_5.RCP,23109,0,time_limit,156,96
X53_6.RCP,20835,0,time_limit,146,79
X53_7.RCP,17585,0,time_limit,162,116
X53_8.RCP,18431,0,time_limit,180,103
X53_9.RCP,23098,0,time_limit,237,130
X54_1.RCP,20453,0,time_limit,130,98
X54_10.RCP,21994,0,time_limit,132,100
X54_2.RCP,21618,0,time_limit,157,134
X54_3.RCP,22283,0,time_limit,132,111
X54_4.RCP,18562,0,time_limit,157,119
X54_5.RCP,23243,0,time_limit,141,92
X54_6.RCP,21139,0,time_limit,136,100
X54_7.RCP,19176,0,time_limit,144,98
X54_8.RCP,23676,0,time_limit,129,89
X54_9.RCP,23456,0,time_limit,135,95
X55_1.RCP,19510,0,time_limit,123,99
X55_10.RCP,22913,0,time_limit,115,100
X55_2.RCP,22549,0,time_limit,98,83
X55_3.RCP,20805,0,time_limit,142,126
X55_4.RCP,18114,0,time_limit,106,90
X55_5.RCP,16863,0,time_limit,132,106
X55_6.RCP,19692,0,time_limit,123,98
X55_7.RCP,20839,0,time_limit,125,105
X55_8.RCP,19825,0,time_limit,129,101
X55_9.RCP,18411,0,time_limit,120,94
X56_1.RCP,26256,0,time_limit,320,95
X56_10.RCP,28119,0,time_limit,364,102
X56_2.RCP,25244,0,time_limit,285,87
X56_3.RCP,27047,0,time_limit,347,93
X56_4.RCP,29131,0,time_limit,307,86
X56_5.RCP,24495,0,time_limit,362,117
X56_6.RCP,22784,0,time_limit,295,95
X56_7.RCP,27032,0,time_limit,380,117
X56_8.RCP,24933,0,time_limit,385,99
X56_9.RCP,23863,0,time_limit,386,101
X57_1.RCP,22205,0,time_limit,247,114
X57_10.RCP,23923,0,time_limit,210,121
X57_2.RCP,24416,0,time_limit,204,104
X57_3.RCP,21873,0,time_limit,247,115
X57_4.RCP,21700,0,time_limit,252,120
X57_5.RCP,22135,0,time_limit,227,96
X57_6.RCP,22831,0,time_limit,237,99
X57_7.RCP,26983,0,time_limit,209,115
X57_8.RCP,20562,0,time_limit,218,86
X57_9.RCP,24602,0,time_limit,218,108
X58_1.RCP,21056,0,time_limit,179,121
X58_10.RCP,19994,0,time_limit,162,98
X58_2.RCP,24661,0,time_limit,176,106
X58_3.RCP,18448,0,time_limit,143,91
X58_4.RCP,22055,0,time_limit,176,98
X58_5.RCP,18186,0,time_limit,152,101
X58_6.RCP,22987,0,time_limit,182,103
X58_7.RCP,21095,0,time_limit,186,114
X58_8.RCP,17927,0,time_limit,174,99
X58_9.RCP,21098,0,time_limit,155,92
X59_1.RCP,18037,0,time_limit,134,102
X59_10.RCP,21679,0,time_limit,163,106
X59_2.RCP,24318,0,time_limit,128,90
X59_3.RCP,21704,0,time_limit,137,108
X59_4.RCP,18750,0,time_limit,128,107
X59_5.RCP,19819,0,time_limit,138,97
X59_6.RCP,19749,0,time_limit,152,103
X59_7.RCP,21169,0,time_limit,130,90
X59_8.RCP,18571,0,time_limit,133,98
X59_9.RCP,18965,0,time_limit,161,112
X5_1.RCP,122,1,search_exhausted,92,92
X5_10.RCP,16718,0,time_limit,105,92
X5_2.RCP,18440,0,time_limit,86,80
X5_3.RCP,18391,0,time_limit,85,72
X5_4.RCP,122,1,search_exhausted,97,97
X5_5.RCP,16754,0,time_limit,94,77
X5_6.RCP,17260,0,time_limit,89,88
X5_7.RCP,17464,0,time_limit,101,84
X5_8.RCP,18261,0,time_limit,92,78
X5_9.RCP,729,1,search_exhausted,106,106
X60_1.RCP,19043,0,time_limit,124,101
X60_10.RCP,16591,0,time_limit,111,85
X60_2.RCP,25049,0,time_limit,102,81
X60_3.RCP,18781,0,time_limit,109,81
X60_4.RCP,17906,0,time_limit,128,101
X60_5.RCP,18606,0,time_limit,126,96
X60_6.RCP,23316,0,time_limit,139,110
X60_7.RCP,20601,0,time_limit,121,84
X60_8.RCP,19024,0,time_limit,126,101
X60_9.RCP,21716,0,time_limit,125,101
X6_1.RCP,25278,0,time_limit,208,75
X6_10.RCP,23440,0,time_limit,234,93
X6_2.RCP,27268,0,time_limit,207,72
X6_3.RCP,27048,0,time_limit,197,85
X6_4.RCP,22584,0,time_limit,284,98
X6_5.RCP,19588,0,time_limit,202,72
X6_6.RCP,22753,0,time_limit,229,71
X6_7.RCP,24732,0,time_limit,230,112
X6_8.RCP,19829,0,time_limit,222,103
X6_9.RCP,21308,0,time_limit,266,87
X7_1.RCP,20429,0,time_limit,140,76
X7_10.RCP,23391,0,time_limit,160,84
X7_2.RCP,20704,0,time_limit,161,98
X7_3.RCP,22518,0,time_limit,145,90
X7_4.RCP,20794,0,time_limit,152,85
X7_5.RCP,19880,0,time_limit,183,87
X7_6.RCP,22081,0,time_limit,193,96
X7_7.RCP,21471,0,time_limit,172,93
X7_8.RCP,22044,0,time_limit,135,65
X7_9.RCP,21199,0,time_limit,118,79
X8_1.RCP,18742,0,time_limit,142,95
X8_10.RCP,22263,0,time_limit,122,83
X8_2.RCP,19985,0,time_limit,151,90
X8_3.RCP,19231,0,time_limit,136,88
X8_4.RCP,19194,0,time_limit,126,89
X8_5.RCP,19957,0,time_limit,134,91
X8_6.RCP,22207,0,time_limit,132,82
X8_7.RCP,20994,0,time_limit,116,87
X8_8.RCP,20536,0,time_limit,112,87
X8_9.RCP,22253,0,time_limit,118,83
X9_1.RCP,22126,0,time_limit,113,88
X9_10.RCP,21186,0,time_limit,98,84
X9_2.RCP,20088,0,time_limit,115,94
X9_3.RCP,20745,0,time_limit,101,87
X9_4.RCP,17664,0,time_limit,116,80
X9_5.RCP,122,1,search_exhausted,114,114
X9_6.RCP,18568,0,time_limit,154,98
X9_7.RCP,17654,0,time_limit,98,80
X9_8.RCP,19587,0,time_limit,107,80
X9_9.RCP,20965,0,time_limit,108,87
